transaction_date,shipment_id,carrier,origin_city,dest_city,planned_eta,actual_eta,delay_hours,weight_kg,commodity
2026-03-16T05:40:50,b0f6eac4-8f68-4ebc-b1b5-f09c4b61471c,Maersk,Tanger Med,Barcelona,2026-04-13T05:40:50,2026-04-13T05:40:50,0.0,5968.7,Electronics
2026-02-15T17:07:01,6a4d6952-5f01-48ea-a970-8ce15bd3da5f,Maersk,Ningbo,New York,2026-03-10T17:07:01,2026-03-10T17:07:01,0.0,1230.0,Automotive
2026-05-22T19:27:32,e82d94c1-d9b5-47d4-b0b6-babb3f210396,Evergreen,Agadir,Hamburg,2026-06-15T19:27:32,2026-06-15T19:27:32,0.0,5371.5,Food
2026-05-16T02:33:27,8c25ece2-c9b9-475d-9771-ff4b7c370462,MSC,Singapore,Felixstowe,2026-06-04T02:33:27,2026-06-04T02:33:27,0.0,20331.0,Electronics
2026-05-08T16:28:29,3bdbd150-9f39-4b49-a844-fe565eb6e4ac,Marsa Maroc,Casablanca,Marseille,2026-05-26T16:28:29,2026-05-26T16:28:29,0.0,4309.2,Textiles
2026-04-07T04:35:15,4f783110-511d-4f22-8a12-d350fd1bbb84,Maersk,Tanger Med,Barcelona,2026-04-24T04:35:15,2026-04-24T04:35:15,0.0,21263.6,Food
2026-04-03T19:19:27,f258dee5-5618-474e-b773-bea1d8e5419e,Comanav,Shanghai,Rotterdam,2026-04-09T19:19:27,2026-04-09T19:19:27,0.0,13637.6,Chemicals
2026-03-20T18:19:43,bdad5ef5-dd55-4072-9f85-cd0cb6320067,Evergreen,Tanger Med,Barcelona,2026-04-03T18:19:43,2026-04-07T01:07:43,78.8,21611.8,Food
2026-08-04T20:35:47,8a924930-7f40-41ff-9d7e-5d4f1bba10fe,Marsa Maroc,Agadir,Hamburg,2026-08-11T20:35:47,2026-08-11T20:35:47,0.0,6083.5,Textiles
2026-03-01T08:14:09,a684fd31-3028-4029-ada8-c7df16507115,Comanav,Tanger Med,Barcelona,2026-03-13T08:14:09,2026-03-15T13:20:09,53.1,11608.6,Textiles
2026-02-24T13:43:48,7aaa1d77-b5f3-4fd0-a896-78caa2e7ad1a,CMA-CGM,Casablanca,Marseille,2026-03-12T13:43:48,2026-03-12T13:43:48,0.0,7041.0,Electronics
2026-03-09T09:18:10,c06ea31b-903f-4ba4-a0c1-048b855faeae,Evergreen,Casablanca,Marseille,2026-04-06T09:18:10,2026-04-06T09:18:10,0.0,11825.4,Textiles
2026-04-28T21:51:13,48b871f4-7356-4483-9322-790b282a3613,MSC,Ningbo,New York,2026-05-24T21:51:13,2026-05-24T21:51:13,0.0,19323.7,Electronics
2026-05-24T08:33:24,69945f4d-b619-438c-abed-414f2dd6a25c,Comanav,Agadir,Hamburg,2026-05-30T08:33:24,2026-06-01T15:51:24,55.3,2121.6,Food
2026-08-19T06:15:09,9245eb05-1101-4464-a7c3-f87fc67f24b6,MSC,Shenzhen,Hamburg,2026-09-13T06:15:09,2026-09-13T06:15:09,0.0,22174.7,Chemicals
2026-03-02T07:19:59,c0e7e777-df04-43c2-a913-c8196f2c2d50,CMA-CGM,Casablanca,Marseille,2026-03-11T07:19:59,2026-03-11T07:19:59,0.0,14253.5,Textiles
2026-04-30T05:18:04,312fed05-299a-4cc3-9069-d0d41b2ea0d7,Evergreen,Singapore,Felixstowe,2026-05-17T05:18:04,2026-05-17T05:18:04,0.0,24934.5,Automotive
2026-08-03T22:12:29,8fc81611-e285-4467-83bc-bdfe12bcb8d6,COSCO,Ningbo,New York,2026-08-10T22:12:29,2026-08-10T22:12:29,0.0,21597.0,Automotive
2026-04-29T14:39:19,921764d5-cc25-48de-90bc-89025509827d,Comanav,Casablanca,Marseille,2026-05-25T14:39:19,2026-05-25T14:39:19,0.0,2056.4,Chemicals
2026-08-09T10:55:54,1221182b-b262-49d5-9e9e-87e8c53c2245,Evergreen,Busan,Los Angeles,2026-08-22T10:55:54,2026-08-26T19:55:54,105.0,781.3,Electronics
2026-06-04T00:55:31,5d5f7cc3-6d47-44e9-9b06-bc9745648381,Comanav,Ningbo,New York,2026-06-17T00:55:31,2026-06-17T00:55:31,0.0,8834.3,Textiles
2026-02-12T12:34:22,938aff95-3b5b-44f8-bf94-ef73b53ce8e7,MSC,Singapore,Felixstowe,2026-03-03T12:34:22,2026-03-03T12:34:22,0.0,18191.3,Textiles
2026-04-22T00:07:57,6726b9ae-cc45-4efc-b7f1-23f5b6a4a7f9,Comanav,Ningbo,New York,2026-05-02T00:07:57,2026-05-02T00:07:57,0.0,3107.1,Textiles
2026-08-01T03:03:06,dd4ee91d-c674-42de-8684-ebc7ffa6ff14,Evergreen,Ningbo,New York,2026-08-12T03:03:06,2026-08-12T03:03:06,0.0,19181.5,Food
2026-06-17T03:21:52,5c7e2b17-e48f-4ab8-8d8d-3278bd78cbed,Maersk,Ningbo,New York,2026-07-11T03:21:52,2026-07-11T03:21:52,0.0,977.2,Textiles
2026-06-10T21:56:55,238840fa-04e8-4d4f-a8ab-51366ca1c557,MSC,Shanghai,Rotterdam,2026-06-16T21:56:55,2026-06-16T21:56:55,0.0,14400.2,Electronics
2026-04-10T09:10:26,b5be356a-be3b-4dc4-84b1-75d434825e9d,Marsa Maroc,Tanger Med,Barcelona,2026-04-30T09:10:26,2026-04-30T09:10:26,0.0,24460.6,Food
2026-04-27T14:52:10,b9cd8168-55cc-4215-bd2f-dc801194264f,MSC,Casablanca,Marseille,2026-05-23T14:52:10,2026-05-23T14:52:10,0.0,13970.2,Textiles
2026-06-15T17:17:18,90c28f94-c88d-404a-98a2-d903b0492b88,Comanav,Ningbo,New York,2026-07-09T17:17:18,2026-07-09T17:17:18,0.0,5689.1,Food
2026-03-26T16:40:07,5d149c46-702a-4932-901f-26867b347ea9,Marsa Maroc,Agadir,Hamburg,2026-04-09T16:40:07,2026-04-09T16:40:07,0.0,16956.3,Textiles
2026-03-18T00:27:14,25155edd-2b30-4850-8ab7-01fd8897813d,Evergreen,Busan,Los Angeles,2026-04-06T00:27:14,2026-04-06T00:27:14,0.0,6005.1,Textiles
2026-07-04T13:10:44,8229fa15-0457-4b9f-ac6f-3276ffc93c49,Evergreen,Tanger Med,Rotterdam,2026-07-26T13:10:44,2026-07-26T13:10:44,0.0,5895.3,Electronics
2026-03-31T13:27:43,a4a5a3d2-53bd-4ae8-b198-acd7ab189698,MSC,Tanger Med,Rotterdam,2026-04-07T13:27:43,2026-04-11T22:15:43,104.8,2236.0,Automotive
2026-06-28T09:55:49,1d544821-0304-4c12-8194-3df24d6ee171,Marsa Maroc,Shanghai,Rotterdam,2026-07-18T09:55:49,2026-07-18T09:55:49,0.0,3741.6,Food
2026-06-12T13:53:58,738288dd-e13d-410f-9adb-e102b2d666c5,MSC,Busan,Los Angeles,2026-07-12T13:53:58,2026-07-12T13:53:58,0.0,10473.0,Electronics
2026-05-24T17:30:47,7ac6e545-f4ec-4318-8a4c-a89068a8eef7,Marsa Maroc,Tanger Med,Barcelona,2026-06-11T17:30:47,2026-06-11T17:30:47,0.0,10572.0,Electronics
2026-02-28T20:59:14,e75c2a99-2a04-4d4e-a4eb-edd5efb5424e,Maersk,Tanger Med,Barcelona,2026-03-17T20:59:14,2026-03-17T20:59:14,0.0,20114.5,Electronics
2026-08-15T10:09:00,72eb6501-c1da-439b-bd55-6ca3ba96075b,MSC,Agadir,Hamburg,2026-08-26T10:09:00,2026-08-26T10:09:00,0.0,3934.5,Automotive
2026-04-06T11:27:50,d11ad7f6-f6da-4d07-a4cc-318230bac3c8,COSCO,Shanghai,Rotterdam,2026-04-18T11:27:50,2026-04-19T07:33:50,20.1,20296.5,Food
2026-07-01T00:11:46,0c1b77a3-7af2-4626-9f9e-41d240352d3a,Maersk,Tanger Med,Barcelona,2026-07-26T00:11:46,2026-07-30T06:29:46,102.3,24240.4,Automotive
2026-03-11T14:28:15,e04d1454-f784-419c-a2b0-77169ddd629c,COSCO,Casablanca,Marseille,2026-03-31T14:28:15,2026-03-31T14:28:15,0.0,21683.9,Electronics
2026-06-17T20:37:10,8343b95d-ff4b-4da7-af1b-1df7a3827f0c,COSCO,Casablanca,Marseille,2026-06-22T20:37:10,2026-06-24T13:13:10,40.6,19709.7,Chemicals
2026-06-22T10:40:57,8ccb9ceb-d340-44d7-93c4-8166770b2076,COSCO,Shanghai,Rotterdam,2026-07-19T10:40:57,2026-07-24T10:10:57,119.5,14116.3,Chemicals
2026-04-30T16:15:34,04bf7856-42b4-4310-95d8-beb82e8869bb,MSC,Casablanca,Marseille,2026-05-14T16:15:34,2026-05-14T16:15:34,0.0,1932.8,Food
2026-03-13T00:18:03,1cf3636e-7bf7-44c0-a174-2e5ac0c6ca24,Marsa Maroc,Tanger Med,Rotterdam,2026-03-28T00:18:03,2026-03-28T00:18:03,0.0,14812.4,Food
2026-03-12T19:06:51,ec8f24b4-fda5-451a-88b9-a03876b5bc6b,MSC,Ningbo,New York,2026-03-18T19:06:51,2026-03-19T15:48:51,20.7,5052.7,Food
2026-05-16T12:09:57,dcb77a19-d8d7-4f69-8ca2-d070def9de20,Marsa Maroc,Tanger Med,Barcelona,2026-05-28T12:09:57,2026-05-28T12:09:57,0.0,23569.1,Food
2026-05-28T09:17:28,70b941ec-9cdf-4d90-b1d9-5f6951983373,Evergreen,Agadir,Hamburg,2026-06-21T09:17:28,2026-06-21T09:17:28,0.0,2508.6,Food
2026-03-18T23:42:54,70bd1b00-4f4c-48bc-b50c-740af92018dc,CMA-CGM,Ningbo,New York,2026-03-31T23:42:54,2026-03-31T23:42:54,0.0,18046.7,Automotive
2026-05-21T09:46:05,df8a6446-79a8-4fe4-8a34-f590e4dfc819,COSCO,Shanghai,Rotterdam,2026-05-30T09:46:05,2026-05-30T09:46:05,0.0,7849.9,Textiles
2026-03-21T05:24:05,72199b87-f56e-42a5-af76-ddecadb7db7b,Maersk,Tanger Med,Barcelona,2026-04-09T05:24:05,2026-04-09T05:24:05,0.0,14293.3,Electronics
2026-07-15T15:01:59,be6f6645-3a41-48b9-8411-839ba0b65afa,Evergreen,Tanger Med,Barcelona,2026-07-26T15:01:59,2026-07-26T15:01:59,0.0,3745.2,Textiles
2026-05-31T22:54:06,89bee678-c073-46e7-b779-f6e87b743cfc,MSC,Tanger Med,Barcelona,2026-06-16T22:54:06,2026-06-16T22:54:06,0.0,11235.5,Food
2026-07-25T02:05:25,90f00b82-a5fc-4d3c-823e-fd27a1e2531e,Evergreen,Shanghai,Rotterdam,2026-08-24T02:05:25,2026-08-24T02:05:25,0.0,691.7,Food
2026-07-12T16:28:56,67a1badf-22da-4a4b-9dbf-31a59f66474d,Marsa Maroc,Shanghai,Rotterdam,2026-07-20T16:28:56,2026-07-21T18:58:56,26.5,3328.0,Electronics
2026-04-20T04:02:45,700ddfab-260a-4af4-bddc-5e693f3e0271,MSC,Ningbo,New York,2026-05-03T04:02:45,2026-05-03T04:02:45,0.0,5660.4,Textiles
2026-06-27T18:20:12,3c971951-49b2-42fa-a78a-9284b245b748,Marsa Maroc,Agadir,Hamburg,2026-07-22T18:20:12,2026-07-25T12:56:12,66.6,6652.5,Electronics
2026-06-28T23:21:46,3ad5b8d9-2162-4dae-bc5e-27fd860b3df5,Marsa Maroc,Tanger Med,Barcelona,2026-07-16T23:21:46,2026-07-16T23:21:46,0.0,1580.1,Textiles
2026-05-08T08:44:49,e7656cee-16ef-442b-866a-d6d15d5e1fdb,Marsa Maroc,Casablanca,Marseille,2026-05-21T08:44:49,2026-05-21T08:44:49,0.0,11325.0,Chemicals
2026-06-04T16:24:49,e0757ff7-774d-4bd8-a3f8-21835d6a0a85,Maersk,Ningbo,New York,2026-06-12T16:24:49,2026-06-12T16:24:49,0.0,22136.1,Automotive
2026-03-12T17:31:10,069beb66-e501-40ba-a011-f4aa854c06bc,Maersk,Ningbo,New York,2026-03-28T17:31:10,2026-03-28T17:31:10,0.0,4128.3,Automotive
2026-04-20T11:07:40,424a9887-0d22-4e29-8c36-81454a4d3f05,CMA-CGM,Tanger Med,Rotterdam,2026-05-06T11:07:40,2026-05-10T13:07:40,98.0,21587.2,Textiles
2026-05-23T01:48:11,b9e84954-7ec7-43f0-9211-4bd255d1eab3,Marsa Maroc,Agadir,Hamburg,2026-06-04T01:48:11,2026-06-04T01:48:11,0.0,9165.1,Food
2026-04-05T11:01:17,0f711161-8444-48f9-9229-194d80a2ae10,Evergreen,Singapore,Felixstowe,2026-05-03T11:01:17,2026-05-03T11:01:17,0.0,23282.1,Automotive
2026-08-22T12:34:38,49c072a5-e195-47f8-93ff-f95c2485dc5a,COSCO,Casablanca,Marseille,2026-08-27T12:34:38,2026-08-27T12:34:38,0.0,23149.9,Chemicals
2026-07-16T08:46:51,c330f43b-e492-4ec4-a2cf-379eca36ca21,CMA-CGM,Agadir,Hamburg,2026-07-26T08:46:51,2026-07-26T08:46:51,0.0,3148.3,Electronics
2026-06-02T20:05:45,b9e2a038-d123-4d24-b1f3-c937bf8d2d77,MSC,Busan,Los Angeles,2026-06-13T20:05:45,2026-06-13T20:05:45,0.0,11777.4,Textiles
2026-05-20T06:57:42,64df84c3-c375-478c-a827-bdc961d8d3f0,MSC,Agadir,Hamburg,2026-05-25T06:57:42,2026-05-25T06:57:42,0.0,10262.4,Textiles
2026-06-21T22:32:02,bedc8b6d-1ff4-4b4f-a2a3-c732ce63fdee,Comanav,Tanger Med,Barcelona,2026-07-04T22:32:02,2026-07-04T22:32:02,0.0,12980.4,Food
2026-03-14T17:22:46,a725fd93-cb3d-44d9-82b4-630260cab075,Maersk,Shenzhen,Hamburg,2026-03-22T17:22:46,2026-03-22T17:22:46,0.0,6899.8,Food
2026-05-20T22:52:57,e4c6bd28-749d-4097-8be4-fb48b42dad28,Maersk,Shanghai,Rotterdam,2026-05-28T22:52:57,2026-05-28T22:52:57,0.0,8969.3,Textiles
2026-02-20T11:11:45,c7d73411-e86f-4dda-bbca-55fa496f1ab6,Evergreen,Singapore,Felixstowe,2026-03-13T11:11:45,2026-03-13T11:11:45,0.0,22537.9,Automotive
2026-06-04T12:14:07,56e51400-dcc6-4834-9f24-705b93d15482,Maersk,Shanghai,Rotterdam,2026-07-01T12:14:07,2026-07-01T12:14:07,0.0,13238.0,Food
2026-07-16T19:07:36,4a375089-4a93-4c13-875b-dd8c8084346c,CMA-CGM,Agadir,Hamburg,2026-08-03T19:07:36,2026-08-03T19:07:36,0.0,16773.8,Textiles
2026-06-04T23:31:33,3a495c61-20e7-467e-be6d-27ee1d559521,Marsa Maroc,Shenzhen,Hamburg,2026-06-12T23:31:33,2026-06-12T23:31:33,0.0,7857.9,Textiles
2026-03-09T16:55:21,42aab7ec-7a11-466c-9723-0791a71dba1d,CMA-CGM,Singapore,Felixstowe,2026-03-26T16:55:21,2026-03-26T16:55:21,0.0,14083.1,Automotive
2026-05-04T22:30:09,a2627838-2bf1-4d02-b471-3684382d1406,Marsa Maroc,Singapore,Felixstowe,2026-05-21T22:30:09,2026-05-21T22:30:09,0.0,22618.7,Food
2026-06-09T05:00:37,7681f5df-094e-456e-9cad-4c47746385c6,COSCO,Shanghai,Rotterdam,2026-07-01T05:00:37,2026-07-03T01:48:37,44.8,5649.5,Food
2026-05-03T13:49:22,dc130f76-655d-4371-bb14-02c842184cae,COSCO,Shenzhen,Hamburg,2026-05-22T13:49:22,2026-05-22T13:49:22,0.0,5735.7,Chemicals
2026-09-03T21:10:21,92622515-0f6b-4e90-8ae3-18c2fe58874e,Marsa Maroc,Casablanca,Marseille,2026-09-10T21:10:21,2026-09-10T21:10:21,0.0,16764.4,Food
2026-07-03T15:33:23,5e1d6da6-c945-4138-88b2-99f19a226d6c,Maersk,Shenzhen,Hamburg,2026-08-01T15:33:23,2026-08-01T15:33:23,0.0,8105.3,Automotive
2026-08-20T04:48:33,351d2e02-e2f5-45bf-96b8-d5ee782029a6,Maersk,Casablanca,Marseille,2026-08-26T04:48:33,2026-08-26T04:48:33,0.0,12140.8,Electronics
2026-03-31T11:39:35,54f5dd23-08bf-435c-9cfb-e74040b312c9,COSCO,Busan,Los Angeles,2026-04-25T11:39:35,2026-04-25T11:39:35,0.0,18099.5,Chemicals
2026-05-30T20:51:43,87ce6555-2011-4806-8f91-0e68c3d02a28,COSCO,Busan,Los Angeles,2026-06-11T20:51:43,2026-06-11T20:51:43,0.0,17346.7,Electronics
2026-04-14T05:26:56,a4bd059d-a709-4c69-869c-8e2aaeb0998f,MSC,Singapore,Felixstowe,2026-04-24T05:26:56,2026-04-24T05:26:56,0.0,17549.8,Chemicals
2026-05-23T18:44:05,3b50299b-4a84-4ea3-9097-a3f40c599b54,Evergreen,Tanger Med,Rotterdam,2026-06-04T18:44:05,2026-06-05T19:50:05,25.1,3766.8,Chemicals
2026-05-18T00:55:45,199419d5-33a4-4b66-9b1e-5abc8417ef0d,Evergreen,Ningbo,New York,2026-06-11T00:55:45,2026-06-11T00:55:45,0.0,19003.6,Chemicals
2026-07-23T09:17:33,c493c97d-162f-40b7-921a-5551459f3467,COSCO,Ningbo,New York,2026-08-14T09:17:33,2026-08-14T09:17:33,0.0,4399.4,Chemicals
2026-07-05T02:40:57,24a37db8-85b5-4093-9df0-73041c1a6151,CMA-CGM,Busan,Los Angeles,2026-08-03T02:40:57,2026-08-03T02:40:57,0.0,16122.7,Food
2026-07-07T14:03:05,4f21ae43-7e0e-4cf8-b1f5-f699488c173d,Marsa Maroc,Busan,Los Angeles,2026-07-19T14:03:05,2026-07-19T14:03:05,0.0,2398.3,Textiles
2026-05-10T04:13:03,2cbe720b-ae86-4e29-87eb-943f02c70aa4,CMA-CGM,Agadir,Hamburg,2026-05-25T04:13:03,2026-05-25T04:13:03,0.0,13733.7,Automotive
2026-04-06T17:20:43,12d7ef68-7cfa-4a29-a2ff-6d4e4e80e793,MSC,Casablanca,Marseille,2026-04-23T17:20:43,2026-04-23T17:20:43,0.0,17807.3,Electronics
2026-08-30T21:07:45,f15be4b8-5f43-43d7-bd4f-883f4117d823,COSCO,Singapore,Felixstowe,2026-09-14T21:07:45,2026-09-14T21:07:45,0.0,10686.5,Automotive
2026-08-10T15:54:03,1f079efe-6baf-4c29-948b-cc189a76ec6d,COSCO,Singapore,Felixstowe,2026-09-08T15:54:03,2026-09-08T15:54:03,0.0,17540.3,Food
2026-03-31T07:20:13,0ecbfd6e-e0ab-4168-86af-61172e1d76bf,COSCO,Singapore,Felixstowe,2026-04-05T07:20:13,2026-04-07T03:38:13,44.3,10054.7,Chemicals
2026-02-19T07:09:23,91255a68-534a-4264-ae34-c23d8b0d2454,Marsa Maroc,Ningbo,New York,2026-03-19T07:09:23,2026-03-19T07:09:23,0.0,15279.7,Automotive
2026-03-30T14:00:14,2570dc8b-8f01-4d36-9751-4f4dacd0f762,MSC,Busan,Los Angeles,2026-04-12T14:00:14,2026-04-12T14:00:14,0.0,1211.1,Textiles
2026-04-19T08:35:03,35cd8da2-f63c-4081-8891-b9724f36caa1,Marsa Maroc,Singapore,Felixstowe,2026-04-29T08:35:03,2026-05-03T23:53:03,111.3,24527.7,Food
2026-04-09T03:08:25,e9526d09-2c83-4d4f-9b75-fd0a59c223f8,COSCO,Tanger Med,Rotterdam,2026-05-02T03:08:25,2026-05-02T03:08:25,0.0,1164.0,Chemicals
2026-07-23T22:48:57,5949c1aa-74f2-4090-b946-28f7d4cddac7,Comanav,Casablanca,Marseille,2026-08-11T22:48:57,2026-08-11T22:48:57,0.0,6873.8,Textiles
2026-03-10T16:07:16,213684a1-03bf-4a01-a473-86dc4f57228c,COSCO,Agadir,Hamburg,2026-03-25T16:07:16,2026-03-25T16:07:16,0.0,22051.2,Textiles
2026-07-21T10:17:28,497dce9c-9f17-4e16-aba7-ac50bd4c5d23,CMA-CGM,Singapore,Felixstowe,2026-07-28T10:17:28,2026-07-28T10:17:28,0.0,18851.1,Electronics
2026-07-02T04:56:58,2bf2587f-2438-4a35-9180-0cb6327802cd,MSC,Shenzhen,Hamburg,2026-07-27T04:56:58,2026-07-27T04:56:58,0.0,23953.5,Electronics
2026-08-18T18:32:28,f022ab17-6b11-41fb-8741-61411ea2cbad,MSC,Tanger Med,Rotterdam,2026-08-29T18:32:28,2026-09-02T01:38:28,79.1,6344.4,Chemicals
2026-05-26T15:20:57,bee34fb8-8d0d-4635-a8de-43cc81d5e1d6,Evergreen,Tanger Med,Barcelona,2026-06-06T15:20:57,2026-06-06T15:20:57,0.0,6778.0,Textiles
2026-02-09T11:00:39,4bfe4450-22d4-4ae6-925e-f350752108ae,Evergreen,Casablanca,Marseille,2026-03-05T11:00:39,2026-03-09T04:36:39,89.6,19555.9,Automotive
2026-03-22T11:41:58,4748fde8-f477-4d6f-a980-d5a679ed4c4f,Maersk,Shanghai,Rotterdam,2026-04-14T11:41:58,2026-04-14T11:41:58,0.0,8143.0,Chemicals
2026-06-01T14:59:27,66621093-24e6-4076-a668-378bdba2f38c,Marsa Maroc,Singapore,Felixstowe,2026-06-12T14:59:27,2026-06-12T14:59:27,0.0,17420.1,Automotive
2026-06-12T02:39:54,cd03d3bb-95e8-45e4-8dbb-7547a2daf77d,Marsa Maroc,Tanger Med,Barcelona,2026-07-11T02:39:54,2026-07-11T02:39:54,0.0,17264.3,Electronics
2026-03-22T07:44:29,7db5f498-eafd-44e0-bdc8-b4169ee14c5d,CMA-CGM,Tanger Med,Rotterdam,2026-04-13T07:44:29,2026-04-13T07:44:29,0.0,9579.0,Food
2026-06-04T23:37:10,b0635300-7b47-4543-a953-cfedd84f97fa,Maersk,Shenzhen,Hamburg,2026-06-22T23:37:10,2026-06-22T23:37:10,0.0,3085.7,Textiles
2026-08-07T20:18:21,adc5a980-6008-4d71-93ca-faebfcebb77a,Marsa Maroc,Busan,Los Angeles,2026-08-16T20:18:21,2026-08-16T20:18:21,0.0,18478.0,Textiles
2026-04-11T10:08:13,2e9a668f-c8ed-4828-ba4f-acef5f5209b7,Comanav,Ningbo,New York,2026-05-01T10:08:13,2026-05-01T10:08:13,0.0,20730.5,Food
2026-08-12T05:00:41,871d6731-e6cb-4869-9984-11ed69535de1,CMA-CGM,Shanghai,Rotterdam,2026-08-24T05:00:41,2026-08-24T05:00:41,0.0,2623.2,Chemicals
2026-02-11T06:14:54,088299a0-c786-4e36-bb3b-708bb64433ce,Comanav,Agadir,Hamburg,2026-03-02T06:14:54,2026-03-02T06:14:54,0.0,16870.6,Textiles
2026-05-27T06:57:49,6a245760-7adc-43e1-83da-2374598c71ec,COSCO,Tanger Med,Rotterdam,2026-06-11T06:57:49,2026-06-11T06:57:49,0.0,5696.9,Textiles
2026-08-18T09:48:02,110fa09b-a1ba-4354-a27f-541bbf2d3aed,CMA-CGM,Shenzhen,Hamburg,2026-09-11T09:48:02,2026-09-11T09:48:02,0.0,7268.6,Electronics
2026-05-02T09:09:22,ae691779-ddd4-4c65-93bf-077ec7c37fc0,MSC,Ningbo,New York,2026-05-09T09:09:22,2026-05-09T09:09:22,0.0,10457.5,Food
2026-08-25T03:56:10,c7e53d26-a50b-477c-829f-0f874dbbab40,Marsa Maroc,Agadir,Hamburg,2026-09-14T03:56:10,2026-09-14T03:56:10,0.0,12525.1,Electronics
2026-03-30T07:49:14,0bf2d55f-6f3c-40e5-939c-1e4d797d3ab3,CMA-CGM,Tanger Med,Barcelona,2026-04-11T07:49:14,2026-04-11T07:49:14,0.0,6461.0,Food
2026-06-02T21:42:25,b81329a7-50d9-47ea-903e-03ec9f769f14,COSCO,Shenzhen,Hamburg,2026-06-24T21:42:25,2026-06-24T21:42:25,0.0,10924.8,Food
2026-08-18T03:45:39,64e6cfaf-ab4c-4b75-9907-324159b6a4aa,CMA-CGM,Shenzhen,Hamburg,2026-09-14T03:45:39,2026-09-14T03:45:39,0.0,8012.3,Automotive
2026-05-06T05:59:09,d7fa7d1c-653a-41c7-85b7-9f4833b570a5,Marsa Maroc,Tanger Med,Barcelona,2026-05-17T05:59:09,2026-05-17T05:59:09,0.0,18700.6,Automotive
2026-04-01T08:33:54,7cb1ea11-d5de-4d35-b7fb-7eff4475d3ba,MSC,Agadir,Hamburg,2026-04-29T08:33:54,2026-04-29T08:33:54,0.0,18252.3,Food
2026-07-13T05:07:46,1ce2967b-fd52-425f-aabf-088ce35bbe1b,Maersk,Shanghai,Rotterdam,2026-07-24T05:07:46,2026-07-24T05:07:46,0.0,9341.6,Textiles
2026-04-10T17:44:46,dff514b5-a0af-4ea4-9277-758653d5bf17,Marsa Maroc,Tanger Med,Rotterdam,2026-05-02T17:44:46,2026-05-02T17:44:46,0.0,1615.1,Electronics
2026-02-02T05:19:49,48fe83f5-4244-4002-a5dd-bcd68c5e9bba,CMA-CGM,Ningbo,New York,2026-03-01T05:19:49,2026-03-04T14:13:49,80.9,18943.4,Electronics
2026-06-20T21:21:12,dadad5d2-79b5-4272-a4cd-484f7ddb0f54,Evergreen,Tanger Med,Rotterdam,2026-07-04T21:21:12,2026-07-04T21:21:12,0.0,11291.5,Automotive
2026-08-17T18:08:07,e17a1445-d6a5-4d2e-8023-8dbd5543d1b2,CMA-CGM,Tanger Med,Rotterdam,2026-09-06T18:08:07,2026-09-06T18:08:07,0.0,2100.9,Chemicals
2026-02-11T13:32:11,774aed9c-41e3-491c-b1e4-ec814a30b2f6,Evergreen,Tanger Med,Barcelona,2026-03-08T13:32:11,2026-03-08T13:32:11,0.0,4217.3,Food
2026-04-01T10:40:57,62bdb24e-1551-4b19-84a9-fcb70a13c056,Maersk,Shanghai,Rotterdam,2026-04-13T10:40:57,2026-04-13T10:40:57,0.0,19228.9,Food
2026-06-28T23:13:33,e1aac776-b7c3-4370-a27f-8e4a84841fad,Comanav,Agadir,Hamburg,2026-07-19T23:13:33,2026-07-19T23:13:33,0.0,22758.4,Textiles
2026-06-05T10:14:21,559c7943-1674-4d11-9b70-f0b84c325768,CMA-CGM,Singapore,Felixstowe,2026-06-28T10:14:21,2026-06-28T10:14:21,0.0,15436.0,Electronics
2026-05-21T23:51:26,1ac3c253-27c7-4d7d-a513-29a394760b23,Marsa Maroc,Agadir,Hamburg,2026-06-01T23:51:26,2026-06-01T23:51:26,0.0,2489.1,Automotive
2026-03-16T11:54:06,b762919e-dbec-4629-8549-399b572b9fa7,Evergreen,Casablanca,Marseille,2026-03-23T11:54:06,2026-03-23T11:54:06,0.0,10508.7,Food
2026-05-27T13:05:09,edbb8fe0-cfb4-4f18-b022-4837b45a6fa9,CMA-CGM,Busan,Los Angeles,2026-06-02T13:05:09,2026-06-02T13:05:09,0.0,17820.4,Chemicals
2026-03-19T14:04:08,8e81b5b8-4011-4e24-8959-d9df8fbd8b05,Marsa Maroc,Tanger Med,Barcelona,2026-03-31T14:04:08,2026-04-04T15:10:08,97.1,15813.9,Automotive
2026-03-12T06:20:52,c5e99fd7-3ffd-47dd-9bcd-8789092aeacb,Maersk,Singapore,Felixstowe,2026-04-03T06:20:52,2026-04-03T06:20:52,0.0,4150.2,Textiles
2026-08-30T17:45:33,f4a039ba-359c-47c5-9aaa-3aa0214f94a8,Maersk,Casablanca,Marseille,2026-09-05T17:45:33,2026-09-05T17:45:33,0.0,8036.5,Food
2026-03-19T21:06:26,c359883a-3ace-4988-9b32-6fd48372ea26,COSCO,Shanghai,Rotterdam,2026-03-27T21:06:26,2026-03-27T21:06:26,0.0,7950.2,Chemicals
2026-03-27T20:10:22,6492ba8b-abc1-46eb-82da-28cabad6b357,Evergreen,Shanghai,Rotterdam,2026-04-18T20:10:22,2026-04-18T20:10:22,0.0,2470.8,Electronics
2026-04-04T20:41:42,58599270-e05e-4d50-afb3-3a5bc8052e2b,Marsa Maroc,Singapore,Felixstowe,2026-04-19T20:41:42,2026-04-19T20:41:42,0.0,1133.7,Automotive
2026-08-06T13:57:10,4a0fac87-e0c9-431a-af53-b6c2fdd5615a,Comanav,Tanger Med,Rotterdam,2026-09-01T13:57:10,2026-09-04T16:09:10,74.2,19196.2,Automotive
2026-04-09T03:05:41,a56fedc4-5d64-4583-80be-cfe08e140f34,Evergreen,Busan,Los Angeles,2026-05-04T03:05:41,2026-05-04T03:05:41,0.0,7314.8,Food
2026-05-22T22:30:24,37ea56c2-8912-4309-8e56-c3af7f9ac760,Marsa Maroc,Singapore,Felixstowe,2026-06-11T22:30:24,2026-06-14T13:18:24,62.8,10504.5,Textiles
2026-08-02T07:55:53,73fb0424-6613-4a54-834d-8ae0609b37d8,Comanav,Tanger Med,Barcelona,2026-08-12T07:55:53,2026-08-12T07:55:53,0.0,17495.0,Textiles
2026-04-23T06:06:08,f9730242-d6d7-46c3-8074-415376b4eeb8,Comanav,Singapore,Felixstowe,2026-05-22T06:06:08,2026-05-22T06:06:08,0.0,11643.2,Textiles
2026-05-10T02:51:49,327b2912-30f1-493c-8eb9-0ed2018f72c5,CMA-CGM,Shanghai,Rotterdam,2026-05-18T02:51:49,2026-05-20T10:33:49,55.7,13107.6,Electronics
2026-06-12T01:24:23,5ebe59ac-e22e-414c-8621-6fe8b1dce662,COSCO,Ningbo,New York,2026-06-30T01:24:23,2026-06-30T01:24:23,0.0,13201.8,Food
2026-07-14T22:52:39,a32730c4-d2a9-41a5-bd34-68b89ccc0b98,Marsa Maroc,Busan,Los Angeles,2026-08-02T22:52:39,2026-08-02T22:52:39,0.0,5487.2,Food
2026-07-05T00:31:52,aa221a7d-7054-40d6-838f-5493b0f29ce6,CMA-CGM,Casablanca,Marseille,2026-07-24T00:31:52,2026-07-26T16:49:52,64.3,1207.3,Food
2026-08-08T03:23:19,4ed77253-62b9-4f25-bc63-8dca9de72dda,Marsa Maroc,Agadir,Hamburg,2026-08-18T03:23:19,2026-08-18T03:23:19,0.0,835.0,Chemicals
2026-08-15T08:09:21,ba07beee-16ed-4727-9d02-a195a53cd503,MSC,Tanger Med,Barcelona,2026-08-23T08:09:21,2026-08-23T08:09:21,0.0,3377.9,Automotive
2026-04-02T23:50:27,31691766-d570-46c7-a265-ef33447c9913,Marsa Maroc,Busan,Los Angeles,2026-04-16T23:50:27,2026-04-16T23:50:27,0.0,7198.9,Chemicals
2026-05-17T06:38:52,6027118a-cf95-47c1-9b25-ddaa10c9b7c3,MSC,Busan,Los Angeles,2026-06-05T06:38:52,2026-06-05T06:38:52,0.0,9897.9,Food
2026-05-18T06:19:51,8f43e2e4-c4ef-4bfe-93f4-c1a77476b83c,Marsa Maroc,Ningbo,New York,2026-05-27T06:19:51,2026-05-29T00:07:51,41.8,19855.2,Chemicals
2026-03-04T20:45:52,61cc8336-f4ad-4df4-b5d1-a53c634367a7,Comanav,Shenzhen,Hamburg,2026-03-25T20:45:52,2026-03-25T20:45:52,0.0,562.8,Textiles
2026-07-01T07:11:09,25a02e3a-93ca-42d7-8f03-9fef0d98aa98,Comanav,Busan,Los Angeles,2026-07-10T07:11:09,2026-07-10T07:11:09,0.0,12366.4,Textiles
2026-02-15T04:03:12,6e263f32-ff64-4e20-84c0-9ea894498a16,Comanav,Ningbo,New York,2026-03-09T04:03:12,2026-03-09T04:03:12,0.0,23354.9,Automotive
2026-05-12T08:49:29,54f822b9-7019-4e2d-88f7-d0c6a486d8e0,Evergreen,Agadir,Hamburg,2026-05-29T08:49:29,2026-05-29T08:49:29,0.0,19500.8,Electronics
2026-05-05T12:34:29,592a785d-bd68-4dbf-a6a1-8cd57c7ef158,Marsa Maroc,Shenzhen,Hamburg,2026-05-25T12:34:29,2026-05-25T12:34:29,0.0,20379.5,Chemicals
2026-02-25T19:01:24,28fccbba-ca56-4ae7-9a8b-35baa53466f4,COSCO,Casablanca,Marseille,2026-03-03T19:01:24,2026-03-03T19:01:24,0.0,24151.2,Textiles
2026-03-09T13:42:12,72a9dc72-3078-4b66-87e0-710ac0491f3b,Comanav,Tanger Med,Barcelona,2026-03-28T13:42:12,2026-03-28T13:42:12,0.0,22805.8,Electronics
2026-02-26T20:44:35,57b446a6-d2bd-4366-a67a-2c87a2a47e1b,COSCO,Casablanca,Marseille,2026-03-23T20:44:35,2026-03-24T16:50:35,20.1,19647.4,Textiles
2026-05-01T21:53:31,c34fc2af-f696-4ad4-b205-4add68eb7ac4,Evergreen,Shenzhen,Hamburg,2026-05-28T21:53:31,2026-05-28T21:53:31,0.0,2467.7,Textiles
2026-03-12T04:12:59,adddd622-7c8a-4eb2-a5e5-11287bb3a859,COSCO,Ningbo,New York,2026-03-27T04:12:59,2026-03-27T04:12:59,0.0,22242.2,Chemicals
2026-02-17T04:47:23,ef5f1366-1698-4e50-84bf-dcfcbc714e15,Maersk,Ningbo,New York,2026-03-13T04:47:23,2026-03-13T04:47:23,0.0,15963.4,Textiles
2026-06-30T07:49:00,6bff5647-73ea-40d4-9a28-925af03117e7,Marsa Maroc,Agadir,Hamburg,2026-07-07T07:49:00,2026-07-07T07:49:00,0.0,2911.9,Electronics
2026-03-01T12:26:18,a26b814b-7143-4ea2-8d87-6b81fc8e8546,MSC,Busan,Los Angeles,2026-03-28T12:26:18,2026-03-28T12:26:18,0.0,1209.2,Textiles
2026-05-16T10:21:50,13f28779-fac7-4e30-b055-b10398716667,CMA-CGM,Tanger Med,Rotterdam,2026-06-01T10:21:50,2026-06-01T10:21:50,0.0,4066.5,Food
2026-05-22T03:35:46,593a23c6-ea45-43f7-996f-fe7dc34eb94f,Evergreen,Singapore,Felixstowe,2026-06-17T03:35:46,2026-06-18T09:59:46,30.4,2434.7,Chemicals
2026-08-13T12:23:27,e1b5f74d-cf12-437b-90ed-fc277736b5ad,COSCO,Agadir,Hamburg,2026-09-05T12:23:27,2026-09-05T12:23:27,0.0,11798.2,Textiles
2026-04-27T04:49:54,1350ba23-cbab-47c0-bec7-452003d347c2,CMA-CGM,Busan,Los Angeles,2026-05-23T04:49:54,2026-05-23T04:49:54,0.0,20213.5,Textiles
2026-04-14T09:14:08,e51457a4-682f-45db-b5bc-7a3caa0e1279,MSC,Ningbo,New York,2026-04-21T09:14:08,2026-04-21T09:14:08,0.0,8966.4,Food
2026-08-13T13:36:47,157f5c61-7624-4dd2-975f-7917c673184f,Marsa Maroc,Shanghai,Rotterdam,2026-08-31T13:36:47,2026-08-31T13:36:47,0.0,11692.5,Textiles
2026-05-14T08:53:54,6470efc7-881e-4578-af3b-952543609581,COSCO,Agadir,Hamburg,2026-06-03T08:53:54,2026-06-03T08:53:54,0.0,9843.4,Textiles
2026-08-17T16:25:38,b43ee801-2209-44a4-9ede-b08d4bda0e65,Marsa Maroc,Shanghai,Rotterdam,2026-08-31T16:25:38,2026-08-31T16:25:38,0.0,20835.9,Chemicals
2026-07-14T02:04:25,afcf3a63-88b2-478b-8327-56edfa7a1ac0,Maersk,Shanghai,Rotterdam,2026-08-06T02:04:25,2026-08-06T02:04:25,0.0,19568.6,Electronics
2026-04-29T22:44:56,a2990e82-7d84-4c2d-bb0a-50f04d6a3b7e,Comanav,Busan,Los Angeles,2026-05-13T22:44:56,2026-05-13T22:44:56,0.0,6137.9,Textiles
2026-03-26T15:10:48,44a42d47-c7b1-4405-bbfd-467a99210674,Marsa Maroc,Agadir,Hamburg,2026-04-06T15:10:48,2026-04-06T15:10:48,0.0,17105.2,Automotive
2026-03-13T15:27:38,df141370-a7f6-4c3f-bc8e-dcbce7f676a5,Marsa Maroc,Tanger Med,Barcelona,2026-04-07T15:27:38,2026-04-07T15:27:38,0.0,19821.0,Electronics
2026-08-06T09:41:17,0cab5c3c-d158-4a7c-9915-92a30f42281b,Marsa Maroc,Shenzhen,Hamburg,2026-08-15T09:41:17,2026-08-15T09:41:17,0.0,7730.2,Chemicals
2026-07-07T14:17:33,347692df-07ee-4ad7-bc06-01bb008835e3,MSC,Casablanca,Marseille,2026-07-16T14:17:33,2026-07-16T14:17:33,0.0,21973.3,Textiles
2026-07-30T12:02:20,eeddc73e-c4dc-4c16-8f86-05b6275eb176,Evergreen,Ningbo,New York,2026-08-12T12:02:20,2026-08-14T03:50:20,39.8,20704.9,Chemicals
2026-07-23T15:45:03,1756a3f1-d810-48df-8918-5c268f24d638,Marsa Maroc,Shanghai,Rotterdam,2026-08-07T15:45:03,2026-08-07T15:45:03,0.0,11974.1,Electronics
2026-08-17T08:59:07,8d49cc13-2f97-4382-b97f-9d9892183c29,Comanav,Casablanca,Marseille,2026-08-29T08:59:07,2026-09-02T03:11:07,90.2,24508.6,Food
2026-02-20T00:54:43,fc63229b-5319-4b57-9c44-c7ba647bb2fa,Maersk,Shenzhen,Hamburg,2026-03-22T00:54:43,2026-03-22T00:54:43,0.0,6979.2,Electronics
2026-03-13T05:19:15,42761ccd-e06e-4959-a99b-36a4afd671b5,CMA-CGM,Busan,Los Angeles,2026-04-08T05:19:15,2026-04-08T05:19:15,0.0,6923.0,Chemicals
2026-02-26T12:57:03,6c5048ba-3643-40b6-acf6-77242bc018d9,Maersk,Shenzhen,Hamburg,2026-03-24T12:57:03,2026-03-24T12:57:03,0.0,1113.1,Food
2026-07-23T08:42:08,b43f8246-2cba-4c0c-b91e-9661f5f92c2d,Evergreen,Shenzhen,Hamburg,2026-08-04T08:42:08,2026-08-04T08:42:08,0.0,16067.4,Chemicals
2026-06-22T18:31:46,cfdedaad-ba02-40ab-a8c2-196703b6d587,Marsa Maroc,Shanghai,Rotterdam,2026-07-10T18:31:46,2026-07-10T18:31:46,0.0,1611.0,Electronics
2026-04-04T10:27:40,eb8171dd-00f8-4724-8c5e-6cc138378c39,COSCO,Shanghai,Rotterdam,2026-04-12T10:27:40,2026-04-12T10:27:40,0.0,22237.9,Automotive
2026-05-20T13:38:42,77ff9537-caf7-4a90-a0c1-01f8cd1681ad,COSCO,Singapore,Felixstowe,2026-06-05T13:38:42,2026-06-05T13:38:42,0.0,18706.9,Food
2026-04-16T09:44:56,3c9260ac-5200-4c57-8dc6-eef6dad6de40,Evergreen,Singapore,Felixstowe,2026-05-14T09:44:56,2026-05-14T09:44:56,0.0,22192.6,Electronics
2026-04-25T20:52:31,6652ecb3-81ac-48a8-b660-02a2000b300f,Evergreen,Busan,Los Angeles,2026-05-13T20:52:31,2026-05-15T15:04:31,42.2,17411.9,Automotive
2026-08-10T05:22:52,f9acbdfc-c018-42b4-bef0-e27461e9a6d6,COSCO,Busan,Los Angeles,2026-08-22T05:22:52,2026-08-23T04:04:52,22.7,17299.2,Food
2026-04-07T10:35:37,34b6ba93-7d16-466a-b4b6-2ce41c443415,Maersk,Shenzhen,Hamburg,2026-04-24T10:35:37,2026-04-24T10:35:37,0.0,24221.1,Chemicals
2026-07-31T20:13:18,a06f331c-d2b4-498e-a1e6-c81725f5d2bd,Marsa Maroc,Tanger Med,Barcelona,2026-08-11T20:13:18,2026-08-11T20:13:18,0.0,15130.1,Electronics
2026-04-26T06:13:56,5d94c431-d79f-46f3-8228-8030ebcff475,Comanav,Tanger Med,Rotterdam,2026-05-11T06:13:56,2026-05-11T06:13:56,0.0,3585.1,Food
2026-05-19T04:13:44,4fe88c78-6c7e-4537-9329-70f5c815706f,Maersk,Agadir,Hamburg,2026-06-17T04:13:44,2026-06-17T04:13:44,0.0,14866.4,Automotive
2026-08-18T16:00:22,0a90ef60-b7a8-4176-82ed-88e1ad7d34ea,Comanav,Shenzhen,Hamburg,2026-08-27T16:00:22,2026-08-30T20:24:22,76.4,7293.2,Automotive
2026-05-24T00:21:53,32897380-d8b2-4bfb-b847-b3d95b3f546e,Evergreen,Casablanca,Marseille,2026-06-06T00:21:53,2026-06-07T00:15:53,23.9,21728.0,Automotive
2026-02-28T06:38:17,dc203c1a-8f0c-487c-9577-27a4e4179bf7,CMA-CGM,Tanger Med,Rotterdam,2026-03-30T06:38:17,2026-03-30T06:38:17,0.0,14926.9,Electronics
2026-08-14T02:16:40,680de15c-da66-4048-8404-089b3e199909,CMA-CGM,Casablanca,Marseille,2026-08-20T02:16:40,2026-08-20T02:16:40,0.0,10813.5,Electronics
2026-03-20T00:34:31,f10f7840-7517-4056-97a3-da5cc01408c9,COSCO,Tanger Med,Barcelona,2026-04-08T00:34:31,2026-04-08T00:34:31,0.0,13074.3,Electronics
2026-03-08T15:31:02,ea3b6161-e115-4326-8e38-c83f78249fba,Evergreen,Busan,Los Angeles,2026-03-20T15:31:02,2026-03-21T08:13:02,16.7,19689.1,Food
2026-02-09T17:33:11,aaef9fa0-9571-49b2-b330-e4846422c71f,COSCO,Shanghai,Rotterdam,2026-03-06T17:33:11,2026-03-07T12:09:11,18.6,12235.1,Chemicals
2026-03-29T05:16:19,1fbdd6e0-e918-4b87-8336-acf267742a86,Marsa Maroc,Singapore,Felixstowe,2026-04-06T05:16:19,2026-04-06T05:16:19,0.0,22787.7,Electronics
2026-05-07T19:12:59,d2d65509-cde6-4841-85d8-81b98956acee,CMA-CGM,Tanger Med,Barcelona,2026-05-31T19:12:59,2026-05-31T19:12:59,0.0,3591.7,Food
2026-04-19T14:07:54,ae920d26-c9bc-401a-a832-d006419290f8,Marsa Maroc,Ningbo,New York,2026-05-04T14:07:54,2026-05-04T14:07:54,0.0,15136.1,Textiles
2026-07-12T20:03:12,3909683a-9cb9-484f-be85-86677b769cdc,Evergreen,Busan,Los Angeles,2026-08-05T20:03:12,2026-08-05T20:03:12,0.0,19930.9,Electronics
2026-08-25T14:30:12,ccfdd74f-7ec9-4f33-9cc1-512938c8127a,Marsa Maroc,Ningbo,New York,2026-09-05T14:30:12,2026-09-05T14:30:12,0.0,22258.2,Chemicals
2026-08-15T22:35:08,0c7348a5-683b-4ab1-bc61-bc76167ac61e,Comanav,Shenzhen,Hamburg,2026-09-03T22:35:08,2026-09-03T22:35:08,0.0,18375.5,Textiles
2026-04-27T00:16:09,62e9e1b6-ec7d-4c49-b292-7b10d65888f6,CMA-CGM,Singapore,Felixstowe,2026-05-23T00:16:09,2026-05-23T00:16:09,0.0,23863.0,Chemicals
2026-07-27T17:57:59,f421bcd5-527c-4afa-ba46-2121cb230761,Maersk,Tanger Med,Barcelona,2026-08-03T17:57:59,2026-08-03T17:57:59,0.0,2865.8,Textiles
2026-03-17T18:31:17,250bff4b-7711-4aa0-86e6-562368b8fa93,Evergreen,Casablanca,Marseille,2026-03-23T18:31:17,2026-03-23T18:31:17,0.0,14258.9,Textiles
2026-04-17T22:31:45,ddf97dac-09a2-488f-bf97-8c48b20c6ea9,COSCO,Tanger Med,Barcelona,2026-05-03T22:31:45,2026-05-08T16:07:45,113.6,10862.0,Electronics
2026-07-12T04:17:07,9e87b7b9-268c-495f-8758-570d1fe2ab67,Evergreen,Shanghai,Rotterdam,2026-07-26T04:17:07,2026-07-26T04:17:07,0.0,14659.0,Automotive
2026-02-09T20:05:22,fbc870fd-c0fd-47dc-a43c-3483b4a2ce1a,Marsa Maroc,Casablanca,Marseille,2026-03-01T20:05:22,2026-03-01T20:05:22,0.0,3151.4,Food
2026-07-01T14:59:40,2c82958e-09f9-4803-a3c9-729ccb0d0b86,Maersk,Shenzhen,Hamburg,2026-07-30T14:59:40,2026-07-30T14:59:40,0.0,6040.9,Chemicals
2026-05-18T23:52:17,6d820bb2-0b0d-44ee-a10f-db3e51895d8e,Comanav,Ningbo,New York,2026-06-11T23:52:17,2026-06-11T23:52:17,0.0,16246.1,Electronics
2026-08-14T16:59:07,1885ba48-7b0d-44e5-b953-de864cb74f44,Maersk,Shanghai,Rotterdam,2026-08-24T16:59:07,2026-08-24T16:59:07,0.0,19179.0,Textiles
2026-06-09T18:42:55,dbe8bfe8-9c1e-4d9a-8d50-74474f48041d,Maersk,Shenzhen,Hamburg,2026-06-19T18:42:55,2026-06-19T18:42:55,0.0,14374.9,Chemicals
2026-07-15T06:42:55,e7461c61-34fe-48da-9d9c-bbd5ea37ad69,MSC,Tanger Med,Barcelona,2026-08-12T06:42:55,2026-08-12T06:42:55,0.0,1251.1,Food
2026-08-19T00:06:22,74909cd0-f05e-49ce-a649-4b85f3f9a998,COSCO,Agadir,Hamburg,2026-09-06T00:06:22,2026-09-06T00:06:22,0.0,4356.5,Textiles
2026-04-07T02:48:39,87dd7300-e449-46f1-afc3-194b191d1064,Comanav,Shenzhen,Hamburg,2026-04-30T02:48:39,2026-04-30T02:48:39,0.0,22141.9,Automotive
2026-04-19T17:58:35,efaf1686-dfdc-4405-ac24-6191305f97a5,Comanav,Casablanca,Marseille,2026-05-13T17:58:35,2026-05-13T17:58:35,0.0,2498.7,Chemicals
2026-05-31T05:31:02,9b94f9a6-e9a2-463b-8179-72c43bada8aa,COSCO,Singapore,Felixstowe,2026-06-24T05:31:02,2026-06-24T05:31:02,0.0,7192.6,Food
2026-05-06T13:07:09,e4c07ce1-9813-4abb-818c-42505661e536,CMA-CGM,Tanger Med,Barcelona,2026-05-24T13:07:09,2026-05-24T13:07:09,0.0,17116.3,Food
2026-02-25T17:06:13,65ea0fd1-8458-424a-bb59-4df23f75e5df,Evergreen,Busan,Los Angeles,2026-03-23T17:06:13,2026-03-23T17:06:13,0.0,5902.7,Food
2026-03-13T16:09:56,000b77be-a9c1-4943-8457-0ef6ba4e39a7,Maersk,Tanger Med,Rotterdam,2026-03-24T16:09:56,2026-03-24T16:09:56,0.0,5675.2,Automotive
2026-06-15T19:00:31,86265141-70fc-436c-9425-05d054c83eab,CMA-CGM,Shanghai,Rotterdam,2026-06-30T19:00:31,2026-06-30T19:00:31,0.0,12685.9,Chemicals
2026-03-06T04:49:08,e1f4a2d8-8dbd-430b-859f-a7b064845320,MSC,Casablanca,Marseille,2026-03-23T04:49:08,2026-03-23T04:49:08,0.0,6137.7,Food
2026-03-03T11:21:37,9ae52d96-82b2-4f19-a28a-b5350c1e017f,Maersk,Shenzhen,Hamburg,2026-03-20T11:21:37,2026-03-20T11:21:37,0.0,1536.4,Electronics
2026-08-18T03:59:27,735571d6-b2eb-4664-816e-395b4842ff33,Maersk,Busan,Los Angeles,2026-09-02T03:59:27,2026-09-02T03:59:27,0.0,14548.3,Chemicals
2026-08-26T06:54:18,88d462df-f9bc-4784-b8cb-b75ee3632ba1,Maersk,Shanghai,Rotterdam,2026-09-12T06:54:18,2026-09-12T06:54:18,0.0,8456.8,Food
2026-04-04T03:22:45,f997c646-c780-4e94-93aa-9162f32d45ce,Comanav,Busan,Los Angeles,2026-05-01T03:22:45,2026-05-02T00:52:45,21.5,21189.9,Automotive
2026-03-06T02:09:21,5e37852e-90e5-4a38-8da7-c340fec8f074,Evergreen,Singapore,Felixstowe,2026-03-23T02:09:21,2026-03-23T02:09:21,0.0,10196.3,Textiles
2026-08-30T05:18:16,5b5db934-494e-42e5-98bd-2b935ef5029b,MSC,Shenzhen,Hamburg,2026-09-14T05:18:16,2026-09-14T05:18:16,0.0,2371.3,Electronics
2026-03-21T02:41:34,be591cf8-1fbe-4acd-bf2a-4dfa2afb886a,Evergreen,Ningbo,New York,2026-04-01T02:41:34,2026-04-03T04:23:34,49.7,18320.8,Automotive
2026-05-03T04:00:51,1824fb8f-91c6-45fc-8020-06acfc8ac51f,Maersk,Agadir,Hamburg,2026-05-12T04:00:51,2026-05-12T04:00:51,0.0,4750.7,Automotive
2026-02-26T14:39:54,1848b231-b404-42bf-a459-15d981b7436b,MSC,Tanger Med,Barcelona,2026-03-27T14:39:54,2026-03-27T14:39:54,0.0,11866.9,Food
2026-03-04T09:26:28,0ccf083f-a6fc-4296-ba70-0e6f702989c4,Marsa Maroc,Busan,Los Angeles,2026-03-27T09:26:28,2026-03-27T09:26:28,0.0,24670.0,Textiles
2026-05-12T08:15:33,7ea3a7fb-4056-4776-8d54-c0917a8213e3,MSC,Shenzhen,Hamburg,2026-05-31T08:15:33,2026-05-31T08:15:33,0.0,11334.1,Textiles
2026-07-29T19:27:39,f4f7c0a9-e5f4-4e90-ba28-16c67c374839,Evergreen,Shanghai,Rotterdam,2026-08-04T19:27:39,2026-08-04T19:27:39,0.0,2317.7,Chemicals
2026-04-10T13:25:27,b9f30d8c-4bcb-4854-af98-1752067fc457,Maersk,Busan,Los Angeles,2026-04-16T13:25:27,2026-04-16T13:25:27,0.0,7533.4,Electronics
2026-05-16T14:53:36,a80f3e6c-e4db-4aef-9a65-25b28a6b1f16,COSCO,Ningbo,New York,2026-06-04T14:53:36,2026-06-04T14:53:36,0.0,23878.7,Electronics
2026-02-21T10:25:08,c1f69666-223e-49eb-afd5-b29c399bf2fe,Comanav,Busan,Los Angeles,2026-03-16T10:25:08,2026-03-16T10:25:08,0.0,8377.4,Chemicals
2026-03-26T20:08:26,9345810a-0d20-47d0-b097-0019b827fc7d,MSC,Ningbo,New York,2026-04-01T20:08:26,2026-04-01T20:08:26,0.0,20368.7,Textiles
2026-07-16T19:27:33,5c0ce5b4-4b0f-48cb-bfce-0a6223e5c96f,Evergreen,Tanger Med,Barcelona,2026-08-10T19:27:33,2026-08-10T19:27:33,0.0,6569.7,Chemicals
2026-06-10T20:46:50,360f27f9-f569-4021-be44-99f305548271,Evergreen,Busan,Los Angeles,2026-07-01T20:46:50,2026-07-01T20:46:50,0.0,9415.5,Textiles
2026-05-12T06:30:44,744e725c-1c93-41f4-bb1e-9f308643cebf,COSCO,Singapore,Felixstowe,2026-06-10T06:30:44,2026-06-10T06:30:44,0.0,15148.2,Textiles
2026-05-11T07:50:01,8ab61073-5bf6-4d75-8d6d-33b5b69109b2,CMA-CGM,Tanger Med,Barcelona,2026-05-19T07:50:01,2026-05-19T07:50:01,0.0,9970.8,Textiles
2026-06-24T00:24:21,10d64353-e89e-433b-bcfe-ceaf851494bf,CMA-CGM,Casablanca,Marseille,2026-07-01T00:24:21,2026-07-01T00:24:21,0.0,3965.0,Textiles
2026-05-05T16:42:51,a5e6af9f-bd2b-4891-9a94-a359d4f38ceb,Marsa Maroc,Shanghai,Rotterdam,2026-06-01T16:42:51,2026-06-01T16:42:51,0.0,3659.3,Electronics
2026-05-26T03:42:24,621c1afd-f195-4f5b-aa59-5f9bd19a0442,Evergreen,Shanghai,Rotterdam,2026-06-12T03:42:24,2026-06-12T03:42:24,0.0,8547.7,Automotive
2026-07-07T16:59:29,4b520ef0-44e8-49dd-81d5-27ef7eac76e4,Maersk,Ningbo,New York,2026-08-01T16:59:29,2026-08-01T16:59:29,0.0,12958.0,Electronics
2026-04-10T19:52:26,579af109-171e-4d39-8405-cd26ca3d17d5,CMA-CGM,Shenzhen,Hamburg,2026-04-20T19:52:26,2026-04-22T20:46:26,48.9,19270.8,Automotive
2026-06-16T12:10:31,47a68c84-235c-4e77-bf8d-dbcdadae13a3,MSC,Agadir,Hamburg,2026-06-25T12:10:31,2026-06-25T12:10:31,0.0,21188.5,Electronics
2026-08-03T13:38:30,1696975f-93f5-42ca-9933-795fe6170744,Comanav,Ningbo,New York,2026-08-25T13:38:30,2026-08-30T01:02:30,107.4,1424.8,Textiles
2026-06-14T18:59:06,4ceecf4a-3b15-4212-8839-7a01200682e8,Evergreen,Casablanca,Marseille,2026-07-01T18:59:06,2026-07-01T18:59:06,0.0,4930.7,Food
2026-03-10T04:09:03,82c89293-b4b9-489a-b05e-8faf9cd681e3,Marsa Maroc,Casablanca,Marseille,2026-03-29T04:09:03,2026-03-29T04:09:03,0.0,9425.3,Automotive
2026-02-18T14:49:34,792ac945-3321-412e-9c2a-e62632c1edb4,Evergreen,Busan,Los Angeles,2026-03-04T14:49:34,2026-03-04T14:49:34,0.0,19703.1,Automotive
2026-08-11T23:31:50,a5020eb0-cc27-495c-b10c-11c2a4fbe9a3,MSC,Ningbo,New York,2026-08-25T23:31:50,2026-08-30T00:13:50,96.7,22647.4,Automotive
2026-03-16T19:53:34,f670c5a2-d7e9-4907-a7c4-a447ef6ff245,Marsa Maroc,Shenzhen,Hamburg,2026-04-08T19:53:34,2026-04-11T09:47:34,61.9,7403.4,Chemicals
2026-03-11T10:50:21,8b224ee7-697e-4f55-907a-9076c7697cb3,Evergreen,Ningbo,New York,2026-03-29T10:50:21,2026-04-02T15:02:21,100.2,20130.9,Automotive
2026-04-27T18:44:31,62a90005-c287-4243-a523-34059b568eb0,Maersk,Shanghai,Rotterdam,2026-05-22T18:44:31,2026-05-22T18:44:31,0.0,9594.7,Electronics
2026-09-05T11:11:13,2da05929-de81-4c53-8991-645c320e4a93,Comanav,Ningbo,New York,2026-09-13T11:11:13,2026-09-13T11:11:13,0.0,19196.4,Textiles
2026-06-02T23:50:49,89f6baf2-99bc-44fd-8fcc-89622d486f8a,Evergreen,Busan,Los Angeles,2026-06-11T23:50:49,2026-06-12T21:44:49,21.9,22807.4,Chemicals
2026-04-03T10:35:04,1446ebf9-2b84-483b-871c-7b69d71cd440,Maersk,Shenzhen,Hamburg,2026-04-21T10:35:04,2026-04-21T10:35:04,0.0,12799.2,Automotive
2026-06-28T12:59:53,01f67f6e-b7ed-46b1-a08c-2699ecdb2d5a,Maersk,Singapore,Felixstowe,2026-07-14T12:59:53,2026-07-14T12:59:53,0.0,8307.8,Electronics
2026-03-18T17:10:53,32df9d4e-f7c9-4693-b7dd-ba78c86e4697,Comanav,Shenzhen,Hamburg,2026-03-27T17:10:53,2026-03-27T17:10:53,0.0,7528.5,Chemicals
2026-05-07T20:53:44,7083b0d9-4084-4aef-a5be-1b5a48af1098,Comanav,Casablanca,Marseille,2026-06-03T20:53:44,2026-06-03T20:53:44,0.0,15576.0,Electronics
2026-07-11T12:14:31,deab7dd2-d0f0-47ac-bcdf-cb39be3c1729,CMA-CGM,Tanger Med,Rotterdam,2026-07-22T12:14:31,2026-07-22T12:14:31,0.0,13945.7,Food
2026-06-11T16:16:30,8e0e0b50-2906-447a-a786-2a781af96066,COSCO,Ningbo,New York,2026-06-19T16:16:30,2026-06-19T16:16:30,0.0,6322.2,Electronics
2026-04-13T06:18:25,b6b53c2a-1827-429d-bc46-b610c6603ef5,MSC,Tanger Med,Rotterdam,2026-05-01T06:18:25,2026-05-01T06:18:25,0.0,15758.9,Electronics
2026-07-29T04:10:34,72935385-bd2e-408c-b320-d6beb434f590,Comanav,Tanger Med,Barcelona,2026-08-18T04:10:34,2026-08-18T04:10:34,0.0,902.7,Food
2026-06-17T11:39:50,747354a7-1be4-48f4-81f5-c72da0bad5df,Marsa Maroc,Agadir,Hamburg,2026-06-26T11:39:50,2026-06-26T11:39:50,0.0,538.3,Textiles
2026-02-14T00:54:59,90fc1939-e622-4587-a4cd-d23cbaae40ba,Evergreen,Agadir,Hamburg,2026-03-04T00:54:59,2026-03-04T00:54:59,0.0,16871.3,Food
2026-06-04T06:24:43,e084adb1-3ca5-4135-a312-4bc391d10861,Maersk,Shenzhen,Hamburg,2026-06-25T06:24:43,2026-06-25T06:24:43,0.0,19767.1,Food
2026-03-24T05:29:46,504b57da-f64a-4652-929f-d4454b0c38bd,Maersk,Ningbo,New York,2026-04-10T05:29:46,2026-04-10T05:29:46,0.0,1566.6,Chemicals
2026-03-25T03:41:02,0088d4d8-5a34-4254-bbe8-52039b65f06d,CMA-CGM,Shenzhen,Hamburg,2026-04-22T03:41:02,2026-04-22T03:41:02,0.0,19818.7,Textiles
2026-05-16T17:00:03,b12d71de-b52f-42f4-b379-b547c71eaa10,Marsa Maroc,Agadir,Hamburg,2026-06-11T17:00:03,2026-06-11T17:00:03,0.0,19401.8,Textiles
2026-03-29T19:52:23,889a2206-94e8-481a-82ee-48b275156213,Maersk,Casablanca,Marseille,2026-04-14T19:52:23,2026-04-14T19:52:23,0.0,20431.0,Automotive
2026-03-22T13:38:51,5bd56a95-f969-4946-900b-6e6895dc2639,Marsa Maroc,Busan,Los Angeles,2026-04-11T13:38:51,2026-04-11T13:38:51,0.0,20381.7,Electronics
2026-04-16T08:52:46,ac29cf18-6fab-40a1-9fe8-25cc16b4166d,Maersk,Busan,Los Angeles,2026-04-30T08:52:46,2026-04-30T08:52:46,0.0,19882.2,Electronics
2026-05-24T18:28:09,6521097e-e653-4470-aa62-2125ce06616b,CMA-CGM,Shenzhen,Hamburg,2026-06-14T18:28:09,2026-06-14T18:28:09,0.0,20477.4,Chemicals
2026-05-20T10:09:31,7f5b2fdd-14b2-4ca8-8c4b-98a91a779ccc,Maersk,Shanghai,Rotterdam,2026-06-18T10:09:31,2026-06-18T10:09:31,0.0,7509.7,Electronics
2026-05-13T19:12:38,e6706d40-2b13-46ec-848c-14d20f6aec70,CMA-CGM,Shenzhen,Hamburg,2026-05-21T19:12:38,2026-05-21T19:12:38,0.0,11205.3,Chemicals
2026-06-27T03:52:33,a49312b3-0389-4028-9010-6e29a953bc1e,COSCO,Busan,Los Angeles,2026-07-12T03:52:33,2026-07-14T21:28:33,65.6,12689.3,Food
2026-05-12T01:39:52,82ca04cc-fdab-4894-bc70-46ba131602ed,Comanav,Shanghai,Rotterdam,2026-05-19T01:39:52,2026-05-19T01:39:52,0.0,2433.7,Food
2026-05-28T12:30:29,76d67e9d-a14e-47bb-a8b7-e02c4ed309a6,Evergreen,Casablanca,Marseille,2026-06-11T12:30:29,2026-06-11T12:30:29,0.0,2461.7,Textiles
2026-08-20T06:45:13,d6086617-151e-4121-bf84-2d82dc9396a1,COSCO,Shanghai,Rotterdam,2026-09-13T06:45:13,2026-09-13T06:45:13,0.0,4582.8,Chemicals
2026-08-31T17:26:48,a6bbf061-6d5d-4c67-8ce6-a63c2182f5e9,COSCO,Shenzhen,Hamburg,2026-09-06T17:26:48,2026-09-06T17:26:48,0.0,22834.4,Food
2026-05-12T12:37:10,1d8c8a72-7962-4ae8-aae3-ad60ffed81fe,CMA-CGM,Singapore,Felixstowe,2026-06-06T12:37:10,2026-06-11T07:01:10,114.4,2338.5,Chemicals
2026-02-18T17:28:48,b66128d1-82a8-4ed7-ada4-a6c9ff097df0,Evergreen,Shenzhen,Hamburg,2026-03-20T17:28:48,2026-03-20T17:28:48,0.0,4419.7,Electronics
2026-03-12T20:17:02,86a02d85-13b2-42d7-b49f-5bf79a1977e3,Comanav,Casablanca,Marseille,2026-04-05T20:17:02,2026-04-05T20:17:02,0.0,11235.2,Automotive
2026-07-14T12:00:44,6ca6446e-43a2-4466-8846-d2b4aa17008a,MSC,Tanger Med,Barcelona,2026-08-12T12:00:44,2026-08-12T12:00:44,0.0,9372.7,Food
2026-06-07T10:50:47,a1c7aa58-03cf-432d-8d93-0197be181ab3,Evergreen,Tanger Med,Rotterdam,2026-06-16T10:50:47,2026-06-16T10:50:47,0.0,23746.2,Textiles
2026-03-11T02:55:06,2d0fa093-162d-4cbf-a7ca-6560d06386eb,Comanav,Busan,Los Angeles,2026-03-18T02:55:06,2026-03-18T02:55:06,0.0,13471.8,Chemicals
2026-02-17T09:02:53,d76ed923-7734-42fc-aca9-74816f4e20a7,Marsa Maroc,Shenzhen,Hamburg,2026-03-02T09:02:53,2026-03-02T09:02:53,0.0,3279.5,Automotive
2026-06-21T12:58:20,c24dd342-47cf-43df-9024-dc5b6d73b3fb,Evergreen,Busan,Los Angeles,2026-07-08T12:58:20,2026-07-09T13:40:20,24.7,19486.6,Chemicals
2026-04-06T19:19:39,e83f09ad-221f-4e94-907a-8fc246d823ca,Evergreen,Agadir,Hamburg,2026-04-20T19:19:39,2026-04-20T19:19:39,0.0,24966.4,Automotive
2026-06-03T17:36:00,230beccf-ef48-4ef9-93a7-92e582c698b7,MSC,Tanger Med,Barcelona,2026-06-10T17:36:00,2026-06-10T17:36:00,0.0,22517.6,Chemicals
2026-04-06T18:03:11,52566afe-3a1d-471f-a46e-af83c966707e,Comanav,Tanger Med,Barcelona,2026-05-02T18:03:11,2026-05-07T16:39:11,118.6,16862.1,Electronics
2026-08-05T14:12:19,cae4a646-f62d-4009-b489-e1af5e0a2684,Evergreen,Ningbo,New York,2026-08-19T14:12:19,2026-08-23T22:06:19,103.9,17939.3,Automotive
2026-08-02T02:19:51,4dd6dc27-86ba-421b-b5a4-6988dab215ca,Evergreen,Shenzhen,Hamburg,2026-08-14T02:19:51,2026-08-14T02:19:51,0.0,5424.0,Automotive
2026-02-12T18:07:41,09ee1bcd-4024-4e50-9916-d18828338a47,Comanav,Agadir,Hamburg,2026-03-04T18:07:41,2026-03-04T18:07:41,0.0,14073.5,Textiles
2026-03-22T10:44:24,10e483d4-b937-434b-b37e-b80bc2d944eb,Comanav,Busan,Los Angeles,2026-04-13T10:44:24,2026-04-13T10:44:24,0.0,22164.0,Electronics
2026-03-03T05:19:24,285bf162-2735-471c-b0e7-da32b1c5c805,COSCO,Shanghai,Rotterdam,2026-03-30T05:19:24,2026-03-30T05:19:24,0.0,13379.5,Chemicals
2026-04-12T21:17:11,c28ce5aa-f856-4d50-8286-13b2c27efe09,MSC,Tanger Med,Barcelona,2026-04-27T21:17:11,2026-04-27T21:17:11,0.0,11524.4,Food
2026-02-13T23:48:23,a7b91ead-a584-4382-93d0-7fc126c1caa3,MSC,Shenzhen,Hamburg,2026-03-14T23:48:23,2026-03-14T23:48:23,0.0,14900.8,Automotive
2026-07-16T09:20:32,6df82534-a89c-4f01-88fd-d0d9740b1445,Evergreen,Singapore,Felixstowe,2026-07-22T09:20:32,2026-07-25T05:20:32,68.0,7951.1,Automotive
2026-04-15T12:20:02,72a2e111-8b92-4511-b648-68fe4bb2c4ee,Marsa Maroc,Shenzhen,Hamburg,2026-04-27T12:20:02,2026-04-27T12:20:02,0.0,23552.1,Textiles
2026-08-03T21:54:09,eb665122-967c-4a81-97f3-bac6b8e78614,CMA-CGM,Tanger Med,Barcelona,2026-08-14T21:54:09,2026-08-14T21:54:09,0.0,13995.6,Automotive
2026-03-28T11:52:42,bc12c592-8b3f-4223-9c80-392b99eceadf,Evergreen,Shanghai,Rotterdam,2026-04-19T11:52:42,2026-04-19T11:52:42,0.0,16204.2,Food
2026-02-19T05:52:23,4007f101-cf9e-44ac-813b-93218d87f91a,MSC,Casablanca,Marseille,2026-03-17T05:52:23,2026-03-17T05:52:23,0.0,22599.0,Textiles
2026-06-23T17:10:33,aefb2a41-99b1-4def-a935-58339d38ae07,Comanav,Tanger Med,Rotterdam,2026-06-28T17:10:33,2026-06-28T17:10:33,0.0,23739.4,Food
2026-07-09T14:47:54,2cc599ca-da03-4ec1-b08c-4a2ccade3ff9,Marsa Maroc,Shanghai,Rotterdam,2026-07-20T14:47:54,2026-07-20T14:47:54,0.0,10706.4,Electronics
2026-02-22T11:50:49,6e6ed34d-9adb-4c75-9913-f15bf949f048,Marsa Maroc,Busan,Los Angeles,2026-03-16T11:50:49,2026-03-16T11:50:49,0.0,23937.9,Chemicals
2026-06-17T23:01:25,8bd2e0f3-08ad-4b86-9a24-7e9c9c36e5e5,Comanav,Agadir,Hamburg,2026-07-17T23:01:25,2026-07-17T23:01:25,0.0,7787.1,Electronics
2026-05-02T14:03:18,d60043b6-fafd-4d1f-a536-ad48be20cd81,MSC,Tanger Med,Rotterdam,2026-05-21T14:03:18,2026-05-21T14:03:18,0.0,11878.8,Textiles
2026-05-09T21:47:08,0f77c076-ad96-4f16-8a4c-2b67f345dfda,CMA-CGM,Casablanca,Marseille,2026-06-05T21:47:08,2026-06-05T21:47:08,0.0,24706.6,Textiles
2026-03-11T22:06:21,65a01b49-7991-4d10-b292-a39cd52129a6,MSC,Singapore,Felixstowe,2026-04-09T22:06:21,2026-04-09T22:06:21,0.0,14260.5,Textiles
2026-07-08T08:31:25,16702ac1-529d-492b-9ced-43f3c28c8995,COSCO,Agadir,Hamburg,2026-07-16T08:31:25,2026-07-16T08:31:25,0.0,6574.0,Electronics
2026-07-19T19:42:42,b2915500-266c-4f6e-b628-47ce35d4ad10,CMA-CGM,Tanger Med,Rotterdam,2026-08-05T19:42:42,2026-08-08T04:54:42,57.2,24085.8,Automotive
2026-04-02T00:32:29,d44cdb39-1d53-45f3-82d5-6cada6c74501,Evergreen,Shenzhen,Hamburg,2026-04-30T00:32:29,2026-04-30T00:32:29,0.0,19196.5,Chemicals
2026-05-11T22:33:06,8150a33c-d819-4001-ba3f-b49eb1a3f237,COSCO,Ningbo,New York,2026-05-31T22:33:06,2026-06-03T16:15:06,65.7,2706.2,Chemicals
2026-04-21T02:37:34,5f9fc2b6-8645-4c5c-9b2e-1f1ddb2bb57d,COSCO,Ningbo,New York,2026-05-03T02:37:34,2026-05-03T02:37:34,0.0,9145.9,Electronics
2026-04-14T18:14:51,4ae5c6da-eee4-405c-98b5-51c61814b728,COSCO,Shanghai,Rotterdam,2026-05-08T18:14:51,2026-05-12T04:56:51,82.7,12029.4,Food
2026-07-31T02:51:44,d5a733a9-e40f-48f7-8844-2fe1c99af8f8,Comanav,Tanger Med,Rotterdam,2026-08-08T02:51:44,2026-08-08T02:51:44,0.0,22120.2,Textiles
2026-03-04T15:01:32,cc6bf4a0-7a6f-4071-a925-d17ea18c822e,CMA-CGM,Singapore,Felixstowe,2026-03-10T15:01:32,2026-03-10T15:01:32,0.0,14471.9,Automotive
2026-04-25T15:45:45,15b64865-b868-4ef0-ae75-c485ca8b7cf4,Evergreen,Shenzhen,Hamburg,2026-05-09T15:45:45,2026-05-09T15:45:45,0.0,12854.3,Food
2026-06-14T00:11:34,9f1020c4-3bc9-4b3b-a17e-3bc634a140ee,Comanav,Shanghai,Rotterdam,2026-07-08T00:11:34,2026-07-08T00:11:34,0.0,3410.9,Electronics
2026-07-08T21:26:41,be09d076-591a-4b34-a6c1-13b9d70c6b95,CMA-CGM,Singapore,Felixstowe,2026-08-07T21:26:41,2026-08-10T21:38:41,72.2,9457.4,Automotive
2026-05-15T09:05:10,abcb863b-339d-41dd-b83c-65358014b5eb,Evergreen,Agadir,Hamburg,2026-06-05T09:05:10,2026-06-05T09:05:10,0.0,1486.2,Electronics
2026-05-28T14:48:34,b51349ed-e2a7-4834-a810-7d8ed28377d1,Marsa Maroc,Casablanca,Marseille,2026-06-12T14:48:34,2026-06-12T14:48:34,0.0,13223.7,Automotive
2026-04-16T19:49:53,5e6332f4-2161-4be1-be23-f2c36489900f,MSC,Ningbo,New York,2026-05-01T19:49:53,2026-05-03T18:13:53,46.4,10127.4,Food
2026-03-27T23:31:27,64310818-0c68-43e9-a7e7-49dcd6b03e15,Evergreen,Shanghai,Rotterdam,2026-04-11T23:31:27,2026-04-11T23:31:27,0.0,12988.0,Chemicals
2026-07-22T13:32:50,78c8b60d-7ff4-4b02-8e34-6bf16a247ea6,COSCO,Shanghai,Rotterdam,2026-07-27T13:32:50,2026-07-27T13:32:50,0.0,17008.3,Chemicals
2026-02-16T00:56:22,88cfa93f-2002-4a00-8206-12081e8c10bc,Comanav,Shanghai,Rotterdam,2026-03-16T00:56:22,2026-03-19T08:56:22,80.0,15124.3,Textiles
2026-08-24T19:08:56,7fe63a41-854b-4814-ba70-dc203ec80557,Marsa Maroc,Agadir,Hamburg,2026-08-30T19:08:56,2026-08-30T19:08:56,0.0,4677.5,Food
2026-04-30T09:13:57,d4d5c8b2-c3ec-4f99-b1c1-f7e5b7b80997,MSC,Singapore,Felixstowe,2026-05-26T09:13:57,2026-05-26T09:13:57,0.0,14528.0,Electronics
2026-04-28T12:09:12,d2f7d931-9cd2-4d42-8160-7eaf1fd0d6ad,Maersk,Agadir,Hamburg,2026-05-17T12:09:12,2026-05-17T12:09:12,0.0,4210.1,Automotive
2026-07-28T18:20:13,0d41aeb5-5a21-47ca-9492-45e003b4f39c,Evergreen,Singapore,Felixstowe,2026-08-26T18:20:13,2026-08-26T18:20:13,0.0,12054.3,Electronics
2026-07-03T19:03:09,5c88c18b-361e-43d2-94d2-4850652e7239,Evergreen,Casablanca,Marseille,2026-07-14T19:03:09,2026-07-14T19:03:09,0.0,24954.0,Chemicals
2026-06-12T12:35:06,95d55d56-a8fa-4b2a-b6e3-11b8e4e8777a,COSCO,Ningbo,New York,2026-06-27T12:35:06,2026-06-30T02:11:06,61.6,13561.6,Food
2026-04-29T09:20:37,dbf70cdf-aa11-49b3-9742-2928cd9dc233,Marsa Maroc,Shenzhen,Hamburg,2026-05-28T09:20:37,2026-05-31T22:50:37,85.5,20189.5,Textiles
2026-05-14T13:47:53,35fd0ee9-421e-454e-90f4-dac940cd377a,MSC,Busan,Los Angeles,2026-05-26T13:47:53,2026-05-26T13:47:53,0.0,7813.2,Textiles
2026-02-27T04:34:06,eaa0b06e-c21c-48b3-af10-c58cb4624df3,Marsa Maroc,Shanghai,Rotterdam,2026-03-10T04:34:06,2026-03-10T04:34:06,0.0,12480.6,Chemicals
2026-04-15T00:06:00,d6db9a0c-5dd6-4714-a8fb-66ce9269efe7,Evergreen,Shenzhen,Hamburg,2026-05-15T00:06:00,2026-05-15T00:06:00,0.0,7550.8,Food
2026-07-16T17:58:19,5699f285-ff0d-4d5f-955f-45de70698092,COSCO,Ningbo,New York,2026-08-02T17:58:19,2026-08-07T13:04:19,115.1,20213.1,Textiles
2026-06-09T11:37:23,e2000624-5c01-44f1-b5a4-e815c2662de4,CMA-CGM,Tanger Med,Rotterdam,2026-07-06T11:37:23,2026-07-06T11:37:23,0.0,23138.2,Textiles
2026-06-06T04:46:07,ba2e4794-39f6-4df1-9b78-997876c9db12,MSC,Busan,Los Angeles,2026-06-17T04:46:07,2026-06-18T22:04:07,41.3,14269.4,Textiles
2026-03-03T23:02:53,51796951-76fb-4760-935c-2f5fe306d30e,Maersk,Casablanca,Marseille,2026-03-27T23:02:53,2026-03-27T23:02:53,0.0,6362.4,Electronics
2026-05-23T09:38:00,9b8d6db0-4d38-4a55-a65b-f04e87721791,MSC,Ningbo,New York,2026-06-17T09:38:00,2026-06-17T09:38:00,0.0,2954.8,Textiles
2026-06-19T08:55:08,d15194fb-fa54-41e2-88d1-0d395b300adc,Maersk,Busan,Los Angeles,2026-07-15T08:55:08,2026-07-15T08:55:08,0.0,626.9,Food
2026-08-20T20:00:18,243dc383-3da7-4207-9887-f541be38da75,COSCO,Casablanca,Marseille,2026-09-14T20:00:18,2026-09-19T06:54:18,106.9,12197.5,Automotive
2026-07-20T05:16:21,6c1a7b42-1b2d-4793-b5c2-72f4d3813592,CMA-CGM,Shanghai,Rotterdam,2026-08-03T05:16:21,2026-08-03T05:16:21,0.0,22744.5,Electronics
2026-06-09T14:32:25,dd332460-0cd7-42b5-9bac-552ed9fc635c,Evergreen,Agadir,Hamburg,2026-07-07T14:32:25,2026-07-07T14:32:25,0.0,23448.4,Automotive
2026-03-01T17:15:20,474f32ae-79c3-4deb-8858-9bcf2bd4077a,Comanav,Singapore,Felixstowe,2026-03-11T17:15:20,2026-03-12T09:09:20,15.9,20987.0,Chemicals
2026-03-31T19:03:46,430e2f33-c91e-4f80-801e-d410482d7005,Marsa Maroc,Casablanca,Marseille,2026-04-14T19:03:46,2026-04-15T08:03:46,13.0,14415.1,Electronics
2026-05-22T10:42:07,0857ceb7-69bf-4a4d-960c-776d9558ce94,CMA-CGM,Shenzhen,Hamburg,2026-06-10T10:42:07,2026-06-13T09:24:07,70.7,12600.9,Automotive
2026-04-26T08:22:21,62f8fbd1-e5f4-49fb-906b-ea6d1399df87,COSCO,Ningbo,New York,2026-05-09T08:22:21,2026-05-09T08:22:21,0.0,3259.8,Automotive
2026-05-30T02:19:33,e8be22f7-a699-4278-9978-2ed08ac46245,Marsa Maroc,Busan,Los Angeles,2026-06-12T02:19:33,2026-06-12T02:19:33,0.0,845.1,Textiles
2026-02-17T20:34:58,f26f15b2-b557-4ada-81a8-18fa45ceac6b,Evergreen,Shanghai,Rotterdam,2026-03-15T20:34:58,2026-03-15T20:34:58,0.0,4799.6,Chemicals
2026-03-28T02:23:05,4beb845e-cf24-40db-8fac-c9caf7ec0efd,Evergreen,Singapore,Felixstowe,2026-04-12T02:23:05,2026-04-12T02:23:05,0.0,16896.8,Automotive
2026-08-01T18:25:40,47af5a36-81e8-48df-b9c7-43804412e151,COSCO,Casablanca,Marseille,2026-08-16T18:25:40,2026-08-17T07:07:40,12.7,9897.6,Chemicals
2026-06-29T06:02:14,321d08ce-4e79-4e2f-9354-0769a09e400d,CMA-CGM,Shanghai,Rotterdam,2026-07-13T06:02:14,2026-07-13T06:02:14,0.0,14535.5,Textiles
2026-06-18T19:41:04,fb0bcc1a-5ea5-4340-a03c-5ad790942bff,Marsa Maroc,Shenzhen,Hamburg,2026-06-30T19:41:04,2026-06-30T19:41:04,0.0,3396.5,Textiles
2026-07-22T11:29:08,93874a1e-444f-4029-a196-b4b461822c79,COSCO,Casablanca,Marseille,2026-08-17T11:29:08,2026-08-17T11:29:08,0.0,22430.4,Textiles
2026-03-31T21:53:48,d1933a1d-2487-43a3-8d04-3ab8ef475bc6,Marsa Maroc,Tanger Med,Barcelona,2026-04-14T21:53:48,2026-04-14T21:53:48,0.0,5910.8,Automotive
2026-07-09T14:16:53,e5ed7131-b047-458e-92d0-d7fa681a1b93,MSC,Busan,Los Angeles,2026-07-28T14:16:53,2026-07-28T14:16:53,0.0,15340.6,Chemicals
2026-04-14T19:39:45,695b12ac-78fa-4033-aeb5-c6ad8f757a63,COSCO,Ningbo,New York,2026-05-13T19:39:45,2026-05-13T19:39:45,0.0,16770.3,Automotive
2026-05-09T22:11:09,8d0b339b-bbef-4d09-86dc-ce681ccc911f,Marsa Maroc,Agadir,Hamburg,2026-06-07T22:11:09,2026-06-07T22:11:09,0.0,19790.6,Food
2026-02-19T05:42:44,8a2fd542-26f8-4ec1-a739-e8e068d871f4,Evergreen,Busan,Los Angeles,2026-03-18T05:42:44,2026-03-18T05:42:44,0.0,22972.5,Electronics
2026-07-26T08:21:02,b1ba58e7-b025-46dc-966a-1bcffd3eb77a,Comanav,Tanger Med,Rotterdam,2026-08-17T08:21:02,2026-08-18T18:09:02,33.8,13648.2,Automotive
2026-02-08T15:45:49,43f75b48-7a8f-43ae-a2e4-030d1c148ee5,Comanav,Shenzhen,Hamburg,2026-03-01T15:45:49,2026-03-01T15:45:49,0.0,17167.2,Food
2026-04-25T12:30:01,748d9628-ab19-43f2-b667-3034bba4ed43,Maersk,Busan,Los Angeles,2026-05-16T12:30:01,2026-05-16T12:30:01,0.0,1863.1,Automotive
2026-07-01T10:47:24,9cad3af7-9928-4489-8ed6-5e536b262f0f,COSCO,Ningbo,New York,2026-07-20T10:47:24,2026-07-20T10:47:24,0.0,14190.5,Textiles
2026-08-02T11:58:59,983b4c3f-a595-49b4-8928-b1a28fc785be,COSCO,Tanger Med,Rotterdam,2026-08-15T11:58:59,2026-08-19T08:28:59,92.5,14668.6,Electronics
2026-03-01T04:12:11,e71eb312-4170-4ada-8e68-a1b43af50d1d,CMA-CGM,Singapore,Felixstowe,2026-03-28T04:12:11,2026-03-28T04:12:11,0.0,24856.0,Electronics
2026-06-23T05:41:14,992bb361-765c-4b96-b98c-8f4d41e1df93,Maersk,Busan,Los Angeles,2026-07-07T05:41:14,2026-07-07T05:41:14,0.0,19339.8,Chemicals
2026-06-11T21:54:21,abb7d23f-824f-47a5-8555-3d15b0330880,COSCO,Shenzhen,Hamburg,2026-06-30T21:54:21,2026-07-05T11:48:21,109.9,9703.3,Food
2026-04-02T09:35:31,9600dacc-4dce-47eb-9c9a-87a038b4c1e9,Marsa Maroc,Casablanca,Marseille,2026-04-18T09:35:31,2026-04-18T09:35:31,0.0,24824.7,Chemicals
2026-05-28T15:12:23,5acb8359-2723-4696-8226-8f57eda4c5b8,MSC,Ningbo,New York,2026-06-25T15:12:23,2026-06-29T21:24:23,102.2,19026.4,Textiles
2026-08-16T22:43:27,6d8c23d0-4958-4c7a-9cfa-fbcf085e50f3,Marsa Maroc,Busan,Los Angeles,2026-09-13T22:43:27,2026-09-13T22:43:27,0.0,13532.4,Automotive
2026-06-13T02:44:31,f2385b7e-443b-4156-94f4-3801d4d1def6,COSCO,Agadir,Hamburg,2026-06-29T02:44:31,2026-06-29T02:44:31,0.0,5117.8,Electronics
2026-07-11T14:29:52,8649bd79-6d4c-4076-a678-989915689303,Comanav,Tanger Med,Rotterdam,2026-08-06T14:29:52,2026-08-06T14:29:52,0.0,19268.3,Electronics
2026-06-28T16:14:42,55d467ed-2efa-4542-8298-80930e1a73c5,MSC,Agadir,Hamburg,2026-07-05T16:14:42,2026-07-05T16:14:42,0.0,1322.6,Food
2026-07-07T06:38:36,3e4a0d99-110b-483c-bdf9-494c33800a8a,MSC,Tanger Med,Rotterdam,2026-08-04T06:38:36,2026-08-04T06:38:36,0.0,11254.6,Food
2026-05-25T19:42:22,fae77905-9d4e-4dd0-9bf8-d8ce08a3dbf1,Comanav,Agadir,Hamburg,2026-06-23T19:42:22,2026-06-23T19:42:22,0.0,12845.4,Textiles
2026-03-22T10:24:29,f184eba2-82dd-4ef1-bc06-059f916e22f2,Comanav,Agadir,Hamburg,2026-04-19T10:24:29,2026-04-19T10:24:29,0.0,14648.1,Textiles
2026-05-05T12:04:45,2ae6f923-57e2-4f16-b3be-b2894c86df85,CMA-CGM,Agadir,Hamburg,2026-05-14T12:04:45,2026-05-17T08:22:45,68.3,10632.2,Textiles
2026-07-19T06:50:37,6baea0d4-962b-497d-af12-2716d8a36bb1,Evergreen,Tanger Med,Rotterdam,2026-08-11T06:50:37,2026-08-15T21:20:37,110.5,15836.8,Chemicals
2026-07-20T05:53:24,a78dcb1a-8636-4516-aa27-8b3e9485d778,COSCO,Ningbo,New York,2026-07-26T05:53:24,2026-07-30T23:35:24,113.7,16947.9,Food
2026-04-19T14:03:08,0f83a6a4-e7e7-445b-bf09-df27e687ce9d,Marsa Maroc,Shenzhen,Hamburg,2026-05-07T14:03:08,2026-05-07T14:03:08,0.0,7847.3,Automotive
2026-06-13T21:03:22,9ec2bf6b-6cc4-4251-a495-1d56af31f7f0,COSCO,Ningbo,New York,2026-06-25T21:03:22,2026-06-27T17:33:22,44.5,17835.6,Chemicals
2026-07-18T16:53:41,cc34bec9-d716-4d7d-aaa8-f2fb54e5d098,Evergreen,Tanger Med,Rotterdam,2026-08-05T16:53:41,2026-08-08T17:05:41,72.2,3785.3,Automotive
2026-02-14T03:47:01,6dd85dca-bb55-4aad-a54d-43f69505168c,MSC,Shanghai,Rotterdam,2026-03-01T03:47:01,2026-03-01T03:47:01,0.0,23094.5,Textiles
2026-05-30T00:19:11,b22b8c70-61e2-43a8-b520-b2f6ddc1cdb7,Evergreen,Tanger Med,Barcelona,2026-06-27T00:19:11,2026-06-27T17:55:11,17.6,9740.6,Food
2026-06-13T10:13:46,87b1605a-15e4-445c-bf52-baf2c7d015ba,Comanav,Tanger Med,Rotterdam,2026-06-20T10:13:46,2026-06-20T10:13:46,0.0,19161.6,Food
2026-05-10T15:02:40,9ad5a6e3-a8e3-4e13-8e36-c30ff900a085,COSCO,Agadir,Hamburg,2026-05-21T15:02:40,2026-05-23T15:02:40,48.0,23947.0,Electronics
2026-07-17T22:50:52,8b7fdf9e-c552-44ad-990c-f3f7363fb368,MSC,Agadir,Hamburg,2026-08-14T22:50:52,2026-08-14T22:50:52,0.0,24989.5,Chemicals
2026-06-10T03:34:49,56d243ed-a956-49b0-9496-3cbe7949341c,Marsa Maroc,Agadir,Hamburg,2026-07-04T03:34:49,2026-07-04T03:34:49,0.0,10217.5,Automotive
2026-07-30T14:00:14,c9e02b98-795d-40e3-8602-2f8c6125a606,CMA-CGM,Ningbo,New York,2026-08-28T14:00:14,2026-08-28T14:00:14,0.0,11923.1,Textiles
2026-08-03T13:44:38,9be4ff6d-43ad-40c1-8f82-eb7a40ace7c7,CMA-CGM,Shanghai,Rotterdam,2026-08-19T13:44:38,2026-08-19T13:44:38,0.0,12683.3,Electronics
2026-08-04T17:13:40,60e7fa22-2297-47d3-99c8-1192d4abbb0c,Comanav,Busan,Los Angeles,2026-08-19T17:13:40,2026-08-21T21:13:40,52.0,10641.3,Food
2026-05-13T23:50:29,3d8b5dc1-bfd7-434f-bb3a-406bb7fb0d02,Marsa Maroc,Agadir,Hamburg,2026-05-22T23:50:29,2026-05-22T23:50:29,0.0,14056.1,Food
2026-08-22T18:24:53,7c25c982-5fa4-4d52-b86b-4e0b29ddbc0b,CMA-CGM,Singapore,Felixstowe,2026-08-31T18:24:53,2026-08-31T18:24:53,0.0,6135.5,Food
2026-04-13T21:38:18,8a908092-0ddd-4e55-8e17-f37612c181c5,COSCO,Agadir,Hamburg,2026-05-05T21:38:18,2026-05-05T21:38:18,0.0,17278.7,Textiles
2026-03-08T22:21:06,eb6eaf18-f5f7-4c5a-9277-244f06b17e32,Marsa Maroc,Busan,Los Angeles,2026-04-02T22:21:06,2026-04-02T22:21:06,0.0,11790.3,Textiles
2026-05-22T05:04:51,6fb8c6e5-37fc-4521-9e83-b501d21af862,MSC,Casablanca,Marseille,2026-06-19T05:04:51,2026-06-19T05:04:51,0.0,5009.2,Food
2026-07-03T04:10:51,a8e5e446-c3be-4e08-aa3f-5282d69ee11c,Evergreen,Tanger Med,Rotterdam,2026-07-09T04:10:51,2026-07-10T00:10:51,20.0,20540.9,Electronics
2026-03-28T06:25:54,c450cda1-cd02-4fa1-9f62-5a86f474d108,COSCO,Tanger Med,Rotterdam,2026-04-06T06:25:54,2026-04-07T19:25:54,37.0,17825.7,Electronics
2026-05-12T05:08:02,9ee95244-205e-4a25-8637-0598281e4ea5,Evergreen,Agadir,Hamburg,2026-05-31T05:08:02,2026-05-31T05:08:02,0.0,15637.0,Food
2026-06-09T13:19:08,e58bace8-f39c-4f3e-bcc2-060a6ec569b5,Marsa Maroc,Busan,Los Angeles,2026-06-29T13:19:08,2026-06-29T13:19:08,0.0,13539.2,Chemicals
2026-05-06T05:48:09,aa7a1720-4d4b-4787-9e8d-0ae256a28d91,Maersk,Tanger Med,Rotterdam,2026-05-27T05:48:09,2026-05-27T05:48:09,0.0,13625.6,Textiles
2026-04-20T08:01:31,89eb0047-642a-4164-8f44-9edc37e4248f,Evergreen,Tanger Med,Rotterdam,2026-05-17T08:01:31,2026-05-17T08:01:31,0.0,20251.1,Automotive
2026-04-06T05:26:18,0178dcb3-b4a5-484e-b6cf-9b07699314e8,Maersk,Tanger Med,Barcelona,2026-04-27T05:26:18,2026-04-27T05:26:18,0.0,5202.3,Food
2026-02-22T11:39:40,9ac343b1-9959-465d-990f-12fae6c15f4c,Comanav,Shanghai,Rotterdam,2026-03-10T11:39:40,2026-03-10T11:39:40,0.0,10224.0,Textiles
2026-02-23T22:44:35,8ea8c977-c95b-4ffc-950d-36810ddd92aa,COSCO,Singapore,Felixstowe,2026-03-18T22:44:35,2026-03-18T22:44:35,0.0,17582.3,Textiles
2026-05-10T02:05:52,37bf8e37-a3b2-4574-8f56-ed7b83c219d8,Marsa Maroc,Tanger Med,Barcelona,2026-06-04T02:05:52,2026-06-04T02:05:52,0.0,2790.8,Chemicals
2026-08-12T12:35:30,d6535845-d41c-4373-b680-51c9f02db350,Evergreen,Singapore,Felixstowe,2026-09-01T12:35:30,2026-09-01T12:35:30,0.0,731.5,Automotive
2026-03-11T06:48:29,d67e8aab-e98b-48c5-8236-332df8b7134f,COSCO,Tanger Med,Barcelona,2026-03-29T06:48:29,2026-03-29T06:48:29,0.0,8616.1,Electronics
2026-08-12T20:47:10,d413e598-69f8-4d2b-8bab-47517fd10f0e,Maersk,Ningbo,New York,2026-08-24T20:47:10,2026-08-24T20:47:10,0.0,21768.9,Food
2026-08-02T22:52:12,be5a2613-19df-447f-878e-f67834dea61b,CMA-CGM,Busan,Los Angeles,2026-08-08T22:52:12,2026-08-12T12:46:12,85.9,7369.1,Food
2026-04-30T12:16:03,5347253f-32cb-4af1-85ff-37fa969ef287,MSC,Tanger Med,Rotterdam,2026-05-15T12:16:03,2026-05-15T12:16:03,0.0,5575.4,Automotive
2026-07-14T02:56:19,459a3c71-d166-408d-ab46-15e4593b7e2e,Maersk,Singapore,Felixstowe,2026-07-28T02:56:19,2026-07-28T02:56:19,0.0,6391.6,Chemicals
2026-08-22T23:55:45,285b14ef-c0d6-4493-8403-9e2a4c1d3e29,CMA-CGM,Ningbo,New York,2026-09-08T23:55:45,2026-09-08T23:55:45,0.0,3928.8,Electronics
2026-07-18T05:02:04,8e1c8fa7-3873-4100-82e1-dcfc8e7bef6c,Marsa Maroc,Ningbo,New York,2026-08-03T05:02:04,2026-08-03T05:02:04,0.0,11208.7,Electronics
2026-05-05T18:05:59,9d891626-55c6-4ea3-a339-d05779193704,Evergreen,Shenzhen,Hamburg,2026-06-03T18:05:59,2026-06-03T18:05:59,0.0,15092.4,Textiles
2026-04-14T07:27:52,7b0250f3-1e73-4904-a26b-d70298f241e7,Marsa Maroc,Tanger Med,Rotterdam,2026-04-27T07:27:52,2026-04-27T07:27:52,0.0,11538.5,Automotive
2026-02-14T03:40:53,9e68c1a5-83d9-46f4-b125-3f7fd8863936,Evergreen,Shenzhen,Hamburg,2026-03-03T03:40:53,2026-03-03T03:40:53,0.0,17152.5,Chemicals
2026-03-18T09:27:56,0cf1042e-6f06-4534-8718-d2c9dbc10d9d,Comanav,Tanger Med,Barcelona,2026-04-11T09:27:56,2026-04-11T09:27:56,0.0,6538.0,Electronics
2026-08-04T02:38:59,e29bf738-8ad9-4fd5-832f-b1721ccb0d59,CMA-CGM,Tanger Med,Barcelona,2026-08-13T02:38:59,2026-08-13T02:38:59,0.0,19705.3,Automotive
2026-05-08T23:44:50,66cc5c21-4575-409e-b3de-2ce566ca7e9a,CMA-CGM,Singapore,Felixstowe,2026-05-24T23:44:50,2026-05-24T23:44:50,0.0,627.3,Textiles
2026-04-09T07:22:57,667dfaac-7a4c-4fb5-a7fb-565962944ac0,CMA-CGM,Busan,Los Angeles,2026-05-08T07:22:57,2026-05-08T07:22:57,0.0,3746.4,Automotive
2026-08-06T09:55:07,5789a51a-4ad0-4732-b520-8cb8017c1e4e,COSCO,Singapore,Felixstowe,2026-08-28T09:55:07,2026-08-28T09:55:07,0.0,10497.1,Electronics
2026-02-26T12:04:09,b5151c07-9a8a-4a2c-b3c2-1599b622551d,CMA-CGM,Tanger Med,Barcelona,2026-03-20T12:04:09,2026-03-20T12:04:09,0.0,15152.1,Textiles
2026-05-22T18:41:46,6843ec12-30bb-47a2-b5ed-04cc587b8b9d,Maersk,Singapore,Felixstowe,2026-06-05T18:41:46,2026-06-05T18:41:46,0.0,19589.6,Food
2026-03-27T03:08:38,a071e112-2047-454e-a8ff-3ddbabcb0a3f,Evergreen,Agadir,Hamburg,2026-04-17T03:08:38,2026-04-17T03:08:38,0.0,9827.9,Automotive
2026-08-12T06:31:57,b8a33724-017d-4696-8a02-6dfd5a303b2d,CMA-CGM,Shanghai,Rotterdam,2026-08-25T06:31:57,2026-08-25T06:31:57,0.0,2050.0,Chemicals
2026-04-07T18:48:37,b03bfd1f-84ef-4db4-97d4-fe3b0c7f22d6,COSCO,Shanghai,Rotterdam,2026-04-21T18:48:37,2026-04-21T18:48:37,0.0,2384.6,Textiles
2026-08-03T10:47:19,93ab9f9b-3dc5-4574-9908-2af55406226b,Marsa Maroc,Agadir,Hamburg,2026-08-28T10:47:19,2026-08-28T10:47:19,0.0,15608.4,Chemicals
2026-06-18T05:25:52,dbdef82c-63ea-4bcf-b3cb-b1b56fbebd65,MSC,Tanger Med,Barcelona,2026-07-02T05:25:52,2026-07-02T05:25:52,0.0,10194.5,Food
2026-08-04T21:04:59,97cea921-89f9-40e6-8ec9-ef9a75a713c9,Comanav,Singapore,Felixstowe,2026-08-19T21:04:59,2026-08-19T21:04:59,0.0,11050.1,Food
2026-08-29T00:52:24,e229a08d-cd24-4c38-b106-4145e9e9afa6,CMA-CGM,Casablanca,Marseille,2026-09-13T00:52:24,2026-09-13T00:52:24,0.0,17534.7,Chemicals
2026-07-27T17:30:43,f20ca474-7ea1-411d-a95e-1923374523bf,MSC,Shenzhen,Hamburg,2026-08-13T17:30:43,2026-08-15T13:00:43,43.5,17526.5,Chemicals
2026-08-04T04:12:57,5a2d3fa7-6aea-4d42-8195-e14c8eb3d78a,CMA-CGM,Agadir,Hamburg,2026-08-21T04:12:57,2026-08-21T04:12:57,0.0,19753.7,Textiles
2026-04-20T19:27:33,88103aad-59bb-4537-8402-d45d497d45cf,Evergreen,Tanger Med,Barcelona,2026-05-01T19:27:33,2026-05-01T19:27:33,0.0,13867.9,Food
2026-08-13T08:17:11,83c5c58f-4438-4ab8-bb36-22cd14ac603d,Marsa Maroc,Tanger Med,Rotterdam,2026-09-01T08:17:11,2026-09-02T18:53:11,34.6,20043.3,Electronics
2026-08-02T18:57:15,326a90ac-5329-46a3-b289-cc3eca4faabc,Marsa Maroc,Singapore,Felixstowe,2026-08-22T18:57:15,2026-08-22T18:57:15,0.0,7919.4,Textiles
2026-05-22T15:50:25,ef5628ae-662b-4dd6-8fe5-3246a99ac5d0,Marsa Maroc,Casablanca,Marseille,2026-06-09T15:50:25,2026-06-09T15:50:25,0.0,2312.1,Food
2026-05-19T00:26:28,79e8c8bb-3cb6-4acd-bfa2-f4a594a2a2e5,Evergreen,Busan,Los Angeles,2026-06-05T00:26:28,2026-06-05T00:26:28,0.0,23125.6,Chemicals
2026-05-17T16:43:44,5d46f220-ca5a-4a9e-9382-c0d4b0053209,Maersk,Ningbo,New York,2026-06-16T16:43:44,2026-06-20T08:31:44,87.8,20401.3,Food
2026-08-07T04:46:17,00d932ea-4a43-44e9-9979-fd1f551673e2,Maersk,Tanger Med,Barcelona,2026-09-05T04:46:17,2026-09-05T04:46:17,0.0,16785.0,Automotive
2026-05-07T21:55:59,dc21ce5e-0b85-471a-a845-f7694112ee9c,Evergreen,Tanger Med,Rotterdam,2026-06-01T21:55:59,2026-06-01T21:55:59,0.0,10290.6,Textiles
2026-06-10T15:26:01,62de8823-c8a1-456f-a582-3c22f52bbd6b,Maersk,Singapore,Felixstowe,2026-06-15T15:26:01,2026-06-15T15:26:01,0.0,5939.0,Food
2026-07-22T19:54:35,3ff975ce-1a83-44cc-b2e3-9ce5e4486bdf,Evergreen,Ningbo,New York,2026-08-18T19:54:35,2026-08-18T19:54:35,0.0,11421.6,Chemicals
2026-03-05T02:11:49,95b62387-0f01-4665-a7a1-ff5cc6cd4e08,Comanav,Busan,Los Angeles,2026-03-31T02:11:49,2026-03-31T02:11:49,0.0,12761.4,Textiles
2026-06-11T23:10:45,490e4c03-0bc3-46d4-b9d9-ac73ad626edf,COSCO,Tanger Med,Rotterdam,2026-06-19T23:10:45,2026-06-19T23:10:45,0.0,23053.4,Electronics
2026-05-03T01:38:18,420f8047-53b6-45c6-a0f2-de8717c4ca39,Comanav,Tanger Med,Barcelona,2026-05-31T01:38:18,2026-05-31T01:38:18,0.0,8141.3,Chemicals
2026-05-25T12:34:06,ba983be6-cff1-4363-9f3b-0c496c8b8c63,Evergreen,Agadir,Hamburg,2026-06-14T12:34:06,2026-06-14T12:34:06,0.0,2891.8,Chemicals
2026-06-25T10:19:33,1f745051-5b4e-4554-86ae-92945bdfe652,Maersk,Shenzhen,Hamburg,2026-07-09T10:19:33,2026-07-09T10:19:33,0.0,17914.1,Electronics
2026-06-25T03:54:32,b486e1d9-66ce-4b69-8690-99d0b7672acd,Marsa Maroc,Shenzhen,Hamburg,2026-07-03T03:54:32,2026-07-03T03:54:32,0.0,4526.7,Automotive
2026-03-10T07:02:17,e4266107-db35-42ef-ae01-5c1021d7539a,MSC,Ningbo,New York,2026-04-01T07:02:17,2026-04-01T07:02:17,0.0,14216.3,Chemicals
2026-04-06T17:44:23,1d128e90-7800-458f-b85a-a35e93595a93,Comanav,Agadir,Hamburg,2026-04-23T17:44:23,2026-04-23T17:44:23,0.0,5066.5,Chemicals
2026-03-31T13:50:37,bb830959-54b6-4f5e-a025-a7671e8e7ee0,Maersk,Singapore,Felixstowe,2026-04-28T13:50:37,2026-04-28T13:50:37,0.0,5334.4,Food
2026-05-24T19:30:47,41fb4462-67e8-4ff2-968a-a203813283d9,COSCO,Singapore,Felixstowe,2026-05-29T19:30:47,2026-05-29T19:30:47,0.0,5541.7,Electronics
2026-07-05T18:08:51,ef0b0782-47e6-4ec5-b9d2-c5e4c40269db,Comanav,Tanger Med,Barcelona,2026-07-27T18:08:51,2026-07-27T18:08:51,0.0,8486.6,Chemicals
2026-04-03T08:14:53,27f8f0fb-a65e-4359-b35d-1632ae58f7fc,CMA-CGM,Tanger Med,Barcelona,2026-04-29T08:14:53,2026-05-02T05:14:53,69.0,16158.2,Food
2026-05-06T02:11:07,5fd904af-2ac9-42f1-9db4-6ff8623a7b6b,Evergreen,Singapore,Felixstowe,2026-05-23T02:11:07,2026-05-23T02:11:07,0.0,9024.2,Chemicals
2026-02-27T22:39:22,03002a7d-1ba8-4553-af51-b3a7f471aaba,Comanav,Casablanca,Marseille,2026-03-25T22:39:22,2026-03-25T22:39:22,0.0,7787.4,Food
2026-07-31T02:50:56,6a3f49ba-4dc0-47af-bc86-7503e450a93d,Marsa Maroc,Tanger Med,Barcelona,2026-08-09T02:50:56,2026-08-09T02:50:56,0.0,6345.0,Electronics
2026-07-10T07:06:05,49dc9eeb-1d28-4671-94c6-0ab99edbf06e,CMA-CGM,Casablanca,Marseille,2026-08-06T07:06:05,2026-08-06T07:06:05,0.0,10017.4,Food
2026-06-20T12:02:17,6bd0b037-f5ce-4e9e-b273-8106b8a87361,Evergreen,Casablanca,Marseille,2026-07-07T12:02:17,2026-07-07T12:02:17,0.0,12423.4,Food
2026-08-18T22:43:45,ef3859f9-157e-4f68-8acc-913a6c4846b7,Evergreen,Casablanca,Marseille,2026-08-28T22:43:45,2026-08-28T22:43:45,0.0,3937.3,Textiles
2026-08-03T11:17:48,486493ec-8498-4cf9-8f39-31a6faf1f893,Evergreen,Busan,Los Angeles,2026-08-09T11:17:48,2026-08-14T06:05:48,114.8,12372.9,Automotive
2026-03-04T04:21:30,184c9dc5-00b4-42b1-be1f-ed3548694bbc,Evergreen,Singapore,Felixstowe,2026-03-25T04:21:30,2026-03-25T04:21:30,0.0,10523.8,Chemicals
2026-05-01T07:50:10,44ee8718-1142-4fac-9c88-01fa245c1973,Marsa Maroc,Singapore,Felixstowe,2026-05-20T07:50:10,2026-05-20T07:50:10,0.0,2525.4,Electronics
2026-08-05T04:01:17,a08c567b-a46f-4ac7-853f-25f83bfc398f,CMA-CGM,Agadir,Hamburg,2026-08-11T04:01:17,2026-08-11T04:01:17,0.0,13671.4,Automotive
2026-07-02T06:11:13,fedfd016-a1a3-4ed6-9b30-2bcf0e26f7f4,Evergreen,Busan,Los Angeles,2026-07-30T06:11:13,2026-08-01T23:41:13,65.5,13014.7,Food
2026-02-07T14:03:03,45a825ac-e004-45d4-b760-84ae16b52ba0,CMA-CGM,Tanger Med,Barcelona,2026-03-08T14:03:03,2026-03-08T14:03:03,0.0,24776.9,Food
2026-06-28T17:24:29,c88f22b1-3a31-48be-90b4-e517635ee674,Comanav,Tanger Med,Rotterdam,2026-07-26T17:24:29,2026-07-26T17:24:29,0.0,5854.3,Chemicals
2026-08-08T05:46:24,3f96cba1-2f06-4e71-82a4-78763413256a,Marsa Maroc,Tanger Med,Barcelona,2026-09-02T05:46:24,2026-09-02T05:46:24,0.0,7793.9,Electronics
2026-02-15T06:57:19,61746b47-e5cc-4539-a51a-43d2740c2f2a,CMA-CGM,Busan,Los Angeles,2026-03-03T06:57:19,2026-03-04T04:21:19,21.4,21699.6,Electronics
2026-06-15T14:37:46,c1d5e451-50fa-4886-9196-f9b80a886151,MSC,Agadir,Hamburg,2026-07-15T14:37:46,2026-07-15T14:37:46,0.0,17383.8,Food
2026-05-31T23:16:17,019828ec-c1d1-4e1a-a28a-3f741addca70,MSC,Singapore,Felixstowe,2026-06-24T23:16:17,2026-06-24T23:16:17,0.0,5562.2,Automotive
2026-07-14T10:56:20,ffc4485a-65c0-42f1-9504-fb085e800026,Evergreen,Tanger Med,Rotterdam,2026-07-30T10:56:20,2026-07-30T10:56:20,0.0,15123.0,Automotive
2026-07-27T17:33:41,d917012c-4fe7-4d87-982b-085a49821f7f,Marsa Maroc,Shenzhen,Hamburg,2026-08-10T17:33:41,2026-08-10T17:33:41,0.0,7049.9,Food
2026-04-26T15:34:10,93bc7c31-8438-44e4-890f-3f9368bb7967,MSC,Tanger Med,Barcelona,2026-05-25T15:34:10,2026-05-25T15:34:10,0.0,23009.8,Textiles
2026-08-28T14:37:42,2fd3e045-0ccd-4b00-a87f-e4fe678ac68c,Marsa Maroc,Casablanca,Marseille,2026-09-06T14:37:42,2026-09-06T14:37:42,0.0,17929.2,Automotive
2026-05-16T05:09:28,051eaa9e-ee1b-460c-bd56-bee7f81a9bb9,COSCO,Singapore,Felixstowe,2026-05-25T05:09:28,2026-05-25T05:09:28,0.0,7083.6,Chemicals
2026-06-07T23:56:29,a5ced477-98a8-4e55-953b-a15815076236,COSCO,Singapore,Felixstowe,2026-06-14T23:56:29,2026-06-14T23:56:29,0.0,22063.1,Electronics
2026-07-20T06:17:08,5b5a482a-a8e0-4a63-8aa6-3a789f4ae4a1,Evergreen,Singapore,Felixstowe,2026-08-17T06:17:08,2026-08-17T06:17:08,0.0,23440.2,Textiles
2026-08-21T14:30:41,43f1a741-7142-479c-bb16-2334d6d3526c,COSCO,Busan,Los Angeles,2026-09-05T14:30:41,2026-09-05T14:30:41,0.0,21788.2,Electronics
2026-02-14T06:31:51,1b174018-713b-4f52-833e-75f453f3163a,Marsa Maroc,Busan,Los Angeles,2026-03-12T06:31:51,2026-03-12T06:31:51,0.0,21327.6,Food
2026-07-12T00:24:42,ba693f95-77bf-48e1-85e6-1f9a02e2f7a0,MSC,Singapore,Felixstowe,2026-07-30T00:24:42,2026-08-01T17:48:42,65.4,8410.2,Textiles
2026-06-16T12:57:15,98c41a9c-3920-4f02-a6ca-1b1e9d5e1e4e,Evergreen,Shenzhen,Hamburg,2026-07-09T12:57:15,2026-07-09T12:57:15,0.0,21384.4,Textiles
2026-07-28T00:30:16,a4047f6e-cdf0-43e2-8cae-8bc2c9854486,Maersk,Tanger Med,Rotterdam,2026-08-05T00:30:16,2026-08-05T00:30:16,0.0,20999.2,Electronics
2026-04-24T02:19:42,08c00a00-0f0b-4321-a016-d10d0774391e,Comanav,Tanger Med,Barcelona,2026-05-04T02:19:42,2026-05-04T02:19:42,0.0,516.6,Chemicals
2026-08-20T12:23:30,881017ed-d6c9-44f1-b83c-d204a67c93a6,Marsa Maroc,Agadir,Hamburg,2026-08-29T12:23:30,2026-08-31T08:59:30,44.6,21923.4,Textiles
2026-04-03T13:34:38,694a76e9-adba-4e1f-b8d5-e20cd0250964,Marsa Maroc,Tanger Med,Barcelona,2026-04-19T13:34:38,2026-04-19T13:34:38,0.0,9610.2,Automotive
2026-02-14T11:20:43,91f1837b-9a6c-40c2-84d6-053863f77418,COSCO,Tanger Med,Rotterdam,2026-03-11T11:20:43,2026-03-11T11:20:43,0.0,17636.3,Automotive
2026-07-25T00:32:05,34e6ce4d-d5f1-4ab0-b548-bf3cd4f89e8a,Marsa Maroc,Singapore,Felixstowe,2026-08-01T00:32:05,2026-08-01T00:32:05,0.0,526.6,Chemicals
2026-02-16T12:36:33,62b62e84-ca2f-489e-bc2e-124b430c981c,MSC,Tanger Med,Barcelona,2026-03-11T12:36:33,2026-03-11T12:36:33,0.0,17159.6,Electronics
2026-03-18T14:26:49,5267cf06-19e9-4abc-9d2a-bd5a08cd8cc3,Marsa Maroc,Tanger Med,Rotterdam,2026-04-02T14:26:49,2026-04-02T14:26:49,0.0,24709.8,Chemicals
2026-08-07T10:57:38,7ec85d08-a162-49a6-a70b-27f9511b139c,COSCO,Casablanca,Marseille,2026-08-14T10:57:38,2026-08-14T10:57:38,0.0,2688.6,Electronics
2026-04-06T16:48:39,c36e3952-32b8-4a03-9caa-34678219d2e7,CMA-CGM,Tanger Med,Barcelona,2026-04-22T16:48:39,2026-04-23T19:36:39,26.8,19449.8,Automotive
2026-08-06T07:20:29,ab15c6fc-b148-4643-9e26-0050fd1d6d62,Maersk,Casablanca,Marseille,2026-08-27T07:20:29,2026-08-27T07:20:29,0.0,15452.8,Automotive
2026-04-12T13:50:14,1c74b64f-a575-4ece-a3e3-34d2fb148899,CMA-CGM,Busan,Los Angeles,2026-05-10T13:50:14,2026-05-10T13:50:14,0.0,18832.6,Chemicals
2026-03-09T12:41:12,74cf5c4e-052b-4426-b7ff-51eece248d9d,Comanav,Busan,Los Angeles,2026-03-20T12:41:12,2026-03-20T12:41:12,0.0,2961.4,Electronics
2026-05-23T00:49:57,d06043b5-0844-4b62-9212-c7758aaa7482,CMA-CGM,Singapore,Felixstowe,2026-06-10T00:49:57,2026-06-10T00:49:57,0.0,3925.8,Textiles
2026-07-04T05:30:14,e84085a3-cda0-4396-8c5f-83164aaa686b,MSC,Tanger Med,Barcelona,2026-07-26T05:30:14,2026-07-26T05:30:14,0.0,18168.9,Textiles
2026-06-10T03:08:52,32786243-aba5-4294-846a-709f4e16384a,Comanav,Tanger Med,Rotterdam,2026-07-06T03:08:52,2026-07-07T13:20:52,34.2,15369.7,Automotive
2026-04-27T04:49:00,815311f8-ddde-4c69-928a-7b1a2dd3f28b,CMA-CGM,Singapore,Felixstowe,2026-05-22T04:49:00,2026-05-22T04:49:00,0.0,22498.9,Automotive
2026-08-16T14:06:17,05a9b62d-ac5f-4e11-9e79-65d6943456d9,COSCO,Busan,Los Angeles,2026-08-24T14:06:17,2026-08-24T14:06:17,0.0,16133.0,Electronics
2026-06-19T22:25:25,19221b7d-d5f8-487e-9065-1b080e8f2a9b,Maersk,Ningbo,New York,2026-07-05T22:25:25,2026-07-07T00:43:25,26.3,21589.9,Food
2026-06-18T01:43:59,b20c78a2-743a-498d-bd1a-15e41ad8c42b,CMA-CGM,Singapore,Felixstowe,2026-07-10T01:43:59,2026-07-10T01:43:59,0.0,19186.8,Electronics
2026-07-19T05:42:44,60581d6f-27b2-4ff3-999e-a5fff183180d,Evergreen,Tanger Med,Rotterdam,2026-07-26T05:42:44,2026-07-26T05:42:44,0.0,5785.7,Electronics
2026-06-03T01:32:22,d0878153-228d-4c30-8c0e-b73217d74298,Evergreen,Singapore,Felixstowe,2026-06-17T01:32:22,2026-06-17T01:32:22,0.0,12775.7,Chemicals
2026-07-25T17:16:08,1713e7d0-799a-43aa-8684-7e0ca059680f,Marsa Maroc,Singapore,Felixstowe,2026-08-11T17:16:08,2026-08-11T17:16:08,0.0,13645.8,Food
2026-05-30T23:20:27,c430d016-e000-446a-9887-b7e1aeaca392,CMA-CGM,Casablanca,Marseille,2026-06-06T23:20:27,2026-06-06T23:20:27,0.0,13027.0,Automotive
2026-03-17T19:25:17,334ae92b-6d96-486b-b286-82d9c56f6168,Evergreen,Casablanca,Marseille,2026-04-01T19:25:17,2026-04-01T19:25:17,0.0,16040.2,Electronics
2026-08-12T15:34:38,7275be65-93df-45c3-8f13-c71109f221bf,Marsa Maroc,Shanghai,Rotterdam,2026-08-30T15:34:38,2026-08-30T15:34:38,0.0,21238.5,Electronics
2026-02-18T12:39:55,7982b8af-67e8-41fa-9584-fb61c0723e4a,Maersk,Agadir,Hamburg,2026-03-08T12:39:55,2026-03-08T12:39:55,0.0,15501.3,Electronics
2026-02-21T05:28:22,dba8be9e-ab18-4087-8dcf-51527c8b2884,Marsa Maroc,Shanghai,Rotterdam,2026-03-21T05:28:22,2026-03-21T05:28:22,0.0,4803.3,Electronics
2026-07-09T21:52:00,7a5c0b4c-ab6f-40c3-9605-7576250e0d52,Marsa Maroc,Casablanca,Marseille,2026-07-14T21:52:00,2026-07-14T21:52:00,0.0,23848.9,Food
2026-04-29T01:54:07,bfce2cec-2bfd-4af8-b4ae-c4629f57cc85,Comanav,Ningbo,New York,2026-05-27T01:54:07,2026-05-27T01:54:07,0.0,9610.8,Textiles
2026-03-22T15:34:10,a3692045-065d-4a69-a495-5f7369e0a2fe,Comanav,Tanger Med,Barcelona,2026-03-27T15:34:10,2026-03-27T15:34:10,0.0,11018.5,Food
2026-02-17T15:13:58,f7fa12d3-a294-4bf7-82e4-755c190cdf07,CMA-CGM,Tanger Med,Barcelona,2026-03-16T15:13:58,2026-03-19T23:01:58,79.8,12655.6,Food
2026-02-21T01:13:13,d63030d3-4b4a-4fa5-a30d-e8c053c8c5e4,Maersk,Shenzhen,Hamburg,2026-03-13T01:13:13,2026-03-13T01:13:13,0.0,4588.6,Automotive
2026-05-28T00:50:50,17c71c45-11d6-4a05-8e0c-a8000bfa10a4,Comanav,Shanghai,Rotterdam,2026-06-05T00:50:50,2026-06-08T13:38:50,84.8,3325.7,Food
2026-05-12T10:10:34,bc857ac3-77b9-4ac2-9b98-b2db17e23243,Maersk,Tanger Med,Rotterdam,2026-05-17T10:10:34,2026-05-17T10:10:34,0.0,12058.2,Chemicals
2026-03-02T21:57:19,b394399e-5b33-4329-b800-8e909dae33ca,MSC,Casablanca,Marseille,2026-03-08T21:57:19,2026-03-08T21:57:19,0.0,22891.7,Chemicals
2026-04-17T04:18:23,3c67fc29-7fe7-4235-84d1-179de556f068,CMA-CGM,Agadir,Hamburg,2026-04-29T04:18:23,2026-04-29T04:18:23,0.0,18147.1,Textiles
2026-05-16T15:24:00,19622f75-f276-445b-aa55-1750dff5a730,Evergreen,Tanger Med,Barcelona,2026-06-01T15:24:00,2026-06-01T15:24:00,0.0,16996.5,Electronics
2026-03-20T00:27:53,07b91779-1cba-4c1b-90df-fafc4acb879f,MSC,Casablanca,Marseille,2026-04-19T00:27:53,2026-04-19T00:27:53,0.0,1625.3,Chemicals
2026-08-17T21:54:32,f91955ed-17a1-49e6-b17d-7b3533eab7c2,COSCO,Tanger Med,Barcelona,2026-08-31T21:54:32,2026-08-31T21:54:32,0.0,8112.1,Electronics
2026-04-09T10:11:12,d5e31a98-5604-4a33-8f3a-c1955aecdc41,COSCO,Ningbo,New York,2026-04-14T10:11:12,2026-04-14T10:11:12,0.0,7644.1,Textiles
2026-05-08T15:34:36,546af816-f384-4a0d-b145-dc9d8017756c,COSCO,Agadir,Hamburg,2026-05-24T15:34:36,2026-05-24T15:34:36,0.0,12587.3,Automotive
2026-07-29T14:25:51,b7b58f94-2005-4d73-9425-8ec5e2c31dd1,Comanav,Ningbo,New York,2026-08-28T14:25:51,2026-08-28T14:25:51,0.0,656.3,Chemicals
2026-05-17T12:21:51,0e50600f-60bf-4ce1-9299-1205b545c538,MSC,Tanger Med,Rotterdam,2026-06-08T12:21:51,2026-06-08T12:21:51,0.0,21069.6,Electronics
2026-06-23T06:21:08,d0e9c859-4bcd-40ad-9bb7-183fc0300a6b,Maersk,Shenzhen,Hamburg,2026-07-22T06:21:08,2026-07-22T06:21:08,0.0,21300.6,Textiles
2026-04-14T03:54:29,8b53e75e-e4f7-4adf-aed8-b46e1709f632,MSC,Tanger Med,Barcelona,2026-05-05T03:54:29,2026-05-07T13:12:29,57.3,24049.0,Automotive
2026-04-08T11:31:25,3b547bf2-188e-488f-8de3-37b1be7b5ddd,Maersk,Shanghai,Rotterdam,2026-04-14T11:31:25,2026-04-19T00:25:25,108.9,13234.1,Textiles
2026-04-26T14:24:28,bc318e67-1259-4d76-86aa-ea38ff22af40,Marsa Maroc,Busan,Los Angeles,2026-05-03T14:24:28,2026-05-03T14:24:28,0.0,12883.0,Chemicals
2026-06-06T19:05:34,c939ba36-c4a6-4a66-80c1-40a924bd2219,Evergreen,Tanger Med,Barcelona,2026-06-29T19:05:34,2026-06-29T19:05:34,0.0,16729.9,Automotive
2026-03-29T23:33:12,4d7c2c87-ae14-4c5b-825b-2d49b5c00acd,CMA-CGM,Agadir,Hamburg,2026-04-11T23:33:12,2026-04-16T15:33:12,112.0,10127.3,Textiles
2026-02-25T23:20:24,02a361a7-f4b8-4e8e-96dc-5b5df9e2edcc,COSCO,Shenzhen,Hamburg,2026-03-10T23:20:24,2026-03-10T23:20:24,0.0,23617.1,Automotive
2026-06-22T03:39:08,e9f2d78a-f0fb-44ea-8df4-60591a63b754,MSC,Tanger Med,Barcelona,2026-06-30T03:39:08,2026-06-30T03:39:08,0.0,11918.4,Chemicals
2026-07-08T18:06:51,dfc96ec5-f6d0-40ff-923f-0ebfea7769cb,Evergreen,Tanger Med,Barcelona,2026-07-24T18:06:51,2026-07-26T04:30:51,34.4,8053.5,Textiles
2026-07-23T01:05:14,8c170b8a-70c9-4b8d-a928-4774183f27ca,Maersk,Tanger Med,Barcelona,2026-08-02T01:05:14,2026-08-02T01:05:14,0.0,7953.3,Food
2026-05-02T00:34:03,2d965978-0165-4c17-898e-0e660d962cb7,MSC,Tanger Med,Rotterdam,2026-05-17T00:34:03,2026-05-17T00:34:03,0.0,17923.4,Textiles
2026-03-24T12:20:18,62dcc31e-2b6c-439e-843a-20ce1acffacb,Evergreen,Singapore,Felixstowe,2026-03-30T12:20:18,2026-03-30T12:20:18,0.0,6874.1,Automotive
2026-05-15T07:31:13,2c93337c-8eda-43f2-8c30-99e17a8e9324,COSCO,Tanger Med,Rotterdam,2026-06-03T07:31:13,2026-06-03T07:31:13,0.0,13978.0,Electronics
2026-03-10T13:47:20,6c5b4070-10eb-4d66-bd4d-581179529d5f,Maersk,Busan,Los Angeles,2026-04-09T13:47:20,2026-04-09T13:47:20,0.0,3475.6,Electronics
2026-06-15T02:57:15,81586792-953d-4348-b9d5-5e0397fbb9e6,MSC,Agadir,Hamburg,2026-06-26T02:57:15,2026-06-28T07:09:15,52.2,15942.3,Electronics
2026-04-10T00:18:53,9e540c15-647b-431a-8925-ef2d3e6c13fd,Comanav,Shanghai,Rotterdam,2026-04-17T00:18:53,2026-04-17T00:18:53,0.0,2079.6,Chemicals
2026-02-14T22:47:31,3b2f9ab9-58fd-4276-88fb-31dd07079ac4,Maersk,Casablanca,Marseille,2026-03-16T22:47:31,2026-03-16T22:47:31,0.0,1546.1,Chemicals
2026-06-20T20:10:25,87e9173a-b596-496f-8aff-30aec88442b7,MSC,Tanger Med,Rotterdam,2026-07-13T20:10:25,2026-07-13T20:10:25,0.0,18248.6,Chemicals
2026-07-19T08:46:20,8b9f4b56-96f8-423a-bfaa-f25a6ce6f7de,COSCO,Tanger Med,Rotterdam,2026-08-14T08:46:20,2026-08-14T08:46:20,0.0,9171.6,Automotive
2026-07-03T21:58:15,99a625e7-cf95-40d8-bf72-e26a40744650,CMA-CGM,Shanghai,Rotterdam,2026-07-22T21:58:15,2026-07-23T13:40:15,15.7,15669.8,Automotive
2026-03-09T18:43:24,88a1990a-5c7f-4e09-9a84-ff471676dfa1,COSCO,Shanghai,Rotterdam,2026-03-27T18:43:24,2026-03-30T10:25:24,63.7,2649.2,Chemicals
2026-09-02T11:53:46,415074dc-10ba-42ac-8881-0e0ac28e9a4f,COSCO,Casablanca,Marseille,2026-09-13T11:53:46,2026-09-13T11:53:46,0.0,20031.3,Automotive
2026-07-06T12:30:18,fd4822f6-da7e-4130-b43f-6e5e3a1cbc1c,Comanav,Ningbo,New York,2026-07-11T12:30:18,2026-07-15T12:54:18,96.4,9298.2,Food
2026-02-10T21:55:35,a74448d5-7d2d-4199-b368-876b2fcf4c19,CMA-CGM,Busan,Los Angeles,2026-03-05T21:55:35,2026-03-05T21:55:35,0.0,10015.3,Automotive
2026-07-18T03:13:52,4740529f-310e-44c0-9035-49b7df364d46,CMA-CGM,Tanger Med,Rotterdam,2026-08-11T03:13:52,2026-08-11T03:13:52,0.0,22446.2,Textiles
2026-08-18T09:00:39,6f9dcd7f-c811-4c88-a8a2-115f024993ef,Comanav,Tanger Med,Rotterdam,2026-09-07T09:00:39,2026-09-07T09:00:39,0.0,19287.6,Automotive
2026-03-29T23:41:36,aa892e25-0cfb-4645-9f58-c5b07140bdf8,Maersk,Casablanca,Marseille,2026-04-10T23:41:36,2026-04-10T23:41:36,0.0,7029.9,Electronics
2026-07-17T08:43:51,71fe0870-0149-4503-a752-c16623ea2ed0,Evergreen,Agadir,Hamburg,2026-08-16T08:43:51,2026-08-16T08:43:51,0.0,23412.5,Automotive
2026-06-26T15:50:13,fc535c56-ddd2-453d-bf24-592b1dca3497,MSC,Casablanca,Marseille,2026-07-19T15:50:13,2026-07-19T15:50:13,0.0,18583.6,Textiles
2026-07-30T13:04:52,13e40da8-2582-420c-b343-f650aa0e1708,Marsa Maroc,Tanger Med,Rotterdam,2026-08-26T13:04:52,2026-08-26T13:04:52,0.0,14407.5,Automotive
2026-03-30T09:58:51,c127c640-3b52-4cc9-a43a-c830e778fd50,Comanav,Agadir,Hamburg,2026-04-29T09:58:51,2026-05-02T03:10:51,65.2,8071.8,Chemicals
2026-08-11T03:02:03,7c008493-fe18-4876-9039-1290ca0e359f,Maersk,Tanger Med,Rotterdam,2026-08-17T03:02:03,2026-08-17T03:02:03,0.0,5860.8,Food
2026-04-23T09:42:55,16be6c40-a65a-460d-96e3-13f6e189eeff,Maersk,Busan,Los Angeles,2026-05-08T09:42:55,2026-05-09T19:30:55,33.8,3697.0,Automotive
2026-06-08T21:21:01,ae3db878-9b60-4bd0-bc63-d913ecc8b859,Maersk,Shenzhen,Hamburg,2026-06-13T21:21:01,2026-06-13T21:21:01,0.0,17765.1,Automotive
2026-08-14T18:31:24,eb3eb198-33cf-4aa3-bb5c-995a4054bcdf,Comanav,Tanger Med,Barcelona,2026-09-04T18:31:24,2026-09-09T14:13:24,115.7,9653.0,Chemicals
2026-08-14T12:56:15,b3df0765-6b84-4964-a3e6-611091459332,CMA-CGM,Tanger Med,Barcelona,2026-08-28T12:56:15,2026-08-28T12:56:15,0.0,24408.6,Chemicals
2026-08-02T03:50:54,ff349ac9-6c33-4448-ab83-d84d1471e389,Marsa Maroc,Busan,Los Angeles,2026-08-17T03:50:54,2026-08-17T03:50:54,0.0,24234.2,Food
2026-05-18T05:37:39,5000053d-6c4c-4c6d-a094-ec16b502d317,MSC,Shenzhen,Hamburg,2026-06-13T05:37:39,2026-06-13T05:37:39,0.0,4796.1,Textiles
2026-06-24T04:05:47,3b6d716f-6213-440e-a80f-c4c717bbb529,MSC,Shanghai,Rotterdam,2026-07-04T04:05:47,2026-07-04T04:05:47,0.0,23745.3,Food
2026-05-06T08:10:50,dd3daaf5-168e-464e-88af-68b7453fec5d,Comanav,Singapore,Felixstowe,2026-06-04T08:10:50,2026-06-04T23:40:50,15.5,15258.5,Food
2026-03-11T15:45:24,11db3183-74a6-45b3-8bae-7063c9a9891a,Marsa Maroc,Agadir,Hamburg,2026-04-03T15:45:24,2026-04-03T15:45:24,0.0,12656.5,Textiles
2026-06-01T07:47:58,fd1ab981-a0e9-444a-ada2-1e866cd4f568,MSC,Tanger Med,Barcelona,2026-06-17T07:47:58,2026-06-18T13:53:58,30.1,22190.3,Electronics
2026-08-18T01:46:45,009c323c-8c41-4be6-8c56-929e36e45614,COSCO,Shenzhen,Hamburg,2026-08-23T01:46:45,2026-08-23T01:46:45,0.0,6613.8,Electronics
2026-05-04T16:58:19,0caf0ff3-fa97-44f0-8dac-5510f4866677,CMA-CGM,Shenzhen,Hamburg,2026-06-03T16:58:19,2026-06-03T16:58:19,0.0,531.4,Chemicals
2026-08-10T11:23:48,1ae41478-5121-4cc8-a1c0-58511429f441,Marsa Maroc,Busan,Los Angeles,2026-08-28T11:23:48,2026-09-01T22:53:48,107.5,12580.5,Chemicals
2026-07-09T04:26:10,167f2029-67f0-4f80-85e0-a242499c9226,Evergreen,Shenzhen,Hamburg,2026-07-26T04:26:10,2026-07-26T04:26:10,0.0,12247.5,Food
2026-06-20T15:26:37,98637d4b-5a39-4a01-b47d-3095e4b01f54,MSC,Agadir,Hamburg,2026-07-09T15:26:37,2026-07-09T15:26:37,0.0,21221.2,Textiles
2026-02-27T03:30:12,a9eea970-eec6-4ea3-8111-77702260f799,CMA-CGM,Tanger Med,Rotterdam,2026-03-12T03:30:12,2026-03-12T23:30:12,20.0,4667.6,Chemicals
2026-09-01T23:16:13,b2df96b8-5eee-4058-ab3d-2391b7b626bf,Marsa Maroc,Casablanca,Marseille,2026-09-08T23:16:13,2026-09-08T23:16:13,0.0,22504.0,Electronics
2026-06-11T05:21:05,aac07d99-9a3a-4c21-bec0-0e10460a0796,Evergreen,Shenzhen,Hamburg,2026-07-05T05:21:05,2026-07-08T21:27:05,88.1,11067.4,Automotive
2026-05-04T14:52:13,5fb62ee0-5643-432b-9ee2-3c174953cec6,MSC,Singapore,Felixstowe,2026-05-10T14:52:13,2026-05-10T14:52:13,0.0,5536.0,Automotive
2026-08-15T08:17:41,e142f480-f9fb-4d76-aa43-dfc2a1b437f7,Marsa Maroc,Singapore,Felixstowe,2026-09-06T08:17:41,2026-09-06T08:17:41,0.0,18384.4,Textiles
2026-05-10T09:06:01,78cdbf9b-367d-46dc-bb3d-5b4e5aed9c46,CMA-CGM,Shanghai,Rotterdam,2026-05-22T09:06:01,2026-05-22T09:06:01,0.0,10126.1,Food
2026-07-10T19:12:30,ebad5c58-31c4-4e9d-867b-71f60d0c2708,MSC,Busan,Los Angeles,2026-07-16T19:12:30,2026-07-16T19:12:30,0.0,10976.3,Textiles
2026-06-01T08:01:08,7a2e072a-0b0f-4e73-b05f-bffc478940c4,MSC,Busan,Los Angeles,2026-06-09T08:01:08,2026-06-09T08:01:08,0.0,4685.4,Textiles
2026-07-03T04:11:16,762baa14-ea06-4e75-ad78-f6629bbd14f8,COSCO,Tanger Med,Barcelona,2026-07-11T04:11:16,2026-07-11T04:11:16,0.0,10238.0,Chemicals
2026-05-23T14:36:21,e830697a-b12d-45e5-87a2-acea6480eb08,Maersk,Shanghai,Rotterdam,2026-06-17T14:36:21,2026-06-17T14:36:21,0.0,5029.6,Chemicals
2026-05-28T07:00:35,cbe43967-cd28-4edd-85c1-3c49a28737a7,MSC,Shenzhen,Hamburg,2026-06-16T07:00:35,2026-06-16T07:00:35,0.0,11273.6,Textiles
2026-02-19T22:36:54,5dc5a614-017a-42ad-b59e-84da25c81fda,Comanav,Agadir,Hamburg,2026-03-04T22:36:54,2026-03-04T22:36:54,0.0,4202.7,Electronics
2026-04-28T04:46:29,8643861d-cea8-48e4-bf80-de6398c57c99,Marsa Maroc,Tanger Med,Barcelona,2026-05-14T04:46:29,2026-05-14T04:46:29,0.0,10642.7,Food
2026-03-28T05:58:14,3e971a2a-9443-4d15-ba6b-a3fa9a299a17,Evergreen,Agadir,Hamburg,2026-04-03T05:58:14,2026-04-07T10:22:14,100.4,10756.5,Food
2026-05-21T17:36:05,4a3908e3-df71-4b20-9e1b-8412795c311f,Evergreen,Busan,Los Angeles,2026-06-02T17:36:05,2026-06-02T17:36:05,0.0,2434.4,Electronics
2026-07-15T20:11:04,53a6d542-8586-40f5-a3be-23a97b17fe14,Evergreen,Ningbo,New York,2026-08-05T20:11:04,2026-08-09T09:23:04,85.2,15696.7,Electronics
2026-08-27T17:52:32,712757ad-8611-431e-969b-4db5e57e53ab,MSC,Busan,Los Angeles,2026-09-06T17:52:32,2026-09-10T21:10:32,99.3,3591.6,Chemicals
2026-05-15T07:58:53,4671259a-f436-4d04-9410-02fc198f822a,Marsa Maroc,Tanger Med,Barcelona,2026-06-02T07:58:53,2026-06-02T07:58:53,0.0,20652.8,Automotive
2026-08-04T21:30:33,15ad3eee-ebfa-493d-aad8-79da3885b748,CMA-CGM,Shanghai,Rotterdam,2026-09-01T21:30:33,2026-09-02T16:42:33,19.2,10008.4,Chemicals
2026-08-25T14:47:11,c3c6e358-3d30-407d-a844-9b9dbadba4bf,CMA-CGM,Ningbo,New York,2026-09-07T14:47:11,2026-09-07T14:47:11,0.0,22970.5,Electronics
2026-08-04T01:17:22,7e86a7da-e1a0-433d-a626-2c9dccdfcc50,Comanav,Ningbo,New York,2026-08-22T01:17:22,2026-08-22T01:17:22,0.0,4166.2,Food
2026-02-12T16:43:07,1e4b2001-9457-4314-bb84-a7831d75eb6b,Maersk,Tanger Med,Barcelona,2026-03-07T16:43:07,2026-03-07T16:43:07,0.0,19750.8,Food
2026-03-24T03:19:12,6cb61edf-51e9-4233-b92b-4ae38bc9fb76,COSCO,Shenzhen,Hamburg,2026-04-06T03:19:12,2026-04-06T03:19:12,0.0,12396.8,Food
2026-06-13T06:28:27,6fee74d2-0771-4eb7-9c37-a3a3e8f73fd5,Maersk,Busan,Los Angeles,2026-06-23T06:28:27,2026-06-23T06:28:27,0.0,4024.4,Food
2026-05-09T01:25:41,04e228e4-cf36-4e9a-9abc-b57cad9e3046,Maersk,Singapore,Felixstowe,2026-05-26T01:25:41,2026-05-28T01:13:41,47.8,6320.7,Chemicals
2026-07-31T01:17:30,5e75ed81-f984-45e0-8956-0b2676166e93,CMA-CGM,Shanghai,Rotterdam,2026-08-05T01:17:30,2026-08-05T01:17:30,0.0,19944.5,Textiles
2026-05-14T11:46:06,8c3bb183-30a8-4c66-b320-aa093ed86ace,Comanav,Shanghai,Rotterdam,2026-06-03T11:46:06,2026-06-07T01:46:06,86.0,24326.2,Automotive
2026-05-30T22:02:49,fe3267e2-48ac-4249-aafe-f73d2d12a2ab,CMA-CGM,Casablanca,Marseille,2026-06-27T22:02:49,2026-06-27T22:02:49,0.0,20732.7,Textiles
2026-06-27T07:31:11,136b2c0e-b932-4dc0-a100-e526e29a60d0,Evergreen,Singapore,Felixstowe,2026-07-22T07:31:11,2026-07-22T07:31:11,0.0,11322.1,Chemicals
2026-08-10T19:06:26,6ba029f4-e8c1-4a4f-adc2-c5ee953c3934,Comanav,Busan,Los Angeles,2026-08-31T19:06:26,2026-09-04T23:48:26,100.7,13124.1,Automotive
2026-06-15T12:03:04,19c6929f-177e-4b65-9efc-83235205f5a5,CMA-CGM,Tanger Med,Barcelona,2026-07-12T12:03:04,2026-07-12T12:03:04,0.0,3823.4,Food
2026-08-02T05:58:58,022c710b-7622-4fb5-9164-1496cd135bf3,MSC,Tanger Med,Rotterdam,2026-08-13T05:58:58,2026-08-14T15:40:58,33.7,1911.9,Electronics
2026-06-21T11:11:54,c8d474d8-72fc-4b81-b148-b49223507cee,Maersk,Busan,Los Angeles,2026-07-07T11:11:54,2026-07-07T11:11:54,0.0,7212.4,Chemicals
2026-06-20T15:06:42,05ed6314-f884-4ea9-be3f-87c721505777,COSCO,Ningbo,New York,2026-07-15T15:06:42,2026-07-19T04:42:42,85.6,6427.5,Chemicals
2026-08-04T05:12:44,f52b6186-9727-442c-ac92-8af66488971f,MSC,Busan,Los Angeles,2026-08-24T05:12:44,2026-08-24T05:12:44,0.0,9069.1,Automotive
2026-05-18T05:07:26,686ac1b9-6c61-4189-b5d1-e6af5ebcdd14,Marsa Maroc,Shanghai,Rotterdam,2026-06-14T05:07:26,2026-06-14T05:07:26,0.0,1172.5,Electronics
2026-06-05T01:56:00,a3cce314-2014-4f50-8787-124bf4f51e2a,Comanav,Casablanca,Marseille,2026-06-28T01:56:00,2026-06-28T01:56:00,0.0,5750.8,Automotive
2026-05-26T15:15:07,383163ea-d232-4005-9c04-d9ed459bf1de,Marsa Maroc,Agadir,Hamburg,2026-06-06T15:15:07,2026-06-06T15:15:07,0.0,10532.9,Electronics
2026-05-20T12:46:13,294a0c13-6590-47c3-94ab-8de75f107758,COSCO,Tanger Med,Rotterdam,2026-05-29T12:46:13,2026-05-29T12:46:13,0.0,15228.0,Electronics
2026-03-23T20:35:39,1226977a-9606-45fe-b719-49cab983149d,CMA-CGM,Agadir,Hamburg,2026-04-16T20:35:39,2026-04-16T20:35:39,0.0,7983.8,Textiles
2026-04-28T19:00:56,fda961c4-4344-4612-bece-b47af73b6a8a,COSCO,Singapore,Felixstowe,2026-05-14T19:00:56,2026-05-14T19:00:56,0.0,5846.1,Textiles
2026-06-07T13:07:12,f5b27f6d-2077-41de-abd0-1fd5736be4dc,Comanav,Ningbo,New York,2026-07-01T13:07:12,2026-07-01T13:07:12,0.0,3006.6,Food
2026-03-22T10:19:51,2d65c68e-23ef-4e3d-b322-9b5ea5eda091,Evergreen,Shenzhen,Hamburg,2026-04-16T10:19:51,2026-04-16T10:19:51,0.0,7425.6,Electronics
2026-04-26T21:43:17,58a56854-4a5f-4fc7-bcff-bc3f7d5747fe,Maersk,Busan,Los Angeles,2026-05-11T21:43:17,2026-05-15T06:55:17,81.2,21606.5,Textiles
2026-05-05T09:17:28,1c3ad0cb-ea8c-4595-8a20-45eb4a29829d,MSC,Shanghai,Rotterdam,2026-05-14T09:17:28,2026-05-14T09:17:28,0.0,6387.4,Electronics
2026-05-09T00:51:03,de4ddf47-598f-4a76-ab0e-ab985b87be97,Marsa Maroc,Singapore,Felixstowe,2026-05-24T00:51:03,2026-05-24T00:51:03,0.0,18171.4,Chemicals
2026-08-18T01:03:28,a7409b7d-5ab7-47f3-8f3e-34cb2346be72,CMA-CGM,Shanghai,Rotterdam,2026-09-05T01:03:28,2026-09-05T01:03:28,0.0,18549.9,Food
2026-05-19T09:09:47,5cf770b8-82e6-4c8c-9191-da50df5b5f4c,CMA-CGM,Agadir,Hamburg,2026-06-16T09:09:47,2026-06-16T09:09:47,0.0,17314.8,Chemicals
2026-06-04T21:44:20,ebc701da-101f-41aa-a415-6ca4ae7d4e2d,Evergreen,Shenzhen,Hamburg,2026-06-18T21:44:20,2026-06-23T04:32:20,102.8,21974.1,Automotive
2026-03-20T00:58:16,21108c7b-14ba-42aa-9f22-761c44a520b6,Maersk,Shanghai,Rotterdam,2026-04-09T00:58:16,2026-04-09T00:58:16,0.0,6837.0,Food
2026-04-30T09:18:25,a6f03836-57bd-4da8-a860-f3294de15f81,Marsa Maroc,Casablanca,Marseille,2026-05-15T09:18:25,2026-05-15T09:18:25,0.0,5945.2,Automotive
2026-05-25T01:13:01,207e121d-5d23-4006-8c57-3bf7fcda8435,COSCO,Shanghai,Rotterdam,2026-06-24T01:13:01,2026-06-26T05:19:01,52.1,14846.5,Chemicals
2026-05-22T08:17:48,1b7834c0-f76f-4cdd-87d2-f7078af224c7,COSCO,Tanger Med,Barcelona,2026-05-28T08:17:48,2026-05-31T11:17:48,75.0,23635.4,Electronics
2026-06-28T03:39:19,7a6ab27b-c953-4fa3-a969-da5cfbd7e718,MSC,Busan,Los Angeles,2026-07-19T03:39:19,2026-07-19T03:39:19,0.0,17177.1,Food
2026-05-03T16:30:59,df11be75-22c7-472f-904f-9cf5351a4173,COSCO,Shanghai,Rotterdam,2026-05-09T16:30:59,2026-05-10T20:48:59,28.3,24812.5,Textiles
2026-06-07T09:20:17,3397d2bc-c578-44c0-9e3d-fa73ad523afc,Evergreen,Singapore,Felixstowe,2026-06-26T09:20:17,2026-06-26T09:20:17,0.0,21628.7,Automotive
2026-02-19T11:52:20,e7b15bb8-fbc6-4254-9665-fc412a12dae9,COSCO,Tanger Med,Barcelona,2026-03-06T11:52:20,2026-03-06T11:52:20,0.0,4832.2,Electronics
2026-04-06T03:50:19,64249985-bbed-49b2-8b77-8f1209f2ba75,COSCO,Tanger Med,Rotterdam,2026-04-19T03:50:19,2026-04-19T03:50:19,0.0,19451.8,Food
2026-05-16T12:46:00,11d8048d-9376-464b-990c-b6b915192113,COSCO,Casablanca,Marseille,2026-06-15T12:46:00,2026-06-15T12:46:00,0.0,2657.0,Food
2026-02-28T16:14:13,8dfb63b6-6477-4b47-b317-8a7954c04b56,Marsa Maroc,Singapore,Felixstowe,2026-03-18T16:14:13,2026-03-18T16:14:13,0.0,24150.5,Chemicals
2026-02-28T04:13:09,77e52431-1544-45aa-9fff-60cb80db5008,Maersk,Tanger Med,Rotterdam,2026-03-22T04:13:09,2026-03-22T04:13:09,0.0,9641.0,Electronics
2026-06-01T10:54:39,af598e76-45e5-455f-98a6-bd00530e6752,Comanav,Shenzhen,Hamburg,2026-06-22T10:54:39,2026-06-22T10:54:39,0.0,17080.3,Automotive
2026-04-03T01:00:36,27a95a61-c31c-4af3-bc8c-81438d8c68c9,Marsa Maroc,Agadir,Hamburg,2026-04-19T01:00:36,2026-04-19T01:00:36,0.0,3016.4,Food
2026-08-31T15:19:15,ea9e729f-a8c0-48f2-94a2-07ded28c2e41,MSC,Shanghai,Rotterdam,2026-09-07T15:19:15,2026-09-09T11:31:15,44.2,7625.3,Food
2026-03-22T20:11:10,0b095b26-eff9-4957-aaf6-ad5942e61483,CMA-CGM,Ningbo,New York,2026-04-09T20:11:10,2026-04-14T19:41:10,119.5,8897.0,Chemicals
2026-02-22T18:19:18,ed0dcc7f-9df8-45e7-badf-6d7f0a6bc539,Comanav,Shenzhen,Hamburg,2026-03-05T18:19:18,2026-03-05T18:19:18,0.0,22718.9,Chemicals
2026-06-07T10:14:04,3bbe2c55-2359-4a1f-bbdb-3e550b95750b,MSC,Tanger Med,Rotterdam,2026-06-19T10:14:04,2026-06-19T10:14:04,0.0,3714.5,Electronics
2026-08-22T07:05:47,5ddba2ef-9866-42ca-a2c6-6718019ccf32,MSC,Ningbo,New York,2026-08-30T07:05:47,2026-08-30T07:05:47,0.0,16438.2,Electronics
2026-08-20T21:56:23,485885ab-4976-4fd0-87fe-fb0e0a204fa9,Marsa Maroc,Singapore,Felixstowe,2026-09-02T21:56:23,2026-09-02T21:56:23,0.0,15766.8,Food
2026-08-11T01:28:00,359f69b4-8d4a-4ad3-b325-6ab91c5402e9,Marsa Maroc,Tanger Med,Rotterdam,2026-08-19T01:28:00,2026-08-19T01:28:00,0.0,983.7,Electronics
2026-06-24T07:36:34,c25356f1-03a7-423b-a004-4da511f54ec3,COSCO,Singapore,Felixstowe,2026-07-11T07:36:34,2026-07-11T07:36:34,0.0,6692.1,Automotive
2026-04-15T14:23:38,3c17647e-8b42-464d-a6b8-2b365e6f73a8,Marsa Maroc,Agadir,Hamburg,2026-05-11T14:23:38,2026-05-11T14:23:38,0.0,7877.4,Electronics
2026-02-24T22:51:56,56340e82-dfbc-447d-9964-f70d6676b40b,CMA-CGM,Ningbo,New York,2026-03-20T22:51:56,2026-03-20T22:51:56,0.0,3860.5,Electronics
2026-05-14T01:16:08,197718a7-1b8f-43b5-89c8-5b92e72a4df1,Marsa Maroc,Ningbo,New York,2026-06-07T01:16:08,2026-06-07T01:16:08,0.0,3293.3,Electronics
2026-08-09T12:45:31,22dec0fe-4824-42fb-b61a-405c28af4042,MSC,Busan,Los Angeles,2026-09-02T12:45:31,2026-09-02T12:45:31,0.0,6943.4,Food
2026-03-18T07:22:09,cf2b1f5c-1414-4ac0-a9c8-15448c67dc40,CMA-CGM,Agadir,Hamburg,2026-04-14T07:22:09,2026-04-14T07:22:09,0.0,4429.2,Food
2026-02-27T09:02:41,9f56f8a7-c605-4c1c-a838-d8776f6c92df,MSC,Busan,Los Angeles,2026-03-26T09:02:41,2026-03-28T08:44:41,47.7,567.1,Electronics
2026-07-11T14:51:50,ed309109-5732-4fd6-91b2-ad4986062242,Comanav,Tanger Med,Barcelona,2026-08-03T14:51:50,2026-08-03T14:51:50,0.0,4154.0,Electronics
2026-08-10T23:24:36,0147817c-d26e-4129-ad86-f617772469ff,Maersk,Ningbo,New York,2026-09-07T23:24:36,2026-09-07T23:24:36,0.0,22667.1,Automotive
2026-03-16T18:29:45,96d99854-a38c-4c16-aece-8478a6c1e0f8,CMA-CGM,Busan,Los Angeles,2026-03-29T18:29:45,2026-03-29T18:29:45,0.0,2945.3,Automotive
2026-03-07T19:40:22,e1b0b764-a6d1-43da-a5df-39a05d636354,Comanav,Tanger Med,Rotterdam,2026-03-21T19:40:22,2026-03-21T19:40:22,0.0,17080.8,Chemicals
2026-03-30T22:11:53,ed88fa1d-7077-45b3-90c7-a716da19c457,Maersk,Tanger Med,Barcelona,2026-04-28T22:11:53,2026-04-29T11:11:53,13.0,3890.7,Automotive
2026-04-08T22:37:20,5033cee8-fc2b-44af-97ee-a62e2d177fa7,CMA-CGM,Shenzhen,Hamburg,2026-04-27T22:37:20,2026-04-29T15:37:20,41.0,18460.2,Textiles
2026-06-18T23:57:08,cec07dfb-1b67-4e21-8ed2-2c73d9a05f36,MSC,Shenzhen,Hamburg,2026-06-26T23:57:08,2026-06-26T23:57:08,0.0,24076.6,Textiles
2026-03-14T01:56:36,f711f428-928a-4d0f-9e97-5015a6d4e52d,Marsa Maroc,Singapore,Felixstowe,2026-04-03T01:56:36,2026-04-03T01:56:36,0.0,16396.7,Automotive
2026-05-09T09:18:26,a79221b9-c85b-4706-8e2d-d998d81ded1b,MSC,Tanger Med,Barcelona,2026-06-05T09:18:26,2026-06-05T09:18:26,0.0,24548.4,Automotive
2026-03-24T00:02:54,93feecc7-f29e-411c-b970-eed33cb392e6,COSCO,Tanger Med,Barcelona,2026-04-16T00:02:54,2026-04-16T00:02:54,0.0,14439.1,Chemicals
2026-07-23T15:01:22,5f5cb6ae-e161-4286-bcce-96b33389ebb9,Evergreen,Casablanca,Marseille,2026-08-09T15:01:22,2026-08-12T21:01:22,78.0,21633.1,Automotive
2026-05-19T15:33:23,3e6d7e3e-ccd4-4211-bc3e-2a897b3b2bde,COSCO,Busan,Los Angeles,2026-05-27T15:33:23,2026-05-30T03:09:23,59.6,2051.7,Textiles
2026-06-30T17:22:48,904e9dcc-6df8-4f5f-8a0a-a26aaa187013,Marsa Maroc,Tanger Med,Rotterdam,2026-07-26T17:22:48,2026-07-26T17:22:48,0.0,18718.8,Food
2026-08-07T23:05:56,f0fea0f6-fa5d-41c6-8517-53f6944ec34a,Marsa Maroc,Agadir,Hamburg,2026-08-22T23:05:56,2026-08-22T23:05:56,0.0,17361.9,Food
2026-07-24T22:27:31,832d2497-79be-4ee3-860e-c299f9a8b390,COSCO,Tanger Med,Barcelona,2026-08-19T22:27:31,2026-08-19T22:27:31,0.0,12307.3,Chemicals
2026-06-02T11:31:55,45c931d8-f3b4-43f1-9fc3-4493db3febc3,Comanav,Casablanca,Marseille,2026-06-24T11:31:55,2026-06-27T17:43:55,78.2,785.3,Automotive
2026-07-25T12:59:01,1453cafe-d5a2-40cc-a68d-8de91202d2d3,Comanav,Ningbo,New York,2026-08-14T12:59:01,2026-08-18T22:53:01,105.9,2334.2,Chemicals
2026-06-12T14:21:00,8e6e3707-6524-442c-828e-4ce1c30787b8,MSC,Shenzhen,Hamburg,2026-06-27T14:21:00,2026-06-28T07:45:00,17.4,5956.3,Chemicals
2026-03-12T09:23:13,df034a9a-de26-4274-8b70-eb3b376d5955,Comanav,Singapore,Felixstowe,2026-03-24T09:23:13,2026-03-24T09:23:13,0.0,11382.6,Food
2026-03-19T12:55:26,89ba3a32-5696-43c5-9d8a-d0bd0a31887b,Maersk,Busan,Los Angeles,2026-04-08T12:55:26,2026-04-08T12:55:26,0.0,3408.3,Chemicals
2026-05-03T16:43:25,b2e2fad8-c28f-49f8-95ae-fce64c38d86b,Maersk,Tanger Med,Rotterdam,2026-05-20T16:43:25,2026-05-20T16:43:25,0.0,14149.7,Electronics
2026-04-27T22:53:50,463571ad-fd74-4aea-bdcf-d45d22eb087d,Comanav,Tanger Med,Barcelona,2026-05-21T22:53:50,2026-05-25T07:47:50,80.9,22307.7,Food
2026-05-16T18:40:50,42c736ea-db4a-46e5-ae9e-e145915b900d,Marsa Maroc,Agadir,Hamburg,2026-06-11T18:40:50,2026-06-11T18:40:50,0.0,8850.9,Electronics
2026-03-13T12:43:19,5355247b-4d2b-4154-a538-97dbc88c993e,Comanav,Agadir,Hamburg,2026-04-01T12:43:19,2026-04-01T12:43:19,0.0,19301.7,Food
2026-04-04T23:52:41,40e5de9c-33e0-421f-98c3-32fbf60ce8ee,Marsa Maroc,Busan,Los Angeles,2026-04-30T23:52:41,2026-04-30T23:52:41,0.0,11587.0,Electronics
2026-05-18T03:42:19,5e0e29d8-967c-46e3-929d-d637319a7e65,Maersk,Agadir,Hamburg,2026-06-02T03:42:19,2026-06-02T03:42:19,0.0,16024.7,Textiles
2026-04-21T12:03:34,71ae5f0b-29ba-4c53-9b86-149de6ff7883,Evergreen,Ningbo,New York,2026-05-07T12:03:34,2026-05-07T12:03:34,0.0,1621.6,Automotive
2026-03-03T03:39:19,bd2c6df5-b773-4475-8524-0993e6e86d95,MSC,Busan,Los Angeles,2026-03-30T03:39:19,2026-03-30T03:39:19,0.0,10525.7,Textiles
2026-04-22T18:59:23,94e54cb1-7261-44fa-bfdb-9933efe55153,MSC,Agadir,Hamburg,2026-04-30T18:59:23,2026-05-03T01:23:23,54.4,11697.6,Automotive
2026-02-01T00:56:22,50e7a925-405a-45ab-ba1a-49ef9c6866cf,Maersk,Shenzhen,Hamburg,2026-03-02T00:56:22,2026-03-02T00:56:22,0.0,23202.3,Food
2026-07-18T15:39:35,ba0715c2-efc2-4c3b-a9bb-b602ccb71f5b,Comanav,Tanger Med,Barcelona,2026-08-06T15:39:35,2026-08-06T15:39:35,0.0,14938.2,Food
2026-08-17T22:59:55,2975ea7d-fa12-4f1a-b5c7-b0c20c100ddf,COSCO,Casablanca,Marseille,2026-08-22T22:59:55,2026-08-22T22:59:55,0.0,1690.0,Chemicals
2026-08-01T11:54:06,14622c04-5d68-4e0c-ba03-13da3eb79ba4,Evergreen,Busan,Los Angeles,2026-08-30T11:54:06,2026-08-31T19:00:06,31.1,14674.6,Automotive
2026-05-27T02:44:00,02ae593d-2b23-4b2d-be3f-175c46bfd04f,COSCO,Tanger Med,Barcelona,2026-06-22T02:44:00,2026-06-22T02:44:00,0.0,22126.0,Food
2026-02-17T16:13:31,9e21df8c-9fef-4733-b1b4-d8436fbd57f4,COSCO,Singapore,Felixstowe,2026-03-13T16:13:31,2026-03-17T14:31:31,94.3,7203.1,Textiles
2026-04-29T21:30:53,cfbf7af7-498e-46e7-ba7c-b106e6470283,COSCO,Shanghai,Rotterdam,2026-05-29T21:30:53,2026-05-29T21:30:53,0.0,10612.3,Food
2026-05-24T21:19:55,f19f2ce8-063b-4177-bfdc-3e87e91b1602,Comanav,Shanghai,Rotterdam,2026-06-20T21:19:55,2026-06-20T21:19:55,0.0,8190.8,Food
2026-06-07T19:07:34,b989a3f3-2b61-409f-84f3-b11538043841,MSC,Agadir,Hamburg,2026-06-18T19:07:34,2026-06-18T19:07:34,0.0,7619.2,Textiles
2026-07-30T07:52:43,367e8d30-f310-4e6a-abaa-3526e9c2b5ca,Marsa Maroc,Casablanca,Marseille,2026-08-24T07:52:43,2026-08-25T15:04:43,31.2,13791.0,Textiles
2026-03-12T15:26:36,ed1bb022-2897-419b-a781-c21ac3e831c9,Comanav,Tanger Med,Barcelona,2026-03-28T15:26:36,2026-03-28T15:26:36,0.0,14778.8,Chemicals
2026-05-12T15:40:03,f3eb09d0-f0bb-44eb-af3c-1721e0f8cdfb,CMA-CGM,Ningbo,New York,2026-05-30T15:40:03,2026-05-30T15:40:03,0.0,13306.9,Electronics
2026-06-05T17:49:40,627f1289-4a30-4dcc-a5ae-2e0a0f9488e5,MSC,Singapore,Felixstowe,2026-06-11T17:49:40,2026-06-11T17:49:40,0.0,5397.6,Automotive
2026-05-03T19:48:31,bca411d3-e687-4507-9adf-0d6bb1b80bd6,Marsa Maroc,Shanghai,Rotterdam,2026-05-16T19:48:31,2026-05-16T19:48:31,0.0,2019.8,Textiles
2026-07-22T02:34:56,defe7b1c-09e4-440e-bebb-a8999735a70e,Comanav,Agadir,Hamburg,2026-08-13T02:34:56,2026-08-13T02:34:56,0.0,20443.6,Electronics
2026-04-02T13:47:33,90aa8a7f-de40-4cc6-ae04-da8cc4a54216,Comanav,Ningbo,New York,2026-04-14T13:47:33,2026-04-14T13:47:33,0.0,14251.1,Automotive
2026-04-27T07:22:33,99612e9b-c749-463a-a2be-8fe03a2687ec,Comanav,Ningbo,New York,2026-05-27T07:22:33,2026-05-29T02:28:33,43.1,16780.1,Chemicals
2026-03-28T20:40:54,12431786-b782-4a47-ad2a-58023abba88b,COSCO,Singapore,Felixstowe,2026-04-27T20:40:54,2026-04-29T18:28:54,45.8,14027.1,Electronics
2026-05-19T03:52:26,de2ddb7b-5cab-4076-8efc-b6b79734b325,MSC,Shanghai,Rotterdam,2026-06-12T03:52:26,2026-06-16T12:46:26,104.9,11355.1,Automotive
2026-04-02T05:44:17,45852bcc-1dc5-4989-90b7-3f694b22f8af,Comanav,Shenzhen,Hamburg,2026-04-25T05:44:17,2026-04-25T05:44:17,0.0,15283.0,Automotive
2026-03-18T17:35:16,ffb609a8-a90a-4fdc-afbe-28eea8cf2a7a,COSCO,Shanghai,Rotterdam,2026-03-28T17:35:16,2026-03-29T13:35:16,20.0,24080.6,Food
2026-03-18T03:52:00,987b4e94-48a3-4cf1-bde5-e224cdd0d958,COSCO,Tanger Med,Barcelona,2026-03-24T03:52:00,2026-03-24T03:52:00,0.0,14136.7,Automotive
2026-04-21T10:30:44,aa1ccc2b-afe9-4462-9f66-16def8d9bf1c,Evergreen,Casablanca,Marseille,2026-05-04T10:30:44,2026-05-04T10:30:44,0.0,11925.1,Automotive
2026-06-13T11:08:59,8a436712-60c1-42f6-bbe7-9c532607a19b,MSC,Tanger Med,Rotterdam,2026-06-28T11:08:59,2026-06-28T11:08:59,0.0,19454.7,Food
2026-05-22T02:02:44,9c3e4c1e-b5df-430e-a88b-cda8c4915636,COSCO,Shanghai,Rotterdam,2026-06-21T02:02:44,2026-06-21T02:02:44,0.0,9273.1,Textiles
2026-08-08T13:12:24,14b01fef-bea9-4211-9202-b703f087294b,MSC,Ningbo,New York,2026-08-18T13:12:24,2026-08-18T13:12:24,0.0,19763.3,Automotive
2026-03-27T07:03:36,f7921ab7-1655-4b29-a02b-7c470732ed59,Evergreen,Singapore,Felixstowe,2026-04-18T07:03:36,2026-04-18T07:03:36,0.0,9060.4,Automotive
2026-08-14T00:34:54,96524dea-fb65-4469-800b-1b610c5d29a0,CMA-CGM,Shenzhen,Hamburg,2026-08-30T00:34:54,2026-08-30T00:34:54,0.0,23782.6,Food
2026-06-05T02:20:07,127f3a5a-f25a-46ca-86df-f499c0c2e3d4,COSCO,Ningbo,New York,2026-06-27T02:20:07,2026-07-02T00:20:07,118.0,715.7,Textiles
2026-07-10T07:39:04,e8385a07-c6ad-4698-bea7-d25fd51ee705,MSC,Busan,Los Angeles,2026-08-04T07:39:04,2026-08-04T07:39:04,0.0,15717.7,Electronics
2026-05-15T17:31:06,7112cd5a-91a4-4866-a67b-c4c427c8ed9a,COSCO,Shenzhen,Hamburg,2026-06-14T17:31:06,2026-06-16T23:13:06,53.7,13735.8,Textiles
2026-08-13T08:44:19,0934a29b-4709-41d4-a71c-6a0a6d951af3,Evergreen,Tanger Med,Rotterdam,2026-09-11T08:44:19,2026-09-11T08:44:19,0.0,20169.0,Chemicals
2026-08-25T18:30:18,e0882818-2635-453e-992e-e4f75898211d,Maersk,Busan,Los Angeles,2026-09-08T18:30:18,2026-09-10T03:18:18,32.8,13090.4,Electronics
2026-07-27T00:12:30,6abf2d4c-689d-439a-b1d1-8e5ea720792c,Comanav,Casablanca,Marseille,2026-08-18T00:12:30,2026-08-18T00:12:30,0.0,15859.9,Automotive
2026-03-06T05:46:20,214760cd-a30c-4166-bce2-e347a345f026,Comanav,Agadir,Hamburg,2026-04-01T05:46:20,2026-04-01T05:46:20,0.0,3046.2,Food
2026-03-09T11:31:45,4f938910-8ab9-4b6a-a4f5-bd3368d19831,Marsa Maroc,Singapore,Felixstowe,2026-03-16T11:31:45,2026-03-16T11:31:45,0.0,4267.0,Chemicals
2026-08-08T18:47:56,052b3b09-35f8-49f3-bb0c-fee6b0a90aaa,Maersk,Shenzhen,Hamburg,2026-08-15T18:47:56,2026-08-15T18:47:56,0.0,4860.8,Textiles
2026-06-11T04:15:17,ad80a88d-6f9a-41cf-a9d3-4031ca633f1c,Maersk,Ningbo,New York,2026-07-04T04:15:17,2026-07-04T04:15:17,0.0,22819.2,Chemicals
2026-05-12T05:35:52,0e8a60f2-9e09-4e79-babc-4dfec2360fe8,COSCO,Singapore,Felixstowe,2026-06-06T05:35:52,2026-06-06T05:35:52,0.0,8251.9,Chemicals
2026-03-06T01:04:41,8960269b-07fd-4a34-bafd-039e3ffea83d,Evergreen,Tanger Med,Barcelona,2026-03-11T01:04:41,2026-03-11T01:04:41,0.0,15649.6,Food
2026-03-29T11:13:41,8aef5e36-28f3-4a2a-9298-3439303ef2a2,Marsa Maroc,Tanger Med,Rotterdam,2026-04-05T11:13:41,2026-04-05T11:13:41,0.0,12819.5,Textiles
2026-05-21T21:43:48,cfd84ad1-b3d0-4391-b4bd-dca4e8e3ebd7,Evergreen,Shanghai,Rotterdam,2026-05-28T21:43:48,2026-05-28T21:43:48,0.0,23203.9,Chemicals
2026-02-11T01:21:41,903c9a9c-57f4-47ef-b195-4356ce38df88,Comanav,Singapore,Felixstowe,2026-03-09T01:21:41,2026-03-09T01:21:41,0.0,4329.9,Automotive
2026-05-27T16:01:29,970e8dad-f3c5-4a54-b178-169eba82f3ec,Marsa Maroc,Casablanca,Marseille,2026-06-13T16:01:29,2026-06-13T16:01:29,0.0,21312.0,Textiles
2026-02-18T14:59:10,97b4873a-46ec-4aba-a601-5699e7b78e74,CMA-CGM,Casablanca,Marseille,2026-03-16T14:59:10,2026-03-21T11:17:10,116.3,21744.9,Textiles
2026-04-16T00:53:45,961f98fa-24ee-4267-8486-78703d82b0d6,Evergreen,Tanger Med,Rotterdam,2026-05-08T00:53:45,2026-05-08T00:53:45,0.0,1523.4,Food
2026-08-08T17:23:07,6458c3c9-b2a2-414d-89d6-336e657dd84a,Evergreen,Singapore,Felixstowe,2026-08-30T17:23:07,2026-09-01T14:17:07,44.9,18833.3,Textiles
2026-07-25T17:52:36,394fd791-cc52-489d-a1da-6f8d1b484c8d,COSCO,Agadir,Hamburg,2026-08-19T17:52:36,2026-08-20T21:16:36,27.4,5007.8,Food
2026-06-09T00:36:25,6bfb4ff6-80ac-42d0-a33c-a05f7d6ed8e2,MSC,Shanghai,Rotterdam,2026-06-17T00:36:25,2026-06-17T00:36:25,0.0,20091.7,Electronics
2026-04-15T11:36:05,3d13da96-80c0-48a9-9689-3b4666cc68fc,COSCO,Ningbo,New York,2026-05-10T11:36:05,2026-05-10T11:36:05,0.0,7621.0,Electronics
2026-08-06T06:44:33,97eef0d0-ac66-485e-add4-6da76cf27d41,Maersk,Shanghai,Rotterdam,2026-08-17T06:44:33,2026-08-17T06:44:33,0.0,12436.2,Textiles
2026-08-12T23:12:59,25b32e23-74a8-4415-914f-d543638b8c3f,MSC,Shenzhen,Hamburg,2026-09-07T23:12:59,2026-09-07T23:12:59,0.0,2951.1,Food
2026-03-21T10:26:27,77aed97f-3ef0-431c-a093-0b09757b4099,MSC,Tanger Med,Barcelona,2026-04-05T10:26:27,2026-04-05T10:26:27,0.0,8544.5,Textiles
2026-08-07T12:48:51,623faab2-e31f-4cc1-a1ef-6ecaf236dacd,Evergreen,Casablanca,Marseille,2026-08-30T12:48:51,2026-08-30T12:48:51,0.0,8250.2,Chemicals
2026-06-29T03:13:55,495597ce-a68a-49ac-9ae0-86a7676a2628,Maersk,Casablanca,Marseille,2026-07-14T03:13:55,2026-07-14T03:13:55,0.0,5927.4,Chemicals
2026-07-21T14:04:48,057f4ed3-9065-4f82-b894-407cd92c2838,Comanav,Shanghai,Rotterdam,2026-08-06T14:04:48,2026-08-06T14:04:48,0.0,18457.8,Chemicals
2026-06-22T10:39:33,6d9a0809-68c9-4faf-976e-a01f19f64ec6,COSCO,Busan,Los Angeles,2026-07-08T10:39:33,2026-07-08T10:39:33,0.0,12430.8,Electronics
2026-06-09T16:28:47,54bf55a0-e2ae-4d42-8158-9919db592890,Marsa Maroc,Casablanca,Marseille,2026-07-03T16:28:47,2026-07-03T16:28:47,0.0,7375.1,Automotive
2026-03-28T14:56:29,0e97b406-1f87-4f1e-b22b-756347caaa73,MSC,Ningbo,New York,2026-04-10T14:56:29,2026-04-10T14:56:29,0.0,15852.2,Electronics
2026-04-11T10:59:46,277d6a32-5ca5-4ba9-b6f3-bff4963c72de,Comanav,Tanger Med,Rotterdam,2026-05-02T10:59:46,2026-05-02T10:59:46,0.0,20409.7,Food
2026-06-14T01:59:34,f666bbec-4af1-49af-b08b-2b72f31798a4,Comanav,Singapore,Felixstowe,2026-07-07T01:59:34,2026-07-07T01:59:34,0.0,1398.1,Textiles
2026-07-18T20:48:37,2ebaa7a6-f520-40e7-a6dd-bac78b057736,Evergreen,Ningbo,New York,2026-08-07T20:48:37,2026-08-07T20:48:37,0.0,4141.5,Chemicals
2026-08-17T10:06:21,df965d50-69ee-4888-99fa-b50f428ebd0e,Comanav,Agadir,Hamburg,2026-09-09T10:06:21,2026-09-09T10:06:21,0.0,7629.5,Chemicals
2026-06-13T22:23:04,e81846bf-71cb-4959-ab92-6ed51e5264f4,Evergreen,Ningbo,New York,2026-06-20T22:23:04,2026-06-20T22:23:04,0.0,12803.1,Automotive
2026-07-13T12:29:07,dbf2a42a-352a-49f2-8f71-cd6ed8d6dbc0,Comanav,Casablanca,Marseille,2026-08-03T12:29:07,2026-08-03T12:29:07,0.0,4400.9,Food
2026-02-15T06:02:31,24f6950f-6a12-4dfe-8676-02081d10c159,Marsa Maroc,Casablanca,Marseille,2026-03-15T06:02:31,2026-03-15T06:02:31,0.0,9290.5,Automotive
2026-08-17T15:17:05,2f1ebaf1-93a3-4ddd-b42e-f60a43c99a65,MSC,Busan,Los Angeles,2026-08-24T15:17:05,2026-08-24T15:17:05,0.0,6233.5,Automotive
2026-03-19T04:46:36,e0f8fb7f-31f0-4cf9-927f-709e96790cf5,Comanav,Ningbo,New York,2026-04-04T04:46:36,2026-04-04T04:46:36,0.0,22988.6,Electronics
2026-06-16T03:30:44,61aee313-4639-4e81-b6d0-e9125230e62c,Marsa Maroc,Tanger Med,Rotterdam,2026-07-01T03:30:44,2026-07-01T03:30:44,0.0,24226.8,Textiles
2026-05-16T00:31:40,7861b923-4f7e-4efa-973e-0b7b46cc9caf,Evergreen,Shanghai,Rotterdam,2026-06-07T00:31:40,2026-06-07T00:31:40,0.0,9728.2,Chemicals
2026-06-09T13:07:48,7dc4cfd5-d9af-499a-9416-94015d45e018,Evergreen,Shenzhen,Hamburg,2026-07-04T13:07:48,2026-07-05T09:31:48,20.4,6663.9,Automotive
2026-03-30T00:28:03,1092fd25-02e4-443e-b947-b2ab0901fed6,COSCO,Ningbo,New York,2026-04-15T00:28:03,2026-04-17T01:46:03,49.3,19920.1,Food
2026-07-26T23:11:04,f8171e6a-75b8-41d3-8e14-588f4ef80656,Evergreen,Tanger Med,Rotterdam,2026-08-04T23:11:04,2026-08-04T23:11:04,0.0,6134.8,Food
2026-02-20T10:43:43,1280b228-0e9f-4d0a-a887-236894e6dbdf,MSC,Shanghai,Rotterdam,2026-03-01T10:43:43,2026-03-01T10:43:43,0.0,9374.5,Electronics
2026-07-28T09:55:53,feb8a69e-dafd-422f-a11e-2d7ed0bbf7c8,COSCO,Agadir,Hamburg,2026-08-27T09:55:53,2026-08-27T09:55:53,0.0,3276.8,Chemicals
2026-07-16T11:44:47,eb2484d2-9de8-4f4d-a786-7b36937bd675,MSC,Busan,Los Angeles,2026-08-08T11:44:47,2026-08-08T11:44:47,0.0,20917.4,Electronics
2026-03-13T01:13:07,46431054-3b98-4b44-88de-2aa6324914ce,Maersk,Agadir,Hamburg,2026-03-22T01:13:07,2026-03-22T01:13:07,0.0,4447.7,Food
2026-05-03T20:23:45,726ba5fa-a623-48ef-b27d-e1502776e7e7,Evergreen,Tanger Med,Rotterdam,2026-05-12T20:23:45,2026-05-12T20:23:45,0.0,6827.4,Automotive
2026-06-25T12:01:40,8b566a5c-5357-49e9-8121-5a8ef17abb75,COSCO,Ningbo,New York,2026-07-19T12:01:40,2026-07-22T20:55:40,80.9,22023.5,Textiles
2026-08-22T14:17:32,e2ad003a-4458-4b3b-aadf-72880c8eabfb,MSC,Tanger Med,Barcelona,2026-09-10T14:17:32,2026-09-10T14:17:32,0.0,12049.6,Chemicals
2026-08-01T16:07:13,18a92c76-c0b6-4c34-ba2d-508a79d6496a,MSC,Casablanca,Marseille,2026-08-19T16:07:13,2026-08-19T16:07:13,0.0,19968.1,Automotive
2026-03-11T01:03:23,7a04ad84-21b5-4985-be81-fae2c000a211,CMA-CGM,Ningbo,New York,2026-03-21T01:03:23,2026-03-21T01:03:23,0.0,8895.4,Chemicals
2026-05-02T01:18:01,1f7cc286-873f-4a68-a298-4c91bfc387e3,MSC,Tanger Med,Barcelona,2026-05-19T01:18:01,2026-05-19T01:18:01,0.0,3160.0,Automotive
2026-05-22T17:08:40,1a9cc0e1-b83b-4a29-bc99-00a5135e7331,Comanav,Ningbo,New York,2026-06-12T17:08:40,2026-06-12T17:08:40,0.0,20749.6,Food
2026-03-31T21:07:54,1a731408-84d3-4f97-8dc6-6dda18434111,MSC,Tanger Med,Barcelona,2026-04-20T21:07:54,2026-04-24T01:55:54,76.8,22004.9,Food
2026-06-12T20:37:34,85429d0e-9e73-4b8a-a085-5dfe6344758b,Comanav,Ningbo,New York,2026-06-20T20:37:34,2026-06-20T20:37:34,0.0,16655.1,Food
2026-08-13T03:32:16,0dafcf4f-fb4d-4c81-9df5-d0c02c651e4d,Comanav,Ningbo,New York,2026-08-18T03:32:16,2026-08-22T03:14:16,95.7,16406.2,Food
2026-08-30T05:50:29,db9f7f29-f2b2-4244-9bd5-02e8d3cf2524,CMA-CGM,Singapore,Felixstowe,2026-09-05T05:50:29,2026-09-05T05:50:29,0.0,11009.4,Chemicals
2026-03-25T03:46:23,796c1a27-3ea1-4943-9e9d-abbb34f1d480,CMA-CGM,Singapore,Felixstowe,2026-04-17T03:46:23,2026-04-17T03:46:23,0.0,22742.5,Food
2026-03-03T05:04:57,7221c7a9-095a-4e7b-be68-34e87cd9f335,COSCO,Tanger Med,Barcelona,2026-03-12T05:04:57,2026-03-12T05:04:57,0.0,19263.5,Electronics
2026-05-10T22:24:50,baf86f85-5f87-4ca6-b780-1bd43f045739,Evergreen,Shanghai,Rotterdam,2026-06-01T22:24:50,2026-06-01T22:24:50,0.0,5131.0,Electronics
2026-04-10T12:11:29,c119f950-b9ed-49ea-ae99-e62e45a2b54c,Maersk,Ningbo,New York,2026-05-01T12:11:29,2026-05-01T12:11:29,0.0,16536.4,Textiles
2026-06-21T16:24:04,b3bbbd65-bf3f-475f-be93-25ad2486774c,CMA-CGM,Singapore,Felixstowe,2026-06-29T16:24:04,2026-06-29T16:24:04,0.0,16463.6,Textiles
2026-02-12T07:27:18,9f46d910-f758-4748-9e86-337967c9e640,Comanav,Shanghai,Rotterdam,2026-03-06T07:27:18,2026-03-06T07:27:18,0.0,9458.3,Textiles
2026-07-26T10:44:55,b2c0c39e-abc5-464a-b97a-ed4b3703611d,Comanav,Singapore,Felixstowe,2026-08-06T10:44:55,2026-08-06T10:44:55,0.0,19702.8,Chemicals
2026-03-15T04:46:21,127d544f-bc8d-4659-82cb-bd2f6ebbfbaa,CMA-CGM,Casablanca,Marseille,2026-04-06T04:46:21,2026-04-06T04:46:21,0.0,6717.6,Textiles
2026-04-30T06:21:42,f7598ebc-500d-4168-97cf-d2dfbbc0df1c,Comanav,Shenzhen,Hamburg,2026-05-27T06:21:42,2026-05-27T06:21:42,0.0,3882.7,Electronics
2026-03-15T01:32:03,b85668a2-1242-431d-927d-2fe039b8fbaa,COSCO,Agadir,Hamburg,2026-04-14T01:32:03,2026-04-14T01:32:03,0.0,4464.0,Automotive
2026-07-28T05:00:21,ec6c8ce6-b6ca-46b7-aebb-3280910ae215,COSCO,Ningbo,New York,2026-08-27T05:00:21,2026-08-27T05:00:21,0.0,13989.1,Electronics
2026-03-21T14:51:49,2484dfda-7ccd-4dbd-b18b-aef3af9c1eed,COSCO,Casablanca,Marseille,2026-04-15T14:51:49,2026-04-15T14:51:49,0.0,2731.7,Automotive
2026-04-11T19:06:53,02334162-d643-497f-a359-f9d57e201510,Evergreen,Busan,Los Angeles,2026-04-29T19:06:53,2026-04-29T19:06:53,0.0,6945.8,Textiles
2026-09-04T13:11:46,72962c31-8328-4600-8ba9-eb91808763c6,Evergreen,Tanger Med,Barcelona,2026-09-10T13:11:46,2026-09-10T13:11:46,0.0,23301.8,Chemicals
2026-05-26T08:20:48,d2ba59f8-2620-4a92-9729-29f477d09dcb,CMA-CGM,Ningbo,New York,2026-06-22T08:20:48,2026-06-23T02:32:48,18.2,19453.4,Automotive
2026-09-09T15:01:51,3434e0dd-c681-42da-8405-c72f0689007a,COSCO,Busan,Los Angeles,2026-09-14T15:01:51,2026-09-14T15:01:51,0.0,16593.7,Food
2026-06-09T04:30:17,e465326a-411a-4c2c-b252-8c1d66e69d69,MSC,Shanghai,Rotterdam,2026-06-15T04:30:17,2026-06-15T04:30:17,0.0,13008.4,Automotive
2026-08-03T08:39:02,b7619710-4811-41c5-b7c8-28c49edbc1af,Marsa Maroc,Casablanca,Marseille,2026-08-09T08:39:02,2026-08-09T08:39:02,0.0,16548.0,Automotive
2026-08-06T09:13:19,89331030-3a48-4c7b-a549-2c1a386fd68c,CMA-CGM,Tanger Med,Barcelona,2026-09-04T09:13:19,2026-09-04T09:13:19,0.0,16906.7,Chemicals
2026-08-26T09:24:26,ca45fa19-4cca-44fe-9650-b9b183adc27f,Evergreen,Agadir,Hamburg,2026-08-31T09:24:26,2026-08-31T09:24:26,0.0,2181.1,Electronics
2026-05-06T15:44:12,df62b25f-b2bb-4cba-b3ef-b1c0db8fea39,CMA-CGM,Ningbo,New York,2026-06-03T15:44:12,2026-06-03T15:44:12,0.0,22917.7,Textiles
2026-08-12T09:33:30,49ab665a-18d7-43d4-8f20-b8e1f8d2f715,Comanav,Shenzhen,Hamburg,2026-08-25T09:33:30,2026-08-25T09:33:30,0.0,24094.9,Chemicals
2026-04-21T04:09:39,ecbd2b31-9a82-47be-a021-5524933d56a1,Evergreen,Singapore,Felixstowe,2026-04-26T04:09:39,2026-04-26T04:09:39,0.0,10474.8,Electronics
2026-07-06T23:16:50,e00963ab-f93e-4f88-979a-885c5680530d,Maersk,Ningbo,New York,2026-07-27T23:16:50,2026-07-27T23:16:50,0.0,23701.9,Food
2026-04-14T00:37:02,8223c9d6-1fca-41fe-b458-2d912415f73e,Evergreen,Shanghai,Rotterdam,2026-05-14T00:37:02,2026-05-14T00:37:02,0.0,17507.7,Chemicals
2026-09-02T09:08:54,e5841e68-afff-40db-b54a-0e0536b5234f,Comanav,Busan,Los Angeles,2026-09-14T09:08:54,2026-09-14T09:08:54,0.0,24050.3,Chemicals
2026-04-18T00:20:59,bab77bff-0f63-46de-bba2-e87ebbe6967e,Evergreen,Busan,Los Angeles,2026-04-23T00:20:59,2026-04-23T00:20:59,0.0,6816.6,Chemicals
2026-03-01T02:40:37,91e9772a-33d7-47c3-8d65-09c7ef7aed94,Marsa Maroc,Agadir,Hamburg,2026-03-28T02:40:37,2026-03-28T02:40:37,0.0,8235.4,Textiles
2026-06-11T06:48:44,1afbeb80-21b4-447e-bcc3-60f597aa4e4d,Evergreen,Ningbo,New York,2026-06-16T06:48:44,2026-06-16T06:48:44,0.0,6952.1,Textiles
2026-07-14T03:32:37,39a63ee7-7b01-4622-bf58-b7b2c1fde619,COSCO,Tanger Med,Barcelona,2026-08-09T03:32:37,2026-08-09T03:32:37,0.0,8878.8,Food
2026-06-25T23:52:00,a19245b5-a3ea-4651-a82b-49571e8e0966,COSCO,Casablanca,Marseille,2026-07-10T23:52:00,2026-07-10T23:52:00,0.0,22410.7,Textiles
2026-08-19T04:27:29,09dffdd6-0623-4634-9e22-f417843dbb32,Marsa Maroc,Casablanca,Marseille,2026-09-14T04:27:29,2026-09-15T12:57:29,32.5,18559.3,Automotive
2026-05-30T18:13:46,96a7a8c3-1d51-4d62-92d8-bfd290dcaee6,Comanav,Agadir,Hamburg,2026-06-12T18:13:46,2026-06-12T18:13:46,0.0,5467.8,Automotive
2026-01-31T23:54:35,c1d7df0d-5bf5-4c61-969c-3479773cd04e,MSC,Shenzhen,Hamburg,2026-03-01T23:54:35,2026-03-01T23:54:35,0.0,23044.6,Chemicals
2026-05-27T20:15:01,d1013028-2388-4ea5-96ab-9e66f5a2fa82,Comanav,Tanger Med,Rotterdam,2026-06-18T20:15:01,2026-06-23T03:51:01,103.6,9594.3,Textiles
2026-06-11T22:44:31,04968755-7faa-4cdd-9a1f-cd8a5a1bc2f4,Evergreen,Busan,Los Angeles,2026-06-24T22:44:31,2026-06-24T22:44:31,0.0,24617.7,Food
2026-08-26T03:46:43,317a330c-e54a-4dea-940d-c0113f2cf61e,COSCO,Shanghai,Rotterdam,2026-09-07T03:46:43,2026-09-07T03:46:43,0.0,3642.0,Food
2026-04-05T17:00:34,534f4a72-da01-497b-9e83-81adc9ac6dd9,COSCO,Singapore,Felixstowe,2026-04-27T17:00:34,2026-04-27T17:00:34,0.0,9008.6,Automotive
2026-07-25T10:07:24,55f2efe9-a700-4361-a84d-4bf684bb4cb4,Maersk,Busan,Los Angeles,2026-08-21T10:07:24,2026-08-21T10:07:24,0.0,8233.5,Electronics
2026-08-25T02:23:20,ad507d65-a02f-45c6-8527-1f36047a52eb,Marsa Maroc,Tanger Med,Rotterdam,2026-09-05T02:23:20,2026-09-05T02:23:20,0.0,2968.3,Textiles
2026-06-21T00:47:17,356dcd77-bee7-4a6e-a6bf-6d72c168ece4,MSC,Shanghai,Rotterdam,2026-07-13T00:47:17,2026-07-13T00:47:17,0.0,7100.5,Food
2026-06-28T02:33:53,dc86af6f-86e0-4343-b038-a8417a32e66d,CMA-CGM,Shenzhen,Hamburg,2026-07-08T02:33:53,2026-07-08T02:33:53,0.0,5658.0,Textiles
2026-07-08T11:51:09,4a72f738-f14d-46d2-ab38-162e5281bcd2,Comanav,Shenzhen,Hamburg,2026-07-25T11:51:09,2026-07-25T11:51:09,0.0,4907.3,Automotive
2026-08-16T20:07:09,a7f0830b-5c5d-4a38-9617-e7e9b21040f9,Comanav,Agadir,Hamburg,2026-08-24T20:07:09,2026-08-24T20:07:09,0.0,20200.1,Food
2026-06-16T23:10:56,ed2f1c6f-5cb7-4897-a390-ca5f871f6834,Comanav,Singapore,Felixstowe,2026-07-03T23:10:56,2026-07-03T23:10:56,0.0,20100.9,Automotive
2026-05-08T06:22:03,80ff0941-0349-4923-bf8c-9ed7c3ffe8a6,Comanav,Busan,Los Angeles,2026-05-13T06:22:03,2026-05-13T06:22:03,0.0,12740.1,Food
2026-05-17T17:49:44,b4495994-eeb6-44b8-aa0c-329a8f7b2cba,Marsa Maroc,Ningbo,New York,2026-06-01T17:49:44,2026-06-01T17:49:44,0.0,7850.8,Food
2026-07-19T17:32:49,9c6fe7c9-c652-4066-94f5-055baf731660,COSCO,Tanger Med,Rotterdam,2026-07-27T17:32:49,2026-07-27T17:32:49,0.0,1970.9,Textiles
2026-05-05T16:57:35,99444796-d655-42d4-89f1-f23933c8d34e,Comanav,Busan,Los Angeles,2026-05-30T16:57:35,2026-05-30T16:57:35,0.0,18742.5,Textiles
2026-07-16T12:42:05,05a1f9bd-2a65-469d-8618-db681fd68f28,CMA-CGM,Shenzhen,Hamburg,2026-08-07T12:42:05,2026-08-07T12:42:05,0.0,20345.4,Textiles
2026-03-09T22:49:20,54bf38d3-3703-43b7-913f-5bda9e2064ae,COSCO,Tanger Med,Rotterdam,2026-03-17T22:49:20,2026-03-17T22:49:20,0.0,17149.9,Food
2026-06-09T13:37:05,6e922218-ce62-4668-bfd3-7010972f8547,Evergreen,Agadir,Hamburg,2026-07-02T13:37:05,2026-07-02T13:37:05,0.0,13691.7,Textiles
2026-08-05T16:27:29,c53f3ec3-1815-4567-bfcb-079e60156747,CMA-CGM,Shenzhen,Hamburg,2026-08-31T16:27:29,2026-08-31T16:27:29,0.0,19481.2,Chemicals
2026-07-03T01:19:54,ef80efe7-748a-4f68-8e67-999f7c69b08c,COSCO,Tanger Med,Barcelona,2026-07-27T01:19:54,2026-07-27T01:19:54,0.0,15976.9,Automotive
2026-06-28T22:30:53,e30ffc2f-58c2-48b6-8c73-187e66f562cd,Marsa Maroc,Casablanca,Marseille,2026-07-28T22:30:53,2026-07-31T08:06:53,57.6,15501.6,Chemicals
2026-04-19T01:43:27,26cc889f-0a39-4c86-8c45-3dab315b323a,Maersk,Tanger Med,Barcelona,2026-04-29T01:43:27,2026-04-29T01:43:27,0.0,8180.3,Textiles
2026-08-15T08:47:51,5e88d497-3536-43d9-af7a-133478f20429,Evergreen,Shanghai,Rotterdam,2026-09-09T08:47:51,2026-09-09T08:47:51,0.0,22248.4,Textiles
2026-02-25T09:02:52,3a3e39dd-083a-4fb0-8394-afdec6809e10,COSCO,Ningbo,New York,2026-03-15T09:02:52,2026-03-15T09:02:52,0.0,21428.2,Automotive
2026-04-06T00:42:01,ba473cfb-57c5-4758-9cc0-420f33f7ea49,Marsa Maroc,Agadir,Hamburg,2026-04-19T00:42:01,2026-04-22T16:24:01,87.7,2461.6,Automotive
2026-09-04T01:41:34,42e5c275-0b2b-4fbd-819a-030021630627,Maersk,Singapore,Felixstowe,2026-09-12T01:41:34,2026-09-12T01:41:34,0.0,22027.9,Food
2026-06-08T22:24:53,d6c442b4-9264-4189-944f-29b69fafd64e,Maersk,Tanger Med,Rotterdam,2026-07-07T22:24:53,2026-07-07T22:24:53,0.0,19242.4,Electronics
2026-03-15T23:27:57,ef9948e4-b4c8-4241-a54d-d458a3b950f1,CMA-CGM,Tanger Med,Barcelona,2026-04-08T23:27:57,2026-04-08T23:27:57,0.0,16543.4,Chemicals
2026-08-06T23:57:04,47e86aa0-21c0-4386-bf05-6076128c0fe1,MSC,Shanghai,Rotterdam,2026-08-18T23:57:04,2026-08-18T23:57:04,0.0,11357.4,Automotive
2026-03-29T17:22:49,cbecf888-dc44-40a2-8a13-012e58e76086,Evergreen,Casablanca,Marseille,2026-04-08T17:22:49,2026-04-08T17:22:49,0.0,16757.0,Textiles
2026-08-03T10:52:42,fd41245a-81d7-454a-bd21-af4df0fafb48,COSCO,Busan,Los Angeles,2026-08-25T10:52:42,2026-08-28T10:04:42,71.2,3810.3,Food
2026-02-10T23:02:59,7ac10b73-4f7f-448e-9572-2f49ce341277,Evergreen,Casablanca,Marseille,2026-03-06T23:02:59,2026-03-06T23:02:59,0.0,18848.3,Food
2026-03-31T23:37:33,b156cdba-a2d3-4830-929c-e048545b3c75,Evergreen,Singapore,Felixstowe,2026-04-25T23:37:33,2026-04-25T23:37:33,0.0,8086.7,Textiles
2026-07-26T05:16:39,31074c27-8c44-4691-8bae-8662e329f593,Evergreen,Busan,Los Angeles,2026-08-07T05:16:39,2026-08-09T16:58:39,59.7,9461.7,Textiles
2026-04-24T22:45:03,7134cb4c-a11d-4564-9c3e-c5dafe1df2d7,CMA-CGM,Casablanca,Marseille,2026-04-29T22:45:03,2026-04-29T22:45:03,0.0,20476.8,Automotive
2026-03-10T01:26:59,7d9cc16e-150e-4a42-8fc5-4a758972957f,CMA-CGM,Shenzhen,Hamburg,2026-03-30T01:26:59,2026-03-30T01:26:59,0.0,17350.4,Chemicals
2026-08-25T07:58:10,9805c5fa-5237-4d60-82c1-2550aef19a17,CMA-CGM,Busan,Los Angeles,2026-08-30T07:58:10,2026-08-30T07:58:10,0.0,20050.1,Food
2026-06-06T22:11:28,340d1396-7216-4858-b128-a5ea7b7beca9,Comanav,Agadir,Hamburg,2026-06-11T22:11:28,2026-06-11T22:11:28,0.0,5120.0,Food
2026-06-28T11:37:09,7e936c1c-3880-49cc-9c23-012401d5af0d,COSCO,Singapore,Felixstowe,2026-07-10T11:37:09,2026-07-10T11:37:09,0.0,18559.4,Chemicals
2026-07-20T08:48:47,116da3f3-cb82-443f-b6e2-29f897248180,MSC,Singapore,Felixstowe,2026-08-02T08:48:47,2026-08-02T08:48:47,0.0,15820.4,Food
2026-03-07T04:35:34,6ee5dfd8-c880-4c92-8e34-979b4c9a694e,CMA-CGM,Shanghai,Rotterdam,2026-04-01T04:35:34,2026-04-01T04:35:34,0.0,20315.8,Chemicals
2026-06-29T14:27:11,1f2d6d34-8143-4c60-a019-4ad0e744fe72,Comanav,Agadir,Hamburg,2026-07-06T14:27:11,2026-07-06T14:27:11,0.0,7595.1,Chemicals
2026-06-29T13:56:39,df803f4d-29ce-4c6c-a82a-c464e3a1482a,CMA-CGM,Busan,Los Angeles,2026-07-26T13:56:39,2026-07-26T13:56:39,0.0,5100.8,Electronics
2026-06-09T23:29:45,a04c4951-a7b7-4877-8dfb-9c360897e5fa,Maersk,Casablanca,Marseille,2026-07-01T23:29:45,2026-07-01T23:29:45,0.0,24322.1,Textiles
2026-08-10T12:00:00,389efb56-04a0-4ae8-9255-35749797d382,MSC,Shanghai,Rotterdam,2026-09-06T12:00:00,2026-09-06T12:00:00,0.0,701.0,Electronics
2026-02-22T22:36:13,2b9564e7-81e3-4f79-afce-9b0eb6385bf3,Maersk,Casablanca,Marseille,2026-03-14T22:36:13,2026-03-14T22:36:13,0.0,10796.0,Chemicals
2026-02-28T13:43:39,4279d5ed-31ba-43f9-a2a7-efec98cf57e1,COSCO,Shenzhen,Hamburg,2026-03-27T13:43:39,2026-03-29T13:25:39,47.7,21166.9,Automotive
2026-05-02T04:13:02,c4c58b52-1cf6-49a1-a9a5-a685ccb552c2,CMA-CGM,Tanger Med,Rotterdam,2026-05-31T04:13:02,2026-05-31T04:13:02,0.0,13808.2,Automotive
2026-06-07T14:33:59,e37f0f7e-fd5e-420a-bbeb-3bc0552d5c40,Comanav,Agadir,Hamburg,2026-06-20T14:33:59,2026-06-24T20:03:59,101.5,3488.1,Automotive
2026-05-09T08:19:32,a0c27b6a-7c4b-42e2-b836-893d8585cf43,Comanav,Singapore,Felixstowe,2026-05-28T08:19:32,2026-05-28T08:19:32,0.0,24866.1,Automotive
2026-03-07T02:23:47,a2061b8c-e47f-4309-bea3-c790389def64,Marsa Maroc,Busan,Los Angeles,2026-04-05T02:23:47,2026-04-05T02:23:47,0.0,16817.2,Automotive
2026-07-21T12:54:26,608c37aa-271c-4e9c-88c0-bcda376f044a,COSCO,Busan,Los Angeles,2026-08-16T12:54:26,2026-08-21T06:00:26,113.1,4386.0,Electronics
2026-03-31T05:33:23,c90520df-e792-489c-88b5-20cd3cb44259,Evergreen,Ningbo,New York,2026-04-08T05:33:23,2026-04-08T05:33:23,0.0,16143.7,Automotive
2026-03-14T00:47:43,8519ef66-0aec-40f2-b08e-e3fb4cd1bcbe,Maersk,Shenzhen,Hamburg,2026-04-09T00:47:43,2026-04-09T00:47:43,0.0,3266.7,Chemicals
2026-08-10T07:23:01,9a7d9a79-b5f3-45e5-a186-9fc1dd561a10,Maersk,Shenzhen,Hamburg,2026-08-20T07:23:01,2026-08-20T07:23:01,0.0,14825.1,Chemicals
2026-04-28T14:37:55,86c1ebea-d34e-424d-8cbc-83466aacbc7d,Maersk,Agadir,Hamburg,2026-05-04T14:37:55,2026-05-04T14:37:55,0.0,17423.4,Food
2026-05-27T07:13:34,9c4d6166-4612-41db-b0ba-8d895e2357d2,CMA-CGM,Casablanca,Marseille,2026-06-25T07:13:34,2026-06-25T07:13:34,0.0,4363.6,Electronics
2026-02-15T05:48:28,fcbb282f-e6a5-4e57-bbab-37eab62feb9d,Comanav,Shenzhen,Hamburg,2026-03-12T05:48:28,2026-03-12T05:48:28,0.0,9210.2,Automotive
2026-03-10T20:40:00,05ef5a51-3b30-47a1-8cb5-7a761b024f89,Comanav,Ningbo,New York,2026-03-18T20:40:00,2026-03-18T20:40:00,0.0,6200.5,Food
2026-06-15T23:23:27,7128d9db-3944-4b89-bd1d-c6a886ec9b42,Comanav,Shenzhen,Hamburg,2026-07-04T23:23:27,2026-07-04T23:23:27,0.0,1023.1,Chemicals
2026-03-13T19:04:08,407bd409-dfb7-4c63-8ad8-2a22d67d06f5,Marsa Maroc,Shenzhen,Hamburg,2026-03-22T19:04:08,2026-03-22T19:04:08,0.0,1467.5,Chemicals
2026-05-31T22:23:09,2fe7daf8-b6e7-4377-aba1-73c4ac0d4204,CMA-CGM,Ningbo,New York,2026-06-22T22:23:09,2026-06-22T22:23:09,0.0,5149.5,Automotive
2026-07-03T05:07:13,db059ac2-0520-494b-8b5c-21d442c38584,CMA-CGM,Ningbo,New York,2026-07-18T05:07:13,2026-07-18T05:07:13,0.0,7245.4,Food
2026-07-17T13:46:19,9ba0f5fc-3423-467f-8fc3-08aa2a55099f,MSC,Ningbo,New York,2026-07-24T13:46:19,2026-07-24T13:46:19,0.0,11509.9,Textiles
2026-07-27T06:17:30,5ba933f4-5722-47c5-87c5-788c21eebfee,CMA-CGM,Ningbo,New York,2026-08-15T06:17:30,2026-08-15T06:17:30,0.0,16131.6,Chemicals
2026-04-02T12:48:31,5e9888e4-4259-4c95-93e4-d8f1bfa55fc8,Maersk,Casablanca,Marseille,2026-04-26T12:48:31,2026-04-26T12:48:31,0.0,19512.4,Automotive
2026-05-27T20:05:06,cee4cc31-ac1f-46e3-aac7-97c867f46d0c,Marsa Maroc,Shenzhen,Hamburg,2026-06-03T20:05:06,2026-06-03T20:05:06,0.0,13704.4,Chemicals
2026-07-13T00:36:02,37215e4a-9f8c-4b7a-bd7c-9057ed5d3051,Evergreen,Agadir,Hamburg,2026-08-08T00:36:02,2026-08-08T00:36:02,0.0,14011.0,Food
2026-04-21T22:15:06,2ebe7208-bb4a-4cc6-a254-62c9bab4671b,CMA-CGM,Shanghai,Rotterdam,2026-05-09T22:15:06,2026-05-09T22:15:06,0.0,3206.4,Food
2026-04-27T00:21:44,5be02f45-8b54-4f97-bd1b-11f15fc86afb,Maersk,Tanger Med,Barcelona,2026-05-06T00:21:44,2026-05-06T00:21:44,0.0,1266.2,Electronics
2026-04-29T23:45:52,e26739da-8270-4fdb-a2ce-24393d5f2809,MSC,Busan,Los Angeles,2026-05-07T23:45:52,2026-05-07T23:45:52,0.0,16222.9,Chemicals
2026-03-07T16:02:18,15dc7c91-68ee-423b-97f3-d26ae4897f1e,Evergreen,Busan,Los Angeles,2026-03-31T16:02:18,2026-03-31T16:02:18,0.0,6770.5,Textiles
2026-06-30T13:34:16,ccd66be2-b25d-405c-a5cb-cf54778e6735,Evergreen,Agadir,Hamburg,2026-07-27T13:34:16,2026-07-27T13:34:16,0.0,23290.2,Automotive
2026-05-26T12:41:46,34985de3-e0d8-494d-8e14-d00adda40f5f,Comanav,Busan,Los Angeles,2026-06-02T12:41:46,2026-06-02T12:41:46,0.0,16153.5,Textiles
2026-08-23T06:35:41,6a4a000a-685f-40c7-849e-144782bcbe36,Marsa Maroc,Ningbo,New York,2026-09-10T06:35:41,2026-09-10T06:35:41,0.0,19959.1,Electronics
2026-04-19T13:57:13,ca3f87e6-0a17-4936-a164-0a6e7d3e7fc1,Evergreen,Shanghai,Rotterdam,2026-04-25T13:57:13,2026-04-25T13:57:13,0.0,20944.2,Electronics
2026-05-22T04:09:11,55c2eabd-e6c4-4302-9175-7f9ffe62c956,Evergreen,Agadir,Hamburg,2026-05-30T04:09:11,2026-05-30T04:09:11,0.0,6159.9,Chemicals
2026-08-06T02:13:43,ad9d3c90-82e7-49a1-ae70-222caf774c9f,MSC,Agadir,Hamburg,2026-08-27T02:13:43,2026-08-27T02:13:43,0.0,14465.7,Automotive
2026-05-16T15:14:25,8c25d76a-d420-44ee-ae5b-775674266f35,Marsa Maroc,Ningbo,New York,2026-06-07T15:14:25,2026-06-07T15:14:25,0.0,3085.1,Food
2026-08-07T11:30:27,4c727be8-0076-4f3e-b42e-69dd137a8151,Marsa Maroc,Shenzhen,Hamburg,2026-08-26T11:30:27,2026-08-26T11:30:27,0.0,10963.3,Electronics
2026-05-29T03:49:02,9164a95b-58e8-45e3-b746-637ca47aaa94,Comanav,Casablanca,Marseille,2026-06-08T03:49:02,2026-06-08T03:49:02,0.0,12865.0,Automotive
2026-02-13T15:35:25,05379c6b-5c93-4c1b-9e8f-76937a2fb424,Evergreen,Ningbo,New York,2026-03-04T15:35:25,2026-03-09T05:05:25,109.5,13977.0,Textiles
2026-07-30T16:28:28,701de8fe-6c04-454e-979f-f0f22fff4553,COSCO,Shenzhen,Hamburg,2026-08-28T16:28:28,2026-08-28T16:28:28,0.0,20740.8,Textiles
2026-05-29T16:55:17,125347e5-0447-4800-8859-8093a90436e6,Evergreen,Agadir,Hamburg,2026-06-20T16:55:17,2026-06-20T16:55:17,0.0,19259.9,Textiles
2026-04-12T08:26:22,b1d1d00a-2157-4531-a4af-4fc853674f78,COSCO,Shenzhen,Hamburg,2026-05-01T08:26:22,2026-05-01T20:26:22,12.0,1349.2,Textiles
2026-03-20T16:26:34,b05a1057-e088-4578-8963-35ea682f89c3,Evergreen,Tanger Med,Rotterdam,2026-03-29T16:26:34,2026-03-31T13:02:34,44.6,7858.2,Automotive
2026-08-04T13:13:11,0023e825-08cc-420d-adc1-9c738c864fb1,Comanav,Agadir,Hamburg,2026-08-19T13:13:11,2026-08-19T13:13:11,0.0,20637.5,Textiles
2026-06-21T04:54:18,5e7da7e6-7468-467c-85c2-4517841aa265,Evergreen,Ningbo,New York,2026-07-13T04:54:18,2026-07-13T04:54:18,0.0,14504.5,Electronics
2026-06-09T04:19:10,9de8f521-820a-475e-9bf8-b67097ae7af0,COSCO,Tanger Med,Rotterdam,2026-06-25T04:19:10,2026-06-25T04:19:10,0.0,6992.2,Food
2026-07-30T18:50:45,c58f6d50-427b-43b8-9dbb-d6d7a79ba6bd,MSC,Agadir,Hamburg,2026-08-12T18:50:45,2026-08-12T18:50:45,0.0,2751.7,Chemicals
2026-05-30T03:05:03,3343ff04-bd80-4260-afe0-6b54f30d5092,Marsa Maroc,Agadir,Hamburg,2026-06-06T03:05:03,2026-06-06T03:05:03,0.0,19926.2,Automotive
2026-07-29T10:01:06,7360fb77-5249-4ebe-a16a-d319e52d06ea,Comanav,Busan,Los Angeles,2026-08-25T10:01:06,2026-08-25T10:01:06,0.0,20578.1,Electronics
2026-05-29T07:58:41,83525eb3-4b29-4e19-9be3-d33310a11b77,Maersk,Shanghai,Rotterdam,2026-06-26T07:58:41,2026-06-26T07:58:41,0.0,9847.9,Electronics
2026-04-29T08:50:13,a45837c1-8a20-4d0d-b527-dab8cea7e8c3,CMA-CGM,Shenzhen,Hamburg,2026-05-17T08:50:13,2026-05-17T08:50:13,0.0,21761.9,Automotive
2026-06-29T09:36:03,ed776322-104c-4dfa-89f1-cd07267e926f,Marsa Maroc,Tanger Med,Rotterdam,2026-07-28T09:36:03,2026-07-28T09:36:03,0.0,1826.1,Food
2026-08-13T15:49:32,fc54af55-081c-431d-b0a8-cb89346157f0,CMA-CGM,Tanger Med,Rotterdam,2026-09-04T15:49:32,2026-09-04T15:49:32,0.0,8507.4,Automotive
2026-03-16T10:04:49,c42603e7-1508-4b0d-9249-8c34cbc675f2,Maersk,Casablanca,Marseille,2026-04-11T10:04:49,2026-04-11T10:04:49,0.0,10125.6,Chemicals
2026-05-20T02:55:02,41c51458-be9a-4997-ba5a-50036de5d0db,Maersk,Ningbo,New York,2026-06-01T02:55:02,2026-06-01T02:55:02,0.0,19766.0,Automotive
2026-07-20T02:34:22,30dda91b-86cd-441b-a1f9-e8cf24ab4221,CMA-CGM,Casablanca,Marseille,2026-07-27T02:34:22,2026-07-27T02:34:22,0.0,18760.2,Food
2026-07-11T09:44:30,3261d7d7-a361-47f5-aa3b-0dcd54394146,CMA-CGM,Singapore,Felixstowe,2026-07-18T09:44:30,2026-07-18T09:44:30,0.0,11145.0,Automotive
2026-06-01T21:43:49,728c1a3c-48f8-47ee-959e-4d3153b5b24d,COSCO,Casablanca,Marseille,2026-06-23T21:43:49,2026-06-23T21:43:49,0.0,10185.3,Food
2026-05-30T15:45:00,dc44db38-b29d-41a1-b1dc-5439a7243269,Evergreen,Agadir,Hamburg,2026-06-23T15:45:00,2026-06-26T12:21:00,68.6,6436.7,Textiles
2026-02-11T12:29:30,d23a09b6-87fe-4cbf-a6d4-00c489dfea66,CMA-CGM,Singapore,Felixstowe,2026-03-09T12:29:30,2026-03-10T10:11:30,21.7,16957.8,Chemicals
2026-07-21T17:10:36,26edbbb0-6f00-4b9c-88b4-9d178b90f079,CMA-CGM,Shenzhen,Hamburg,2026-08-01T17:10:36,2026-08-01T17:10:36,0.0,15050.0,Electronics
2026-05-30T14:20:33,ce9726e5-2ffa-4131-a19c-8f0a25218703,MSC,Shanghai,Rotterdam,2026-06-15T14:20:33,2026-06-15T14:20:33,0.0,24758.9,Chemicals
2026-02-26T03:28:42,d3b63634-50e9-4610-a0f8-014b53fb4bf4,COSCO,Casablanca,Marseille,2026-03-04T03:28:42,2026-03-05T16:40:42,37.2,17291.3,Automotive
2026-02-20T01:07:31,9a89034a-2ff9-4aef-896e-2eb258ad83fb,Maersk,Tanger Med,Barcelona,2026-03-20T01:07:31,2026-03-20T01:07:31,0.0,23749.1,Automotive
2026-08-25T21:50:01,03ff2f7a-a4c7-4649-9191-f6662d77fdf8,Maersk,Shanghai,Rotterdam,2026-09-09T21:50:01,2026-09-09T21:50:01,0.0,3226.3,Chemicals
2026-06-05T03:31:22,8016ce06-46ad-4383-99d1-73f87c8ad5cd,Maersk,Busan,Los Angeles,2026-06-20T03:31:22,2026-06-20T03:31:22,0.0,13681.1,Automotive
2026-04-30T08:51:31,cc43a0cf-ffe2-4a21-b4fb-5fad18218c10,Evergreen,Ningbo,New York,2026-05-29T08:51:31,2026-05-29T08:51:31,0.0,12334.1,Automotive
2026-06-22T19:52:09,87ba2905-c71c-4171-b8a3-f5477162c051,COSCO,Tanger Med,Rotterdam,2026-07-15T19:52:09,2026-07-18T16:46:09,68.9,6758.7,Electronics
2026-04-25T01:16:12,00dc84b3-99f6-49fd-be1d-387c60eff32e,MSC,Shanghai,Rotterdam,2026-05-25T01:16:12,2026-05-25T01:16:12,0.0,7146.4,Chemicals
2026-04-26T20:09:30,93e10bd4-aad6-45ba-bb4c-bfa42583f265,Maersk,Tanger Med,Rotterdam,2026-05-13T20:09:30,2026-05-13T20:09:30,0.0,16743.1,Textiles
2026-05-23T08:00:39,cdf10230-f395-4b3e-a39f-6269e2c98db0,Maersk,Tanger Med,Barcelona,2026-06-06T08:00:39,2026-06-06T08:00:39,0.0,16410.6,Automotive
2026-03-27T02:52:29,3e2a7129-1e21-4045-a225-9acf31b32701,Evergreen,Singapore,Felixstowe,2026-04-23T02:52:29,2026-04-23T02:52:29,0.0,8228.7,Food
2026-03-28T17:38:00,cd74f72a-4183-416a-9aac-e88f0cf239cb,Maersk,Ningbo,New York,2026-04-07T17:38:00,2026-04-07T17:38:00,0.0,24186.4,Food
2026-03-04T07:26:42,3dbc2a76-e42e-4eec-bc6c-b945f1ecdf25,Maersk,Tanger Med,Rotterdam,2026-03-16T07:26:42,2026-03-18T04:20:42,44.9,12503.4,Automotive
2026-06-02T23:27:47,bcb28fa4-0e34-4db6-bacc-c1cb1eedc396,CMA-CGM,Tanger Med,Rotterdam,2026-06-28T23:27:47,2026-06-28T23:27:47,0.0,15818.2,Automotive
2026-07-20T04:46:11,747221f6-88bd-416b-aae5-7ad6a20e6577,CMA-CGM,Ningbo,New York,2026-08-19T04:46:11,2026-08-19T04:46:11,0.0,6813.1,Chemicals
2026-02-28T22:58:47,805928aa-c8ec-469d-9b8d-31d4867e3c9a,Evergreen,Tanger Med,Rotterdam,2026-03-13T22:58:47,2026-03-13T22:58:47,0.0,8873.8,Chemicals
2026-06-22T16:45:11,3a7eed27-944d-421b-a254-1b3b4a20d683,Maersk,Casablanca,Marseille,2026-07-20T16:45:11,2026-07-20T16:45:11,0.0,24034.8,Food
2026-04-09T00:50:48,5205674f-1d48-4f35-aa75-2401b7a01577,COSCO,Agadir,Hamburg,2026-04-21T00:50:48,2026-04-21T00:50:48,0.0,10948.4,Textiles
2026-03-14T00:06:14,48df29f5-01b6-44b4-8167-30dd044e80e2,COSCO,Shenzhen,Hamburg,2026-04-05T00:06:14,2026-04-05T00:06:14,0.0,16485.6,Food
2026-05-24T14:37:43,bf671571-794a-40cc-b97e-37d0461582b1,Marsa Maroc,Ningbo,New York,2026-06-23T14:37:43,2026-06-23T14:37:43,0.0,3883.7,Food
2026-06-06T21:14:34,ed88c669-da34-4d27-ac82-fbe1cb564e46,COSCO,Casablanca,Marseille,2026-07-05T21:14:34,2026-07-05T21:14:34,0.0,23359.2,Automotive
2026-07-18T08:46:10,a10e34b1-aef7-4fab-882b-b011c57ba6c8,Maersk,Shenzhen,Hamburg,2026-08-09T08:46:10,2026-08-09T08:46:10,0.0,18126.3,Automotive
2026-04-29T05:05:02,df0e0ed6-7d5c-435b-a227-814fa50d0905,Comanav,Shenzhen,Hamburg,2026-05-08T05:05:02,2026-05-08T05:05:02,0.0,19253.2,Chemicals
2026-04-28T23:32:35,1c5652f0-fd7c-401c-b034-58a38c1d4b7e,CMA-CGM,Singapore,Felixstowe,2026-05-17T23:32:35,2026-05-17T23:32:35,0.0,20631.6,Textiles
2026-04-10T07:49:06,ccafc3e4-faa3-4d0c-b175-ea6ae402db7c,Comanav,Casablanca,Marseille,2026-04-21T07:49:06,2026-04-21T07:49:06,0.0,5026.3,Food
2026-06-28T02:02:21,c8ab9f87-fa8b-440c-877c-1c037de6a455,Evergreen,Shanghai,Rotterdam,2026-07-21T02:02:21,2026-07-21T02:02:21,0.0,15110.8,Automotive
2026-09-04T21:03:58,0ac673d5-6db6-4e73-a795-ef6faf2a37d7,CMA-CGM,Tanger Med,Rotterdam,2026-09-11T21:03:58,2026-09-11T21:03:58,0.0,12176.8,Food
2026-05-20T20:08:20,09af35b8-d7ac-48ce-b817-813394ef6b36,Marsa Maroc,Busan,Los Angeles,2026-06-14T20:08:20,2026-06-14T20:08:20,0.0,21377.2,Chemicals
2026-04-23T21:39:54,319feda0-b610-4c43-80bb-aa519b2199ee,MSC,Busan,Los Angeles,2026-05-03T21:39:54,2026-05-03T21:39:54,0.0,1289.6,Electronics
2026-05-27T19:08:05,028aa64e-5430-467c-bade-18c4f610a7b9,COSCO,Shanghai,Rotterdam,2026-06-08T19:08:05,2026-06-08T19:08:05,0.0,24712.0,Automotive
2026-08-16T03:08:50,04b082de-0c86-41c0-82f4-3e8d527b2641,MSC,Tanger Med,Barcelona,2026-09-04T03:08:50,2026-09-06T20:02:50,64.9,8459.9,Chemicals
2026-06-06T14:55:03,73541eb6-d2c1-444d-ae9b-efb4d882a32f,COSCO,Agadir,Hamburg,2026-06-23T14:55:03,2026-06-23T14:55:03,0.0,15394.3,Chemicals
2026-06-16T13:03:17,db20c452-ac3a-48ff-ae4e-3ede04760f34,COSCO,Shenzhen,Hamburg,2026-07-10T13:03:17,2026-07-13T14:51:17,73.8,13635.9,Electronics
2026-03-26T17:27:34,eb55638b-5e66-49a6-9e1a-108c3cc0f477,Maersk,Ningbo,New York,2026-04-14T17:27:34,2026-04-14T17:27:34,0.0,22005.3,Automotive
2026-08-12T21:09:53,629c7eda-3b65-44cd-83b1-97231809104a,Evergreen,Ningbo,New York,2026-08-29T21:09:53,2026-08-30T13:21:53,16.2,9991.2,Electronics
2026-03-11T05:50:27,d2e2d67e-a073-4771-b961-07ec8643aee5,CMA-CGM,Agadir,Hamburg,2026-03-30T05:50:27,2026-03-30T05:50:27,0.0,7961.6,Textiles
2026-04-06T15:57:01,b7f6de15-1218-440e-b201-ef358b6f373b,MSC,Busan,Los Angeles,2026-04-24T15:57:01,2026-04-24T15:57:01,0.0,23016.3,Food
2026-05-02T14:52:52,be091781-9a72-461c-8e59-c1caa73c0628,COSCO,Casablanca,Marseille,2026-05-27T14:52:52,2026-05-27T14:52:52,0.0,18204.8,Electronics
2026-07-10T08:08:36,ecc87065-b5aa-4173-9b92-688c6ec97fc9,Comanav,Casablanca,Marseille,2026-08-02T08:08:36,2026-08-05T23:20:36,87.2,3815.0,Chemicals
2026-07-16T01:16:14,5bdff036-0446-4fe6-a008-f15f4e4803c1,COSCO,Shenzhen,Hamburg,2026-07-21T01:16:14,2026-07-21T01:16:14,0.0,14962.7,Automotive
2026-03-23T01:41:01,0c597ddd-2962-42f5-a9f5-bce4a0a5c37a,Maersk,Busan,Los Angeles,2026-04-05T01:41:01,2026-04-05T01:41:01,0.0,16390.1,Automotive
2026-07-24T05:42:05,0fae9f9b-b12f-47ff-8776-c084f27df64b,Maersk,Tanger Med,Barcelona,2026-08-01T05:42:05,2026-08-01T05:42:05,0.0,16034.8,Electronics
2026-02-17T09:43:52,da07716c-0c07-4f93-b396-4ef34b12d871,Marsa Maroc,Ningbo,New York,2026-03-06T09:43:52,2026-03-06T09:43:52,0.0,24392.2,Food
2026-05-20T16:55:57,95feec5d-eefc-4feb-b778-c81d8f43085d,COSCO,Casablanca,Marseille,2026-06-11T16:55:57,2026-06-11T16:55:57,0.0,19322.4,Textiles
2026-04-08T23:55:49,c6be1d70-0b58-479d-876d-105dd049e17a,MSC,Casablanca,Marseille,2026-04-17T23:55:49,2026-04-17T23:55:49,0.0,17945.2,Chemicals
2026-07-27T14:54:46,70b00de3-bc78-4089-ab3c-56d31cf36b0a,CMA-CGM,Shanghai,Rotterdam,2026-08-24T14:54:46,2026-08-24T14:54:46,0.0,11433.3,Automotive
2026-07-11T03:28:02,a816aaac-201e-47f5-b265-f7bf1f5624b5,MSC,Tanger Med,Barcelona,2026-07-22T03:28:02,2026-07-22T03:28:02,0.0,19252.2,Electronics
2026-05-21T19:31:17,39154785-a511-4b71-b1b8-963ffecdc552,COSCO,Busan,Los Angeles,2026-06-10T19:31:17,2026-06-10T19:31:17,0.0,640.9,Chemicals
2026-07-03T23:24:54,36368c70-af59-40bb-ab4b-06cd464887be,MSC,Agadir,Hamburg,2026-07-26T23:24:54,2026-07-26T23:24:54,0.0,11616.6,Chemicals
2026-06-29T06:23:07,bbc8d334-22fd-4251-942c-fa04e7bef59f,Evergreen,Tanger Med,Barcelona,2026-07-23T06:23:07,2026-07-23T06:23:07,0.0,22113.1,Textiles
2026-04-01T01:51:31,5303847d-cafb-45ca-8ed4-e8c5f74cc781,Comanav,Ningbo,New York,2026-04-12T01:51:31,2026-04-12T01:51:31,0.0,4132.3,Textiles
2026-05-24T19:22:41,c373c45a-dbd5-46c2-9d78-d4e2102604fe,MSC,Tanger Med,Rotterdam,2026-05-30T19:22:41,2026-05-30T19:22:41,0.0,21031.4,Textiles
2026-08-25T02:28:58,09e29e19-b0e9-490e-9d47-96a6554de0de,Maersk,Shenzhen,Hamburg,2026-08-31T02:28:58,2026-08-31T02:28:58,0.0,24846.5,Automotive
2026-02-12T17:14:47,34d3f7c6-2756-4fd4-9e24-7265c5996503,Evergreen,Shanghai,Rotterdam,2026-03-10T17:14:47,2026-03-10T17:14:47,0.0,15076.7,Food
2026-06-08T09:14:24,076a2fcf-3001-4eeb-8f11-361fe4598f5d,COSCO,Casablanca,Marseille,2026-07-06T09:14:24,2026-07-06T09:14:24,0.0,23321.3,Electronics
2026-05-09T23:17:30,3db12a23-6bd0-42bd-ad3c-f5e93e55453d,CMA-CGM,Shanghai,Rotterdam,2026-05-25T23:17:30,2026-05-30T03:53:30,100.6,19081.8,Food
2026-03-05T13:13:31,9fdebd99-bc44-44c8-84a1-ef9b7dade93f,CMA-CGM,Tanger Med,Barcelona,2026-03-25T13:13:31,2026-03-25T13:13:31,0.0,17518.2,Textiles
2026-08-10T07:17:13,308c9ce9-3615-4dd9-ab8d-517948cf2822,Evergreen,Shenzhen,Hamburg,2026-08-28T07:17:13,2026-08-28T07:17:13,0.0,17547.8,Food
2026-06-03T08:36:59,5acca19c-74d9-42dd-bb82-fae833f7a17b,Maersk,Tanger Med,Rotterdam,2026-06-26T08:36:59,2026-06-26T08:36:59,0.0,15910.0,Electronics
2026-07-10T13:35:35,13d6ba87-985c-43a9-9e64-a3ddba51acf1,Marsa Maroc,Busan,Los Angeles,2026-08-06T13:35:35,2026-08-06T13:35:35,0.0,19810.5,Textiles
2026-03-31T07:29:54,7a7098bd-6ae1-4d38-b371-b6e4e71656b1,Evergreen,Singapore,Felixstowe,2026-04-15T07:29:54,2026-04-15T07:29:54,0.0,14591.0,Food
2026-03-31T06:48:58,dcd892d0-14da-4321-b1a7-1a5715cca330,MSC,Shenzhen,Hamburg,2026-04-24T06:48:58,2026-04-24T06:48:58,0.0,13232.8,Chemicals
2026-03-08T14:39:46,ec21c050-610e-4139-ad3d-d822138906bc,Comanav,Busan,Los Angeles,2026-03-18T14:39:46,2026-03-20T03:45:46,37.1,7617.0,Automotive
2026-03-10T10:50:31,6f9df126-ee7f-4efe-8f0f-cf9d68379547,Maersk,Tanger Med,Rotterdam,2026-03-15T10:50:31,2026-03-15T10:50:31,0.0,20019.9,Automotive
2026-06-21T04:53:00,1dc6b166-558c-4139-be26-d95d6aed2550,COSCO,Singapore,Felixstowe,2026-06-27T04:53:00,2026-06-27T04:53:00,0.0,14230.2,Automotive
2026-08-28T07:35:39,f32b8a7c-ec1e-4b4c-82ec-362ff750218f,Marsa Maroc,Tanger Med,Rotterdam,2026-09-08T07:35:39,2026-09-08T07:35:39,0.0,6733.2,Electronics
2026-03-25T02:19:16,a797fa4c-f191-468c-8c8e-bcf3df5b6483,CMA-CGM,Shanghai,Rotterdam,2026-04-15T02:19:16,2026-04-15T02:19:16,0.0,19292.3,Electronics
2026-03-21T17:53:42,de371a6d-9339-4b0c-be7c-adbb77c3e329,CMA-CGM,Shenzhen,Hamburg,2026-04-07T17:53:42,2026-04-07T17:53:42,0.0,15591.8,Electronics
2026-05-16T04:29:41,94b119da-501b-4b73-a3b3-80ddf19f4cf3,MSC,Casablanca,Marseille,2026-05-31T04:29:41,2026-06-04T20:05:41,111.6,12238.2,Chemicals
2026-04-13T16:28:50,816e0182-4410-49c0-8cc3-c951816b3d84,Marsa Maroc,Tanger Med,Rotterdam,2026-04-22T16:28:50,2026-04-22T16:28:50,0.0,15866.4,Food
2026-06-29T22:26:30,1e8ca3d5-df52-4235-8b13-e071d5bcdf85,COSCO,Shenzhen,Hamburg,2026-07-29T22:26:30,2026-08-03T14:38:30,112.2,1872.5,Food
2026-07-27T04:15:58,94fa8051-5600-426f-8a45-7bfa513c8e20,Evergreen,Shanghai,Rotterdam,2026-08-24T04:15:58,2026-08-24T04:15:58,0.0,14101.8,Electronics
2026-06-27T02:04:40,75e46f23-cdc7-45fd-98e3-ea6a1a0b616a,Evergreen,Agadir,Hamburg,2026-07-23T02:04:40,2026-07-23T02:04:40,0.0,22946.6,Textiles
2026-07-28T18:32:40,be23c779-478c-40b8-833d-19966c9b7604,MSC,Tanger Med,Barcelona,2026-08-10T18:32:40,2026-08-12T19:08:40,48.6,9693.4,Food
2026-04-06T00:15:28,194eb4e0-c37e-42f4-822e-6c430bffab5a,Evergreen,Casablanca,Marseille,2026-04-30T00:15:28,2026-04-30T00:15:28,0.0,15082.2,Textiles
2026-08-03T03:00:14,c07785f0-d6f6-4571-88d7-d6e00daff753,Marsa Maroc,Shenzhen,Hamburg,2026-08-09T03:00:14,2026-08-09T03:00:14,0.0,2626.5,Automotive
2026-03-25T10:56:54,2e318ea1-97b1-4aef-a0c9-f7092de217e6,COSCO,Shenzhen,Hamburg,2026-04-08T10:56:54,2026-04-08T10:56:54,0.0,7906.8,Electronics
2026-09-01T01:02:41,75f6d846-1b55-4894-8c40-7d8a12358c07,Comanav,Shenzhen,Hamburg,2026-09-07T01:02:41,2026-09-07T01:02:41,0.0,22877.2,Chemicals
2026-07-07T11:54:56,f64f0558-fc6c-4b7f-ae70-b9cbcd2f4716,Maersk,Ningbo,New York,2026-08-06T11:54:56,2026-08-06T11:54:56,0.0,12751.3,Automotive
2026-05-20T15:22:01,27027d70-7dde-40ca-af4b-2658b3dbf260,COSCO,Shenzhen,Hamburg,2026-06-17T15:22:01,2026-06-19T12:52:01,45.5,8519.8,Electronics
2026-03-04T16:56:16,50341e85-6eb3-4ce7-ba04-cf49e2a5b0d5,Marsa Maroc,Ningbo,New York,2026-03-13T16:56:16,2026-03-13T16:56:16,0.0,1395.5,Chemicals
2026-07-17T21:35:22,118689f5-74ab-47dc-9845-7c0c76a1902f,Maersk,Ningbo,New York,2026-07-22T21:35:22,2026-07-22T21:35:22,0.0,1578.7,Food
2026-05-05T09:06:00,d28cb86b-ef1d-4668-bd75-e127e7b853c8,CMA-CGM,Tanger Med,Barcelona,2026-05-24T09:06:00,2026-05-25T08:12:00,23.1,19271.4,Textiles
2026-07-22T04:37:47,a97c40d8-3105-4d72-98f9-c726b2f4fcbd,Evergreen,Tanger Med,Rotterdam,2026-08-20T04:37:47,2026-08-20T04:37:47,0.0,22357.3,Textiles
2026-08-06T16:51:56,4a0bf14f-1926-491f-81ab-72520909e6ca,MSC,Agadir,Hamburg,2026-08-20T16:51:56,2026-08-20T16:51:56,0.0,8319.2,Chemicals
2026-05-22T16:43:45,c8eb7d46-cf95-49fe-8955-c683af951729,CMA-CGM,Tanger Med,Barcelona,2026-05-31T16:43:45,2026-05-31T16:43:45,0.0,3304.3,Food
2026-07-11T20:28:44,b476fe4c-0cc1-4ea4-b243-9fb6741b4076,Evergreen,Ningbo,New York,2026-07-19T20:28:44,2026-07-19T20:28:44,0.0,9082.8,Textiles
2026-03-12T14:03:07,963370ee-4d5b-42e2-af92-0582991f72e8,MSC,Shanghai,Rotterdam,2026-04-08T14:03:07,2026-04-08T14:03:07,0.0,14565.0,Automotive
2026-06-27T15:48:35,bb7d52dd-2692-4289-8597-97d487c27071,CMA-CGM,Tanger Med,Barcelona,2026-07-21T15:48:35,2026-07-24T14:12:35,70.4,1742.8,Electronics
2026-07-12T07:04:57,df21c996-1d85-41e3-bcb4-a4409c047e2b,Marsa Maroc,Busan,Los Angeles,2026-07-18T07:04:57,2026-07-18T07:04:57,0.0,1818.1,Chemicals
2026-02-25T12:22:03,dd6ba9d3-2c7d-4bbf-a0b4-17e132955fcd,MSC,Singapore,Felixstowe,2026-03-24T12:22:03,2026-03-24T12:22:03,0.0,15022.5,Chemicals
2026-07-18T14:55:49,7da87c5a-1178-424a-9860-69cf175cce86,CMA-CGM,Shenzhen,Hamburg,2026-08-02T14:55:49,2026-08-02T14:55:49,0.0,17966.0,Food
2026-05-18T03:24:05,5218ca77-5462-415b-9937-d546f51f59ad,Comanav,Tanger Med,Barcelona,2026-06-16T03:24:05,2026-06-16T03:24:05,0.0,3729.0,Chemicals
2026-04-29T17:08:38,abaac6b4-e800-4828-9b9f-cbba3adbdfac,COSCO,Tanger Med,Barcelona,2026-05-13T17:08:38,2026-05-13T17:08:38,0.0,17900.3,Chemicals
2026-04-05T10:36:39,b9edb7cb-1dec-4a31-800c-edd1649c3f13,MSC,Busan,Los Angeles,2026-04-17T10:36:39,2026-04-17T10:36:39,0.0,22444.7,Textiles
2026-08-14T14:16:23,940483b8-ce81-468a-aaa2-7a9a499040dd,COSCO,Shenzhen,Hamburg,2026-08-24T14:16:23,2026-08-24T14:16:23,0.0,16796.9,Textiles
2026-03-31T14:27:29,36b14925-2163-4de1-8369-f21ad6f063b7,COSCO,Busan,Los Angeles,2026-04-05T14:27:29,2026-04-05T14:27:29,0.0,3265.7,Chemicals
2026-05-12T08:58:10,70aeed3b-6480-4337-a441-82ecaec51617,Comanav,Busan,Los Angeles,2026-05-22T08:58:10,2026-05-22T08:58:10,0.0,9041.1,Food
2026-03-01T07:03:57,8d45bb34-4203-4b78-bb41-49c43d96818b,Evergreen,Casablanca,Marseille,2026-03-09T07:03:57,2026-03-09T07:03:57,0.0,17999.7,Electronics
2026-02-23T15:25:33,ea772d9f-a506-418f-877f-416c2a21e39c,Evergreen,Shenzhen,Hamburg,2026-03-20T15:25:33,2026-03-20T15:25:33,0.0,7901.9,Chemicals
2026-06-20T12:31:50,a09e1ab2-d305-4436-81b5-44b38b298230,Evergreen,Singapore,Felixstowe,2026-07-08T12:31:50,2026-07-08T12:31:50,0.0,6470.4,Automotive
2026-05-27T14:13:35,f114ae9f-af08-4504-877b-2f0034814cae,COSCO,Busan,Los Angeles,2026-06-03T14:13:35,2026-06-03T14:13:35,0.0,20440.9,Food
2026-03-31T21:41:44,d9107bbc-8a37-40e3-b6fd-aedc4715a8ad,Comanav,Singapore,Felixstowe,2026-04-18T21:41:44,2026-04-18T21:41:44,0.0,8883.9,Automotive
2026-04-23T16:39:16,77a54f62-210d-41f1-a6a3-2b9f7adf1c11,Marsa Maroc,Casablanca,Marseille,2026-05-19T16:39:16,2026-05-19T16:39:16,0.0,23306.1,Food
2026-03-04T15:29:34,38c9d924-2032-42b6-a75d-278e0f6c88d7,Maersk,Busan,Los Angeles,2026-03-27T15:29:34,2026-03-27T15:29:34,0.0,8471.8,Electronics
2026-05-06T10:50:47,e0709be2-fbe2-453d-bccc-c092bc4be5cc,MSC,Busan,Los Angeles,2026-05-20T10:50:47,2026-05-21T06:20:47,19.5,3164.2,Food
2026-05-03T20:48:44,cb08c678-0ade-409f-bdbd-d79cab08e76f,CMA-CGM,Singapore,Felixstowe,2026-05-23T20:48:44,2026-05-23T20:48:44,0.0,2006.3,Automotive
2026-05-01T11:42:18,ae52c6ba-8b8d-4627-8295-f23e723bb20f,Evergreen,Casablanca,Marseille,2026-05-30T11:42:18,2026-05-30T11:42:18,0.0,504.5,Automotive
2026-06-14T14:23:49,36d8f7ca-7864-4177-b766-263c46d7f1c7,COSCO,Casablanca,Marseille,2026-07-06T14:23:49,2026-07-06T14:23:49,0.0,15581.5,Chemicals
2026-04-01T07:18:16,41e2b6f4-c8aa-4a0e-9558-310234971ab4,MSC,Agadir,Hamburg,2026-04-27T07:18:16,2026-04-29T03:42:16,44.4,19961.5,Textiles
2026-02-14T02:25:45,e06aeabe-997b-4f03-9fbe-8e48ee9a94f2,Marsa Maroc,Singapore,Felixstowe,2026-03-02T02:25:45,2026-03-05T05:19:45,74.9,15481.5,Food
2026-06-07T16:23:19,e16bae79-e81a-4a81-bc94-61bef188a6fb,Comanav,Singapore,Felixstowe,2026-06-16T16:23:19,2026-06-17T11:05:19,18.7,22576.4,Electronics
2026-04-04T04:35:22,cd2b544f-f606-469b-a114-1a14280ee24f,Marsa Maroc,Tanger Med,Rotterdam,2026-04-26T04:35:22,2026-04-26T04:35:22,0.0,9301.5,Textiles
2026-04-02T11:36:52,96ea5b37-a61e-4eca-936d-6800b74394ae,MSC,Tanger Med,Rotterdam,2026-04-20T11:36:52,2026-04-20T11:36:52,0.0,10159.6,Textiles
2026-05-20T08:15:59,f4b0a25f-0061-4c9b-bb05-f99e3c0c611d,COSCO,Singapore,Felixstowe,2026-06-06T08:15:59,2026-06-06T08:15:59,0.0,5674.8,Automotive
2026-04-26T18:25:51,94076075-befe-4bda-9bdc-6b78963256fd,MSC,Busan,Los Angeles,2026-05-07T18:25:51,2026-05-07T18:25:51,0.0,21161.5,Textiles
2026-03-29T16:35:16,ec0ee566-609f-4637-8100-8facec64edb8,MSC,Singapore,Felixstowe,2026-04-12T16:35:16,2026-04-16T04:59:16,84.4,3789.8,Electronics
2026-02-11T00:17:18,db3b8fc7-f029-4dde-a818-246a1cabc0f4,MSC,Tanger Med,Rotterdam,2026-03-11T00:17:18,2026-03-14T11:23:18,83.1,24386.9,Automotive
2026-03-27T04:29:42,d023fb49-0cb7-4b4b-b237-d085c258d832,MSC,Tanger Med,Barcelona,2026-04-21T04:29:42,2026-04-21T04:29:42,0.0,21573.7,Food
2026-02-24T18:30:29,518762b3-5b82-4512-a3dc-caf233ebd698,Evergreen,Singapore,Felixstowe,2026-03-06T18:30:29,2026-03-06T18:30:29,0.0,10891.1,Chemicals
2026-07-06T03:03:36,e26907c4-d46f-4626-b9a6-2b9101cd6768,CMA-CGM,Singapore,Felixstowe,2026-07-18T03:03:36,2026-07-18T03:03:36,0.0,15312.0,Food
2026-05-04T09:40:59,fb03b58a-b1ad-4089-9c62-9e0631d04fce,Comanav,Busan,Los Angeles,2026-06-01T09:40:59,2026-06-01T09:40:59,0.0,12792.4,Chemicals
2026-06-18T17:46:07,664fdc18-3632-4af2-a9a9-5083cee82377,Evergreen,Ningbo,New York,2026-07-04T17:46:07,2026-07-04T17:46:07,0.0,1427.7,Chemicals
2026-02-12T03:05:25,3327ca6c-d507-4c5f-a287-742033007fcf,Maersk,Shenzhen,Hamburg,2026-03-07T03:05:25,2026-03-07T03:05:25,0.0,17417.2,Automotive
2026-04-08T16:05:32,4efaf525-5463-4334-b659-0ed077d87809,Comanav,Ningbo,New York,2026-05-07T16:05:32,2026-05-07T16:05:32,0.0,11890.9,Electronics
2026-06-05T01:24:16,b054c85e-9520-430a-9fc9-c79491bc66f7,Evergreen,Ningbo,New York,2026-06-12T01:24:16,2026-06-12T01:24:16,0.0,15951.2,Electronics
2026-02-26T08:23:39,e50f9ec1-0541-4a18-ac22-a009a044b7b7,Comanav,Ningbo,New York,2026-03-21T08:23:39,2026-03-21T08:23:39,0.0,1793.0,Textiles
2026-04-14T05:28:30,2e2d6fa8-d1ee-44fa-9297-5cd232f019e4,Comanav,Ningbo,New York,2026-04-19T05:28:30,2026-04-19T05:28:30,0.0,13060.2,Chemicals
2026-07-26T11:38:12,1c5db22d-a497-483e-ba42-2a483100e56d,COSCO,Shenzhen,Hamburg,2026-08-11T11:38:12,2026-08-15T13:50:12,98.2,7585.6,Electronics
2026-03-15T03:17:17,20d8ad01-d2e5-42b6-88ed-8b9a2314114d,Marsa Maroc,Shanghai,Rotterdam,2026-04-14T03:17:17,2026-04-14T03:17:17,0.0,2004.7,Chemicals
2026-03-19T16:24:13,9d219c59-256d-4aec-bb2f-31d9168270e7,Evergreen,Casablanca,Marseille,2026-03-25T16:24:13,2026-03-25T16:24:13,0.0,7648.0,Food
2026-08-12T22:56:02,9d068304-8a0f-4cc2-8bc4-869a7734e317,CMA-CGM,Tanger Med,Rotterdam,2026-09-01T22:56:02,2026-09-01T22:56:02,0.0,12887.1,Textiles
2026-07-29T02:13:40,c3bc3105-8016-47ec-8dd1-42b2db40c7a5,MSC,Shanghai,Rotterdam,2026-08-22T02:13:40,2026-08-22T02:13:40,0.0,21517.5,Electronics
2026-07-09T14:26:52,cde525a4-dda3-41ee-94b1-a88216dfd1af,Evergreen,Tanger Med,Barcelona,2026-07-19T14:26:52,2026-07-23T10:14:52,91.8,16649.3,Textiles
2026-03-13T08:27:25,dddd1802-8504-40cd-b17f-282393464e7c,CMA-CGM,Casablanca,Marseille,2026-04-12T08:27:25,2026-04-12T08:27:25,0.0,12380.5,Food
2026-08-16T12:59:45,34ac969b-1da5-4827-8cc6-f6ba513d9224,CMA-CGM,Tanger Med,Rotterdam,2026-08-23T12:59:45,2026-08-26T17:17:45,76.3,20632.2,Chemicals
2026-08-26T16:07:01,5ff66166-534d-407d-b8d9-3d1a4b6e9273,Comanav,Singapore,Felixstowe,2026-09-12T16:07:01,2026-09-12T16:07:01,0.0,11284.5,Automotive
2026-04-28T00:59:36,823f256f-1179-4dec-a0a6-c6cf41d52a8c,Evergreen,Agadir,Hamburg,2026-05-26T00:59:36,2026-05-26T18:53:36,17.9,6977.7,Electronics
2026-02-26T20:11:29,d43dea76-3393-4c35-9dc4-95ea41018cf0,MSC,Tanger Med,Rotterdam,2026-03-17T20:11:29,2026-03-17T20:11:29,0.0,7883.5,Food
2026-05-31T03:23:54,1a6420fe-7dbf-4be2-a9c8-47770e601914,COSCO,Agadir,Hamburg,2026-06-26T03:23:54,2026-06-26T03:23:54,0.0,12127.4,Automotive
2026-08-07T21:15:56,38fa5321-8476-448d-80b2-08bdb11eba27,Comanav,Ningbo,New York,2026-08-25T21:15:56,2026-08-25T21:15:56,0.0,23217.0,Chemicals
2026-02-26T02:20:42,033c917d-3e24-40df-b861-bc9e763cd89b,Marsa Maroc,Singapore,Felixstowe,2026-03-13T02:20:42,2026-03-16T16:08:42,85.8,1504.9,Food
2026-03-06T14:56:01,54af5aa2-6c64-4d2c-aa63-590920abebb1,Comanav,Shenzhen,Hamburg,2026-03-24T14:56:01,2026-03-24T14:56:01,0.0,16475.6,Textiles
2026-08-21T00:26:05,5f5e7ba2-eeff-4d82-9b8f-049b87acffbe,CMA-CGM,Shenzhen,Hamburg,2026-09-03T00:26:05,2026-09-03T00:26:05,0.0,6755.9,Food
2026-07-05T23:20:38,aff58d77-2600-406b-b99e-6f5d9730e17a,COSCO,Singapore,Felixstowe,2026-08-03T23:20:38,2026-08-03T23:20:38,0.0,6424.0,Food
2026-07-29T13:09:29,d2affc2f-d6aa-490b-a5f9-00053b15dc67,Evergreen,Agadir,Hamburg,2026-08-13T13:09:29,2026-08-13T13:09:29,0.0,24833.8,Textiles
2026-03-16T22:16:37,4f0899a9-15dc-4148-be85-6a690c4bcb00,Maersk,Ningbo,New York,2026-04-11T22:16:37,2026-04-11T22:16:37,0.0,2164.8,Chemicals
2026-08-30T09:38:12,49146e49-a4b5-4f7b-a5c4-017ce0cf9706,Evergreen,Tanger Med,Barcelona,2026-09-07T09:38:12,2026-09-07T09:38:12,0.0,9112.2,Textiles
2026-08-14T06:18:02,509e56f8-bc75-47c9-8e32-f0c8230c7d78,MSC,Shanghai,Rotterdam,2026-08-20T06:18:02,2026-08-20T06:18:02,0.0,2752.6,Food
2026-03-04T12:58:59,aaf5a995-4fc0-436a-86ea-43a781c2ee3e,Evergreen,Agadir,Hamburg,2026-03-29T12:58:59,2026-03-29T12:58:59,0.0,23966.0,Electronics
2026-03-06T09:01:18,525f1f16-81e0-40d1-a9d4-88d41ecb4898,COSCO,Casablanca,Marseille,2026-04-01T09:01:18,2026-04-01T09:01:18,0.0,16373.7,Automotive
2026-06-24T02:17:59,295a41f5-054f-4d08-bad0-b73914ee85ff,Marsa Maroc,Tanger Med,Barcelona,2026-07-04T02:17:59,2026-07-04T02:17:59,0.0,11940.4,Electronics
2026-03-29T14:34:17,2b67c227-c960-4453-b524-84b80e2d40a2,CMA-CGM,Busan,Los Angeles,2026-04-27T14:34:17,2026-04-27T14:34:17,0.0,22633.1,Textiles
2026-02-25T12:12:10,74c4a4b6-4028-4900-9d66-5cb3ac1bf4c3,MSC,Shanghai,Rotterdam,2026-03-26T12:12:10,2026-03-26T12:12:10,0.0,19539.1,Chemicals
2026-04-13T00:11:27,4cbec0f7-7fbf-4c52-87b3-1ff4fd004a0b,CMA-CGM,Singapore,Felixstowe,2026-04-19T00:11:27,2026-04-19T00:11:27,0.0,20413.6,Automotive
2026-05-26T19:20:05,3082188a-0948-414f-971b-584aea21f2f4,Maersk,Busan,Los Angeles,2026-06-15T19:20:05,2026-06-17T05:02:05,33.7,10119.5,Chemicals
2026-06-13T06:56:52,6097240f-42e4-49e0-8129-47c4892afbfc,MSC,Tanger Med,Barcelona,2026-07-05T06:56:52,2026-07-05T06:56:52,0.0,5850.5,Electronics
2026-07-13T22:17:10,fc770403-2fb0-45eb-8820-33789087bc44,Marsa Maroc,Busan,Los Angeles,2026-07-26T22:17:10,2026-07-26T22:17:10,0.0,2286.5,Food
2026-06-04T12:38:46,574c02b2-dee4-4103-aad0-510e0722dc4c,Comanav,Shanghai,Rotterdam,2026-06-23T12:38:46,2026-06-23T12:38:46,0.0,12693.7,Electronics
2026-08-07T04:56:03,2ac214a3-d187-48de-943e-6d612c73d197,Marsa Maroc,Tanger Med,Rotterdam,2026-08-24T04:56:03,2026-08-24T04:56:03,0.0,17651.4,Chemicals
2026-08-17T08:04:39,4377b5f4-674b-4a4b-b7c3-0a0c93ab2542,Evergreen,Tanger Med,Rotterdam,2026-09-13T08:04:39,2026-09-16T01:04:39,65.0,11183.4,Electronics
2026-08-10T01:44:54,3bb53a93-b60b-4ede-9a4b-f74c14b3efa8,MSC,Ningbo,New York,2026-08-15T01:44:54,2026-08-15T01:44:54,0.0,17386.9,Chemicals
2026-03-17T12:24:36,ea0f7b8a-e3ef-4cfc-b293-73da5c66e446,Evergreen,Tanger Med,Barcelona,2026-04-08T12:24:36,2026-04-10T15:12:36,50.8,17205.0,Chemicals
2026-03-20T10:24:59,8eab0b15-176f-457a-9030-9c52f284fa6a,Marsa Maroc,Tanger Med,Rotterdam,2026-04-14T10:24:59,2026-04-14T10:24:59,0.0,13598.3,Textiles
2026-05-04T12:09:36,698f7ad5-ee17-4459-bada-6d9573106322,Comanav,Tanger Med,Barcelona,2026-05-23T12:09:36,2026-05-23T12:09:36,0.0,7604.0,Automotive
2026-08-09T00:32:32,c8b867eb-1b2d-4fdf-98ef-cf0d309c0392,Evergreen,Casablanca,Marseille,2026-08-15T00:32:32,2026-08-18T11:56:32,83.4,7822.3,Chemicals
2026-07-27T08:47:48,766fd099-d99e-474d-a3d2-a860eca0e8eb,Marsa Maroc,Tanger Med,Barcelona,2026-08-23T08:47:48,2026-08-23T08:47:48,0.0,2579.1,Chemicals
2026-05-22T17:42:52,7ed25fc4-ac80-4fa7-8573-154ed89ec520,MSC,Agadir,Hamburg,2026-05-28T17:42:52,2026-05-28T17:42:52,0.0,18133.6,Food
2026-07-22T17:01:19,aea02ffa-9c34-4242-be42-1da15b8bf3f3,COSCO,Agadir,Hamburg,2026-08-08T17:01:19,2026-08-08T17:01:19,0.0,13743.5,Textiles
2026-06-10T15:04:17,48a0e47a-23a5-4432-9270-1333f012195a,Evergreen,Busan,Los Angeles,2026-07-10T15:04:17,2026-07-10T15:04:17,0.0,24897.9,Electronics
2026-08-09T02:54:58,46bc04f7-13e3-46f9-9864-f9921c7901c1,Maersk,Shenzhen,Hamburg,2026-08-24T02:54:58,2026-08-24T02:54:58,0.0,1549.0,Electronics
2026-07-08T20:26:04,0b917b01-0a57-4bab-a075-3d2b8fe49303,Comanav,Agadir,Hamburg,2026-08-02T20:26:04,2026-08-02T20:26:04,0.0,11730.1,Food
2026-07-17T13:18:16,7e63d79c-a832-4e84-abf3-7d61347892d9,Marsa Maroc,Casablanca,Marseille,2026-08-09T13:18:16,2026-08-09T13:18:16,0.0,2264.8,Automotive
2026-04-01T22:15:51,4e67db3b-62be-42e5-b303-d1a23d646c18,Marsa Maroc,Busan,Los Angeles,2026-04-06T22:15:51,2026-04-06T22:15:51,0.0,22991.5,Electronics
2026-06-05T09:09:42,37b18cf3-81f6-41e4-be7e-7a5a07cc609c,Marsa Maroc,Agadir,Hamburg,2026-06-30T09:09:42,2026-06-30T09:09:42,0.0,4720.1,Electronics
2026-07-14T17:43:43,38f2d864-57fa-48b3-a7c7-38f392dee6af,Comanav,Shanghai,Rotterdam,2026-08-13T17:43:43,2026-08-13T17:43:43,0.0,15475.0,Food
2026-06-22T08:55:50,5d3f919a-73fd-4f5f-b7dc-69cd921898e1,Comanav,Tanger Med,Barcelona,2026-06-30T08:55:50,2026-06-30T08:55:50,0.0,15076.9,Food
2026-05-08T23:44:42,6fb4cd00-fee2-4924-8d8e-4747c613a651,Maersk,Agadir,Hamburg,2026-06-07T23:44:42,2026-06-07T23:44:42,0.0,8764.9,Chemicals
2026-06-28T08:44:18,9672700c-22dd-456c-aa73-b5e5681613e9,Maersk,Shenzhen,Hamburg,2026-07-24T08:44:18,2026-07-24T08:44:18,0.0,3864.6,Automotive
2026-04-19T06:41:52,65b41f52-5260-4daf-ac14-55d859a8e841,Evergreen,Tanger Med,Rotterdam,2026-04-29T06:41:52,2026-04-29T06:41:52,0.0,3458.3,Automotive
2026-08-05T04:29:49,34753680-a2a6-461c-ab72-64bfe74eac1c,MSC,Singapore,Felixstowe,2026-09-01T04:29:49,2026-09-01T04:29:49,0.0,4542.7,Automotive
2026-03-19T01:43:40,1f36fd59-a7a2-4f36-8a39-90c1387b9cb4,MSC,Tanger Med,Rotterdam,2026-03-27T01:43:40,2026-03-27T01:43:40,0.0,15988.8,Chemicals
2026-03-16T10:16:35,44fb676d-90ef-4fa2-99d0-be537cfd0ef6,Maersk,Casablanca,Marseille,2026-04-05T10:16:35,2026-04-05T10:16:35,0.0,677.0,Electronics
2026-03-07T03:39:12,aef2b62a-af9c-4ce8-a8f7-3a7115642994,COSCO,Shanghai,Rotterdam,2026-04-03T03:39:12,2026-04-07T03:03:12,95.4,17462.8,Automotive
2026-03-24T04:58:03,27da7901-8519-4c6f-8346-1b019c9f1314,Marsa Maroc,Casablanca,Marseille,2026-04-06T04:58:03,2026-04-06T04:58:03,0.0,10594.8,Automotive
2026-08-05T17:22:51,3ca01adb-8102-4eb5-80c5-9f394a9fc73a,Evergreen,Tanger Med,Rotterdam,2026-08-15T17:22:51,2026-08-15T17:22:51,0.0,15495.2,Electronics
2026-03-20T12:02:44,173843b5-b5cf-4de0-ab8b-359549602241,CMA-CGM,Shanghai,Rotterdam,2026-04-07T12:02:44,2026-04-07T12:02:44,0.0,6273.2,Electronics
2026-06-29T17:19:13,32e5d063-2fec-4aba-91cf-7951a689fbaa,Maersk,Ningbo,New York,2026-07-23T17:19:13,2026-07-23T17:19:13,0.0,19147.6,Food
2026-04-01T12:45:50,7985710f-bea0-4db6-b4f5-a1bdd2ce38fe,MSC,Ningbo,New York,2026-04-20T12:45:50,2026-04-20T12:45:50,0.0,16653.5,Textiles
2026-03-16T07:03:47,7b551e6f-54fa-4a9e-81e4-d030da5b0b90,MSC,Tanger Med,Rotterdam,2026-03-24T07:03:47,2026-03-24T07:03:47,0.0,17288.5,Chemicals
2026-06-27T00:31:23,ece490ab-465d-469e-aa55-59f8d6bab7c8,MSC,Busan,Los Angeles,2026-07-07T00:31:23,2026-07-07T00:31:23,0.0,1556.3,Textiles
2026-03-30T11:16:41,fc6e058e-ea9e-4963-8f97-ccd36fdc4bf9,MSC,Shanghai,Rotterdam,2026-04-17T11:16:41,2026-04-17T11:16:41,0.0,15612.1,Chemicals
2026-07-10T13:00:50,8a8f87b5-e6c2-4b2d-81f0-b92af7100da8,Maersk,Tanger Med,Rotterdam,2026-08-07T13:00:50,2026-08-07T13:00:50,0.0,13665.3,Automotive
2026-06-25T07:46:22,1e3173ab-447a-4779-b0c2-c5299a7d76bd,COSCO,Tanger Med,Rotterdam,2026-07-16T07:46:22,2026-07-16T07:46:22,0.0,22429.4,Chemicals
2026-08-01T06:03:25,43534989-88ee-4f52-9658-a80c6ffc2ec7,COSCO,Shenzhen,Hamburg,2026-08-12T06:03:25,2026-08-12T06:03:25,0.0,22510.1,Automotive
2026-03-08T23:30:43,a15af09b-3514-4f90-8efe-f08de1f8fa69,CMA-CGM,Tanger Med,Barcelona,2026-03-20T23:30:43,2026-03-20T23:30:43,0.0,18574.8,Automotive
2026-06-13T16:54:01,f30052e5-e484-40bc-9f64-dba429c57ed8,MSC,Singapore,Felixstowe,2026-06-20T16:54:01,2026-06-20T16:54:01,0.0,12368.0,Chemicals
2026-06-06T08:14:05,8357f6e5-9843-4403-9fa3-aed8968df649,MSC,Casablanca,Marseille,2026-06-30T08:14:05,2026-06-30T08:14:05,0.0,9989.6,Automotive
2026-07-04T13:34:48,5775b1f8-be7a-4737-80ff-38fff63e5df8,Marsa Maroc,Busan,Los Angeles,2026-07-15T13:34:48,2026-07-15T13:34:48,0.0,24401.1,Automotive
2026-04-04T05:37:38,f1b222ab-2f18-4e90-a6e9-8f57ed947ae3,MSC,Shenzhen,Hamburg,2026-04-10T05:37:38,2026-04-10T05:37:38,0.0,1961.5,Automotive
2026-08-26T01:25:39,1f4b8f52-779b-44f2-a798-5625e40e6572,Comanav,Tanger Med,Barcelona,2026-09-14T01:25:39,2026-09-14T01:25:39,0.0,4694.4,Textiles
2026-04-28T14:52:09,32e3033d-5c4e-4b7e-b569-6347535e2cf2,CMA-CGM,Agadir,Hamburg,2026-05-22T14:52:09,2026-05-22T14:52:09,0.0,19966.9,Food
2026-04-08T02:11:23,5c73768a-cf11-47ac-9515-7fccf4c799ba,Evergreen,Casablanca,Marseille,2026-04-30T02:11:23,2026-04-30T23:29:23,21.3,21495.9,Chemicals
2026-08-15T06:19:51,133738bb-0fca-446b-a98b-90b7a17240bd,Evergreen,Agadir,Hamburg,2026-09-04T06:19:51,2026-09-06T00:31:51,42.2,18385.4,Automotive
2026-05-09T02:06:49,f4ffd5ec-2d39-448a-b615-095249639189,CMA-CGM,Agadir,Hamburg,2026-05-27T02:06:49,2026-05-27T02:06:49,0.0,22349.7,Food
2026-04-07T00:40:06,d9dc53ae-cef4-43d6-88b3-31a01b67e1c8,Evergreen,Casablanca,Marseille,2026-04-12T00:40:06,2026-04-12T00:40:06,0.0,1583.5,Chemicals
2026-06-26T23:17:56,c9c455bc-ef99-4901-b9e1-c64b29f51e65,Maersk,Ningbo,New York,2026-07-14T23:17:56,2026-07-14T23:17:56,0.0,12242.1,Electronics
2026-07-09T17:55:02,ffceb852-ff58-410e-898e-f4bb4ec4f0e8,COSCO,Busan,Los Angeles,2026-07-21T17:55:02,2026-07-21T17:55:02,0.0,18950.4,Chemicals
2026-03-29T14:48:31,b3367f1e-31d5-4a80-bf43-be78d6a46a0f,MSC,Agadir,Hamburg,2026-04-14T14:48:31,2026-04-14T14:48:31,0.0,16367.2,Electronics
2026-05-22T04:26:38,33eb65be-f2f7-4866-8e38-fca852041056,COSCO,Tanger Med,Rotterdam,2026-06-17T04:26:38,2026-06-17T04:26:38,0.0,17731.0,Food
2026-05-08T19:57:19,2353a310-4708-4571-9e24-0ae51d41197d,COSCO,Tanger Med,Rotterdam,2026-05-27T19:57:19,2026-05-27T19:57:19,0.0,21917.9,Chemicals
2026-07-29T15:37:03,fcc46d3d-2191-4a66-b8d0-8abb1228bbdc,Comanav,Casablanca,Marseille,2026-08-14T15:37:03,2026-08-14T15:37:03,0.0,17745.6,Electronics
2026-02-12T04:42:12,c0c97cfe-0662-4915-85bc-291393134a7b,COSCO,Tanger Med,Barcelona,2026-03-11T04:42:12,2026-03-11T04:42:12,0.0,1301.5,Chemicals
2026-05-19T20:47:36,64f9daa7-3160-4295-b51d-c43995180aac,Marsa Maroc,Shanghai,Rotterdam,2026-06-12T20:47:36,2026-06-12T20:47:36,0.0,19964.7,Electronics
2026-03-06T05:51:47,ae7076cf-7567-4abc-8926-b3ae87d08755,Marsa Maroc,Shenzhen,Hamburg,2026-03-12T05:51:47,2026-03-12T05:51:47,0.0,22795.1,Textiles
2026-04-23T01:35:58,74a3d21a-cd02-463e-a460-424dd6d5c4a6,Maersk,Tanger Med,Rotterdam,2026-05-10T01:35:58,2026-05-10T01:35:58,0.0,15668.8,Textiles
2026-05-21T03:03:52,1c9f5e9c-188d-4177-ad90-c89ed48303d7,MSC,Shenzhen,Hamburg,2026-06-15T03:03:52,2026-06-15T03:03:52,0.0,2141.6,Automotive
2026-06-16T23:56:45,79bc3e97-15bb-4325-accd-60a1a6e3cf45,CMA-CGM,Casablanca,Marseille,2026-06-28T23:56:45,2026-06-28T23:56:45,0.0,16401.4,Food
2026-06-12T23:23:43,c6202276-dfec-436b-b592-8b9bc424e0bb,Comanav,Agadir,Hamburg,2026-07-10T23:23:43,2026-07-10T23:23:43,0.0,8351.4,Textiles
2026-06-27T07:46:31,b26e95d4-f88f-4a11-952e-3b0506bf4e0b,Marsa Maroc,Ningbo,New York,2026-07-15T07:46:31,2026-07-15T07:46:31,0.0,2052.5,Textiles
2026-02-10T08:54:36,b055f47c-eac2-4efd-916e-c42927fa107d,COSCO,Busan,Los Angeles,2026-03-03T08:54:36,2026-03-03T08:54:36,0.0,3506.4,Food
2026-04-21T10:49:20,b5a4594e-5d90-4061-937f-fa9e90fd5f45,CMA-CGM,Ningbo,New York,2026-05-10T10:49:20,2026-05-10T10:49:20,0.0,20097.6,Electronics
2026-04-18T15:12:02,e5b81022-476c-49ca-9f9e-4cec245a6b6d,COSCO,Agadir,Hamburg,2026-04-25T15:12:02,2026-04-25T15:12:02,0.0,22499.7,Textiles
2026-07-24T15:34:51,5b8b60d2-3b5f-48a1-a58d-a61ff02c3c97,Maersk,Tanger Med,Barcelona,2026-08-03T15:34:51,2026-08-03T15:34:51,0.0,17578.5,Chemicals
2026-03-17T00:34:59,eb1de68e-f312-463e-8869-3455d635e4f4,Comanav,Casablanca,Marseille,2026-03-28T00:34:59,2026-03-28T00:34:59,0.0,15868.3,Textiles
2026-04-03T02:22:03,3c5a129c-a212-4006-9e96-7c5e9c4fd829,Marsa Maroc,Singapore,Felixstowe,2026-04-25T02:22:03,2026-04-27T17:34:03,63.2,10793.2,Electronics
2026-03-05T21:44:41,b8f4a409-da47-49b5-ba40-1d42656ab6a4,MSC,Shanghai,Rotterdam,2026-03-12T21:44:41,2026-03-12T21:44:41,0.0,20148.7,Food
2026-03-13T15:14:36,47abf336-d565-4f7b-a07a-272ffa6ef518,COSCO,Shenzhen,Hamburg,2026-04-05T15:14:36,2026-04-05T15:14:36,0.0,16328.3,Textiles
2026-04-27T13:11:01,26ccaa75-4f6b-4d60-84da-4faaecd03b70,Evergreen,Busan,Los Angeles,2026-05-23T13:11:01,2026-05-23T13:11:01,0.0,21126.7,Chemicals
2026-07-02T02:23:09,12a905be-a078-448d-a8bc-92c463f9213f,CMA-CGM,Busan,Los Angeles,2026-07-25T02:23:09,2026-07-25T02:23:09,0.0,19839.0,Automotive
2026-07-22T01:07:20,cded73e7-90ea-4f23-ace9-4437e9c37b0c,MSC,Shanghai,Rotterdam,2026-08-11T01:07:20,2026-08-11T01:07:20,0.0,7559.6,Electronics
2026-08-10T04:17:06,28bb1c23-dc8f-418c-9728-b8084cf172f7,CMA-CGM,Casablanca,Marseille,2026-08-24T04:17:06,2026-08-24T04:17:06,0.0,4575.9,Automotive
2026-07-01T09:22:51,2fa83b74-7e1a-42a0-bc07-cfa4ea872e69,CMA-CGM,Ningbo,New York,2026-07-11T09:22:51,2026-07-15T15:58:51,102.6,17475.1,Automotive
2026-04-23T03:09:38,b2f04cf5-273e-4df2-bb30-1d444c177195,MSC,Casablanca,Marseille,2026-05-01T03:09:38,2026-05-01T03:09:38,0.0,8257.3,Automotive
2026-07-06T17:08:41,0a522185-516d-49aa-b900-f062d9bd767b,CMA-CGM,Busan,Los Angeles,2026-07-22T17:08:41,2026-07-22T17:08:41,0.0,14280.9,Electronics
2026-06-21T00:40:14,46c4d994-e633-4c34-bfbd-9257f07584e7,CMA-CGM,Shenzhen,Hamburg,2026-06-30T00:40:14,2026-06-30T00:40:14,0.0,13726.7,Automotive
2026-06-26T23:28:03,aec82bb2-f766-44db-a186-f7c1e379e84a,CMA-CGM,Ningbo,New York,2026-07-04T23:28:03,2026-07-07T07:10:03,55.7,12735.7,Automotive
2026-03-24T23:51:25,b583a559-71e8-4b1d-b8c8-3a26979d106c,CMA-CGM,Busan,Los Angeles,2026-04-02T23:51:25,2026-04-02T23:51:25,0.0,18593.1,Food
2026-02-22T10:20:59,9b0d12d0-db70-4699-8084-e20b65e2b003,Marsa Maroc,Shenzhen,Hamburg,2026-03-21T10:20:59,2026-03-21T10:20:59,0.0,22451.4,Food
2026-04-07T10:06:35,0d125222-3312-4c6b-8665-41892b67c2e2,Comanav,Casablanca,Marseille,2026-04-30T10:06:35,2026-04-30T10:06:35,0.0,23096.2,Textiles
2026-04-11T03:09:59,7e873af4-144b-42fd-9f83-a2b0ebc3c9ed,Marsa Maroc,Tanger Med,Barcelona,2026-05-01T03:09:59,2026-05-02T06:15:59,27.1,13998.5,Textiles
2026-02-24T07:49:12,ed91fa7a-67a1-4cc2-9bcf-aadc00736368,COSCO,Tanger Med,Rotterdam,2026-03-20T07:49:12,2026-03-22T20:01:12,60.2,2765.8,Electronics
2026-03-11T16:23:41,fe01ed79-6285-4cc8-8dee-afb33f452387,Evergreen,Agadir,Hamburg,2026-04-01T16:23:41,2026-04-01T16:23:41,0.0,23423.8,Textiles
2026-06-07T16:10:56,eafab28e-1a9a-448f-bfb8-cb8d5005cfb9,Maersk,Agadir,Hamburg,2026-06-14T16:10:56,2026-06-14T16:10:56,0.0,11413.7,Electronics
2026-08-09T02:06:44,55db853d-eae7-484a-8ac4-1e199c3f6c9a,COSCO,Ningbo,New York,2026-08-20T02:06:44,2026-08-20T02:06:44,0.0,15277.7,Food
2026-07-27T16:06:14,617d8682-d405-429e-abf2-ce98626def13,Marsa Maroc,Tanger Med,Rotterdam,2026-08-12T16:06:14,2026-08-12T16:06:14,0.0,18041.1,Chemicals
2026-08-20T14:41:42,8acc39f6-e30e-4ae1-b62e-1df56af051a4,COSCO,Shenzhen,Hamburg,2026-09-05T14:41:42,2026-09-05T14:41:42,0.0,8950.5,Textiles
2026-07-28T16:09:01,bbef372e-7da7-4ec7-9dc0-b5b0538a083d,Comanav,Busan,Los Angeles,2026-08-19T16:09:01,2026-08-19T16:09:01,0.0,18332.4,Chemicals
2026-07-20T20:28:20,423a603e-7f30-4f2c-9014-3cf79a735c45,Comanav,Singapore,Felixstowe,2026-08-08T20:28:20,2026-08-08T20:28:20,0.0,20239.0,Chemicals
2026-05-23T02:05:58,b3259955-e59e-464a-884a-5d9fca88f163,MSC,Singapore,Felixstowe,2026-06-15T02:05:58,2026-06-15T02:05:58,0.0,4019.2,Textiles
2026-05-02T17:14:54,0225cc0b-026f-40eb-b9f7-95ee1b6d029a,Comanav,Busan,Los Angeles,2026-05-23T17:14:54,2026-05-24T12:20:54,19.1,24022.3,Chemicals
2026-03-27T04:51:21,7b709b1c-b75c-45aa-b7a3-3aae3d022fec,Maersk,Tanger Med,Barcelona,2026-04-14T04:51:21,2026-04-14T04:51:21,0.0,7196.6,Automotive
2026-06-16T01:14:39,2c011ee7-d289-465e-982d-df212dcd9ece,COSCO,Ningbo,New York,2026-07-13T01:14:39,2026-07-13T01:14:39,0.0,22914.4,Automotive
2026-07-28T23:05:07,ef8b6862-2632-4a0b-a7bf-1ed8aaa49bf4,Comanav,Casablanca,Marseille,2026-08-14T23:05:07,2026-08-14T23:05:07,0.0,12519.3,Textiles
2026-03-22T01:34:03,0bcea1ca-75eb-464e-8557-675e787315f9,COSCO,Shanghai,Rotterdam,2026-04-13T01:34:03,2026-04-13T01:34:03,0.0,6000.7,Electronics
2026-06-05T00:02:54,9e9a7cc8-67a6-4a9a-9811-61384fd9feda,CMA-CGM,Casablanca,Marseille,2026-06-19T00:02:54,2026-06-23T06:08:54,102.1,12077.3,Textiles
2026-08-16T23:44:45,fff290f8-4bd0-424a-97c1-167f0f6e3744,MSC,Singapore,Felixstowe,2026-09-05T23:44:45,2026-09-09T09:20:45,81.6,1196.8,Textiles
2026-06-04T18:40:37,76a2d52f-890a-41c4-bc6e-2d06bc13f406,Maersk,Busan,Los Angeles,2026-06-28T18:40:37,2026-06-28T18:40:37,0.0,14736.1,Food
2026-03-05T15:19:13,b9427766-d618-4d7b-87da-6f943b4dff00,Comanav,Singapore,Felixstowe,2026-03-18T15:19:13,2026-03-18T15:19:13,0.0,12163.0,Electronics
2026-04-27T15:22:50,8ae1c661-5f63-4c55-98be-84c6b5b8da29,Evergreen,Shenzhen,Hamburg,2026-05-25T15:22:50,2026-05-25T15:22:50,0.0,21209.4,Automotive
2026-07-17T12:07:18,55528de6-2961-4fc2-9cd2-2ef21a5c22b5,MSC,Tanger Med,Rotterdam,2026-08-01T12:07:18,2026-08-01T12:07:18,0.0,17485.4,Textiles
2026-03-09T06:36:17,9dd315ae-e93a-4c95-9436-90e2cf29ca34,Maersk,Casablanca,Marseille,2026-03-22T06:36:17,2026-03-22T06:36:17,0.0,16088.1,Textiles
2026-02-17T23:38:55,94121b7e-29d0-4ec9-bb79-3008cf62f33d,CMA-CGM,Tanger Med,Rotterdam,2026-03-03T23:38:55,2026-03-03T23:38:55,0.0,23439.8,Food
2026-04-24T09:21:41,e1928514-1701-44c0-b66d-562804b0152b,Comanav,Agadir,Hamburg,2026-05-19T09:21:41,2026-05-19T09:21:41,0.0,2815.5,Automotive
2026-06-11T01:25:55,841b49e7-1319-4625-88fd-abda0d1adcaa,CMA-CGM,Ningbo,New York,2026-06-26T01:25:55,2026-06-26T01:25:55,0.0,17281.7,Textiles
2026-04-25T00:50:36,2beca776-f75d-4111-80a8-e0e9c5163602,Marsa Maroc,Shanghai,Rotterdam,2026-05-22T00:50:36,2026-05-22T00:50:36,0.0,2847.9,Food
2026-04-14T07:07:15,c8e88b50-c930-4542-8781-fac9df8c7fda,Comanav,Shenzhen,Hamburg,2026-04-23T07:07:15,2026-04-23T07:07:15,0.0,13195.2,Textiles
2026-05-24T05:36:51,a72f9915-0df9-4508-acb7-85e6ba1da445,COSCO,Busan,Los Angeles,2026-06-08T05:36:51,2026-06-09T11:12:51,29.6,5838.0,Food
2026-06-10T09:50:34,ff93f4a5-3048-4787-93db-120a2018970a,Comanav,Agadir,Hamburg,2026-06-21T09:50:34,2026-06-24T10:08:34,72.3,17396.5,Food
2026-06-14T10:19:19,7a7783f7-8c15-4227-8d2b-7556cb1150ec,Marsa Maroc,Ningbo,New York,2026-07-06T10:19:19,2026-07-06T10:19:19,0.0,20163.2,Chemicals
2026-04-08T14:20:06,3a8b3f7e-88a5-4618-950a-bd853c096b54,Maersk,Busan,Los Angeles,2026-04-16T14:20:06,2026-04-16T14:20:06,0.0,23123.5,Chemicals
2026-02-05T00:02:52,16bac29b-fdb4-467e-99c1-51e42c3c1d7c,CMA-CGM,Shenzhen,Hamburg,2026-03-04T00:02:52,2026-03-04T00:02:52,0.0,20517.4,Food
2026-08-26T03:58:02,403e4483-043d-4d05-8e57-9a0a614bae55,Comanav,Ningbo,New York,2026-09-10T03:58:02,2026-09-10T03:58:02,0.0,7964.8,Electronics
2026-07-19T05:59:44,b68da73e-7e64-4070-aebc-953b03a61cf2,MSC,Agadir,Hamburg,2026-08-15T05:59:44,2026-08-15T05:59:44,0.0,6051.1,Automotive
2026-05-01T05:35:39,1d9f8ad6-b9e4-4f60-95ff-cad5ed096a39,MSC,Agadir,Hamburg,2026-05-08T05:35:39,2026-05-08T05:35:39,0.0,19194.1,Electronics
2026-03-22T04:05:52,2de3de92-8bcc-4294-8397-fe0a4a508f10,Maersk,Tanger Med,Barcelona,2026-04-20T04:05:52,2026-04-20T04:05:52,0.0,11065.6,Automotive
2026-06-26T15:47:24,299871e4-a52e-46fa-8377-76400627c05c,Maersk,Tanger Med,Barcelona,2026-07-26T15:47:24,2026-07-26T15:47:24,0.0,15032.8,Chemicals
2026-05-23T08:47:14,e9ba4c78-fdfd-45c7-a22a-431f0f44b205,CMA-CGM,Tanger Med,Barcelona,2026-05-29T08:47:14,2026-05-29T08:47:14,0.0,16855.9,Electronics
2026-08-31T06:46:58,7eaa6df6-b404-4a37-bdfc-447f8a24854b,Evergreen,Tanger Med,Barcelona,2026-09-11T06:46:58,2026-09-11T06:46:58,0.0,5400.6,Textiles
2026-07-07T13:04:38,45aee1fc-971f-4b15-9b92-911139c79708,Maersk,Tanger Med,Rotterdam,2026-07-16T13:04:38,2026-07-16T13:04:38,0.0,23575.2,Food
2026-03-18T23:47:32,11b9844c-3ff1-4abd-ad69-8b029af27550,CMA-CGM,Shenzhen,Hamburg,2026-03-28T23:47:32,2026-04-02T00:05:32,96.3,15517.4,Food
2026-07-10T04:58:17,84b0b2e6-7f19-44ce-acd1-3c3f8a60b80d,Maersk,Tanger Med,Barcelona,2026-08-02T04:58:17,2026-08-02T04:58:17,0.0,13456.5,Automotive
2026-02-16T10:17:08,140a4c7a-93cb-4dd4-9cb1-42ae44cadd3a,MSC,Shanghai,Rotterdam,2026-03-17T10:17:08,2026-03-17T10:17:08,0.0,24352.7,Electronics
2026-07-21T09:51:40,e370eea0-05dc-420e-8d45-96baf372a9af,Evergreen,Agadir,Hamburg,2026-08-17T09:51:40,2026-08-17T09:51:40,0.0,17604.3,Automotive
2026-02-28T06:41:01,ef5b431a-7315-4369-9abf-7834cdf21e54,Marsa Maroc,Busan,Los Angeles,2026-03-08T06:41:01,2026-03-08T06:41:01,0.0,9193.1,Chemicals
2026-08-05T13:13:12,de50bc7e-eca6-42f7-aa5f-27b03e17c27e,MSC,Singapore,Felixstowe,2026-08-26T13:13:12,2026-08-26T13:13:12,0.0,3264.7,Textiles
2026-03-23T05:43:55,fec4128b-3036-40df-80c9-7f02aed8a0a1,COSCO,Tanger Med,Barcelona,2026-03-31T05:43:55,2026-03-31T05:43:55,0.0,12647.5,Textiles
2026-06-02T13:56:11,d8aadab0-260b-435e-93cb-9a4731662dfb,Evergreen,Shanghai,Rotterdam,2026-06-30T13:56:11,2026-06-30T13:56:11,0.0,8538.8,Electronics
2026-07-26T17:13:10,5ff2e5dd-b1a7-4dc4-9671-7024203e49f5,CMA-CGM,Singapore,Felixstowe,2026-08-14T17:13:10,2026-08-14T17:13:10,0.0,8144.2,Chemicals
2026-07-18T01:29:40,e3fd03a0-db99-4cd0-8290-84c48d4d88a6,Evergreen,Agadir,Hamburg,2026-08-05T01:29:40,2026-08-05T01:29:40,0.0,21456.5,Automotive
2026-07-11T05:11:23,e67af0f6-c61e-4b00-b547-a708e88d4323,Comanav,Tanger Med,Barcelona,2026-08-10T05:11:23,2026-08-10T05:11:23,0.0,17138.7,Automotive
2026-06-01T10:28:38,eb7ac732-7787-4649-ab20-af60e59b2bfe,Marsa Maroc,Tanger Med,Rotterdam,2026-06-21T10:28:38,2026-06-21T10:28:38,0.0,10211.1,Food
2026-04-05T17:29:37,eba1e1b4-bd3c-41b9-819b-72b091db5ba2,Maersk,Tanger Med,Barcelona,2026-04-14T17:29:37,2026-04-14T17:29:37,0.0,17528.4,Electronics
2026-07-20T07:10:29,3897bce4-252c-4f29-9399-dc59097ae7c3,Maersk,Casablanca,Marseille,2026-08-05T07:10:29,2026-08-07T07:46:29,48.6,15076.5,Chemicals
2026-02-19T02:23:49,b9cb49df-ce1b-42e2-98ba-6ea9b03c4a53,MSC,Tanger Med,Barcelona,2026-03-09T02:23:49,2026-03-09T02:23:49,0.0,7323.7,Food
2026-06-05T03:03:31,52f577c0-dba3-4db1-89ad-7028d7a08a7d,Comanav,Shanghai,Rotterdam,2026-07-05T03:03:31,2026-07-09T20:57:31,113.9,9224.4,Food
2026-04-15T17:58:26,2fbe0e50-fec4-4871-a5da-d53675d1456b,COSCO,Singapore,Felixstowe,2026-05-06T17:58:26,2026-05-06T17:58:26,0.0,19316.0,Electronics
2026-08-06T16:24:50,8298a185-d206-4556-a974-cc2b72397ce3,CMA-CGM,Tanger Med,Barcelona,2026-08-26T16:24:50,2026-08-26T16:24:50,0.0,15895.1,Automotive
2026-06-21T12:42:41,e74ad757-2f58-4848-bd9f-f9c86dd44c6b,Maersk,Tanger Med,Rotterdam,2026-07-19T12:42:41,2026-07-19T12:42:41,0.0,2171.6,Electronics
2026-03-11T05:25:48,d93a4761-2b58-4e87-b394-a3baaae791e0,COSCO,Casablanca,Marseille,2026-04-04T05:25:48,2026-04-04T05:25:48,0.0,4242.0,Food
2026-08-10T14:26:55,c610861b-11cd-4c60-afc8-c39cca964dc8,Comanav,Tanger Med,Barcelona,2026-08-17T14:26:55,2026-08-17T14:26:55,0.0,13238.7,Chemicals
2026-03-28T02:42:57,2606d932-8d89-41f9-a2e2-c112f6305a46,MSC,Busan,Los Angeles,2026-04-11T02:42:57,2026-04-11T02:42:57,0.0,12511.1,Textiles
2026-05-04T11:52:26,41d83c13-7f7f-438d-9744-c0fa7a24839e,CMA-CGM,Ningbo,New York,2026-06-03T11:52:26,2026-06-06T10:52:26,71.0,23838.2,Electronics
2026-07-31T04:47:58,5fead008-86f7-4e93-afb3-9c38f9fa4715,Maersk,Singapore,Felixstowe,2026-08-17T04:47:58,2026-08-17T04:47:58,0.0,21395.4,Chemicals
2026-07-28T12:27:46,cc360f33-c0ca-49ce-83de-509ce1b9dd31,Maersk,Busan,Los Angeles,2026-08-03T12:27:46,2026-08-03T12:27:46,0.0,16655.6,Textiles
2026-03-13T13:02:38,7ab1a9e9-a489-4ad7-b9ed-af29c31f7199,COSCO,Casablanca,Marseille,2026-03-31T13:02:38,2026-03-31T13:02:38,0.0,18035.2,Chemicals
2026-07-06T16:48:46,961c4309-4fa3-4312-9589-e2ff4158a127,Evergreen,Tanger Med,Barcelona,2026-08-01T16:48:46,2026-08-01T16:48:46,0.0,14067.7,Food
2026-06-07T11:58:06,4afede8e-3fb8-4874-9fcb-4c5776607065,COSCO,Busan,Los Angeles,2026-06-29T11:58:06,2026-07-02T06:40:06,66.7,10088.9,Chemicals
2026-06-14T20:29:35,71a9dd8b-01de-4613-8306-82ef60b40e0d,Evergreen,Singapore,Felixstowe,2026-07-10T20:29:35,2026-07-10T20:29:35,0.0,24455.7,Textiles
2026-05-03T01:12:04,5f0a876d-a9a9-40c3-8ba8-01813f32fb70,Maersk,Tanger Med,Rotterdam,2026-05-26T01:12:04,2026-05-26T01:12:04,0.0,21004.9,Textiles
2026-06-13T08:25:28,62476f21-6c4a-4b85-8e8e-9a05e24873ce,Comanav,Tanger Med,Rotterdam,2026-07-08T08:25:28,2026-07-08T08:25:28,0.0,2885.1,Textiles
2026-04-19T07:06:37,54c849d8-6cdc-442c-ae49-857e12d2b9eb,COSCO,Shenzhen,Hamburg,2026-05-05T07:06:37,2026-05-05T07:06:37,0.0,6483.6,Automotive
2026-03-23T15:54:26,1e79a536-9b6c-4ab6-be23-7f80a9272f2e,Evergreen,Shanghai,Rotterdam,2026-03-30T15:54:26,2026-03-31T11:00:26,19.1,7970.4,Textiles
2026-03-23T06:48:19,5e114d20-949a-45d1-9504-81dd5013641d,Maersk,Casablanca,Marseille,2026-04-14T06:48:19,2026-04-14T06:48:19,0.0,11792.3,Chemicals
2026-05-02T07:18:48,7d871e4a-da27-4802-9431-645b2a010473,COSCO,Ningbo,New York,2026-05-15T07:18:48,2026-05-15T07:18:48,0.0,12007.6,Electronics
2026-06-21T16:24:48,35d7d28e-3c9a-43b4-a1f7-7d384d2f8abf,COSCO,Shenzhen,Hamburg,2026-07-14T16:24:48,2026-07-14T16:24:48,0.0,14527.2,Chemicals
2026-06-19T08:29:12,cb6ce2f1-f620-42b7-8294-d88051f23f2e,Marsa Maroc,Tanger Med,Barcelona,2026-07-15T08:29:12,2026-07-15T08:29:12,0.0,12669.9,Textiles
2026-04-13T08:34:08,bbae162c-4962-45ad-98db-4010a728ecd3,Evergreen,Casablanca,Marseille,2026-04-27T08:34:08,2026-04-27T08:34:08,0.0,11181.8,Chemicals
2026-05-09T18:11:07,c4f8f5c3-ab7d-4879-a51e-34edd9532800,Comanav,Tanger Med,Barcelona,2026-05-31T18:11:07,2026-05-31T18:11:07,0.0,6996.3,Textiles
2026-03-28T22:12:27,511b65fd-a036-4d8d-83ee-0238d0bb1927,Comanav,Singapore,Felixstowe,2026-04-09T22:12:27,2026-04-09T22:12:27,0.0,23969.6,Food
2026-04-11T20:57:32,16e0ae90-b488-4c5e-95cf-045acbd78cb4,Evergreen,Tanger Med,Barcelona,2026-04-26T20:57:32,2026-04-26T20:57:32,0.0,14377.5,Food
2026-05-28T09:47:48,3706ae92-f8bb-4e0d-80c8-adad8ba561c6,COSCO,Busan,Los Angeles,2026-06-08T09:47:48,2026-06-08T09:47:48,0.0,2378.2,Textiles
2026-05-02T14:42:23,69633db3-3225-4e80-8936-712482a11d4d,Comanav,Ningbo,New York,2026-05-16T14:42:23,2026-05-16T14:42:23,0.0,13728.7,Automotive
2026-04-24T09:07:41,a37e7825-957b-495a-96cd-23162136ced1,COSCO,Singapore,Felixstowe,2026-05-07T09:07:41,2026-05-07T09:07:41,0.0,11604.1,Food
2026-04-04T08:50:58,6981ff71-b3f9-4fe6-b259-9281d34c2751,Maersk,Casablanca,Marseille,2026-04-29T08:50:58,2026-04-29T08:50:58,0.0,21636.4,Food
2026-03-04T06:20:36,3ff80b1f-3a58-44d4-a8d9-3f341436a4a8,MSC,Busan,Los Angeles,2026-03-30T06:20:36,2026-04-03T02:32:36,92.2,11948.7,Food
2026-04-10T19:07:17,b4fd7654-bc9f-4abf-bf35-c630418362e5,Evergreen,Singapore,Felixstowe,2026-05-08T19:07:17,2026-05-08T19:07:17,0.0,13295.6,Textiles
2026-08-27T21:30:16,fb0e4bcf-6893-4872-b600-912e4307b5bb,MSC,Busan,Los Angeles,2026-09-08T21:30:16,2026-09-08T21:30:16,0.0,17290.0,Textiles
2026-08-13T04:21:21,c02fab1e-686c-49d4-a03f-f7428150807a,COSCO,Singapore,Felixstowe,2026-08-28T04:21:21,2026-09-01T18:45:21,110.4,16031.2,Chemicals
2026-08-08T08:06:00,be022609-6de3-4e5d-a720-5eadb1019cfb,Comanav,Shanghai,Rotterdam,2026-08-22T08:06:00,2026-08-22T08:06:00,0.0,6782.9,Food
2026-06-22T12:31:08,43cc77d0-fc59-4188-855f-34b32adffcb1,COSCO,Agadir,Hamburg,2026-07-04T12:31:08,2026-07-04T12:31:08,0.0,5201.9,Automotive
2026-06-11T18:37:41,61838c08-5af7-4455-baa0-e7ccddcc4b63,COSCO,Shanghai,Rotterdam,2026-07-01T18:37:41,2026-07-01T18:37:41,0.0,11185.3,Electronics
2026-04-15T15:01:29,b4bf4afd-4fdf-4a79-8e97-145455d3b539,MSC,Agadir,Hamburg,2026-04-28T15:01:29,2026-04-28T15:01:29,0.0,6830.7,Textiles
2026-07-24T18:53:11,f54a0c1c-4d97-4d40-a226-363845e22361,MSC,Ningbo,New York,2026-08-18T18:53:11,2026-08-23T14:59:11,116.1,12403.1,Electronics
2026-03-20T12:28:26,1dd26908-ff4a-4197-93ef-4ecfd460d259,Comanav,Tanger Med,Rotterdam,2026-03-27T12:28:26,2026-03-27T12:28:26,0.0,7800.5,Electronics
2026-08-04T02:39:40,d3b2cecd-6069-485d-b9be-5e5ca79589e3,CMA-CGM,Singapore,Felixstowe,2026-08-30T02:39:40,2026-08-30T02:39:40,0.0,2712.5,Automotive
2026-07-27T17:40:40,6c60e039-c16e-4a2e-a3e5-a47e9fb120cb,Maersk,Agadir,Hamburg,2026-08-19T17:40:40,2026-08-19T17:40:40,0.0,23356.9,Food
2026-06-06T14:29:27,6f07e175-820a-449f-b611-1ccd5abdba50,CMA-CGM,Ningbo,New York,2026-06-26T14:29:27,2026-06-28T04:11:27,37.7,3495.8,Textiles
2026-05-23T16:08:38,e01af100-daca-4610-ade4-8b62ac7a4f14,Comanav,Shenzhen,Hamburg,2026-06-15T16:08:38,2026-06-15T16:08:38,0.0,20243.1,Automotive
2026-03-13T19:33:43,b2ea87a4-39a1-44ad-bb1c-60862655c87b,MSC,Singapore,Felixstowe,2026-03-22T19:33:43,2026-03-22T19:33:43,0.0,5745.7,Textiles
2026-07-02T16:20:21,42ff075f-50bb-415c-8dd7-4f9eda2768b8,COSCO,Busan,Los Angeles,2026-07-15T16:20:21,2026-07-16T10:20:21,18.0,13570.0,Electronics
2026-08-27T00:43:21,9eaced1d-7f9e-4f9e-a6a6-c96e63e26022,Evergreen,Shenzhen,Hamburg,2026-09-14T00:43:21,2026-09-14T00:43:21,0.0,6535.5,Textiles
2026-03-09T19:30:25,6e157dbb-1a4c-496b-b968-1e63954b3b1f,CMA-CGM,Casablanca,Marseille,2026-03-29T19:30:25,2026-03-29T19:30:25,0.0,20623.5,Electronics
2026-06-01T13:12:39,63d8d9f7-931d-46cd-9bb8-9c874343cc2c,Comanav,Tanger Med,Rotterdam,2026-06-29T13:12:39,2026-06-29T13:12:39,0.0,23550.8,Automotive
2026-08-10T07:45:06,a4010a58-316d-4dd2-91b8-fc9f43d9ff28,Evergreen,Shanghai,Rotterdam,2026-08-27T07:45:06,2026-08-27T07:45:06,0.0,23982.8,Textiles
2026-08-11T12:08:33,7a65276e-ed49-41a4-b190-ee40e7a97446,Evergreen,Tanger Med,Barcelona,2026-08-23T12:08:33,2026-08-25T18:08:33,54.0,22789.8,Chemicals
2026-03-08T14:31:29,aab1f424-4467-42f4-955b-e0d45e8f35fc,CMA-CGM,Shanghai,Rotterdam,2026-03-15T14:31:29,2026-03-19T12:13:29,93.7,7786.9,Automotive
2026-03-08T02:15:13,8178e393-3065-4ba0-becc-2df295f2bb06,Marsa Maroc,Busan,Los Angeles,2026-03-23T02:15:13,2026-03-27T01:03:13,94.8,10454.1,Electronics
2026-07-15T04:53:00,4877bf81-cdbe-4678-9691-81e0866a9630,Comanav,Shanghai,Rotterdam,2026-07-22T04:53:00,2026-07-26T22:29:00,113.6,12041.7,Chemicals
2026-06-02T11:45:06,17486a6c-d1a0-423b-9abf-8b24b009ec13,Marsa Maroc,Shenzhen,Hamburg,2026-06-20T11:45:06,2026-06-24T16:21:06,100.6,20697.8,Textiles
2026-03-14T19:11:05,9a22c10d-1d28-4cba-8a24-8e1a8d370581,Maersk,Ningbo,New York,2026-03-30T19:11:05,2026-03-30T19:11:05,0.0,18366.2,Food
2026-03-09T01:37:27,48d7c959-45dd-4a20-bc32-94e09a45d009,COSCO,Shenzhen,Hamburg,2026-04-05T01:37:27,2026-04-05T01:37:27,0.0,1776.4,Automotive
2026-08-19T22:12:52,67877bf0-cb1e-4ff1-9127-327e7cec4599,Comanav,Busan,Los Angeles,2026-09-13T22:12:52,2026-09-13T22:12:52,0.0,10316.2,Textiles
2026-07-21T07:38:11,bb6ff475-3b1f-4cfa-974f-e8b1f80492eb,Evergreen,Shenzhen,Hamburg,2026-07-28T07:38:11,2026-07-28T07:38:11,0.0,6615.3,Automotive
2026-08-12T16:47:06,a58fbcef-20d5-48f6-b609-8ef4142e3a97,Comanav,Singapore,Felixstowe,2026-08-27T16:47:06,2026-08-27T16:47:06,0.0,21900.9,Automotive
2026-02-18T22:21:33,4b7f2768-1068-4c77-a7e0-266bd5371b6b,MSC,Shanghai,Rotterdam,2026-03-16T22:21:33,2026-03-16T22:21:33,0.0,8525.7,Textiles
2026-08-04T15:49:18,1dd36284-bdd9-42ea-b369-05bd66c53578,Maersk,Agadir,Hamburg,2026-08-22T15:49:18,2026-08-22T15:49:18,0.0,10140.6,Chemicals
2026-05-08T02:31:08,b3e4c97e-602a-44e1-9e26-03a5a3134b18,Maersk,Agadir,Hamburg,2026-05-13T02:31:08,2026-05-16T12:25:08,81.9,15852.4,Electronics
2026-06-20T20:50:47,0351b699-ad36-4450-a43e-d5de78abdb27,MSC,Busan,Los Angeles,2026-07-03T20:50:47,2026-07-03T20:50:47,0.0,4634.5,Chemicals
2026-08-19T17:11:01,5a478e15-6b38-4dde-a1bb-bae4dd5d1796,Evergreen,Singapore,Felixstowe,2026-09-01T17:11:01,2026-09-01T17:11:01,0.0,23971.8,Automotive
2026-08-15T17:04:55,5c5d9790-9a82-464c-b922-1bfbed4a2374,Maersk,Tanger Med,Barcelona,2026-09-11T17:04:55,2026-09-11T17:04:55,0.0,19447.3,Chemicals
2026-04-16T14:07:37,c898b34c-fc2c-4dd1-b4ef-27be4ac8edf1,Maersk,Busan,Los Angeles,2026-04-28T14:07:37,2026-04-28T14:07:37,0.0,5168.3,Textiles
2026-03-05T00:42:16,d2c90008-147c-4da0-9eab-1d1adc98373b,Marsa Maroc,Shanghai,Rotterdam,2026-03-25T00:42:16,2026-03-25T00:42:16,0.0,11067.1,Automotive
2026-08-08T23:10:47,068528de-7728-4245-96ce-5ff811be63b7,Comanav,Agadir,Hamburg,2026-08-22T23:10:47,2026-08-22T23:10:47,0.0,5139.4,Automotive
2026-04-01T04:42:26,d4500472-1b74-42d2-a3d1-a43a47f3b494,Comanav,Singapore,Felixstowe,2026-04-10T04:42:26,2026-04-10T04:42:26,0.0,24415.1,Automotive
2026-06-26T09:04:19,88c82354-1b26-480b-9a71-0a5d1647c93e,MSC,Busan,Los Angeles,2026-07-12T09:04:19,2026-07-12T09:04:19,0.0,16357.3,Electronics
2026-03-24T18:00:16,5638b1c1-1ca6-411f-b28d-44c860aa08e8,COSCO,Tanger Med,Rotterdam,2026-04-02T18:00:16,2026-04-07T15:12:16,117.2,10240.1,Automotive
2026-08-25T22:44:15,6a8bb52e-3228-4756-aa7d-107be3d4eda3,Marsa Maroc,Singapore,Felixstowe,2026-09-12T22:44:15,2026-09-12T22:44:15,0.0,6777.5,Electronics
2026-05-01T00:21:56,7ed1ebf9-ef94-4f9e-a7a5-5b8b05d625f3,Maersk,Ningbo,New York,2026-05-07T00:21:56,2026-05-07T00:21:56,0.0,6253.6,Textiles
2026-03-03T04:49:51,5d24d5b0-5bac-470c-b283-c248d6f71694,Maersk,Tanger Med,Rotterdam,2026-03-16T04:49:51,2026-03-16T04:49:51,0.0,9833.0,Chemicals
2026-05-14T05:08:19,aa347260-f71e-4f9a-8708-642476beedd6,MSC,Shenzhen,Hamburg,2026-06-05T05:08:19,2026-06-05T05:08:19,0.0,4894.6,Automotive
2026-08-03T00:12:10,d4312906-4ff7-4015-bca3-a9449fc7b5b0,COSCO,Ningbo,New York,2026-08-18T00:12:10,2026-08-19T02:24:10,26.2,8274.3,Food
2026-08-05T15:42:28,f69b9a5f-6e43-4bd4-8df3-f5023d81c200,MSC,Singapore,Felixstowe,2026-08-18T15:42:28,2026-08-18T15:42:28,0.0,1582.0,Automotive
2026-04-18T15:37:18,15d25325-a5cd-4ed2-a285-b2a121d31592,Comanav,Busan,Los Angeles,2026-05-01T15:37:18,2026-05-01T15:37:18,0.0,23192.8,Textiles
2026-06-21T07:46:29,fa5f0021-9c7c-490f-9c0c-9425214cddb4,Evergreen,Shanghai,Rotterdam,2026-07-20T07:46:29,2026-07-23T03:34:29,67.8,11176.5,Automotive
2026-07-03T19:13:56,b4e635ff-be3f-4e36-b48b-f328b76c7e9a,Marsa Maroc,Shenzhen,Hamburg,2026-07-23T19:13:56,2026-07-23T19:13:56,0.0,4206.0,Chemicals
2026-06-09T20:45:33,97d78c02-c873-498d-9f11-9eeda659d30c,MSC,Tanger Med,Rotterdam,2026-06-18T20:45:33,2026-06-18T20:45:33,0.0,4987.0,Chemicals
2026-07-02T10:59:02,9296266b-5b84-4d3d-96bd-628c2847eb2f,MSC,Shanghai,Rotterdam,2026-07-29T10:59:02,2026-07-29T10:59:02,0.0,3342.6,Chemicals
2026-07-21T18:00:24,21afc8e9-d700-49d5-b148-8abbf27cb4cb,COSCO,Tanger Med,Rotterdam,2026-08-06T18:00:24,2026-08-09T18:36:24,72.6,11715.1,Electronics
2026-06-24T09:48:37,84ea6b5f-8d8a-49c4-9b5e-b1e959bc77ef,Maersk,Casablanca,Marseille,2026-07-10T09:48:37,2026-07-10T09:48:37,0.0,21770.2,Automotive
2026-02-28T08:04:55,ebbc7479-0f4b-4feb-a591-ed67354c0844,Marsa Maroc,Casablanca,Marseille,2026-03-21T08:04:55,2026-03-21T08:04:55,0.0,14299.6,Food
2026-07-03T23:09:28,637e6f9a-67e9-4f81-bdd2-39797fdff64e,Evergreen,Agadir,Hamburg,2026-07-08T23:09:28,2026-07-08T23:09:28,0.0,14484.3,Chemicals
2026-02-25T14:20:34,b0f0edb4-eb00-4818-95ef-575450770436,MSC,Tanger Med,Barcelona,2026-03-26T14:20:34,2026-03-26T14:20:34,0.0,2810.5,Textiles
2026-06-11T00:56:26,9761ce6b-ebb1-4279-a25b-6eceffbecc4b,CMA-CGM,Tanger Med,Rotterdam,2026-07-07T00:56:26,2026-07-08T02:08:26,25.2,9652.2,Electronics
2026-04-01T16:51:33,dc678df6-1c7a-4889-b102-b6ceee9ce5cf,MSC,Shenzhen,Hamburg,2026-04-06T16:51:33,2026-04-06T16:51:33,0.0,20852.1,Chemicals
2026-07-16T03:02:22,ccdf80fb-2b20-43fa-bbec-c922f1dfa787,Marsa Maroc,Busan,Los Angeles,2026-07-29T03:02:22,2026-07-29T03:02:22,0.0,642.2,Electronics
2026-05-22T08:26:30,319c09d8-5081-46f3-935c-f98174532edc,CMA-CGM,Busan,Los Angeles,2026-06-19T08:26:30,2026-06-23T22:20:30,109.9,20027.3,Automotive
2026-05-31T20:46:15,c6380a5d-27a9-4ff4-a99e-4c3bf356fd60,Comanav,Agadir,Hamburg,2026-06-06T20:46:15,2026-06-08T15:22:15,42.6,20054.6,Electronics
2026-04-11T09:34:51,35d3a5c8-5b4f-4045-9f49-bd83cc04372e,Evergreen,Ningbo,New York,2026-04-28T09:34:51,2026-04-28T09:34:51,0.0,6751.5,Automotive
2026-07-03T11:09:33,5eb02cbe-74ef-44cd-a8e0-c65058ebde7a,Maersk,Singapore,Felixstowe,2026-07-08T11:09:33,2026-07-08T11:09:33,0.0,4492.0,Chemicals
2026-03-03T15:39:12,e0e8361c-e6b0-48a4-876b-5f1b0eca17fe,Marsa Maroc,Shanghai,Rotterdam,2026-04-01T15:39:12,2026-04-02T20:15:12,28.6,7814.4,Chemicals
2026-03-31T22:12:28,f08f4ecc-d98a-45c4-949f-144f97326205,Marsa Maroc,Shanghai,Rotterdam,2026-04-24T22:12:28,2026-04-24T22:12:28,0.0,16805.2,Textiles
2026-06-24T20:33:57,0e4adb01-85c8-41d6-916d-3c38aef591c4,MSC,Ningbo,New York,2026-07-14T20:33:57,2026-07-14T20:33:57,0.0,10008.2,Textiles
2026-05-31T11:34:09,edf024be-81ea-49dc-bf76-2622a243c82a,Maersk,Singapore,Felixstowe,2026-06-29T11:34:09,2026-06-29T11:34:09,0.0,9521.8,Automotive
2026-07-13T05:18:47,e0557721-3ea7-402c-a82e-c35dd9317264,Marsa Maroc,Singapore,Felixstowe,2026-07-31T05:18:47,2026-07-31T05:18:47,0.0,13076.9,Chemicals
2026-03-25T01:54:59,80e32ca6-e746-4b35-a5c9-0aeebc89e730,Marsa Maroc,Agadir,Hamburg,2026-04-20T01:54:59,2026-04-20T01:54:59,0.0,23301.4,Food
2026-03-19T21:38:18,52edc650-b936-4687-96d3-26e3a53f6550,Maersk,Ningbo,New York,2026-04-02T21:38:18,2026-04-02T21:38:18,0.0,2440.0,Chemicals
2026-06-20T05:30:44,217cd331-5e03-4baf-a24d-b0b42f4c4912,MSC,Shanghai,Rotterdam,2026-06-29T05:30:44,2026-06-29T05:30:44,0.0,7860.0,Automotive
2026-07-11T06:54:20,4b7aac03-4c2c-46b3-89ba-434fa8aff659,COSCO,Ningbo,New York,2026-07-25T06:54:20,2026-07-25T06:54:20,0.0,13999.4,Electronics
2026-06-15T13:37:24,20e59c75-403b-4559-84a4-877cd0b6304a,Maersk,Ningbo,New York,2026-07-06T13:37:24,2026-07-06T13:37:24,0.0,2814.9,Food
2026-04-06T15:07:27,c9211bf9-6512-48b1-8eb3-40a9b8128cd0,CMA-CGM,Shanghai,Rotterdam,2026-04-19T15:07:27,2026-04-19T15:07:27,0.0,19331.8,Electronics
2026-03-11T07:02:41,c16ef993-465e-4c4b-937b-a0f788237aa3,Marsa Maroc,Tanger Med,Barcelona,2026-04-06T07:02:41,2026-04-06T07:02:41,0.0,19761.3,Chemicals
2026-07-25T10:26:00,ea5d70fd-0bd4-4fc0-9cce-79ef681b4a64,Maersk,Tanger Med,Rotterdam,2026-08-12T10:26:00,2026-08-12T10:26:00,0.0,7792.4,Food
2026-08-19T11:27:22,96e1336e-6957-4b7e-90c8-03292d521d11,Comanav,Busan,Los Angeles,2026-09-14T11:27:22,2026-09-14T11:27:22,0.0,20291.9,Textiles
2026-07-09T12:28:56,0687e63b-21a9-48f4-b7b4-53d346d0f587,MSC,Casablanca,Marseille,2026-07-19T12:28:56,2026-07-19T12:28:56,0.0,24563.6,Textiles
2026-02-14T01:55:15,ae11d853-5e43-4a91-86a8-9c36bd92bf08,COSCO,Tanger Med,Barcelona,2026-03-08T01:55:15,2026-03-08T01:55:15,0.0,10175.9,Electronics
2026-06-29T19:39:18,42660100-09dc-4816-9747-78c9402a803c,Marsa Maroc,Casablanca,Marseille,2026-07-19T19:39:18,2026-07-19T19:39:18,0.0,10424.7,Food
2026-06-04T22:50:25,6e162911-950d-4306-8b6a-f7274b43bafa,CMA-CGM,Busan,Los Angeles,2026-06-28T22:50:25,2026-06-28T22:50:25,0.0,15610.2,Chemicals
2026-05-01T00:10:19,73de19c1-3b3b-4f85-87ed-d80a50989654,Maersk,Shanghai,Rotterdam,2026-05-10T00:10:19,2026-05-10T00:10:19,0.0,5174.7,Electronics
2026-05-18T04:25:13,7bfc1f0e-0af4-4b4d-8ebe-bc4c5ae46fec,Comanav,Agadir,Hamburg,2026-05-23T04:25:13,2026-05-23T04:25:13,0.0,16391.3,Automotive
2026-06-16T17:10:34,fa10d836-4c0b-4127-96c6-f47881d7187f,Comanav,Singapore,Felixstowe,2026-07-11T17:10:34,2026-07-14T15:22:34,70.2,2609.3,Chemicals
2026-08-18T20:22:24,48e152fe-af08-4eae-8aa7-e76471ff6df6,COSCO,Casablanca,Marseille,2026-09-05T20:22:24,2026-09-05T20:22:24,0.0,4569.6,Automotive
2026-04-24T13:37:06,432ef6f1-894e-4e61-b60f-aa355bb343ae,COSCO,Busan,Los Angeles,2026-05-14T13:37:06,2026-05-14T13:37:06,0.0,11513.1,Automotive
2026-05-04T23:32:03,deca1dfa-0ee2-46f7-8a1c-1c52edfb8f90,CMA-CGM,Agadir,Hamburg,2026-05-27T23:32:03,2026-05-27T23:32:03,0.0,10097.5,Textiles
2026-03-29T10:12:07,93b49d2c-c279-40c8-921b-ce460db46707,Maersk,Tanger Med,Rotterdam,2026-04-23T10:12:07,2026-04-23T10:12:07,0.0,11078.8,Chemicals
2026-04-07T04:11:37,9413ffb9-56d3-44bb-b6e7-85cd3e1f84eb,Marsa Maroc,Busan,Los Angeles,2026-04-30T04:11:37,2026-04-30T04:11:37,0.0,14080.5,Textiles
2026-03-13T23:13:50,eb054a88-f36f-4a74-a371-9de6373a86e5,COSCO,Tanger Med,Rotterdam,2026-03-30T23:13:50,2026-03-30T23:13:50,0.0,14980.5,Food
2026-05-27T20:58:55,6911f74e-b99b-4e87-b4ce-55a207baccc4,MSC,Busan,Los Angeles,2026-06-23T20:58:55,2026-06-23T20:58:55,0.0,966.0,Food
2026-04-02T06:42:00,7b1841ab-e0ee-4e16-81a0-a65fc9dd8dcd,Evergreen,Shenzhen,Hamburg,2026-04-09T06:42:00,2026-04-09T06:42:00,0.0,16383.4,Chemicals
2026-08-21T04:00:39,ca0899ab-a659-41a3-b465-64ca215a3dc5,COSCO,Tanger Med,Barcelona,2026-09-14T04:00:39,2026-09-16T05:30:39,49.5,17589.1,Electronics
2026-02-15T15:49:55,8c93ab5a-982c-4895-a18f-f75492a5e1a2,CMA-CGM,Casablanca,Marseille,2026-03-15T15:49:55,2026-03-15T15:49:55,0.0,8924.3,Automotive
2026-06-16T18:52:17,908c8f3f-9d25-473e-937c-ab2cc3cc3ffc,MSC,Ningbo,New York,2026-07-09T18:52:17,2026-07-11T19:28:17,48.6,15251.5,Chemicals
2026-03-23T21:27:56,345fe97a-0816-4720-9fc8-49c26ea81e82,CMA-CGM,Casablanca,Marseille,2026-04-20T21:27:56,2026-04-20T21:27:56,0.0,24015.2,Textiles
2026-07-15T07:17:01,001545e6-7267-4393-81b2-a788f5eabec1,Comanav,Busan,Los Angeles,2026-07-25T07:17:01,2026-07-25T07:17:01,0.0,7420.2,Electronics
2026-04-19T21:44:23,4dae2d5a-1bfd-4ca0-8c0b-6c85889f5f49,MSC,Busan,Los Angeles,2026-04-29T21:44:23,2026-04-29T21:44:23,0.0,15340.9,Electronics
2026-04-19T00:15:13,28f69fe6-2f99-46bf-be99-0e792ced4afc,COSCO,Singapore,Felixstowe,2026-05-03T00:15:13,2026-05-03T00:15:13,0.0,14142.3,Electronics
2026-04-24T05:36:23,455381df-148f-4064-abaf-cd350e083685,CMA-CGM,Shenzhen,Hamburg,2026-05-10T05:36:23,2026-05-10T05:36:23,0.0,4780.5,Food
2026-04-27T06:56:12,73c0a58a-8c88-4745-b94f-9238de240c6f,Comanav,Tanger Med,Rotterdam,2026-05-04T06:56:12,2026-05-04T06:56:12,0.0,3292.2,Automotive
2026-08-05T23:24:42,45116978-e34b-471a-a91c-91bb452fd7b4,Evergreen,Tanger Med,Barcelona,2026-08-17T23:24:42,2026-08-17T23:24:42,0.0,24844.7,Textiles
2026-02-23T23:14:34,9116d1e6-83e3-42b4-915f-3de33329af5b,Comanav,Tanger Med,Rotterdam,2026-03-17T23:14:34,2026-03-17T23:14:34,0.0,4203.9,Food
2026-08-01T13:28:47,9a46b7fe-dd50-430f-b8a3-38b680cef453,Marsa Maroc,Tanger Med,Barcelona,2026-08-07T13:28:47,2026-08-10T00:46:47,59.3,11699.8,Electronics
2026-06-26T11:30:59,1e0c6e28-eb22-4ac3-a9ca-195ae287b37b,Comanav,Tanger Med,Barcelona,2026-07-20T11:30:59,2026-07-20T11:30:59,0.0,21530.5,Electronics
2026-05-11T05:56:30,df1ec65d-9fb1-4411-8c87-13d1d1197321,Maersk,Ningbo,New York,2026-06-01T05:56:30,2026-06-01T05:56:30,0.0,15933.2,Automotive
2026-07-23T12:13:55,48e667bd-10c8-41bd-9abd-8f91cbcaa8fa,MSC,Shenzhen,Hamburg,2026-08-20T12:13:55,2026-08-20T12:13:55,0.0,11317.2,Food
2026-06-11T15:43:14,48ebebc0-0c0e-4f8e-9a67-3368a67e7bdb,Marsa Maroc,Busan,Los Angeles,2026-06-19T15:43:14,2026-06-19T15:43:14,0.0,9411.6,Automotive
2026-08-11T08:18:42,f8dcb3dd-44f4-4075-ac68-f4bdb43aad6b,Comanav,Tanger Med,Barcelona,2026-08-22T08:18:42,2026-08-22T08:18:42,0.0,10685.9,Electronics
2026-04-30T21:03:55,944b1f80-d68e-4198-836e-04e855242fa5,Comanav,Agadir,Hamburg,2026-05-30T21:03:55,2026-05-30T21:03:55,0.0,7525.6,Automotive
2026-05-16T21:12:43,d9fdcfca-c54a-4148-b336-b8f3e38696b5,CMA-CGM,Tanger Med,Barcelona,2026-06-01T21:12:43,2026-06-01T21:12:43,0.0,10667.7,Automotive
2026-05-31T04:26:59,48606a36-7f96-4fcf-8ef9-9af1966f6340,Comanav,Casablanca,Marseille,2026-06-29T04:26:59,2026-06-29T04:26:59,0.0,19786.8,Automotive
2026-08-12T03:32:32,4551ecb5-cd5d-4f96-937b-abb6fd59ab83,COSCO,Singapore,Felixstowe,2026-08-30T03:32:32,2026-09-03T22:20:32,114.8,13145.8,Textiles
2026-05-06T08:21:42,ab0a0f4a-d45e-431b-817d-14f2e33d2b94,COSCO,Tanger Med,Rotterdam,2026-05-15T08:21:42,2026-05-15T08:21:42,0.0,18081.8,Food
2026-07-06T20:31:34,0c507238-a2b0-41b6-8756-b0c6acd1be11,Maersk,Tanger Med,Barcelona,2026-07-21T20:31:34,2026-07-21T20:31:34,0.0,24557.7,Automotive
2026-08-02T02:39:55,03d64b09-b33b-4540-889c-9aff51b8a69b,Maersk,Singapore,Felixstowe,2026-08-19T02:39:55,2026-08-19T02:39:55,0.0,16674.3,Automotive
2026-07-31T07:10:09,f2f3ea81-0cd1-4a55-8d84-e743dd18362a,Marsa Maroc,Tanger Med,Rotterdam,2026-08-27T07:10:09,2026-08-27T07:10:09,0.0,21957.4,Textiles
2026-05-23T10:18:10,17f2bfd5-70c7-48a7-ad6e-09ace632a467,COSCO,Singapore,Felixstowe,2026-06-18T10:18:10,2026-06-18T10:18:10,0.0,21901.9,Textiles
2026-07-14T07:18:32,40dbca76-1e70-4d22-bd37-1ff716ff18f1,Maersk,Shenzhen,Hamburg,2026-07-27T07:18:32,2026-07-30T13:12:32,77.9,4098.1,Chemicals
2026-09-01T07:25:48,12c364fd-be8c-40de-80c8-a58bc31420b4,Marsa Maroc,Busan,Los Angeles,2026-09-12T07:25:48,2026-09-15T14:49:48,79.4,15645.6,Chemicals
2026-07-11T14:12:06,8ab5311a-cf52-4aa3-8424-6d14c173415a,Comanav,Shenzhen,Hamburg,2026-08-10T14:12:06,2026-08-10T14:12:06,0.0,19497.3,Textiles
2026-04-10T22:29:29,07d3e588-9f56-4d56-91f3-11fa4d778a54,Maersk,Tanger Med,Barcelona,2026-05-02T22:29:29,2026-05-02T22:29:29,0.0,18264.9,Automotive
2026-05-03T13:19:03,f89a172d-2b7a-4d5e-b34d-27e2c0b48769,Evergreen,Ningbo,New York,2026-05-17T13:19:03,2026-05-17T13:19:03,0.0,13036.0,Textiles
2026-03-25T17:58:04,4f56ebf1-1843-4f3a-b2c6-88ba767cde6a,CMA-CGM,Ningbo,New York,2026-04-23T17:58:04,2026-04-23T17:58:04,0.0,1073.8,Food
2026-05-08T02:11:55,4bf5c7d7-1f60-48a6-9fd0-f2e09c0dd3fc,MSC,Shanghai,Rotterdam,2026-06-06T02:11:55,2026-06-06T02:11:55,0.0,10857.3,Food
2026-03-15T06:21:03,6edde06c-24d0-43cf-85b0-1b4589b4345d,Marsa Maroc,Tanger Med,Barcelona,2026-03-21T06:21:03,2026-03-22T22:27:03,40.1,12933.7,Electronics
2026-08-09T15:25:46,9810f177-7573-4dd0-b81c-bb6a47d8829f,Comanav,Tanger Med,Rotterdam,2026-09-03T15:25:46,2026-09-06T03:55:46,60.5,14524.7,Electronics
2026-07-11T03:56:51,234ab7ab-2d26-4b01-95d1-c885f4678221,CMA-CGM,Busan,Los Angeles,2026-07-23T03:56:51,2026-07-23T03:56:51,0.0,24730.5,Food
2026-03-16T20:12:20,0975e4f7-df66-482a-9183-e6d0adbe3861,Comanav,Ningbo,New York,2026-04-09T20:12:20,2026-04-09T20:12:20,0.0,7830.4,Food
2026-04-01T10:04:51,0707eb42-5751-4223-ae8e-e8744bf2c04c,Marsa Maroc,Casablanca,Marseille,2026-04-18T10:04:51,2026-04-18T10:04:51,0.0,6567.0,Textiles
2026-06-08T16:58:47,ff958067-17f6-4f0b-837e-dd6bf7dde4b5,Evergreen,Ningbo,New York,2026-06-19T16:58:47,2026-06-21T19:58:47,51.0,2900.7,Chemicals
2026-03-26T13:46:22,f1f4e110-3349-4df2-8dc9-488cd099c1f9,Maersk,Singapore,Felixstowe,2026-04-02T13:46:22,2026-04-02T13:46:22,0.0,22268.5,Chemicals
2026-04-25T06:13:09,79c4f4b0-94f8-4966-8a36-68154f72bdc8,COSCO,Agadir,Hamburg,2026-05-02T06:13:09,2026-05-02T06:13:09,0.0,13393.3,Food
2026-05-16T22:35:57,f264df4f-e810-4040-b315-9b9d9780e653,Evergreen,Ningbo,New York,2026-06-14T22:35:57,2026-06-14T22:35:57,0.0,6960.5,Chemicals
2026-07-26T11:57:31,d4205b01-aecb-45b0-8543-e8c9e52d652f,COSCO,Singapore,Felixstowe,2026-08-22T11:57:31,2026-08-25T04:51:31,64.9,24345.2,Automotive
2026-04-18T05:23:20,6c14521a-eceb-44a5-8e58-3005e7bf04f8,Evergreen,Casablanca,Marseille,2026-04-27T05:23:20,2026-04-27T05:23:20,0.0,11714.0,Food
2026-07-21T21:32:23,0bb78898-3068-4833-b17a-e54ea57efbdb,Maersk,Ningbo,New York,2026-08-17T21:32:23,2026-08-17T21:32:23,0.0,12097.2,Automotive
2026-03-28T14:49:56,973b1208-0e84-4ba9-8033-f984b3e2ee66,CMA-CGM,Ningbo,New York,2026-04-05T14:49:56,2026-04-05T14:49:56,0.0,10511.2,Electronics
2026-05-12T05:32:39,a795dfa8-27b5-484a-99be-d2fab5956c85,Evergreen,Shenzhen,Hamburg,2026-05-26T05:32:39,2026-05-26T05:32:39,0.0,4256.0,Textiles
2026-08-09T04:49:03,7ee24788-e999-44de-9c9c-86b8777e4e88,CMA-CGM,Shanghai,Rotterdam,2026-08-23T04:49:03,2026-08-23T04:49:03,0.0,1185.5,Automotive
2026-06-21T18:22:08,41b4f5b5-9b3f-4297-84ed-b06b7db832db,Comanav,Casablanca,Marseille,2026-07-14T18:22:08,2026-07-14T18:22:08,0.0,23452.1,Textiles
2026-03-01T08:35:03,e236c5e1-3d54-4558-8a80-30ac7996b114,MSC,Shanghai,Rotterdam,2026-03-11T08:35:03,2026-03-11T08:35:03,0.0,12475.4,Electronics
2026-08-02T03:07:10,9be4d337-70cb-4f31-a5cb-9ab8141a2fd0,CMA-CGM,Ningbo,New York,2026-08-09T03:07:10,2026-08-11T12:13:10,57.1,14539.9,Food
2026-02-19T16:23:24,dfe187aa-5266-4666-8eef-16f64a7f6af9,CMA-CGM,Busan,Los Angeles,2026-03-21T16:23:24,2026-03-21T16:23:24,0.0,20944.3,Food
2026-07-23T23:13:07,57d37649-b92d-41a6-9717-5d35ef795b98,Comanav,Casablanca,Marseille,2026-08-01T23:13:07,2026-08-01T23:13:07,0.0,11792.9,Chemicals
2026-08-14T23:02:43,1538563b-47f0-40dc-aa9c-5b1023c3c5e7,MSC,Busan,Los Angeles,2026-09-11T23:02:43,2026-09-11T23:02:43,0.0,20095.4,Food
2026-07-12T05:34:25,1feff381-4980-4206-9f22-2c4e04fd5340,COSCO,Singapore,Felixstowe,2026-07-24T05:34:25,2026-07-26T06:10:25,48.6,1622.6,Chemicals
2026-05-24T13:36:39,a2603de2-e92f-4209-8794-9067c9fd6dc8,Marsa Maroc,Shanghai,Rotterdam,2026-05-31T13:36:39,2026-06-04T06:00:39,88.4,14513.9,Textiles
2026-07-20T23:19:44,87e58975-1bde-4382-b5a9-eaecd4bd5bc8,Marsa Maroc,Ningbo,New York,2026-07-28T23:19:44,2026-07-28T23:19:44,0.0,2586.2,Food
2026-03-03T16:37:04,f2253776-945b-498e-9449-c4f400f0ec7f,Evergreen,Ningbo,New York,2026-04-01T16:37:04,2026-04-01T16:37:04,0.0,14471.0,Automotive
2026-07-19T14:26:21,6ce2bbf8-5f4f-495e-902f-0d11a9bfbe8e,Evergreen,Busan,Los Angeles,2026-07-24T14:26:21,2026-07-24T14:26:21,0.0,23436.5,Automotive
2026-04-27T04:51:10,879aacbc-bcea-4aed-b691-193b73965e40,CMA-CGM,Tanger Med,Rotterdam,2026-05-27T04:51:10,2026-05-27T04:51:10,0.0,20827.4,Food
2026-02-09T22:43:37,2e6609ec-44d2-4fe2-91f6-230f10d54a45,Maersk,Busan,Los Angeles,2026-03-11T22:43:37,2026-03-11T22:43:37,0.0,8350.6,Food
2026-06-27T18:21:29,f4536add-73eb-442d-98b2-de846a371a4f,COSCO,Tanger Med,Rotterdam,2026-07-02T18:21:29,2026-07-02T18:21:29,0.0,4922.4,Electronics
2026-03-22T11:31:17,54cc92ad-8d53-4e69-aa56-88daec49493c,CMA-CGM,Ningbo,New York,2026-04-08T11:31:17,2026-04-08T11:31:17,0.0,3308.8,Electronics
2026-06-25T05:07:57,077cba73-1335-450d-a25f-ec899af7eb4b,MSC,Ningbo,New York,2026-07-09T05:07:57,2026-07-09T05:07:57,0.0,6761.1,Electronics
2026-04-08T17:16:41,0a767cf0-1edf-45b4-b3e9-b711f4e1e4b7,CMA-CGM,Casablanca,Marseille,2026-04-26T17:16:41,2026-04-26T17:16:41,0.0,1943.4,Textiles
2026-03-27T10:31:16,07723824-1111-4ebd-b5ee-2193659b9265,Maersk,Casablanca,Marseille,2026-04-23T10:31:16,2026-04-23T10:31:16,0.0,10053.5,Textiles
2026-02-28T21:00:41,b31c28c5-d04d-4cee-bddc-64390cfd175d,COSCO,Casablanca,Marseille,2026-03-15T21:00:41,2026-03-15T21:00:41,0.0,23568.6,Electronics
2026-06-08T09:54:35,b2df3542-5611-4854-a924-fc3eb2dec54a,MSC,Tanger Med,Rotterdam,2026-06-20T09:54:35,2026-06-20T09:54:35,0.0,14857.7,Chemicals
2026-08-10T11:35:56,0b23daa9-8734-4fca-99ce-deee7e5100bb,Comanav,Ningbo,New York,2026-08-31T11:35:56,2026-08-31T11:35:56,0.0,3319.5,Electronics
2026-04-01T21:38:29,3339ee46-5a9f-4794-b05b-376282aa8a77,COSCO,Shenzhen,Hamburg,2026-04-23T21:38:29,2026-04-23T21:38:29,0.0,12362.2,Chemicals
2026-08-17T04:25:23,647b3624-58d3-4a89-85ae-33626ec449ca,Maersk,Agadir,Hamburg,2026-08-30T04:25:23,2026-08-30T04:25:23,0.0,14861.2,Electronics
2026-07-31T05:16:07,10900a73-09b7-4569-aa0d-9d0b28126f2e,Comanav,Agadir,Hamburg,2026-08-22T05:16:07,2026-08-22T05:16:07,0.0,3576.5,Food
2026-02-24T00:56:40,fe363a73-520c-426d-85d3-dfc6a01e2b33,COSCO,Singapore,Felixstowe,2026-03-03T00:56:40,2026-03-05T18:56:40,66.0,19680.6,Automotive
2026-03-21T18:26:15,80c4c0f8-db4a-4a53-8a7e-3f6c7968e541,Evergreen,Shenzhen,Hamburg,2026-03-31T18:26:15,2026-04-03T16:32:15,70.1,10881.9,Food
2026-03-03T09:07:44,cad13760-64f5-4b09-b0fc-d7eacfe76c4b,Maersk,Busan,Los Angeles,2026-03-08T09:07:44,2026-03-08T09:07:44,0.0,24047.3,Food
2026-05-29T09:23:02,476f88e8-73be-4669-b19f-1328581648c1,Marsa Maroc,Shanghai,Rotterdam,2026-06-08T09:23:02,2026-06-08T09:23:02,0.0,23370.9,Chemicals
2026-05-10T18:02:52,18accf44-6620-45fa-8325-13b15fb41127,Evergreen,Shanghai,Rotterdam,2026-05-23T18:02:52,2026-05-25T23:08:52,53.1,9109.7,Automotive
2026-04-22T01:37:25,af94d913-09de-418b-94c6-ac2371db9ae8,CMA-CGM,Ningbo,New York,2026-04-28T01:37:25,2026-04-28T01:37:25,0.0,13585.2,Electronics
2026-07-26T09:01:13,858404c7-ef21-4256-93b4-35f78f73dcea,Maersk,Shanghai,Rotterdam,2026-08-12T09:01:13,2026-08-12T09:01:13,0.0,20847.2,Food
2026-04-02T04:20:11,e2a5f100-0630-42f5-a4b1-0e0583df4001,COSCO,Shanghai,Rotterdam,2026-04-13T04:20:11,2026-04-13T04:20:11,0.0,23956.7,Textiles
2026-06-07T21:18:04,1c891ca4-74f5-4006-bc5e-ab8fa8cbe929,Marsa Maroc,Shenzhen,Hamburg,2026-06-20T21:18:04,2026-06-24T13:42:04,88.4,7188.8,Textiles
2026-05-13T06:58:02,9e944dac-6760-44f8-ac2e-c650026705f1,MSC,Shenzhen,Hamburg,2026-06-01T06:58:02,2026-06-03T06:28:02,47.5,22893.4,Automotive
2026-06-05T22:55:57,01195246-82d7-4d3f-9454-0324374e60b7,Evergreen,Tanger Med,Rotterdam,2026-06-25T22:55:57,2026-06-25T22:55:57,0.0,734.7,Automotive
2026-03-21T07:42:32,b458c9ab-8f5d-48d6-9dae-5e12af2c7e57,Evergreen,Singapore,Felixstowe,2026-04-17T07:42:32,2026-04-17T07:42:32,0.0,19180.4,Food
2026-02-22T13:03:25,91acb86f-46e0-42b4-86ae-b11dfe176f89,Comanav,Tanger Med,Barcelona,2026-03-19T13:03:25,2026-03-19T13:03:25,0.0,13696.9,Chemicals
2026-05-15T14:25:02,541dcb68-c764-4b81-b409-8a7450f6f5f1,CMA-CGM,Tanger Med,Barcelona,2026-06-01T14:25:02,2026-06-01T14:25:02,0.0,9270.2,Automotive
2026-07-23T01:03:27,06007f36-0ec0-4484-a25f-d001acecbb53,Maersk,Tanger Med,Rotterdam,2026-08-11T01:03:27,2026-08-11T01:03:27,0.0,5228.3,Electronics
2026-08-20T12:36:27,76c4286b-f7c4-4957-88ec-15a03bedcfbd,Marsa Maroc,Agadir,Hamburg,2026-08-25T12:36:27,2026-08-25T12:36:27,0.0,17173.6,Textiles
2026-03-01T09:24:18,56913ac5-1d2c-4e0a-848f-a69920afb5ee,Maersk,Agadir,Hamburg,2026-03-25T09:24:18,2026-03-25T09:24:18,0.0,20306.2,Automotive
2026-03-28T01:16:13,ce64318e-7bc9-4f9d-acc6-fbb374b57785,COSCO,Agadir,Hamburg,2026-04-13T01:16:13,2026-04-13T01:16:13,0.0,12574.5,Food
2026-08-31T02:44:45,d672b1fd-ae89-4ec2-859b-3a2d4726d7f7,Maersk,Agadir,Hamburg,2026-09-11T02:44:45,2026-09-14T11:44:45,81.0,3218.2,Textiles
2026-02-25T09:11:18,671fd74a-c503-47f1-afa9-af24b1f5a018,COSCO,Ningbo,New York,2026-03-07T09:11:18,2026-03-07T09:11:18,0.0,16666.0,Food
2026-05-10T23:01:36,de562bf9-f219-417b-bd8f-bbfd97a3fbd9,Maersk,Casablanca,Marseille,2026-06-02T23:01:36,2026-06-02T23:01:36,0.0,2093.7,Textiles
2026-03-28T18:13:59,b4850722-d6cc-4f46-bb8c-260264321495,Evergreen,Agadir,Hamburg,2026-04-25T18:13:59,2026-04-27T02:55:59,32.7,17110.5,Food
2026-05-31T02:51:06,092ce694-4e39-40a3-a4d1-39957facb056,Marsa Maroc,Shanghai,Rotterdam,2026-06-22T02:51:06,2026-06-22T15:03:06,12.2,10964.3,Electronics
2026-07-27T16:47:47,5f8d78a9-0882-427d-93e9-f14b75c1da79,COSCO,Shenzhen,Hamburg,2026-08-14T16:47:47,2026-08-14T16:47:47,0.0,17164.3,Chemicals
2026-02-08T14:34:50,c4e6cef1-b62d-461e-bef1-bf2d36deeee5,CMA-CGM,Busan,Los Angeles,2026-03-01T14:34:50,2026-03-01T14:34:50,0.0,22153.2,Automotive
2026-06-28T00:29:01,c71c205b-d90b-428e-b222-db340bef84f0,CMA-CGM,Tanger Med,Rotterdam,2026-07-16T00:29:01,2026-07-16T00:29:01,0.0,8247.9,Chemicals
2026-05-26T10:13:16,938f50ef-e9f4-4173-83cc-574ee5a26571,CMA-CGM,Agadir,Hamburg,2026-06-02T10:13:16,2026-06-06T13:25:16,99.2,24761.5,Automotive
2026-07-28T18:41:29,4f1c3e58-0d62-4fb8-a56e-3b59972dc66b,Maersk,Singapore,Felixstowe,2026-08-09T18:41:29,2026-08-09T18:41:29,0.0,8566.0,Electronics
2026-04-22T17:53:31,a4de2573-7d6b-4737-9e7e-c6c0ae137c6d,Maersk,Tanger Med,Barcelona,2026-05-12T17:53:31,2026-05-12T17:53:31,0.0,1088.6,Textiles
2026-03-26T05:58:47,524b99d8-8706-4f0b-a473-8b91f7da0d33,MSC,Shanghai,Rotterdam,2026-04-03T05:58:47,2026-04-03T05:58:47,0.0,23990.7,Electronics
2026-06-19T01:04:14,b847c22e-f361-49e6-9cbb-c3c3ae9d3a8c,Evergreen,Shenzhen,Hamburg,2026-07-19T01:04:14,2026-07-19T01:04:14,0.0,2286.3,Food
2026-03-19T06:49:01,8805fc51-0a1b-4f32-8e81-80203de1eb7f,Comanav,Busan,Los Angeles,2026-03-27T06:49:01,2026-03-27T06:49:01,0.0,14683.9,Electronics
2026-08-28T00:38:12,35523483-b88e-4131-a81d-9142e96e7e28,Maersk,Tanger Med,Rotterdam,2026-09-14T00:38:12,2026-09-14T00:38:12,0.0,21268.5,Electronics
2026-08-15T03:23:07,73bb9e34-ba02-4992-9483-81583c057c2d,Maersk,Casablanca,Marseille,2026-09-14T03:23:07,2026-09-14T03:23:07,0.0,7886.0,Chemicals
2026-02-10T21:31:46,3bd68be2-cc7c-4c09-9ac6-44ae757c0803,Maersk,Tanger Med,Barcelona,2026-03-08T21:31:46,2026-03-08T21:31:46,0.0,1779.0,Chemicals
2026-07-06T15:17:33,d6cd45a3-16c5-4e6d-ac35-964d2738da7d,Maersk,Singapore,Felixstowe,2026-07-30T15:17:33,2026-07-30T15:17:33,0.0,6211.2,Food
2026-08-13T13:58:35,3848477b-7d25-4f1c-8153-dbf26b904ce6,COSCO,Tanger Med,Rotterdam,2026-08-30T13:58:35,2026-08-30T13:58:35,0.0,10988.6,Food
2026-02-20T21:46:12,88cfd873-4100-4ab4-9b5d-7da445b2efdd,CMA-CGM,Tanger Med,Barcelona,2026-03-17T21:46:12,2026-03-21T22:22:12,96.6,11624.9,Textiles
2026-07-21T05:59:42,a7435920-3359-4b00-b16b-04da5d0941e8,Maersk,Agadir,Hamburg,2026-07-29T05:59:42,2026-07-29T05:59:42,0.0,17975.8,Food
2026-07-14T23:25:49,cbb7c4d0-a1cc-4461-851b-60057c81ba63,Evergreen,Agadir,Hamburg,2026-07-23T23:25:49,2026-07-23T23:25:49,0.0,6779.0,Chemicals
2026-05-14T12:11:30,1688c2bf-42a5-45b3-b16f-96b71f117510,Marsa Maroc,Busan,Los Angeles,2026-06-07T12:11:30,2026-06-07T12:11:30,0.0,6457.2,Electronics
2026-02-21T07:23:18,b28a2233-2455-4da7-afe1-c043ad68da9c,MSC,Tanger Med,Rotterdam,2026-03-07T07:23:18,2026-03-07T07:23:18,0.0,13071.6,Textiles
2026-06-25T16:21:22,7c210e51-14ba-46b0-adb9-25faa00bf8a3,Evergreen,Shanghai,Rotterdam,2026-07-17T16:21:22,2026-07-18T20:15:22,27.9,8062.5,Textiles
2026-03-22T05:42:02,013c484b-b08a-4d86-b062-607f4c3f33ab,CMA-CGM,Shanghai,Rotterdam,2026-03-27T05:42:02,2026-03-27T05:42:02,0.0,16613.1,Automotive
2026-06-21T21:47:31,a0506440-7d08-42f5-8be7-079b05e950c4,MSC,Tanger Med,Rotterdam,2026-07-12T21:47:31,2026-07-12T21:47:31,0.0,14206.5,Electronics
2026-05-22T15:27:23,1ada1d1c-8e5f-4e38-b832-e1e3bf060d69,CMA-CGM,Singapore,Felixstowe,2026-06-02T15:27:23,2026-06-06T00:39:23,81.2,5430.9,Electronics
2026-03-15T06:13:02,5ae3580a-8a00-41ff-a67d-c9d77bb8c80f,MSC,Shenzhen,Hamburg,2026-04-10T06:13:02,2026-04-10T06:13:02,0.0,17450.1,Chemicals
2026-06-15T03:17:53,e34b47e9-854c-4de4-89e8-37e2119a7117,Comanav,Shenzhen,Hamburg,2026-07-08T03:17:53,2026-07-08T03:17:53,0.0,8723.7,Textiles
2026-04-11T19:28:03,2086ef4c-5cd2-46d1-969f-73706d143be9,CMA-CGM,Singapore,Felixstowe,2026-04-21T19:28:03,2026-04-21T19:28:03,0.0,21964.6,Electronics
2026-03-13T05:14:18,6e59fbd3-5dab-4482-82c8-ec3a68d90ba7,MSC,Busan,Los Angeles,2026-03-18T05:14:18,2026-03-18T05:14:18,0.0,17483.9,Chemicals
2026-06-25T19:39:54,7d8edb6e-6bc6-4059-a5a0-f35f327b2ba8,MSC,Agadir,Hamburg,2026-07-15T19:39:54,2026-07-15T19:39:54,0.0,23838.4,Textiles
2026-06-23T11:29:20,3df3cafb-1d88-47ec-a388-9461a8559866,MSC,Singapore,Felixstowe,2026-07-10T11:29:20,2026-07-10T11:29:20,0.0,24752.0,Textiles
2026-04-21T23:56:56,32a00820-42cb-409f-a3f3-5148b0acc7b3,Maersk,Tanger Med,Rotterdam,2026-05-07T23:56:56,2026-05-07T23:56:56,0.0,3322.1,Textiles
2026-08-03T10:35:57,4c1aef83-f5ff-4ad6-9bb5-bf70b4411797,MSC,Busan,Los Angeles,2026-08-28T10:35:57,2026-08-28T10:35:57,0.0,19255.6,Electronics
2026-08-22T20:14:01,0a6e53b9-c271-44d2-aa17-cbb7d0f9aaaf,MSC,Tanger Med,Rotterdam,2026-09-02T20:14:01,2026-09-02T20:14:01,0.0,5864.2,Textiles
2026-04-18T18:57:14,118437ac-d9d0-4631-a0ea-6534843418b5,CMA-CGM,Casablanca,Marseille,2026-05-10T18:57:14,2026-05-10T18:57:14,0.0,5301.7,Automotive
2026-04-17T08:55:01,18470a7e-8bfc-4a02-83ac-98455ba12add,Maersk,Shanghai,Rotterdam,2026-04-22T08:55:01,2026-04-22T08:55:01,0.0,3862.5,Electronics
2026-03-11T12:08:22,f8645dcb-51e4-45ad-b6ab-8b9a206f1e05,MSC,Shenzhen,Hamburg,2026-03-25T12:08:22,2026-03-25T12:08:22,0.0,9556.2,Textiles
2026-07-26T17:52:58,a54e5341-b3c4-461e-bfcb-14328197621e,Evergreen,Casablanca,Marseille,2026-08-25T17:52:58,2026-08-30T05:04:58,107.2,22020.5,Electronics
2026-03-06T08:42:50,1f6ec05a-b3c5-416f-ab21-3dae87bc9712,MSC,Tanger Med,Barcelona,2026-03-15T08:42:50,2026-03-15T08:42:50,0.0,5196.2,Chemicals
2026-05-29T23:04:58,99d75116-f37e-41b7-b0b9-e1f964020a33,CMA-CGM,Shenzhen,Hamburg,2026-06-22T23:04:58,2026-06-22T23:04:58,0.0,16085.5,Electronics
2026-04-26T06:57:51,76b07f24-823b-4385-9e1f-686709d64b39,Comanav,Agadir,Hamburg,2026-05-18T06:57:51,2026-05-18T06:57:51,0.0,4139.9,Automotive
2026-02-16T00:18:14,c97cbd31-e66b-450f-bd1f-0583e44d10f9,Marsa Maroc,Tanger Med,Rotterdam,2026-03-18T00:18:14,2026-03-18T00:18:14,0.0,3598.2,Food
2026-04-19T11:11:36,bf681149-d9f1-4183-9ef2-2645d9367418,MSC,Busan,Los Angeles,2026-05-17T11:11:36,2026-05-17T11:11:36,0.0,12031.3,Food
2026-02-24T06:35:30,c10a01b2-3d16-44c6-aa0e-d8b613d7b9fc,MSC,Tanger Med,Barcelona,2026-03-17T06:35:30,2026-03-17T06:35:30,0.0,22119.3,Food
2026-06-10T13:33:58,6a7048eb-31b2-416a-9c20-23590bcb18cd,COSCO,Shenzhen,Hamburg,2026-07-01T13:33:58,2026-07-01T13:33:58,0.0,8384.7,Textiles
2026-06-09T10:07:00,99e1daa3-a239-4146-9cc0-e7271fca13dc,Marsa Maroc,Ningbo,New York,2026-06-29T10:07:00,2026-06-29T10:07:00,0.0,12622.4,Textiles
2026-07-03T15:43:01,3547f563-4ab3-4e6e-8e0d-ee85fd571367,Marsa Maroc,Singapore,Felixstowe,2026-08-02T15:43:01,2026-08-02T15:43:01,0.0,1396.8,Automotive
2026-08-19T20:24:20,8b01887a-8840-4e5a-96bb-56cb95c01211,COSCO,Agadir,Hamburg,2026-08-31T20:24:20,2026-08-31T20:24:20,0.0,7997.0,Chemicals
2026-05-22T09:03:19,31390497-c1d7-435b-b581-411d9dc2e82d,Comanav,Casablanca,Marseille,2026-06-07T09:03:19,2026-06-07T09:03:19,0.0,2576.6,Electronics
2026-02-22T05:19:49,f0d02588-e771-4d0c-b9e3-c2cb0015c868,COSCO,Shanghai,Rotterdam,2026-03-15T05:19:49,2026-03-15T05:19:49,0.0,14807.1,Chemicals
2026-04-29T05:12:47,de59dea4-6686-40c0-83e8-be2aa7c32206,Evergreen,Ningbo,New York,2026-05-14T05:12:47,2026-05-14T05:12:47,0.0,11955.0,Chemicals
2026-05-31T02:44:48,df92bd81-62e2-438d-b8b7-eb5f4c901b7b,Comanav,Shenzhen,Hamburg,2026-06-20T02:44:48,2026-06-20T02:44:48,0.0,9868.1,Automotive
2026-07-04T15:14:25,6b2da931-16d7-4230-bbd8-c1e129617062,MSC,Busan,Los Angeles,2026-07-17T15:14:25,2026-07-17T15:14:25,0.0,9297.8,Electronics
2026-02-26T13:33:57,ce1137a0-e2b1-4bb7-803a-fe89527d48f4,Comanav,Shanghai,Rotterdam,2026-03-19T13:33:57,2026-03-19T13:33:57,0.0,16269.5,Textiles
2026-06-29T21:45:44,39b672d6-bb69-424e-8349-6dbb84f4fc33,Maersk,Agadir,Hamburg,2026-07-07T21:45:44,2026-07-07T21:45:44,0.0,1437.9,Automotive
2026-05-20T02:33:48,21646389-047b-4089-ab0c-a14f83a1f07f,MSC,Shenzhen,Hamburg,2026-06-15T02:33:48,2026-06-15T02:33:48,0.0,7916.5,Textiles
2026-03-25T08:11:28,d4740ac6-e29e-4b28-9321-71906026558b,Marsa Maroc,Agadir,Hamburg,2026-04-18T08:11:28,2026-04-23T07:59:28,119.8,18933.4,Food
2026-06-22T22:11:14,632915d3-24b9-4788-a471-3f6fcd4de294,Maersk,Shanghai,Rotterdam,2026-07-21T22:11:14,2026-07-21T22:11:14,0.0,20646.6,Chemicals
2026-07-25T16:40:55,63b3aaae-dada-47ef-ba39-842fa2716dfa,Comanav,Singapore,Felixstowe,2026-08-17T16:40:55,2026-08-17T16:40:55,0.0,791.3,Food
2026-07-17T08:28:23,fa682915-a55e-4cb2-9530-140dcfe40066,Comanav,Casablanca,Marseille,2026-08-03T08:28:23,2026-08-03T08:28:23,0.0,18221.7,Automotive
2026-07-28T18:38:32,9beca014-7de5-4f17-bf90-b62df58b3d86,MSC,Busan,Los Angeles,2026-08-18T18:38:32,2026-08-18T18:38:32,0.0,14039.1,Chemicals
2026-06-29T03:47:25,49c15cbb-63cc-4c06-9ba5-3073217ec8e2,CMA-CGM,Busan,Los Angeles,2026-07-29T03:47:25,2026-07-29T03:47:25,0.0,21222.1,Chemicals
2026-06-21T16:03:01,0b187326-e942-4051-b824-53565669f930,MSC,Singapore,Felixstowe,2026-07-10T16:03:01,2026-07-10T16:03:01,0.0,14181.9,Textiles
2026-05-03T13:15:45,56f1b9d5-8e3f-4267-994f-524a98fb77df,Evergreen,Casablanca,Marseille,2026-05-12T13:15:45,2026-05-12T13:15:45,0.0,18576.2,Chemicals
2026-08-28T16:56:57,65ac3348-be70-4bfb-b5d1-094e82fdc3b3,CMA-CGM,Shenzhen,Hamburg,2026-09-09T16:56:57,2026-09-09T16:56:57,0.0,17301.2,Chemicals
2026-08-26T05:15:14,dbfb6634-80a4-4688-9349-0b17e7fae4db,CMA-CGM,Ningbo,New York,2026-09-10T05:15:14,2026-09-10T05:15:14,0.0,14405.6,Electronics
2026-07-06T15:55:17,d5ca9908-bb13-458f-bbd7-7a13c115b9a5,MSC,Casablanca,Marseille,2026-07-21T15:55:17,2026-07-21T15:55:17,0.0,20079.1,Food
2026-06-01T14:01:01,5bfea8b5-0687-411f-9ede-bd5bc16225e8,COSCO,Singapore,Felixstowe,2026-06-12T14:01:01,2026-06-13T08:55:01,18.9,9967.6,Chemicals
2026-03-10T01:59:42,fd15189e-39c5-4d9d-aa96-607ddc5d19c1,CMA-CGM,Tanger Med,Barcelona,2026-04-02T01:59:42,2026-04-05T10:59:42,81.0,7963.8,Automotive
2026-07-21T20:37:25,e525f0bc-b62e-407d-9610-357fe79bc0bd,Marsa Maroc,Tanger Med,Barcelona,2026-08-12T20:37:25,2026-08-12T20:37:25,0.0,20748.6,Food
2026-03-21T15:39:10,fb5b3266-aaf2-4759-9db2-f6055b8556b5,Maersk,Busan,Los Angeles,2026-03-31T15:39:10,2026-03-31T15:39:10,0.0,22828.0,Chemicals
2026-08-03T05:32:58,30d29a9b-eefa-4921-80ee-ed25b78d7d67,MSC,Shanghai,Rotterdam,2026-08-15T05:32:58,2026-08-15T05:32:58,0.0,13347.7,Chemicals
2026-04-19T01:58:34,99909d36-f433-44c6-bb10-aece4f90580a,CMA-CGM,Tanger Med,Rotterdam,2026-05-10T01:58:34,2026-05-10T01:58:34,0.0,8505.9,Chemicals
2026-06-15T02:06:05,5db95b43-464d-4329-97d6-f72388bfbd39,MSC,Singapore,Felixstowe,2026-06-23T02:06:05,2026-06-23T02:06:05,0.0,10751.1,Electronics
2026-06-22T17:54:27,ac258bcc-4af6-4c2f-aa9d-a8fb38dbdb73,Comanav,Singapore,Felixstowe,2026-07-03T17:54:27,2026-07-03T17:54:27,0.0,5539.1,Chemicals
2026-03-16T20:16:54,20e4942d-fda3-4d16-971c-0dc8a8239a1b,MSC,Busan,Los Angeles,2026-04-09T20:16:54,2026-04-09T20:16:54,0.0,8102.7,Automotive
2026-03-06T02:17:46,64a7eeba-fb9e-46b5-af9f-a439e6c13c76,Marsa Maroc,Ningbo,New York,2026-04-01T02:17:46,2026-04-01T02:17:46,0.0,5441.7,Automotive
2026-06-19T08:26:06,f6516fdc-e835-4ed1-8dea-6da4ba320b34,Maersk,Busan,Los Angeles,2026-07-06T08:26:06,2026-07-06T08:26:06,0.0,6547.6,Textiles
2026-06-04T19:33:50,69b2af69-e3d2-4773-8089-9889d0dbd6bc,COSCO,Busan,Los Angeles,2026-06-23T19:33:50,2026-06-23T19:33:50,0.0,18563.6,Textiles
2026-06-01T00:44:54,80fe9495-f78d-420b-bd5a-8ded0e326b45,CMA-CGM,Busan,Los Angeles,2026-06-28T00:44:54,2026-06-28T00:44:54,0.0,19912.5,Chemicals
2026-08-09T04:14:10,f6770120-5bf0-446a-92e1-3dc0efa10662,COSCO,Casablanca,Marseille,2026-08-21T04:14:10,2026-08-21T04:14:10,0.0,15634.5,Chemicals
2026-07-18T11:41:22,28069c36-7b8e-464e-89ff-fe28ac3d20f8,COSCO,Busan,Los Angeles,2026-08-13T11:41:22,2026-08-13T11:41:22,0.0,14431.1,Chemicals
2026-04-24T17:14:30,d1f16413-f1e5-4468-aed2-e4f4cd220edc,MSC,Tanger Med,Rotterdam,2026-05-04T17:14:30,2026-05-04T17:14:30,0.0,15888.0,Textiles
2026-07-23T09:31:33,130ca260-1ec3-4c7d-b93e-1f5ecc54dd3b,Marsa Maroc,Tanger Med,Barcelona,2026-08-20T09:31:33,2026-08-20T09:31:33,0.0,5822.7,Chemicals
2026-06-23T12:39:19,941fa743-7754-49ce-b459-cb944d894754,Comanav,Singapore,Felixstowe,2026-07-15T12:39:19,2026-07-15T12:39:19,0.0,9533.9,Electronics
2026-07-23T15:33:01,0cba4eb8-672c-45e2-88f8-36baea1e0e2c,Comanav,Ningbo,New York,2026-08-21T15:33:01,2026-08-21T15:33:01,0.0,11547.9,Textiles
2026-03-11T10:46:43,01609efa-ab78-48b1-a68f-476a9aa100c4,Evergreen,Agadir,Hamburg,2026-03-17T10:46:43,2026-03-17T10:46:43,0.0,2293.3,Chemicals
2026-06-17T22:05:27,f9efb178-baea-4be3-9e31-269497c689bb,CMA-CGM,Singapore,Felixstowe,2026-07-15T22:05:27,2026-07-15T22:05:27,0.0,5262.9,Electronics
2026-08-08T21:56:21,facfb2c3-9cee-40b4-86c9-9133473f7729,CMA-CGM,Tanger Med,Rotterdam,2026-08-16T21:56:21,2026-08-16T21:56:21,0.0,3843.8,Chemicals
2026-06-08T15:02:29,ffaa13bc-9ce4-49eb-a150-ecd705b7c7bd,COSCO,Busan,Los Angeles,2026-06-15T15:02:29,2026-06-15T15:02:29,0.0,16597.1,Chemicals
2026-03-10T06:36:57,fedd87a7-eb8d-4855-a29e-822ee8fc6e3a,COSCO,Casablanca,Marseille,2026-03-23T06:36:57,2026-03-24T13:00:57,30.4,942.6,Electronics
2026-03-22T03:26:03,fa82e983-51b3-4a3f-b3a2-ce5afab6b58b,CMA-CGM,Casablanca,Marseille,2026-03-30T03:26:03,2026-03-30T03:26:03,0.0,10075.8,Electronics
2026-07-23T18:09:13,cebf53d4-da27-4be2-bf3e-e6a62220e10e,Marsa Maroc,Tanger Med,Rotterdam,2026-08-05T18:09:13,2026-08-05T18:09:13,0.0,9273.1,Automotive
2026-06-28T02:18:18,91901e01-1c9b-499b-88e5-d5ff34acb645,Marsa Maroc,Tanger Med,Rotterdam,2026-07-20T02:18:18,2026-07-20T02:18:18,0.0,17570.2,Food
2026-04-05T03:11:03,413501f3-c924-4e59-92e6-77c774ed6306,COSCO,Tanger Med,Barcelona,2026-05-02T03:11:03,2026-05-02T03:11:03,0.0,1784.2,Electronics
2026-02-24T02:15:05,130a9eb8-803c-4771-a9f2-1dd69942db33,Comanav,Tanger Med,Rotterdam,2026-03-13T02:15:05,2026-03-13T02:15:05,0.0,23256.1,Textiles
2026-04-18T10:48:03,da9bad64-b9ed-4786-9d90-81398a1ccb77,MSC,Agadir,Hamburg,2026-04-25T10:48:03,2026-04-25T10:48:03,0.0,1184.6,Electronics
2026-08-07T04:04:00,ac32c280-dbaa-4de5-abc5-025e41e2522d,Comanav,Shenzhen,Hamburg,2026-08-18T04:04:00,2026-08-18T04:04:00,0.0,2047.7,Electronics
2026-03-04T12:20:59,f042c3d1-1a53-48a1-8864-190250be6594,Marsa Maroc,Casablanca,Marseille,2026-03-14T12:20:59,2026-03-14T12:20:59,0.0,13056.3,Textiles
2026-03-25T00:32:56,e69dd0b7-585f-4c1d-bbbc-fdf29eae0584,Evergreen,Shenzhen,Hamburg,2026-04-19T00:32:56,2026-04-19T00:32:56,0.0,5574.4,Food
2026-03-19T02:39:37,837043f5-9350-4b0b-8f68-c226ba7e0cfb,COSCO,Singapore,Felixstowe,2026-03-27T02:39:37,2026-03-27T02:39:37,0.0,3094.2,Textiles
2026-05-14T15:38:10,8dfec8c5-256e-4dee-bcd5-dcf6971bf09a,Maersk,Casablanca,Marseille,2026-05-31T15:38:10,2026-05-31T15:38:10,0.0,793.5,Automotive
2026-07-14T06:25:43,7c9a3569-7fe1-46a1-9f15-1283a1866263,MSC,Busan,Los Angeles,2026-07-21T06:25:43,2026-07-21T06:25:43,0.0,7322.2,Food
2026-07-12T15:29:17,9e91cfc7-e7b9-46bd-9f9c-3600b643ad7d,Maersk,Shenzhen,Hamburg,2026-07-19T15:29:17,2026-07-21T23:53:17,56.4,19304.9,Chemicals
2026-07-05T16:27:41,8cc12551-83ed-4a36-b9f4-642a4f737988,Marsa Maroc,Tanger Med,Barcelona,2026-07-27T16:27:41,2026-07-27T16:27:41,0.0,23094.5,Food
2026-03-05T13:51:11,0de51fae-7f2a-443d-9eda-4d4d7df16051,CMA-CGM,Casablanca,Marseille,2026-03-13T13:51:11,2026-03-13T13:51:11,0.0,24544.7,Chemicals
2026-04-19T14:08:50,c418c697-4ae5-422a-a277-8f3069cee5d3,CMA-CGM,Casablanca,Marseille,2026-04-29T14:08:50,2026-04-29T14:08:50,0.0,22157.2,Textiles
2026-08-07T17:34:56,1059c644-5ad8-4522-89b1-debf4601f435,Maersk,Busan,Los Angeles,2026-08-22T17:34:56,2026-08-22T17:34:56,0.0,22846.5,Chemicals
2026-06-28T01:38:23,90c83c85-f33c-473d-8ac2-2eb98a545359,Evergreen,Singapore,Felixstowe,2026-07-23T01:38:23,2026-07-23T01:38:23,0.0,12833.8,Electronics
2026-06-29T11:24:57,677549b5-1daf-476f-b0d7-d5e10b3cabdf,Maersk,Agadir,Hamburg,2026-07-23T11:24:57,2026-07-23T11:24:57,0.0,3539.4,Automotive
2026-08-08T09:48:50,38df776d-441f-4250-bca8-92dcd9039908,Comanav,Singapore,Felixstowe,2026-08-20T09:48:50,2026-08-20T09:48:50,0.0,1968.1,Textiles
2026-03-19T20:37:26,9c93035f-f88e-4b16-9491-5651f89a3156,CMA-CGM,Busan,Los Angeles,2026-03-30T20:37:26,2026-03-30T20:37:26,0.0,5507.4,Electronics
2026-03-30T11:24:41,72ccb798-59d0-429b-a4d0-baa5050035fb,Marsa Maroc,Agadir,Hamburg,2026-04-23T11:24:41,2026-04-25T23:18:41,59.9,21994.6,Automotive
2026-06-26T12:13:17,97d39a13-e475-4fef-a25e-34e2c8cb999d,CMA-CGM,Shanghai,Rotterdam,2026-07-21T12:13:17,2026-07-21T12:13:17,0.0,1470.4,Chemicals
2026-07-28T13:56:46,efcf816f-1ce4-44d1-b3f1-134c16077469,Comanav,Shanghai,Rotterdam,2026-08-02T13:56:46,2026-08-02T13:56:46,0.0,18455.4,Textiles
2026-06-09T02:17:04,eed17c31-eca2-44e7-a508-6f9380c49a2e,MSC,Agadir,Hamburg,2026-07-01T02:17:04,2026-07-01T02:17:04,0.0,22983.1,Automotive
2026-05-31T05:34:36,2639f5fb-7312-421a-848e-526a552553c9,Evergreen,Agadir,Hamburg,2026-06-17T05:34:36,2026-06-17T05:34:36,0.0,4996.9,Electronics
2026-05-16T22:32:57,52be275d-8f79-46f4-9f08-e2c750f59a4d,Comanav,Tanger Med,Barcelona,2026-06-05T22:32:57,2026-06-05T22:32:57,0.0,5215.4,Automotive
2026-04-07T01:25:03,19562d3f-e609-46b2-99b2-72a5b78f0a07,MSC,Agadir,Hamburg,2026-04-14T01:25:03,2026-04-14T01:25:03,0.0,13946.8,Automotive
2026-03-04T01:31:47,72ef504e-f625-4b2b-a506-3c73c4d8ddcd,Evergreen,Agadir,Hamburg,2026-03-11T01:31:47,2026-03-11T01:31:47,0.0,11943.3,Automotive
2026-04-24T06:05:36,71e76be7-b0ba-44b4-b28b-aecce356a1e7,MSC,Agadir,Hamburg,2026-05-12T06:05:36,2026-05-12T06:05:36,0.0,6599.8,Textiles
2026-08-30T19:25:36,759b24dd-2b56-4d72-bf23-dc446ec1c077,Marsa Maroc,Busan,Los Angeles,2026-09-10T19:25:36,2026-09-10T19:25:36,0.0,19641.6,Electronics
2026-07-12T06:59:01,187fd9f9-7e8f-4dca-8ae6-811e08c3f800,COSCO,Shenzhen,Hamburg,2026-07-29T06:59:01,2026-07-29T06:59:01,0.0,11313.7,Food
2026-04-06T17:36:43,41c8ca5a-6bd8-412f-9f4b-52cda79fec51,Comanav,Singapore,Felixstowe,2026-04-15T17:36:43,2026-04-19T19:18:43,97.7,985.4,Chemicals
2026-06-03T15:56:07,2ee749b7-a503-4dd5-ac84-1c5310c48dd0,Comanav,Singapore,Felixstowe,2026-06-10T15:56:07,2026-06-10T15:56:07,0.0,23077.5,Food
2026-05-19T02:04:35,b7a10a9c-beaf-4960-894f-da947c9c1873,MSC,Ningbo,New York,2026-06-10T02:04:35,2026-06-10T02:04:35,0.0,6803.6,Chemicals
2026-08-07T07:34:00,2bbdda41-ea76-4b2c-a782-13ca60ebe6f4,COSCO,Shanghai,Rotterdam,2026-08-21T07:34:00,2026-08-21T07:34:00,0.0,15347.6,Electronics
2026-04-26T07:56:28,7be978c2-cead-4871-ab0f-1ad88cca163e,MSC,Shenzhen,Hamburg,2026-05-23T07:56:28,2026-05-23T07:56:28,0.0,4290.7,Automotive
2026-05-29T21:46:09,0cd5b889-963a-4680-9b6f-e003d4f840f0,Maersk,Tanger Med,Rotterdam,2026-06-19T21:46:09,2026-06-19T21:46:09,0.0,9669.3,Chemicals
2026-08-10T18:19:03,2111d76b-3879-4f83-be99-043601e7e758,COSCO,Singapore,Felixstowe,2026-09-07T18:19:03,2026-09-07T18:19:03,0.0,12494.0,Food
2026-05-11T17:47:50,efa12b51-2f6c-4a40-a0cd-bd7442691d5e,COSCO,Tanger Med,Barcelona,2026-05-17T17:47:50,2026-05-18T19:11:50,25.4,23337.2,Automotive
2026-03-30T15:03:49,fff07f5a-e73b-4f80-a7bc-47db24d892bb,Comanav,Agadir,Hamburg,2026-04-17T15:03:49,2026-04-21T14:21:49,95.3,18913.6,Textiles
2026-04-02T17:04:49,ef1d3242-0520-47bd-be0b-7865fcffd1f3,Marsa Maroc,Ningbo,New York,2026-04-22T17:04:49,2026-04-22T17:04:49,0.0,9520.4,Electronics
2026-03-01T18:12:54,8d9e85a1-9a35-4a3e-8db5-56bc778f0ccd,COSCO,Singapore,Felixstowe,2026-03-29T18:12:54,2026-03-29T18:12:54,0.0,12204.3,Textiles
2026-07-28T13:20:35,56c811a8-97d4-4150-a977-379102e25bea,Marsa Maroc,Tanger Med,Rotterdam,2026-08-23T13:20:35,2026-08-23T13:20:35,0.0,6902.6,Chemicals
2026-04-25T01:16:26,47741ca5-b8ff-4301-b9eb-3f117a4ce108,CMA-CGM,Casablanca,Marseille,2026-05-07T01:16:26,2026-05-07T01:16:26,0.0,23818.6,Automotive
2026-07-22T20:44:13,7753896c-1226-4ddc-aa26-f333a4181010,Maersk,Tanger Med,Rotterdam,2026-08-20T20:44:13,2026-08-20T20:44:13,0.0,17934.4,Chemicals
2026-03-12T02:16:08,ec16074e-06a2-49b3-b38e-46f21624a110,Marsa Maroc,Singapore,Felixstowe,2026-04-04T02:16:08,2026-04-04T22:58:08,20.7,22793.8,Chemicals
2026-06-15T02:46:26,7c82f31d-70d6-4a48-bdf4-5d9fa7c45cf8,Comanav,Casablanca,Marseille,2026-07-03T02:46:26,2026-07-03T02:46:26,0.0,7904.4,Food
2026-06-29T22:14:18,d089ac40-9320-4faf-ab6b-8040917dddd9,Evergreen,Singapore,Felixstowe,2026-07-13T22:14:18,2026-07-13T22:14:18,0.0,18935.3,Electronics
2026-03-03T05:16:33,1387e6a4-014c-4d1d-aa21-81ba00c5b0c5,Marsa Maroc,Tanger Med,Barcelona,2026-03-26T05:16:33,2026-03-26T05:16:33,0.0,8937.6,Automotive
2026-06-10T18:22:21,a6dd5d2c-0e4d-45ad-ac7a-caf20bb4dd56,Marsa Maroc,Shanghai,Rotterdam,2026-06-21T18:22:21,2026-06-24T01:22:21,55.0,8048.5,Automotive
2026-06-17T11:47:55,ed3c1282-b6f8-4161-aae1-20bbd75be8df,Maersk,Busan,Los Angeles,2026-06-25T11:47:55,2026-06-25T11:47:55,0.0,17559.8,Food
2026-04-17T04:03:19,25e83fd9-5c64-408d-b7fa-e32c5eb35510,Marsa Maroc,Singapore,Felixstowe,2026-05-01T04:03:19,2026-05-01T04:03:19,0.0,4680.5,Textiles
2026-04-28T14:38:44,915dbf75-db78-40ac-adfb-052551630b3e,Marsa Maroc,Casablanca,Marseille,2026-05-07T14:38:44,2026-05-07T14:38:44,0.0,4958.6,Electronics
2026-07-08T09:21:04,c5ba1839-0fcd-4976-a3d8-e3607d5a7e2e,Evergreen,Busan,Los Angeles,2026-07-19T09:21:04,2026-07-19T09:21:04,0.0,1945.1,Automotive
2026-08-27T13:56:50,c33f45f4-99b6-4dd7-8e17-a27102b94122,CMA-CGM,Agadir,Hamburg,2026-09-14T13:56:50,2026-09-14T13:56:50,0.0,22867.8,Electronics
2026-05-13T02:05:00,2ece7359-e327-4aa2-bdb2-e18dc1f57fa3,Maersk,Casablanca,Marseille,2026-05-27T02:05:00,2026-05-27T02:05:00,0.0,3554.7,Electronics
2026-03-25T03:10:48,abec8a03-8de3-4731-b42a-58e18334fef8,Maersk,Shenzhen,Hamburg,2026-04-17T03:10:48,2026-04-17T03:10:48,0.0,12387.3,Electronics
2026-05-05T01:16:22,0060f371-f586-468e-84ad-75a856862224,Maersk,Tanger Med,Rotterdam,2026-05-18T01:16:22,2026-05-18T01:16:22,0.0,677.1,Food
2026-04-12T22:25:34,0bc7c966-1b66-4be3-84b9-3b0a95bd1216,Maersk,Tanger Med,Rotterdam,2026-04-23T22:25:34,2026-04-23T22:25:34,0.0,677.9,Food
2026-05-18T22:32:28,bdbdd34f-b894-4715-82b1-8ec3096fdc4f,Comanav,Ningbo,New York,2026-05-31T22:32:28,2026-06-03T13:38:28,63.1,8757.2,Chemicals
2026-08-13T20:37:05,96d49151-9d37-4e60-ac96-8460adb54082,CMA-CGM,Shenzhen,Hamburg,2026-09-08T20:37:05,2026-09-13T20:31:05,119.9,20512.8,Textiles
2026-02-15T04:59:05,9d1791ca-b04d-4344-92e1-b443ac341d49,COSCO,Singapore,Felixstowe,2026-03-11T04:59:05,2026-03-11T04:59:05,0.0,9222.7,Textiles
2026-06-30T03:47:57,41eec630-bfe1-4800-ad6a-3eb6aca1fedc,Maersk,Tanger Med,Barcelona,2026-07-19T03:47:57,2026-07-19T03:47:57,0.0,10344.3,Automotive
2026-07-14T06:30:04,27b60a99-aaf1-4751-b59e-a7b857c7a22f,Evergreen,Tanger Med,Rotterdam,2026-07-22T06:30:04,2026-07-24T00:42:04,42.2,17632.0,Automotive
2026-08-05T12:32:17,02a3818b-cf9b-4b50-b0ec-45da8e40b585,COSCO,Shenzhen,Hamburg,2026-08-29T12:32:17,2026-08-29T12:32:17,0.0,21811.4,Food
2026-04-09T09:33:19,669c4963-5892-4cfe-b6f7-38c5f842afee,Marsa Maroc,Singapore,Felixstowe,2026-04-20T09:33:19,2026-04-20T09:33:19,0.0,16132.8,Textiles
2026-03-18T11:35:11,ff586a3e-3e53-47c1-8d4a-7ab845c56c12,Marsa Maroc,Tanger Med,Rotterdam,2026-04-03T11:35:11,2026-04-08T08:17:11,116.7,18527.4,Chemicals
2026-03-06T12:49:00,b7652f02-78c6-44aa-a934-33c47eb9c77a,Evergreen,Agadir,Hamburg,2026-03-26T12:49:00,2026-03-26T12:49:00,0.0,15508.5,Electronics
2026-06-09T02:47:54,4e9b0415-7f7b-4d2e-a86c-12778d72e634,COSCO,Shenzhen,Hamburg,2026-06-29T02:47:54,2026-07-03T11:23:54,104.6,22677.5,Chemicals
2026-07-22T15:07:11,63783d5a-6539-4209-a530-9441a39cba84,Evergreen,Shanghai,Rotterdam,2026-08-02T15:07:11,2026-08-02T15:07:11,0.0,21811.5,Food
2026-08-24T21:28:55,94a90165-e28f-4c5f-8f40-9e9e7ec77632,Maersk,Ningbo,New York,2026-09-02T21:28:55,2026-09-02T21:28:55,0.0,2633.7,Food
2026-07-19T12:53:16,d2f95a11-4351-4af0-abe4-8171f6a5ecae,MSC,Busan,Los Angeles,2026-08-07T12:53:16,2026-08-10T04:59:16,64.1,13746.4,Automotive
2026-07-09T00:11:49,3210e69f-7a4c-480d-85f3-809fec223fa2,MSC,Agadir,Hamburg,2026-08-07T00:11:49,2026-08-10T15:47:49,87.6,3084.0,Electronics
2026-03-12T15:24:23,619031bc-dbbd-4f9e-ae5c-f206462e1918,CMA-CGM,Casablanca,Marseille,2026-03-29T15:24:23,2026-03-29T15:24:23,0.0,5899.2,Textiles
2026-04-10T16:07:48,cd6afbd6-fb38-4f9f-83ac-b202ccc4e629,Marsa Maroc,Busan,Los Angeles,2026-04-18T16:07:48,2026-04-18T16:07:48,0.0,23107.0,Chemicals
2026-06-05T02:54:43,5a6c41bd-62ab-451d-98e0-b2855f1956af,Comanav,Tanger Med,Barcelona,2026-07-02T02:54:43,2026-07-02T02:54:43,0.0,5983.3,Food
2026-03-14T19:16:05,5249a204-49a8-47ba-9f08-d9db8ef0d63c,Marsa Maroc,Tanger Med,Barcelona,2026-03-29T19:16:05,2026-03-29T19:16:05,0.0,18077.3,Chemicals
2026-08-04T18:03:58,a0293250-834c-4b8a-b157-b7423ccca893,Comanav,Ningbo,New York,2026-08-22T18:03:58,2026-08-24T06:09:58,36.1,3334.4,Electronics
2026-08-13T21:52:48,b00c2868-5641-4fdc-a5cd-99cfc790fc21,Maersk,Tanger Med,Barcelona,2026-08-28T21:52:48,2026-08-28T21:52:48,0.0,23461.7,Electronics
2026-06-27T19:06:37,e83ed961-3eed-4094-b4d2-9396cc4e927b,MSC,Shenzhen,Hamburg,2026-07-12T19:06:37,2026-07-15T21:24:37,74.3,541.1,Electronics
2026-04-02T20:09:54,86f92032-b078-44f8-9330-42d1cb6da6bb,MSC,Ningbo,New York,2026-04-19T20:09:54,2026-04-21T18:39:54,46.5,9443.1,Automotive
2026-04-16T16:01:09,e07afada-b024-4063-b3b1-86bcefa78f6b,Marsa Maroc,Ningbo,New York,2026-05-10T16:01:09,2026-05-10T16:01:09,0.0,3111.4,Electronics
2026-04-01T02:40:27,6e769101-92a2-48e9-8dc7-bd5f0f8eae3f,Comanav,Ningbo,New York,2026-04-20T02:40:27,2026-04-20T02:40:27,0.0,20495.6,Textiles
2026-07-21T00:17:40,21d50732-7160-4783-9008-83bafa112f0c,COSCO,Agadir,Hamburg,2026-08-16T00:17:40,2026-08-16T00:17:40,0.0,15235.9,Automotive
2026-08-28T07:01:48,b3847721-6508-4088-8d49-8784c9be1ed2,Evergreen,Tanger Med,Rotterdam,2026-09-12T07:01:48,2026-09-12T07:01:48,0.0,24763.2,Electronics
2026-02-23T12:29:06,a946acf3-f57d-4aa2-9eb5-5feaf2397333,Comanav,Shanghai,Rotterdam,2026-03-22T12:29:06,2026-03-22T12:29:06,0.0,15961.4,Automotive
2026-03-22T05:15:55,eb80ae87-87c9-4226-a292-a989fbd5161d,CMA-CGM,Busan,Los Angeles,2026-04-18T05:15:55,2026-04-18T23:39:55,18.4,20350.1,Automotive
2026-04-01T10:12:27,486632e0-6468-44ce-aa67-c29342dddead,Comanav,Agadir,Hamburg,2026-04-29T10:12:27,2026-04-30T22:30:27,36.3,18525.3,Automotive
2026-06-10T02:38:46,4c5899e2-df66-4316-9426-f570339c6a9e,Marsa Maroc,Busan,Los Angeles,2026-06-27T02:38:46,2026-06-27T02:38:46,0.0,20467.8,Automotive
2026-04-16T22:42:54,843ff06d-8edd-41ef-818f-69ac5a383c93,Evergreen,Tanger Med,Rotterdam,2026-05-03T22:42:54,2026-05-03T22:42:54,0.0,17108.5,Textiles
2026-04-25T21:38:29,5b10817c-09a5-4659-8006-05511d0d7380,COSCO,Singapore,Felixstowe,2026-05-02T21:38:29,2026-05-02T21:38:29,0.0,7434.5,Automotive
2026-06-26T07:24:58,7da9df12-4d6a-4111-ae2a-94ab329098a1,COSCO,Ningbo,New York,2026-07-04T07:24:58,2026-07-04T07:24:58,0.0,18930.5,Food
2026-04-30T13:32:07,ff611ae4-7d12-4ed0-b95b-ee4a4a6afdbb,Comanav,Tanger Med,Rotterdam,2026-05-27T13:32:07,2026-05-27T13:32:07,0.0,16538.5,Food
2026-06-16T09:10:07,3f78547a-6e29-4647-a755-5f5c9b344596,COSCO,Casablanca,Marseille,2026-07-13T09:10:07,2026-07-13T09:10:07,0.0,22481.8,Automotive
2026-05-22T07:31:19,79a7a5d8-98b6-462e-b34c-1b16771086e8,Comanav,Agadir,Hamburg,2026-06-19T07:31:19,2026-06-19T07:31:19,0.0,16455.3,Textiles
2026-03-01T15:01:39,2788eb7e-d57c-4ba4-90ab-509adb2d5c88,Marsa Maroc,Tanger Med,Barcelona,2026-03-31T15:01:39,2026-04-01T18:55:39,27.9,23784.8,Chemicals
2026-05-29T07:48:38,8643f12c-ec60-4459-9ffc-7dc874d81dec,Maersk,Casablanca,Marseille,2026-06-06T07:48:38,2026-06-06T07:48:38,0.0,12110.0,Electronics
2026-04-21T05:39:59,317c6e93-5b7e-4246-bb3f-a41bf36b4a93,Evergreen,Tanger Med,Barcelona,2026-05-16T05:39:59,2026-05-16T05:39:59,0.0,11128.6,Automotive
2026-06-09T14:04:08,889fe8fa-be5d-49cb-98c7-e3d92d92f596,MSC,Singapore,Felixstowe,2026-06-15T14:04:08,2026-06-15T14:04:08,0.0,10217.8,Textiles
2026-03-21T14:40:18,9d10601d-4e02-4920-bc95-a603155d5cef,Marsa Maroc,Casablanca,Marseille,2026-04-18T14:40:18,2026-04-18T14:40:18,0.0,17449.0,Electronics
2026-06-01T14:31:47,859f0b41-241a-41c2-85a0-74cac6f45203,Comanav,Busan,Los Angeles,2026-06-26T14:31:47,2026-06-26T14:31:47,0.0,15992.2,Chemicals
2026-03-29T06:48:57,a1b9dc7e-9c74-4a51-9233-07b0d1dbc98f,Maersk,Shenzhen,Hamburg,2026-04-06T06:48:57,2026-04-06T06:48:57,0.0,3490.3,Food
2026-08-20T04:19:16,9c535e84-951b-49fe-aa5b-9c26de2aad17,Maersk,Agadir,Hamburg,2026-09-12T04:19:16,2026-09-12T04:19:16,0.0,14529.4,Textiles
2026-04-12T11:48:01,f90f984f-730c-4177-82a8-61da84314fec,Comanav,Tanger Med,Barcelona,2026-05-05T11:48:01,2026-05-05T11:48:01,0.0,12362.7,Chemicals
2026-04-20T21:11:41,46ef41bb-1870-4003-b6cf-37d3ca54e918,Evergreen,Shanghai,Rotterdam,2026-04-29T21:11:41,2026-04-29T21:11:41,0.0,2055.7,Food
2026-04-09T11:42:19,29c0cbb0-ec5c-46f0-a6f8-7d86b13f620b,COSCO,Casablanca,Marseille,2026-05-06T11:42:19,2026-05-06T11:42:19,0.0,14123.5,Food
2026-07-03T02:50:33,f2d6b61d-c305-4b05-a7c6-14ea1fe41639,COSCO,Ningbo,New York,2026-07-10T02:50:33,2026-07-10T02:50:33,0.0,14825.7,Electronics
2026-03-08T23:57:31,3bb4b09f-8083-46d6-bae1-d09dfdf1b790,Marsa Maroc,Agadir,Hamburg,2026-03-16T23:57:31,2026-03-16T23:57:31,0.0,15178.0,Automotive
2026-02-21T00:27:36,623eecf5-effb-4f0a-8615-541d14b18137,Evergreen,Tanger Med,Rotterdam,2026-03-12T00:27:36,2026-03-13T01:45:36,25.3,3656.0,Automotive
2026-03-10T13:03:06,479c077b-f93d-4e50-a047-5c89e361a157,Maersk,Casablanca,Marseille,2026-04-01T13:03:06,2026-04-01T13:03:06,0.0,18950.2,Electronics
2026-03-04T15:44:04,cd909b3c-daa8-454d-aade-cc6949a50ff6,Evergreen,Tanger Med,Barcelona,2026-03-18T15:44:04,2026-03-18T15:44:04,0.0,13838.5,Chemicals
2026-05-28T18:46:18,b4ea1d57-ad3f-4ac0-9bdf-5c387895f639,MSC,Tanger Med,Rotterdam,2026-06-11T18:46:18,2026-06-11T18:46:18,0.0,23672.0,Textiles
2026-05-12T20:52:35,65c04f5f-4a48-4044-ad21-27d7e61e7cd0,COSCO,Ningbo,New York,2026-05-21T20:52:35,2026-05-21T20:52:35,0.0,17530.0,Food
2026-07-18T18:52:12,168c06bf-9939-4d62-98f5-1ab14aee661b,Evergreen,Shenzhen,Hamburg,2026-08-09T18:52:12,2026-08-09T18:52:12,0.0,17354.3,Electronics
2026-03-01T18:17:06,db9b40a5-cc28-46fa-985b-be3d534a281c,Maersk,Agadir,Hamburg,2026-03-12T18:17:06,2026-03-12T18:17:06,0.0,21474.1,Automotive
2026-08-19T10:03:04,d985ef27-4120-4816-8ebb-8c6646a6da99,Evergreen,Casablanca,Marseille,2026-09-10T10:03:04,2026-09-10T10:03:04,0.0,9297.1,Automotive
2026-05-30T11:56:07,e2309eb5-00ad-4074-9bea-c54dd8e5beab,Maersk,Singapore,Felixstowe,2026-06-21T11:56:07,2026-06-21T11:56:07,0.0,9853.7,Automotive
2026-06-19T07:43:16,e75c876d-89ea-4c3c-a4c5-18824f618e88,COSCO,Singapore,Felixstowe,2026-06-26T07:43:16,2026-06-29T20:49:16,85.1,23534.9,Automotive
2026-08-28T13:22:19,64d533ec-79f2-4d7b-8f2d-12774b951896,MSC,Ningbo,New York,2026-09-04T13:22:19,2026-09-04T13:22:19,0.0,7100.3,Automotive
2026-05-09T02:25:39,cb1d718e-4935-470f-b9b7-fb3682df94d6,Evergreen,Shenzhen,Hamburg,2026-06-04T02:25:39,2026-06-04T02:25:39,0.0,13030.0,Automotive
2026-07-27T17:03:24,0a819168-7473-4339-8139-c31a06ec9124,Comanav,Singapore,Felixstowe,2026-08-05T17:03:24,2026-08-05T17:03:24,0.0,19800.7,Chemicals
2026-06-12T12:17:04,68592540-6d87-42b8-b486-d8b02906863e,Evergreen,Tanger Med,Rotterdam,2026-06-24T12:17:04,2026-06-24T12:17:04,0.0,3553.2,Electronics
2026-08-17T03:20:15,883c8107-dd36-47d9-89bb-1f314c9c34d5,COSCO,Ningbo,New York,2026-08-24T03:20:15,2026-08-24T03:20:15,0.0,2679.9,Textiles
2026-02-27T08:09:28,55037652-62e9-4996-8728-9fd2ac55e14c,MSC,Shanghai,Rotterdam,2026-03-29T08:09:28,2026-03-29T08:09:28,0.0,741.7,Chemicals
2026-03-16T06:25:47,b50d5c50-0640-4733-ab5f-9419e61352bc,COSCO,Agadir,Hamburg,2026-03-24T06:25:47,2026-03-24T06:25:47,0.0,3525.8,Food
2026-04-01T09:24:59,d38822d1-47b6-4cd6-afcb-64bfd1117c02,Evergreen,Shanghai,Rotterdam,2026-05-01T09:24:59,2026-05-01T09:24:59,0.0,13459.5,Food
2026-08-05T17:25:12,4edb8a2b-b2bb-487d-b840-a099538355e9,Evergreen,Shanghai,Rotterdam,2026-08-18T17:25:12,2026-08-18T17:25:12,0.0,22466.0,Automotive
2026-07-23T09:52:31,dbb55260-5d52-4fb2-889d-96babbfb2acc,Comanav,Shenzhen,Hamburg,2026-08-09T09:52:31,2026-08-09T09:52:31,0.0,20249.1,Food
2026-08-19T01:32:51,b60fe57e-b6bb-4081-bfc4-b6a5afc5f962,Evergreen,Ningbo,New York,2026-09-05T01:32:51,2026-09-05T01:32:51,0.0,3625.5,Electronics
2026-08-19T08:54:52,41cf83be-339d-4fb6-b5c2-d76149afd70b,Marsa Maroc,Ningbo,New York,2026-08-28T08:54:52,2026-08-28T08:54:52,0.0,3995.4,Food
2026-04-21T05:37:56,6e72daca-5e8a-48e9-a71c-05ce710dc6d4,Maersk,Shanghai,Rotterdam,2026-05-19T05:37:56,2026-05-19T05:37:56,0.0,9568.7,Automotive
2026-06-22T02:49:28,a0d9a249-ec73-4cd5-a9a8-2e03b56a256f,Marsa Maroc,Singapore,Felixstowe,2026-07-11T02:49:28,2026-07-11T02:49:28,0.0,24663.0,Chemicals
2026-04-12T19:05:21,adcde55d-bc6a-4871-b567-9b63862ea689,CMA-CGM,Ningbo,New York,2026-04-25T19:05:21,2026-04-28T15:17:21,68.2,18102.4,Automotive
2026-06-23T09:28:48,e275a4e9-d926-4a4a-b01e-98f0e4640604,Marsa Maroc,Shanghai,Rotterdam,2026-06-30T09:28:48,2026-07-02T17:22:48,55.9,8162.1,Electronics
2026-06-05T00:14:40,3f3b4899-6265-4d17-8fb5-01bc7cd12017,Maersk,Tanger Med,Barcelona,2026-07-03T00:14:40,2026-07-03T00:14:40,0.0,2794.0,Food
2026-06-15T03:05:12,b0ebee58-50f7-4473-a70d-77b936590355,Maersk,Tanger Med,Rotterdam,2026-07-13T03:05:12,2026-07-13T03:05:12,0.0,23274.9,Electronics
2026-07-12T20:18:29,dbc69866-a651-47c5-a2bb-63215d1d07b8,Marsa Maroc,Singapore,Felixstowe,2026-08-02T20:18:29,2026-08-03T23:00:29,26.7,12696.2,Food
2026-04-15T18:49:43,6c1276d4-6079-42e5-aed3-4390875c6eff,COSCO,Tanger Med,Barcelona,2026-04-20T18:49:43,2026-04-20T18:49:43,0.0,22816.7,Electronics
2026-06-30T21:41:05,48333fe8-77f8-460c-9529-1c1b7d2f43e7,Marsa Maroc,Singapore,Felixstowe,2026-07-22T21:41:05,2026-07-22T21:41:05,0.0,6483.5,Food
2026-03-23T05:42:21,092014a9-2f9a-49b4-89ec-b8f144a2dfd0,Evergreen,Tanger Med,Rotterdam,2026-04-11T05:42:21,2026-04-14T18:30:21,84.8,22107.3,Food
2026-06-25T22:22:32,fc89cfdf-8ea4-4277-9b1b-3c3d519e7a02,MSC,Agadir,Hamburg,2026-07-02T22:22:32,2026-07-02T22:22:32,0.0,3766.3,Textiles
2026-05-13T21:09:36,ded3de53-8b8a-403b-bd74-dd369d3f88ed,COSCO,Tanger Med,Rotterdam,2026-06-02T21:09:36,2026-06-02T21:09:36,0.0,9645.5,Electronics
2026-08-17T03:50:22,ad6cc8b5-0d0f-4e26-a57a-4002e250a553,Marsa Maroc,Shenzhen,Hamburg,2026-08-29T03:50:22,2026-09-02T11:44:22,103.9,21516.3,Textiles
2026-04-03T13:59:13,bbe6ae54-4584-4dfe-a92c-49c15f9d3e05,COSCO,Shanghai,Rotterdam,2026-04-17T13:59:13,2026-04-17T13:59:13,0.0,554.7,Food
2026-05-29T21:01:00,c63f1faa-a377-4b80-b70a-07c998163e25,MSC,Singapore,Felixstowe,2026-06-12T21:01:00,2026-06-17T16:37:00,115.6,13130.5,Electronics
2026-08-02T14:32:18,26de71ab-95e6-4db1-8a9f-767fa8e53d62,Evergreen,Busan,Los Angeles,2026-08-22T14:32:18,2026-08-22T14:32:18,0.0,644.3,Chemicals
2026-05-20T06:46:17,f871efec-e018-46f0-a6ab-5ea971955585,CMA-CGM,Shenzhen,Hamburg,2026-06-05T06:46:17,2026-06-05T06:46:17,0.0,9068.2,Automotive
2026-04-19T17:04:29,7c752979-561a-4f40-aa37-c0ce86bc917d,CMA-CGM,Singapore,Felixstowe,2026-04-24T17:04:29,2026-04-24T17:04:29,0.0,12555.1,Electronics
2026-03-29T14:21:00,bdd66831-4ca6-46ee-ae9c-cad8109587b4,Evergreen,Ningbo,New York,2026-04-07T14:21:00,2026-04-07T14:21:00,0.0,22871.2,Electronics
2026-02-22T15:40:31,6f4ee579-1e76-4309-bfa0-86c954cc4e22,Comanav,Casablanca,Marseille,2026-03-20T15:40:31,2026-03-20T15:40:31,0.0,12032.1,Textiles
2026-06-03T16:58:18,d92b5df3-7d80-40f0-9aa4-dc80be23c8fa,CMA-CGM,Shanghai,Rotterdam,2026-06-21T16:58:18,2026-06-24T14:52:18,69.9,7102.3,Chemicals
2026-07-19T04:32:09,b15267f0-a63f-4781-b10b-a34b8208fca5,MSC,Busan,Los Angeles,2026-07-28T04:32:09,2026-07-28T04:32:09,0.0,11132.0,Textiles
2026-07-30T09:17:53,13298af5-0def-41eb-8e48-7713921b4bb8,Maersk,Agadir,Hamburg,2026-08-10T09:17:53,2026-08-10T09:17:53,0.0,3775.2,Chemicals
2026-05-26T10:02:48,64dbde08-7640-42c8-aae6-f152786f1574,Maersk,Shenzhen,Hamburg,2026-06-05T10:02:48,2026-06-05T10:02:48,0.0,23735.2,Textiles
2026-04-12T00:30:31,43a0329b-7571-4edc-87e2-8712f9cfa50c,COSCO,Tanger Med,Barcelona,2026-05-02T00:30:31,2026-05-02T00:30:31,0.0,20095.6,Automotive
2026-06-07T03:55:22,c20ee019-43fa-4486-9368-d3be9afb43ed,Comanav,Shenzhen,Hamburg,2026-07-06T03:55:22,2026-07-08T11:07:22,55.2,18286.9,Chemicals
2026-06-22T10:42:51,2035d3cb-d9de-4203-bcdd-93fb1233c635,Maersk,Casablanca,Marseille,2026-06-30T10:42:51,2026-06-30T10:42:51,0.0,3590.0,Textiles
2026-04-14T17:22:55,e764bf9f-f448-4b58-a637-99224592f5d5,Maersk,Ningbo,New York,2026-05-13T17:22:55,2026-05-13T17:22:55,0.0,1775.0,Textiles
2026-04-03T21:10:44,82614b66-90e4-4e46-8a1a-8b8a0a8b0752,Evergreen,Singapore,Felixstowe,2026-05-01T21:10:44,2026-05-01T21:10:44,0.0,12264.7,Textiles
2026-08-12T12:10:17,d2bc5cc9-0348-4800-bece-44f5b5d77e06,Maersk,Busan,Los Angeles,2026-09-10T12:10:17,2026-09-10T12:10:17,0.0,15631.5,Food
2026-08-16T07:01:56,265ab292-1e39-48fa-a1b8-4c19766e14bc,MSC,Casablanca,Marseille,2026-08-29T07:01:56,2026-08-29T07:01:56,0.0,21672.1,Automotive
2026-08-21T16:46:38,a06ef088-4817-4638-8c76-70bccd77a696,MSC,Singapore,Felixstowe,2026-09-10T16:46:38,2026-09-10T16:46:38,0.0,20343.8,Food
2026-06-05T19:48:20,20536776-4606-4208-a800-0410e393cf80,MSC,Casablanca,Marseille,2026-06-28T19:48:20,2026-06-28T19:48:20,0.0,4143.8,Electronics
2026-09-04T03:49:37,f2912bb0-f312-4846-9475-8b5e8f6afbc4,COSCO,Casablanca,Marseille,2026-09-10T03:49:37,2026-09-10T03:49:37,0.0,5208.3,Automotive
2026-02-14T00:01:07,97f39a58-8cfa-4fc8-9a89-b21261bcb885,Maersk,Singapore,Felixstowe,2026-03-10T00:01:07,2026-03-10T00:01:07,0.0,21676.6,Chemicals
2026-03-21T23:19:06,959d4542-8639-475c-aab7-b1bdf9b1927a,Evergreen,Singapore,Felixstowe,2026-04-04T23:19:06,2026-04-04T23:19:06,0.0,24513.0,Automotive
2026-07-11T17:16:58,5ef3f40a-3da5-4aa0-a42f-a22c4f3554ce,COSCO,Shenzhen,Hamburg,2026-07-31T17:16:58,2026-07-31T17:16:58,0.0,10963.3,Electronics
2026-08-31T07:05:01,f2a01436-b0f1-4732-accb-85ac95304bd0,Maersk,Shanghai,Rotterdam,2026-09-13T07:05:01,2026-09-13T07:05:01,0.0,23603.5,Chemicals
2026-08-19T13:41:54,57610f5e-0c5c-475e-abbf-101afc653e84,CMA-CGM,Agadir,Hamburg,2026-08-25T13:41:54,2026-08-25T13:41:54,0.0,513.1,Textiles
2026-05-13T11:45:12,4151399a-76d8-46c7-9d65-c6c9877234ec,CMA-CGM,Agadir,Hamburg,2026-06-02T11:45:12,2026-06-02T11:45:12,0.0,15359.8,Chemicals
2026-05-03T13:17:28,0c735d9c-6ec4-4819-9f1f-16b475c8ab99,CMA-CGM,Casablanca,Marseille,2026-05-23T13:17:28,2026-05-23T13:17:28,0.0,7956.7,Electronics
2026-06-24T01:13:14,d98fde0c-f280-49c0-9dce-c9e25cefbb24,Marsa Maroc,Tanger Med,Rotterdam,2026-07-16T01:13:14,2026-07-16T01:13:14,0.0,3692.5,Textiles
2026-02-18T21:31:36,8337545d-7727-4c04-b5dc-df4f68b0225a,Marsa Maroc,Shenzhen,Hamburg,2026-03-19T21:31:36,2026-03-19T21:31:36,0.0,15315.5,Automotive
2026-02-25T15:04:14,a7d0710f-9399-4cd7-8614-68646cca7632,MSC,Shanghai,Rotterdam,2026-03-20T15:04:14,2026-03-20T15:04:14,0.0,22236.2,Automotive
2026-05-26T06:25:52,2a55336f-fe25-49f6-9b37-048c7dcae81a,Maersk,Tanger Med,Barcelona,2026-06-18T06:25:52,2026-06-22T17:55:52,107.5,20526.5,Automotive
2026-09-02T04:44:53,0c0d01c8-e1e8-4bd3-8d70-0567a8cc7a1d,Maersk,Busan,Los Angeles,2026-09-09T04:44:53,2026-09-12T11:38:53,78.9,7886.2,Chemicals
2026-08-02T18:11:14,013f57f3-5de8-4037-bca3-cabb2473d77c,Evergreen,Agadir,Hamburg,2026-08-30T18:11:14,2026-08-30T18:11:14,0.0,3631.9,Chemicals
2026-06-06T23:22:04,41d359ad-e10f-4055-8fd1-2c7e44f1f1f3,Marsa Maroc,Ningbo,New York,2026-06-19T23:22:04,2026-06-23T21:22:04,94.0,21229.2,Food
2026-02-13T04:13:08,d0a6efe6-3b4f-4f11-b33c-6fd72ae26b4c,CMA-CGM,Shenzhen,Hamburg,2026-03-04T04:13:08,2026-03-04T04:13:08,0.0,3377.0,Chemicals
2026-03-24T17:56:43,aceffea3-393b-4d28-9398-1b9a5c494597,COSCO,Tanger Med,Barcelona,2026-04-11T17:56:43,2026-04-11T17:56:43,0.0,23834.9,Electronics
2026-08-02T08:32:16,2739062e-de1d-4056-b39a-b7e12e0b1745,Evergreen,Casablanca,Marseille,2026-08-15T08:32:16,2026-08-15T08:32:16,0.0,3658.9,Electronics
2026-03-26T00:21:50,1fc862f8-27da-4587-a9de-48bd6492e5f2,Comanav,Tanger Med,Rotterdam,2026-04-22T00:21:50,2026-04-22T00:21:50,0.0,20456.1,Chemicals
2026-05-21T17:03:57,a2660dd3-4aa4-4a78-bea6-e5bdd416df3e,Comanav,Ningbo,New York,2026-06-11T17:03:57,2026-06-12T22:57:57,29.9,18892.8,Chemicals
2026-07-04T01:17:40,44ade808-c477-41fc-bddc-d9ac8d35eda6,Comanav,Ningbo,New York,2026-07-21T01:17:40,2026-07-21T01:17:40,0.0,7151.6,Automotive
2026-07-12T14:36:01,ab5beb91-79a2-419a-bded-d2b50df7c339,MSC,Tanger Med,Rotterdam,2026-08-04T14:36:01,2026-08-04T14:36:01,0.0,17569.7,Food
2026-06-24T02:47:00,120d24d3-71a1-42cc-9e4f-4a8b3005d277,Evergreen,Busan,Los Angeles,2026-07-21T02:47:00,2026-07-21T02:47:00,0.0,6841.4,Automotive
2026-03-05T13:41:22,a1f22996-0788-4195-bdf6-22fd2c6bf3a9,Marsa Maroc,Shanghai,Rotterdam,2026-03-18T13:41:22,2026-03-18T13:41:22,0.0,4692.2,Electronics
2026-07-20T13:41:28,a38ef0cc-ab77-4b94-b8bb-f03d638ac4c3,MSC,Ningbo,New York,2026-08-03T13:41:28,2026-08-03T13:41:28,0.0,4129.4,Textiles
2026-02-18T20:49:27,96cfd262-cd88-4d0a-ab09-150f27e94498,CMA-CGM,Casablanca,Marseille,2026-03-20T20:49:27,2026-03-20T20:49:27,0.0,24510.6,Automotive
2026-05-10T14:19:08,56cf1df0-0189-4f60-ad9c-c08a69938657,Maersk,Ningbo,New York,2026-05-15T14:19:08,2026-05-15T14:19:08,0.0,16000.7,Textiles
2026-06-22T18:57:59,288bda90-5fc5-4eed-acdf-9e283f910d04,Maersk,Shenzhen,Hamburg,2026-07-19T18:57:59,2026-07-21T11:27:59,40.5,3773.5,Food
2026-06-15T01:57:46,9f425180-249e-4b21-8b35-c37883aeb4d6,CMA-CGM,Shanghai,Rotterdam,2026-06-21T01:57:46,2026-06-21T01:57:46,0.0,755.0,Textiles
2026-03-16T13:21:56,3d34158c-ca43-4681-8757-865ac59f2d59,Marsa Maroc,Agadir,Hamburg,2026-03-29T13:21:56,2026-03-29T13:21:56,0.0,24304.3,Food
2026-07-01T01:01:55,24d23307-5009-47e1-9b23-d2e8ba65ca04,Marsa Maroc,Tanger Med,Barcelona,2026-07-29T01:01:55,2026-07-29T01:01:55,0.0,23668.6,Textiles
2026-08-24T20:00:07,2fe2908b-3d36-422d-b750-cabfab04eebe,MSC,Ningbo,New York,2026-09-12T20:00:07,2026-09-12T20:00:07,0.0,7085.4,Food
2026-08-03T21:36:25,de6f6614-8dbb-489d-beaf-b170b6669da9,MSC,Singapore,Felixstowe,2026-08-22T21:36:25,2026-08-22T21:36:25,0.0,18294.0,Textiles
2026-06-10T15:11:08,21fa06a9-b083-46a6-8a40-b63fbc904d2b,COSCO,Casablanca,Marseille,2026-06-17T15:11:08,2026-06-17T15:11:08,0.0,11755.1,Automotive
2026-03-27T03:23:56,60699070-c15a-4d96-87fa-4e811f611203,Evergreen,Agadir,Hamburg,2026-04-16T03:23:56,2026-04-17T10:53:56,31.5,7410.1,Textiles
2026-04-02T23:13:46,77af70d7-d147-418b-9aa6-f0f1c0e82422,MSC,Casablanca,Marseille,2026-04-19T23:13:46,2026-04-19T23:13:46,0.0,5102.3,Automotive
2026-03-26T13:08:12,aa14d557-5340-491b-854d-fb1332009de9,COSCO,Tanger Med,Barcelona,2026-04-07T13:08:12,2026-04-07T13:08:12,0.0,16305.4,Chemicals
2026-07-10T23:26:55,412894d4-5bba-44ef-9e54-73451e50cd11,Marsa Maroc,Tanger Med,Barcelona,2026-07-31T23:26:55,2026-07-31T23:26:55,0.0,18885.9,Electronics
2026-07-06T22:27:38,054f6461-321b-4d99-bffc-0949cdeb1811,COSCO,Tanger Med,Barcelona,2026-07-23T22:27:38,2026-07-23T22:27:38,0.0,20750.8,Electronics
2026-06-11T16:30:14,19b2b8e2-4e31-4fda-bb56-3d507463d965,MSC,Casablanca,Marseille,2026-07-10T16:30:14,2026-07-10T16:30:14,0.0,3994.6,Food
2026-07-15T23:41:54,04673c6e-1683-4320-89f7-d111e7e3f801,Comanav,Tanger Med,Rotterdam,2026-07-20T23:41:54,2026-07-21T23:11:54,23.5,18535.2,Textiles
2026-04-17T00:40:09,eae6f523-3789-4204-89d6-edb99c098ef9,MSC,Tanger Med,Barcelona,2026-04-26T00:40:09,2026-04-26T00:40:09,0.0,14289.9,Chemicals
2026-05-02T07:21:14,f89336bb-bedf-45a5-bc1b-ff79afe58363,CMA-CGM,Casablanca,Marseille,2026-05-17T07:21:14,2026-05-17T07:21:14,0.0,6473.3,Food
2026-08-23T17:21:56,c0933b27-90d7-4140-800a-34fb8630d55a,Marsa Maroc,Shanghai,Rotterdam,2026-09-14T17:21:56,2026-09-14T17:21:56,0.0,20710.7,Electronics
2026-07-26T21:11:55,647fe9f7-765c-4083-b2fc-fe229ff5369e,CMA-CGM,Ningbo,New York,2026-08-03T21:11:55,2026-08-03T21:11:55,0.0,20993.8,Automotive
2026-09-06T05:03:50,c438d728-e4c1-4f13-907b-be0a86490556,MSC,Tanger Med,Rotterdam,2026-09-11T05:03:50,2026-09-11T05:03:50,0.0,9941.9,Textiles
2026-02-18T15:12:10,d85eb493-ec7c-4c73-bddb-7795b5ad331e,MSC,Shanghai,Rotterdam,2026-03-16T15:12:10,2026-03-16T15:12:10,0.0,22163.5,Electronics
2026-03-10T14:15:28,2417a613-2f08-49fc-85fe-a724ec3062c6,MSC,Busan,Los Angeles,2026-03-18T14:15:28,2026-03-18T14:15:28,0.0,23933.4,Textiles
2026-02-20T02:42:16,5f067dcb-2ae5-44a1-8e94-5c4b4fc313ef,Maersk,Shenzhen,Hamburg,2026-03-16T02:42:16,2026-03-16T02:42:16,0.0,9332.1,Electronics
2026-04-14T05:16:17,1ef4ceed-6904-4b0f-9f82-bd2835261046,Evergreen,Tanger Med,Rotterdam,2026-04-23T05:16:17,2026-04-23T05:16:17,0.0,13496.8,Food
2026-06-20T08:09:51,eabb0e93-0a53-4e85-9f76-5393e8b5fdd5,Marsa Maroc,Casablanca,Marseille,2026-07-08T08:09:51,2026-07-08T08:09:51,0.0,16848.2,Textiles
2026-08-23T23:36:55,41af79cd-5ec4-4f09-a4f1-a6f087dcd729,CMA-CGM,Shanghai,Rotterdam,2026-08-31T23:36:55,2026-08-31T23:36:55,0.0,12731.6,Textiles
2026-07-29T11:26:31,981adb1d-97c6-4050-9675-8820e14c8f39,Comanav,Shanghai,Rotterdam,2026-08-25T11:26:31,2026-08-29T12:38:31,97.2,21612.0,Automotive
2026-04-18T20:13:39,332cbcc6-c592-401d-8704-4a54c8b53cfe,CMA-CGM,Casablanca,Marseille,2026-04-27T20:13:39,2026-04-27T20:13:39,0.0,18172.9,Chemicals
2026-04-01T06:51:11,530b4363-4e8f-44f6-bd10-1ada087a9dab,Maersk,Tanger Med,Barcelona,2026-04-24T06:51:11,2026-04-24T06:51:11,0.0,18304.3,Automotive
2026-06-27T08:51:47,b66b7de8-cfec-41d7-8acf-fd2c0a2145e2,CMA-CGM,Tanger Med,Barcelona,2026-07-06T08:51:47,2026-07-06T08:51:47,0.0,9932.9,Textiles
2026-06-12T16:54:54,6f35f63a-393f-41b3-9365-24e724c55ea1,COSCO,Busan,Los Angeles,2026-07-02T16:54:54,2026-07-02T16:54:54,0.0,10641.6,Textiles
2026-04-08T02:37:43,9a8ddf33-2001-4453-a1a9-b16552826bbf,Comanav,Casablanca,Marseille,2026-05-03T02:37:43,2026-05-05T08:01:43,53.4,13958.8,Food
2026-07-09T14:36:07,1ef6e025-eeed-4130-8e61-2ed92d0ca31d,COSCO,Ningbo,New York,2026-07-31T14:36:07,2026-07-31T14:36:07,0.0,6137.8,Electronics
2026-06-02T05:03:58,833b7a16-ffbe-4c1b-8e97-9ac6d0430fa5,Evergreen,Singapore,Felixstowe,2026-06-25T05:03:58,2026-06-29T08:39:58,99.6,5873.7,Electronics
2026-07-04T15:13:40,ab9bba58-4eac-4bf6-9975-63fce8b5e87e,CMA-CGM,Agadir,Hamburg,2026-07-09T15:13:40,2026-07-09T15:13:40,0.0,21339.6,Textiles
2026-09-05T00:31:06,6bf515db-6373-4a47-a505-04f077ec1613,COSCO,Ningbo,New York,2026-09-14T00:31:06,2026-09-14T18:55:06,18.4,9059.0,Automotive
2026-09-05T22:52:47,776ff509-8e83-4a4a-b432-70a4e1af2590,COSCO,Shanghai,Rotterdam,2026-09-14T22:52:47,2026-09-17T22:28:47,71.6,23317.9,Chemicals
2026-08-26T05:42:06,a30e8e30-7257-4889-8e4f-593e08c85f55,MSC,Agadir,Hamburg,2026-09-07T05:42:06,2026-09-07T05:42:06,0.0,3876.1,Automotive
2026-06-20T10:15:02,ef9f13a3-805c-454d-bb18-3fd114e092b7,Marsa Maroc,Singapore,Felixstowe,2026-06-25T10:15:02,2026-06-25T10:15:02,0.0,10905.4,Electronics
2026-08-09T10:19:11,76289fc0-a99a-4c04-9c35-26f7717563dc,Marsa Maroc,Tanger Med,Barcelona,2026-09-01T10:19:11,2026-09-01T10:19:11,0.0,21017.2,Automotive
2026-02-19T11:04:03,02cb25ce-2fda-4c6f-8770-18fd1027ad65,MSC,Tanger Med,Rotterdam,2026-03-07T11:04:03,2026-03-07T11:04:03,0.0,6503.6,Electronics
2026-06-23T01:20:37,c0ae150c-fdb5-4316-90e9-15a027d41d50,MSC,Singapore,Felixstowe,2026-07-22T01:20:37,2026-07-22T01:20:37,0.0,18717.2,Food
2026-06-19T15:22:36,b40a7c60-01b1-4ce8-8ceb-cdf7b896ce08,COSCO,Shanghai,Rotterdam,2026-07-07T15:22:36,2026-07-07T15:22:36,0.0,11377.4,Electronics
2026-04-03T13:35:19,300a5ae6-c88e-4e52-87b2-beab59ac8eb4,Maersk,Shanghai,Rotterdam,2026-04-12T13:35:19,2026-04-12T13:35:19,0.0,16240.1,Food
2026-07-30T18:26:12,cc662602-e7c4-4337-bc13-bdf4e048b121,Evergreen,Casablanca,Marseille,2026-08-09T18:26:12,2026-08-09T18:26:12,0.0,20900.7,Chemicals
2026-06-15T11:45:54,4fb394ab-8f81-481a-ae7d-a2d4e6f37543,Marsa Maroc,Ningbo,New York,2026-06-28T11:45:54,2026-07-01T05:57:54,66.2,17879.1,Chemicals
2026-03-04T08:22:10,c3ca5c0c-ea2f-4e5c-b3da-bbaba1b7a6c9,CMA-CGM,Casablanca,Marseille,2026-03-11T08:22:10,2026-03-11T08:22:10,0.0,24459.2,Automotive
2026-08-08T07:30:05,5c2ad6a6-cdcb-4557-976b-11e4bbbfe039,COSCO,Agadir,Hamburg,2026-09-01T07:30:05,2026-09-01T07:30:05,0.0,10111.1,Food
2026-05-16T02:55:22,66536fee-70b7-4236-af8b-df99f41a69d6,Comanav,Tanger Med,Barcelona,2026-06-12T02:55:22,2026-06-12T02:55:22,0.0,8173.1,Chemicals
2026-05-22T08:51:23,6ac08ff5-887c-49e0-b485-29d51b152eb5,MSC,Singapore,Felixstowe,2026-05-28T08:51:23,2026-05-28T08:51:23,0.0,16342.9,Automotive
2026-03-12T22:39:53,c3fd7499-4ef8-4889-82e3-cd605efc09d9,Maersk,Shanghai,Rotterdam,2026-03-20T22:39:53,2026-03-20T22:39:53,0.0,15278.2,Textiles
2026-08-20T14:06:26,0dcf7046-de71-40a7-a6c3-cfd77153d07f,MSC,Tanger Med,Rotterdam,2026-09-03T14:06:26,2026-09-03T14:06:26,0.0,3108.4,Automotive
2026-04-22T05:17:15,e78d2559-cb07-4d9e-9c01-d84bcfe47e2d,Comanav,Tanger Med,Rotterdam,2026-05-06T05:17:15,2026-05-06T05:17:15,0.0,5442.3,Electronics
2026-07-19T15:37:50,8a62db3f-8033-46d0-8316-aa40a66e4844,CMA-CGM,Agadir,Hamburg,2026-07-26T15:37:50,2026-07-29T16:37:50,73.0,14311.6,Chemicals
2026-04-12T09:22:09,b1893b15-1752-4503-99c9-880793d5e43c,Maersk,Tanger Med,Rotterdam,2026-04-27T09:22:09,2026-04-27T09:22:09,0.0,8060.8,Textiles
2026-05-13T01:26:08,aa3418c3-5cf0-450a-95c2-126be58d1322,COSCO,Shanghai,Rotterdam,2026-06-03T01:26:08,2026-06-03T01:26:08,0.0,18920.1,Textiles
2026-02-15T06:15:30,021b7729-2003-419d-8a9f-6c9421911109,Marsa Maroc,Casablanca,Marseille,2026-03-13T06:15:30,2026-03-13T06:15:30,0.0,10478.5,Food
2026-03-13T16:18:01,b2b58267-dd8e-46c2-9d23-d008d0d1dc36,Evergreen,Tanger Med,Barcelona,2026-04-12T16:18:01,2026-04-13T06:54:01,14.6,20003.7,Chemicals
2026-05-04T02:14:19,2a34d962-0be1-4533-9390-178db893c73e,CMA-CGM,Tanger Med,Rotterdam,2026-05-14T02:14:19,2026-05-14T02:14:19,0.0,11846.1,Electronics
2026-02-06T08:30:32,b81fde9e-6cc6-4072-ae36-5c16292c331e,MSC,Agadir,Hamburg,2026-03-08T08:30:32,2026-03-08T08:30:32,0.0,3951.1,Automotive
2026-07-22T06:46:38,73e56906-294e-4397-b190-240b7429342f,Evergreen,Ningbo,New York,2026-08-19T06:46:38,2026-08-19T06:46:38,0.0,13320.5,Textiles
2026-06-21T19:49:33,cd588248-5ea5-41ce-9d39-e7f994968345,Comanav,Busan,Los Angeles,2026-06-30T19:49:33,2026-06-30T19:49:33,0.0,9327.8,Chemicals
2026-07-12T15:18:55,64a3ab8d-4bba-4c3c-a129-1fe314aa2165,Marsa Maroc,Tanger Med,Rotterdam,2026-08-10T15:18:55,2026-08-10T15:18:55,0.0,6358.2,Food
2026-04-05T19:26:29,6dba0a8d-3132-4496-ad25-36e5c643db74,MSC,Tanger Med,Barcelona,2026-04-28T19:26:29,2026-04-28T19:26:29,0.0,12689.3,Electronics
2026-07-25T09:04:01,f213ce36-5b22-40a1-8c98-716798ede9e2,Comanav,Casablanca,Marseille,2026-08-08T09:04:01,2026-08-08T09:04:01,0.0,24239.2,Electronics
2026-04-30T04:24:29,0221dbaa-4c7c-4cc9-90be-5b40bf90e1ea,Maersk,Busan,Los Angeles,2026-05-19T04:24:29,2026-05-19T04:24:29,0.0,23384.4,Automotive
2026-07-15T08:59:40,5d765781-3055-43b8-8ab5-320dc9c9bb7e,CMA-CGM,Tanger Med,Barcelona,2026-08-07T08:59:40,2026-08-07T08:59:40,0.0,2686.1,Automotive
2026-08-22T21:17:48,f95d4499-6a61-4493-8c00-bc379bc70039,CMA-CGM,Busan,Los Angeles,2026-09-11T21:17:48,2026-09-15T19:41:48,94.4,11330.1,Automotive
2026-08-11T03:40:53,efdb0c43-7f9e-4178-8301-64ac6854e9de,Evergreen,Tanger Med,Barcelona,2026-08-31T03:40:53,2026-08-31T03:40:53,0.0,21545.6,Chemicals
2026-03-01T04:30:13,58d17f3f-075f-4f4e-b81a-833a1e40f139,Comanav,Singapore,Felixstowe,2026-03-25T04:30:13,2026-03-26T06:24:13,25.9,9484.9,Food
2026-04-16T15:01:19,72b48f36-81f3-422b-a325-d50fd65c59b2,CMA-CGM,Shenzhen,Hamburg,2026-04-23T15:01:19,2026-04-23T15:01:19,0.0,12895.6,Textiles
2026-04-25T12:33:53,0c0c61c2-ed65-4234-9c3a-d7fa7a4b01c5,Evergreen,Tanger Med,Rotterdam,2026-05-20T12:33:53,2026-05-20T12:33:53,0.0,19869.5,Food
2026-06-27T05:40:52,810abdb1-03a8-4b99-959a-3718dfaf4c3e,MSC,Tanger Med,Rotterdam,2026-07-05T05:40:52,2026-07-05T05:40:52,0.0,4376.0,Chemicals
2026-08-16T18:44:26,8e0d4175-9b46-4f47-8e39-e313b3647a97,MSC,Tanger Med,Barcelona,2026-09-02T18:44:26,2026-09-06T07:02:26,84.3,9049.0,Chemicals
2026-07-06T08:15:41,5daa37ae-042b-4a51-bfc9-0983b4674859,Comanav,Ningbo,New York,2026-07-25T08:15:41,2026-07-25T08:15:41,0.0,4916.7,Electronics
2026-06-12T20:23:10,4cdddcbe-3f2e-40c2-a50b-c8b21eac83f3,Comanav,Singapore,Felixstowe,2026-06-30T20:23:10,2026-06-30T20:23:10,0.0,8553.7,Textiles
2026-04-17T06:10:37,65272943-0467-4ccf-b43e-b346dba8b310,Evergreen,Shenzhen,Hamburg,2026-05-07T06:10:37,2026-05-07T06:10:37,0.0,18661.5,Electronics
2026-08-20T12:22:28,2491ceb8-b1a3-4c53-ada9-e46857f0ce31,COSCO,Shanghai,Rotterdam,2026-08-26T12:22:28,2026-08-26T12:22:28,0.0,23739.1,Automotive
2026-06-18T22:43:08,96e88481-f2d2-45b8-a0a5-657f131da4f6,CMA-CGM,Agadir,Hamburg,2026-07-11T22:43:08,2026-07-11T22:43:08,0.0,15226.4,Chemicals
2026-06-30T14:11:38,908d3cc6-7668-4d10-84da-1c1c5af38c40,Comanav,Tanger Med,Rotterdam,2026-07-16T14:11:38,2026-07-21T11:53:38,117.7,5728.8,Automotive
2026-05-16T16:02:02,f53dd245-1862-4e1e-a216-137b241a6e6e,Comanav,Tanger Med,Rotterdam,2026-06-11T16:02:02,2026-06-11T16:02:02,0.0,6675.7,Automotive
2026-08-29T00:53:08,c8115f2f-0c93-44a2-9494-8f15529c6fe9,MSC,Tanger Med,Barcelona,2026-09-05T00:53:08,2026-09-05T00:53:08,0.0,2501.9,Chemicals
2026-05-03T16:01:54,2fd8305e-4a45-45fc-9388-65259b0bb15e,Evergreen,Singapore,Felixstowe,2026-05-14T16:01:54,2026-05-14T16:01:54,0.0,6856.5,Electronics
2026-05-20T17:43:29,fee0e2c1-f02f-415c-ab2c-0dba46567e9e,COSCO,Tanger Med,Barcelona,2026-06-04T17:43:29,2026-06-06T13:49:29,44.1,5365.8,Chemicals
2026-05-26T08:31:41,62512285-e402-45af-8f43-fc87b8241973,COSCO,Busan,Los Angeles,2026-06-17T08:31:41,2026-06-17T08:31:41,0.0,4436.9,Chemicals
2026-06-01T22:12:49,427c4b8b-2176-421f-8037-468520b1cd7d,Marsa Maroc,Shenzhen,Hamburg,2026-06-24T22:12:49,2026-06-24T22:12:49,0.0,743.3,Food
2026-04-29T07:54:45,ccbe2c1a-781f-4bdd-aaf0-b7287b01c77d,Maersk,Agadir,Hamburg,2026-05-27T07:54:45,2026-05-27T07:54:45,0.0,15604.6,Textiles
2026-06-15T13:58:07,3192e057-419e-4e3c-afce-b023e89b646e,Maersk,Shenzhen,Hamburg,2026-06-24T13:58:07,2026-06-29T06:52:07,112.9,12736.4,Textiles
2026-05-26T05:42:49,2e8ff6aa-88bc-4cab-b94c-91bb6921f438,Comanav,Tanger Med,Barcelona,2026-06-21T05:42:49,2026-06-21T05:42:49,0.0,13256.9,Electronics
2026-05-11T11:58:08,09b05891-9ddd-4743-a707-d0856bfa1868,Comanav,Busan,Los Angeles,2026-05-20T11:58:08,2026-05-20T11:58:08,0.0,16153.5,Food
2026-08-26T21:50:20,3df5c323-1418-4c40-97bb-6ab7d2c57624,Maersk,Tanger Med,Barcelona,2026-09-06T21:50:20,2026-09-06T21:50:20,0.0,5097.6,Food
2026-06-15T03:02:02,257e6ea0-7979-4473-86d0-ac6a990f4802,Evergreen,Casablanca,Marseille,2026-07-02T03:02:02,2026-07-02T03:02:02,0.0,5639.2,Automotive
2026-08-18T08:05:31,f11df9a1-23e2-4408-8bae-47932963c77c,CMA-CGM,Tanger Med,Rotterdam,2026-09-03T08:05:31,2026-09-03T08:05:31,0.0,22468.0,Food
2026-06-24T11:04:52,532872c0-7f5d-4a6e-8e23-3215988cf1e0,Marsa Maroc,Tanger Med,Barcelona,2026-07-14T11:04:52,2026-07-14T11:04:52,0.0,11671.9,Chemicals
2026-05-24T04:48:32,c941bf66-8c92-49c8-8504-49da52438f40,CMA-CGM,Shenzhen,Hamburg,2026-06-15T04:48:32,2026-06-15T04:48:32,0.0,24364.7,Textiles
2026-06-01T18:23:29,93df8c34-c3e4-4434-838c-acac0e1fc2ac,MSC,Tanger Med,Barcelona,2026-06-20T18:23:29,2026-06-20T18:23:29,0.0,4833.9,Food
2026-03-30T07:56:56,f332dfad-1a6a-4f6d-8f03-7debce90b157,Evergreen,Casablanca,Marseille,2026-04-17T07:56:56,2026-04-17T07:56:56,0.0,21204.7,Chemicals
2026-07-02T11:00:22,eb467514-9469-42b4-9ccd-c94db7be0b6f,Marsa Maroc,Shanghai,Rotterdam,2026-07-26T11:00:22,2026-07-31T00:48:22,109.8,2931.0,Electronics
2026-07-07T05:18:32,b48950c1-9b08-43d1-8d0b-d31185cd65b5,Maersk,Tanger Med,Barcelona,2026-08-01T05:18:32,2026-08-01T05:18:32,0.0,23346.2,Electronics
2026-06-14T00:53:17,f811ce35-9a23-4f79-9a82-8f0669a22ae8,Marsa Maroc,Busan,Los Angeles,2026-07-13T00:53:17,2026-07-13T00:53:17,0.0,13846.0,Chemicals
2026-03-27T21:15:23,80aea1fd-9c7b-40f8-b0dc-6b4691260d7a,Evergreen,Ningbo,New York,2026-04-26T21:15:23,2026-04-26T21:15:23,0.0,7602.7,Chemicals
2026-05-23T19:12:53,14d5599a-4b3e-42d2-9369-7a15e5e5728a,MSC,Agadir,Hamburg,2026-06-21T19:12:53,2026-06-21T19:12:53,0.0,9836.5,Automotive
2026-03-01T08:05:17,37644052-8b52-439c-bf48-d6e721b0f6ab,Maersk,Busan,Los Angeles,2026-03-17T08:05:17,2026-03-21T22:47:17,110.7,10616.9,Chemicals
2026-05-21T16:54:32,499d5eab-84b6-4fe8-9f00-1821352e9dee,CMA-CGM,Tanger Med,Rotterdam,2026-06-20T16:54:32,2026-06-20T16:54:32,0.0,7448.3,Textiles
2026-03-01T16:36:27,3dcd1e28-97cd-46b8-89da-783b45d304de,Comanav,Shanghai,Rotterdam,2026-03-31T16:36:27,2026-04-04T05:18:27,84.7,601.9,Chemicals
2026-07-08T12:20:30,361bd928-df3a-4adb-837a-37f942c3aa9f,Maersk,Tanger Med,Rotterdam,2026-07-13T12:20:30,2026-07-13T12:20:30,0.0,9672.9,Food
2026-08-09T19:14:39,9ebaa64b-33d2-4ff1-be12-09ed297d59dc,CMA-CGM,Shenzhen,Hamburg,2026-08-19T19:14:39,2026-08-24T18:26:39,119.2,6424.9,Chemicals
2026-05-14T14:13:51,184b5fce-fb84-4c01-a2e4-00c4fa038114,Evergreen,Agadir,Hamburg,2026-06-08T14:13:51,2026-06-08T14:13:51,0.0,1763.7,Food
2026-08-09T01:20:32,c3e758e8-d149-4af5-84b4-2381c52aa81a,MSC,Singapore,Felixstowe,2026-09-03T01:20:32,2026-09-03T01:20:32,0.0,18338.8,Chemicals
2026-05-13T02:30:05,ec314c83-07b1-45cd-b433-6562cd2e31a0,Evergreen,Shenzhen,Hamburg,2026-05-23T02:30:05,2026-05-23T02:30:05,0.0,2939.7,Automotive
2026-04-23T11:24:37,e2f5bae7-2a7d-40a0-b605-a752f6f119a2,Maersk,Ningbo,New York,2026-05-18T11:24:37,2026-05-18T11:24:37,0.0,10104.3,Textiles
2026-05-30T07:08:24,9eb233ce-c822-4d36-84b1-213969ea3f0c,MSC,Ningbo,New York,2026-06-14T07:08:24,2026-06-14T07:08:24,0.0,2785.0,Chemicals
2026-05-16T11:41:44,f312962b-9507-4bd1-8b10-ba51fe623c0b,Marsa Maroc,Tanger Med,Rotterdam,2026-06-14T11:41:44,2026-06-14T11:41:44,0.0,1181.5,Food
2026-04-06T07:28:36,599e89ef-c12d-4885-a16f-23cfbc6291f3,Evergreen,Tanger Med,Barcelona,2026-04-23T07:28:36,2026-04-23T07:28:36,0.0,18487.1,Chemicals
2026-03-31T10:03:55,d943ae74-19ad-4e57-93e2-c4039ac0eb67,MSC,Shenzhen,Hamburg,2026-04-12T10:03:55,2026-04-12T10:03:55,0.0,5933.0,Automotive
2026-05-20T22:16:13,2278d6b2-a033-4b11-9599-35f6e0d8c00a,Comanav,Ningbo,New York,2026-06-01T22:16:13,2026-06-01T22:16:13,0.0,20273.9,Chemicals
2026-05-28T03:52:21,0bba2147-55af-471d-8bf2-93224e04cf88,Marsa Maroc,Shanghai,Rotterdam,2026-06-03T03:52:21,2026-06-03T03:52:21,0.0,23406.9,Electronics
2026-03-01T17:10:05,a643cdda-9cb8-4139-aa93-12a47aa5abe2,Maersk,Tanger Med,Barcelona,2026-03-20T17:10:05,2026-03-21T18:22:05,25.2,3975.0,Textiles
2026-05-20T15:24:43,81f1b58a-30c2-41b3-9028-594d6e5b9332,Maersk,Casablanca,Marseille,2026-05-27T15:24:43,2026-05-27T15:24:43,0.0,9354.2,Automotive
2026-05-10T10:11:38,d6f77f1b-4a2a-4b6c-87f4-442e0215f86e,Maersk,Singapore,Felixstowe,2026-05-30T10:11:38,2026-05-30T10:11:38,0.0,10636.8,Chemicals
2026-02-23T09:15:09,f9fb9310-e224-4866-a1e2-271e5113cf0e,MSC,Tanger Med,Barcelona,2026-03-21T09:15:09,2026-03-21T09:15:09,0.0,22298.0,Chemicals
2026-03-25T21:54:45,cf555c4b-05f6-4797-89c4-a2a9d00b8c23,MSC,Casablanca,Marseille,2026-04-08T21:54:45,2026-04-08T21:54:45,0.0,4877.6,Food
2026-07-24T12:14:52,627f4a79-7524-4f73-b8b1-4e90b053ea05,Maersk,Tanger Med,Rotterdam,2026-08-08T12:14:52,2026-08-11T04:32:52,64.3,15543.1,Food
2026-06-16T06:33:34,8182a2f4-35b2-4f94-9804-99a45a083544,MSC,Tanger Med,Rotterdam,2026-07-07T06:33:34,2026-07-07T06:33:34,0.0,23201.3,Automotive
2026-08-26T11:07:24,ea484b97-6f61-4f2b-b7a2-79e6d254e3d1,Evergreen,Tanger Med,Rotterdam,2026-08-31T11:07:24,2026-08-31T11:07:24,0.0,19143.5,Automotive
2026-03-29T01:08:47,4a3c3ced-e909-4d60-834b-593b49b0df93,Maersk,Shenzhen,Hamburg,2026-04-09T01:08:47,2026-04-09T01:08:47,0.0,3894.8,Electronics
2026-04-10T09:17:08,b0403389-ef56-46c6-8c39-dcadb272a2fa,CMA-CGM,Casablanca,Marseille,2026-04-23T09:17:08,2026-04-23T09:17:08,0.0,23854.1,Textiles
2026-02-17T00:17:40,f807127b-f590-4d55-9fcc-0316505869af,Marsa Maroc,Ningbo,New York,2026-03-03T00:17:40,2026-03-03T00:17:40,0.0,20320.8,Chemicals
2026-04-20T08:07:03,8796ae22-6640-470b-9d63-d3afbef43c81,COSCO,Ningbo,New York,2026-05-01T08:07:03,2026-05-01T08:07:03,0.0,5348.0,Textiles
2026-07-14T00:39:08,43754086-22bf-45e6-a6d8-73b07a24eff9,Maersk,Singapore,Felixstowe,2026-08-06T00:39:08,2026-08-06T00:39:08,0.0,14895.7,Automotive
2026-08-12T17:50:31,87d33b3a-ba42-4b42-870d-021b58dd3e08,Marsa Maroc,Agadir,Hamburg,2026-09-01T17:50:31,2026-09-01T17:50:31,0.0,11430.9,Food
2026-08-18T10:08:33,f40127bd-2759-4aed-8cf8-dab0cbc4d3da,Comanav,Shanghai,Rotterdam,2026-09-02T10:08:33,2026-09-02T10:08:33,0.0,15378.7,Chemicals
2026-05-01T11:03:51,0cc14859-3f57-4f99-953c-451868696c04,Evergreen,Agadir,Hamburg,2026-05-17T11:03:51,2026-05-17T11:03:51,0.0,16001.1,Electronics
2026-06-14T13:19:04,dacfb6e0-8e6d-47cf-8621-f254783b723d,MSC,Busan,Los Angeles,2026-06-20T13:19:04,2026-06-22T04:37:04,39.3,10540.3,Food
2026-06-16T17:29:59,d9290ebc-f5c8-4194-b152-0dba4138acae,CMA-CGM,Ningbo,New York,2026-07-03T17:29:59,2026-07-03T17:29:59,0.0,4907.7,Textiles
2026-06-09T20:15:49,a384b0f8-e5f3-4fa4-b864-6f1185796e2f,Comanav,Singapore,Felixstowe,2026-06-19T20:15:49,2026-06-19T20:15:49,0.0,2279.7,Textiles
2026-02-22T23:26:06,f5b96f26-4bc6-4ecd-8ac0-3759c982dc9b,MSC,Shenzhen,Hamburg,2026-03-23T23:26:06,2026-03-23T23:26:06,0.0,736.0,Electronics
2026-03-16T17:50:03,9814c3ab-366d-463d-a569-4d005f79a3b9,MSC,Shenzhen,Hamburg,2026-04-04T17:50:03,2026-04-04T17:50:03,0.0,8378.3,Automotive
2026-05-13T04:26:56,64b04b37-40d6-4887-b195-f640551925fe,Maersk,Ningbo,New York,2026-05-30T04:26:56,2026-05-30T04:26:56,0.0,5698.3,Automotive
2026-03-02T11:38:41,7d0f047c-d5f5-4e42-a995-ce564a9ac2e2,Evergreen,Tanger Med,Barcelona,2026-03-15T11:38:41,2026-03-15T11:38:41,0.0,23683.6,Electronics
2026-04-08T23:43:19,c1a993cf-6232-4f6d-ab7e-384a0cb09de5,Marsa Maroc,Singapore,Felixstowe,2026-05-07T23:43:19,2026-05-07T23:43:19,0.0,20428.2,Automotive
2026-07-11T06:58:13,af14eb74-52f8-4615-95fe-4f3c94f75284,Maersk,Agadir,Hamburg,2026-08-10T06:58:13,2026-08-10T06:58:13,0.0,1646.4,Textiles
2026-04-30T06:28:10,3464cbd0-ff13-4200-9e37-ac95f1b2abfe,Maersk,Singapore,Felixstowe,2026-05-08T06:28:10,2026-05-08T06:28:10,0.0,15235.1,Food
2026-02-20T02:42:42,415bc913-ba0d-4bb6-894f-51a52371f59b,MSC,Singapore,Felixstowe,2026-03-15T02:42:42,2026-03-15T02:42:42,0.0,937.0,Food
2026-07-19T04:15:27,fcf9ec0b-c046-4957-af39-30c1e9cfd7d3,COSCO,Tanger Med,Rotterdam,2026-08-02T04:15:27,2026-08-02T04:15:27,0.0,24187.9,Electronics
2026-09-03T09:18:45,082aab18-9ae2-43ca-8f39-989e82c7daca,Evergreen,Ningbo,New York,2026-09-09T09:18:45,2026-09-09T09:18:45,0.0,898.7,Chemicals
2026-04-12T08:33:00,da25a122-9ad5-4c83-99d6-31c704543d51,Comanav,Tanger Med,Barcelona,2026-05-12T08:33:00,2026-05-12T08:33:00,0.0,7874.5,Textiles
2026-06-14T10:01:39,bebc0daa-da28-4f0a-8315-298b6f61ac0e,COSCO,Shenzhen,Hamburg,2026-06-21T10:01:39,2026-06-21T10:01:39,0.0,8172.8,Food
2026-03-01T13:12:36,f1ba5b33-9a96-4a25-a68c-292eb4c5d244,COSCO,Tanger Med,Rotterdam,2026-03-15T13:12:36,2026-03-15T13:12:36,0.0,11637.3,Electronics
2026-02-24T14:22:34,1d3b1124-6fe9-4b55-955e-e391fe438b54,Evergreen,Shenzhen,Hamburg,2026-03-04T14:22:34,2026-03-04T14:22:34,0.0,1671.9,Electronics
2026-06-09T21:13:01,09259801-b14a-4b0f-a057-aa6fa8ada08f,Maersk,Casablanca,Marseille,2026-06-24T21:13:01,2026-06-24T21:13:01,0.0,18244.2,Automotive
2026-03-31T16:06:53,89b1ca8b-072e-4a2c-858a-51c30bfcc211,Maersk,Casablanca,Marseille,2026-04-11T16:06:53,2026-04-11T16:06:53,0.0,20400.9,Food
2026-07-03T02:49:07,da21deff-b750-4f2f-80a6-3c68557da3a1,Marsa Maroc,Tanger Med,Rotterdam,2026-07-09T02:49:07,2026-07-09T02:49:07,0.0,19731.1,Electronics
2026-06-12T12:18:24,56f16bc4-626a-4aab-aad3-3ead63cdfafa,CMA-CGM,Tanger Med,Rotterdam,2026-06-19T12:18:24,2026-06-19T12:18:24,0.0,17354.1,Chemicals
2026-08-14T10:50:25,11f875b6-d8f9-4927-8256-bcaa00c697eb,Marsa Maroc,Shanghai,Rotterdam,2026-08-24T10:50:25,2026-08-27T13:50:25,75.0,3437.6,Textiles
2026-08-16T19:35:50,deb11023-49f9-4adf-8f93-c3eadc86a261,Comanav,Casablanca,Marseille,2026-09-08T19:35:50,2026-09-13T15:53:50,116.3,10625.7,Chemicals
2026-04-01T02:50:02,ed057aa5-2b8b-46f2-b4e9-85c92252be8f,Evergreen,Tanger Med,Barcelona,2026-04-22T02:50:02,2026-04-22T02:50:02,0.0,12209.2,Chemicals
2026-08-14T19:36:09,dc1627f8-f27d-4c36-976c-a3c975d4da91,CMA-CGM,Shanghai,Rotterdam,2026-09-12T19:36:09,2026-09-12T19:36:09,0.0,6032.8,Textiles
2026-08-22T18:16:11,dc5d394c-f971-414d-b035-9c3fd895a6a6,Marsa Maroc,Shanghai,Rotterdam,2026-08-29T18:16:11,2026-08-29T18:16:11,0.0,20970.8,Automotive
2026-06-07T23:01:33,b50b323c-67f6-474e-a4f7-6d6c1fb9af82,Marsa Maroc,Agadir,Hamburg,2026-06-14T23:01:33,2026-06-14T23:01:33,0.0,12617.8,Automotive
2026-05-03T21:07:56,5e32a807-6ece-4db7-9696-c3e77cab8c82,Marsa Maroc,Tanger Med,Rotterdam,2026-05-14T21:07:56,2026-05-14T21:07:56,0.0,9934.0,Chemicals
2026-04-02T17:56:38,456f9445-a8df-49e1-8210-0894cf7e1432,CMA-CGM,Tanger Med,Barcelona,2026-04-13T17:56:38,2026-04-13T17:56:38,0.0,19159.3,Food
2026-06-23T10:11:57,b9dfa005-73fc-43ab-9018-58a0acb2145f,Comanav,Shenzhen,Hamburg,2026-07-07T10:11:57,2026-07-07T10:11:57,0.0,16554.6,Food
2026-04-21T02:33:22,d6647ddb-bd2b-4014-8a1d-529897d0c9eb,MSC,Tanger Med,Barcelona,2026-05-03T02:33:22,2026-05-05T08:09:22,53.6,11584.6,Food
2026-07-28T05:23:34,0d596cda-a155-4c95-b50b-14eec1a4c847,MSC,Ningbo,New York,2026-08-26T05:23:34,2026-08-26T05:23:34,0.0,2181.7,Chemicals
2026-05-25T21:52:56,785e6b0c-cfdf-4c42-9a65-8b123f27327e,Marsa Maroc,Casablanca,Marseille,2026-06-08T21:52:56,2026-06-12T00:10:56,74.3,3000.6,Chemicals
2026-05-04T07:30:04,b9bb2a9f-fb49-40cf-9dfe-78013a0e851a,Marsa Maroc,Tanger Med,Barcelona,2026-05-12T07:30:04,2026-05-12T07:30:04,0.0,22405.4,Automotive
2026-02-14T11:16:27,e23de794-72fa-452c-b404-2e968dc06bf0,Maersk,Shanghai,Rotterdam,2026-03-06T11:16:27,2026-03-06T11:16:27,0.0,11589.7,Textiles
2026-07-02T22:06:47,e47e4901-3b71-4e8e-abb2-7e4875a82be9,Evergreen,Tanger Med,Barcelona,2026-07-09T22:06:47,2026-07-09T22:06:47,0.0,5695.6,Chemicals
2026-06-02T13:49:31,1a484835-153f-4e12-88c6-92caaa693b49,COSCO,Ningbo,New York,2026-06-23T13:49:31,2026-06-23T13:49:31,0.0,11312.8,Textiles
2026-04-20T00:23:37,f82e1bc0-cb6e-4f93-a1a3-96b6b6a83468,Maersk,Tanger Med,Barcelona,2026-05-15T00:23:37,2026-05-15T00:23:37,0.0,23236.5,Automotive
2026-04-21T03:43:52,a0c89f8a-6f68-45b2-a393-f3288e4939d4,MSC,Shanghai,Rotterdam,2026-05-08T03:43:52,2026-05-08T03:43:52,0.0,7260.2,Food
2026-07-18T11:26:39,fd40415e-2812-474c-b92f-5b62079b3501,Evergreen,Busan,Los Angeles,2026-08-05T11:26:39,2026-08-05T11:26:39,0.0,1721.9,Automotive
2026-08-06T02:28:59,559086be-f677-4c68-8356-e9f17abbe7ff,MSC,Tanger Med,Barcelona,2026-08-14T02:28:59,2026-08-14T02:28:59,0.0,1374.4,Textiles
2026-06-14T08:29:52,f28c10e4-fdd9-45c7-bead-f71ddd4c0f50,Maersk,Agadir,Hamburg,2026-07-06T08:29:52,2026-07-06T08:29:52,0.0,6048.4,Food
2026-03-17T16:27:16,9cad6477-9582-4027-9fdc-1cf3337a1657,COSCO,Singapore,Felixstowe,2026-04-03T16:27:16,2026-04-03T16:27:16,0.0,18481.1,Textiles
2026-07-24T16:02:11,b403e181-2433-43c6-b7fd-a17eb2e4cd1c,MSC,Busan,Los Angeles,2026-08-03T16:02:11,2026-08-03T16:02:11,0.0,9017.0,Textiles
2026-04-02T01:03:13,ca070f0e-7bdb-4d96-bafb-2a42e1aa5a99,Marsa Maroc,Shanghai,Rotterdam,2026-04-07T01:03:13,2026-04-07T01:03:13,0.0,12829.4,Food
2026-04-27T18:17:08,240b22c2-65b8-4614-a184-962cf1ac3261,Marsa Maroc,Busan,Los Angeles,2026-05-11T18:17:08,2026-05-15T08:35:08,86.3,4670.7,Electronics
2026-04-09T14:35:51,ce69a078-40e7-4525-b5b2-654ae71de1d3,MSC,Casablanca,Marseille,2026-04-24T14:35:51,2026-04-25T17:53:51,27.3,812.0,Chemicals
2026-08-28T10:11:41,80d97fe9-1167-415c-9bf5-9b61c1ae8ca4,CMA-CGM,Singapore,Felixstowe,2026-09-02T10:11:41,2026-09-02T10:11:41,0.0,6963.9,Electronics
2026-06-05T16:11:10,505d863d-b328-45c8-a7f7-7f6f210b25e1,Marsa Maroc,Casablanca,Marseille,2026-07-04T16:11:10,2026-07-07T20:23:10,76.2,24253.8,Food
2026-05-24T07:57:59,78674d8f-b675-43fe-a607-4e0567e32b84,COSCO,Tanger Med,Rotterdam,2026-06-05T07:57:59,2026-06-05T07:57:59,0.0,1606.8,Electronics
2026-02-19T15:39:40,a40c3f5f-e01b-4273-9101-cc928f8b1226,Comanav,Shanghai,Rotterdam,2026-03-03T15:39:40,2026-03-03T15:39:40,0.0,4599.0,Automotive
2026-05-27T06:41:41,57ef9e38-c17b-4f7e-a1af-324c8daa501a,Maersk,Tanger Med,Barcelona,2026-06-10T06:41:41,2026-06-10T06:41:41,0.0,8724.1,Chemicals
2026-07-14T23:10:20,167c2a1c-5534-4c2d-831f-d5d298609ce7,Evergreen,Shenzhen,Hamburg,2026-07-27T23:10:20,2026-07-27T23:10:20,0.0,6711.7,Chemicals
2026-05-15T11:13:01,c4c5dd2d-21cb-4d8b-8fef-d591f2e680fb,Comanav,Tanger Med,Rotterdam,2026-05-31T11:13:01,2026-05-31T11:13:01,0.0,8676.6,Food
2026-08-08T11:52:36,bf66c8bf-707a-4e94-a9a0-7cec96b7c64d,Maersk,Busan,Los Angeles,2026-08-21T11:52:36,2026-08-21T11:52:36,0.0,18341.3,Electronics
2026-05-31T16:34:02,8e5e1237-d127-4381-af77-a28d611deaa7,COSCO,Casablanca,Marseille,2026-06-12T16:34:02,2026-06-12T16:34:02,0.0,3970.0,Chemicals
2026-06-14T00:19:49,94ed6bc3-3df9-4dc9-975e-4799982c1786,MSC,Tanger Med,Rotterdam,2026-07-07T00:19:49,2026-07-07T00:19:49,0.0,24345.6,Textiles
2026-06-19T06:20:21,f1a5cce6-21c1-4e96-b447-350376462a10,Marsa Maroc,Agadir,Hamburg,2026-06-26T06:20:21,2026-06-26T06:20:21,0.0,23893.0,Electronics
2026-02-07T10:35:19,46957d46-7bd5-4b27-bae1-1fa0fe38c8e8,Marsa Maroc,Shanghai,Rotterdam,2026-03-05T10:35:19,2026-03-05T10:35:19,0.0,22853.6,Food
2026-05-15T13:51:07,a53e89e3-635c-42ef-8db8-9c52b186a6d2,CMA-CGM,Casablanca,Marseille,2026-06-10T13:51:07,2026-06-10T13:51:07,0.0,8614.3,Food
2026-07-04T15:16:06,4f3c12f7-75b5-48e4-a9d0-c6017e4e2794,CMA-CGM,Singapore,Felixstowe,2026-07-18T15:16:06,2026-07-18T15:16:06,0.0,14698.2,Textiles
2026-05-01T18:29:58,7d6eba79-7fff-4c0d-afac-b7ef38b8e2db,COSCO,Tanger Med,Barcelona,2026-05-31T18:29:58,2026-05-31T18:29:58,0.0,24219.7,Textiles
2026-03-20T03:02:26,00a2eb6c-2174-4f42-96f6-65c2bb8a1ec6,Maersk,Shanghai,Rotterdam,2026-03-25T03:02:26,2026-03-25T03:02:26,0.0,17295.4,Chemicals
2026-04-01T21:56:07,4cc584a5-12a2-432c-b0e7-94aeff1a5726,Evergreen,Casablanca,Marseille,2026-04-15T21:56:07,2026-04-15T21:56:07,0.0,16775.8,Textiles
2026-08-21T17:47:44,a94f96b5-aa2f-441f-aa0b-0c9ad01bd539,CMA-CGM,Busan,Los Angeles,2026-08-28T17:47:44,2026-08-28T17:47:44,0.0,882.0,Electronics
2026-06-05T03:38:32,cd21ddc4-300f-4fe8-9a39-8886d547bc4b,CMA-CGM,Agadir,Hamburg,2026-06-28T03:38:32,2026-06-28T03:38:32,0.0,12465.0,Electronics
2026-04-06T00:40:07,d6a6e759-1c01-4b3a-884d-a6a7e8da06ef,CMA-CGM,Singapore,Felixstowe,2026-05-02T00:40:07,2026-05-02T00:40:07,0.0,1722.6,Automotive
2026-07-06T10:45:24,0c78c7a3-3611-4094-a772-8a2c927e3caf,CMA-CGM,Shenzhen,Hamburg,2026-08-05T10:45:24,2026-08-08T22:39:24,83.9,19337.7,Automotive
2026-08-30T03:49:48,a1645a86-3769-436e-9f7a-70df1703a90f,Marsa Maroc,Tanger Med,Barcelona,2026-09-12T03:49:48,2026-09-12T03:49:48,0.0,18459.8,Chemicals
2026-06-17T18:31:28,55832711-7da1-43f9-8415-a6abfd33d038,CMA-CGM,Tanger Med,Barcelona,2026-06-29T18:31:28,2026-06-29T18:31:28,0.0,23356.9,Automotive
2026-03-29T14:23:38,c222808e-276b-42ae-bb4d-51fc1ccfd25d,COSCO,Singapore,Felixstowe,2026-04-15T14:23:38,2026-04-16T12:59:38,22.6,6900.9,Textiles
2026-05-31T13:56:59,2a3f5437-8ae3-438f-829c-5260a86056e5,MSC,Shanghai,Rotterdam,2026-06-23T13:56:59,2026-06-23T13:56:59,0.0,21960.3,Food
2026-06-22T17:45:26,cf6da9cf-2c56-435a-8cfb-c5e051ac2a5e,Marsa Maroc,Casablanca,Marseille,2026-07-21T17:45:26,2026-07-21T17:45:26,0.0,3824.4,Food
2026-05-11T18:27:50,3c121c12-945c-4a41-9af3-1bd2a7cd1eaa,CMA-CGM,Agadir,Hamburg,2026-05-25T18:27:50,2026-05-25T18:27:50,0.0,14383.3,Chemicals
2026-05-08T02:25:35,7c3ba1e1-1ebb-4067-9d35-a98fee2cd3f9,MSC,Ningbo,New York,2026-05-25T02:25:35,2026-05-25T02:25:35,0.0,20929.4,Electronics
2026-04-02T20:57:04,72175ee8-08f8-41c1-9aaa-cd14f7a4fb03,Evergreen,Casablanca,Marseille,2026-04-21T20:57:04,2026-04-21T20:57:04,0.0,12843.5,Textiles
2026-08-15T16:58:42,06a169ea-f0b5-4a5e-b689-d9bb9c39ab28,CMA-CGM,Busan,Los Angeles,2026-09-02T16:58:42,2026-09-02T16:58:42,0.0,24055.4,Chemicals
2026-04-24T11:47:34,43788e9c-cda0-4d2c-88b1-11ef9212ebc2,Evergreen,Tanger Med,Rotterdam,2026-04-29T11:47:34,2026-05-01T21:17:34,57.5,19018.5,Food
2026-08-12T16:42:30,6939a672-ca8b-4130-a136-d4c64c4dd5d3,Comanav,Shanghai,Rotterdam,2026-08-24T16:42:30,2026-08-24T16:42:30,0.0,9641.2,Food
2026-07-10T02:26:09,4570dd85-4d3e-4eae-a3c0-571538d6e475,Evergreen,Ningbo,New York,2026-07-24T02:26:09,2026-07-24T02:26:09,0.0,21205.1,Automotive
2026-08-04T11:57:43,d4ad7ae9-49cb-4dec-8efb-93b1efee4394,Marsa Maroc,Singapore,Felixstowe,2026-08-09T11:57:43,2026-08-09T11:57:43,0.0,19193.4,Food
2026-08-24T20:26:08,7cd3c075-9522-44ac-be04-174a3a423534,Comanav,Busan,Los Angeles,2026-08-30T20:26:08,2026-08-30T20:26:08,0.0,7119.3,Electronics
2026-05-16T19:44:37,3da98708-91af-4d54-a559-121c852dee86,Evergreen,Shenzhen,Hamburg,2026-05-24T19:44:37,2026-05-27T20:50:37,73.1,17419.5,Electronics
2026-05-13T02:32:41,956acdbe-bb83-4bb1-96e7-ae02463e2188,Marsa Maroc,Tanger Med,Barcelona,2026-06-05T02:32:41,2026-06-05T02:32:41,0.0,18614.4,Electronics
2026-03-23T19:05:11,fd0502e0-58a1-4004-aea5-1ff148385d7d,Evergreen,Agadir,Hamburg,2026-04-01T19:05:11,2026-04-01T19:05:11,0.0,24198.3,Automotive
2026-07-27T11:59:34,ce8f19c8-bd7d-4897-9702-09002538b96b,Marsa Maroc,Agadir,Hamburg,2026-08-21T11:59:34,2026-08-23T08:29:34,44.5,8116.8,Electronics
2026-06-22T12:04:45,3ed75508-9703-4a9f-8c90-e211d4cda86a,Evergreen,Busan,Los Angeles,2026-07-19T12:04:45,2026-07-19T12:04:45,0.0,2145.0,Automotive
2026-03-23T07:58:12,98b61105-62cc-4061-9f34-c3d1f01c93cb,Evergreen,Tanger Med,Barcelona,2026-03-31T07:58:12,2026-03-31T07:58:12,0.0,3038.4,Electronics
2026-03-27T13:51:42,940c2889-73db-4985-a85c-440b0dcb23be,COSCO,Ningbo,New York,2026-04-13T13:51:42,2026-04-13T13:51:42,0.0,3484.4,Chemicals
2026-03-12T23:37:36,fc44e235-3bc1-4230-902c-01aa9e280af7,MSC,Busan,Los Angeles,2026-03-24T23:37:36,2026-03-27T22:37:36,71.0,20631.3,Chemicals
2026-09-04T07:28:51,4e6bacb0-2c6c-45f5-ae17-b283a65ff0cc,COSCO,Tanger Med,Barcelona,2026-09-13T07:28:51,2026-09-13T07:28:51,0.0,5027.8,Automotive
2026-04-20T12:14:15,b1597958-5b0a-45f3-8d36-9d31c3d84890,Evergreen,Casablanca,Marseille,2026-05-18T12:14:15,2026-05-18T12:14:15,0.0,5408.6,Chemicals
2026-04-02T04:43:31,10cfb45c-3014-4350-a8be-fbcc317b1115,CMA-CGM,Shanghai,Rotterdam,2026-04-28T04:43:31,2026-04-28T04:43:31,0.0,14924.7,Textiles
2026-04-16T21:35:50,a445324e-b66e-4c51-a0cd-ea950e4985e7,COSCO,Shanghai,Rotterdam,2026-05-03T21:35:50,2026-05-03T21:35:50,0.0,3129.7,Chemicals
2026-07-01T10:16:40,f05fa5cf-a0e1-4612-963d-f30a09fd8f92,MSC,Singapore,Felixstowe,2026-07-06T10:16:40,2026-07-06T10:16:40,0.0,3443.1,Chemicals
2026-08-05T14:15:08,478ac636-80aa-4fe3-b3d6-a1a28865c45b,Evergreen,Tanger Med,Rotterdam,2026-08-19T14:15:08,2026-08-19T14:15:08,0.0,16435.3,Food
2026-03-30T03:26:07,00fce87b-6180-4c43-862f-0c18be2bdd37,Maersk,Busan,Los Angeles,2026-04-15T03:26:07,2026-04-17T17:56:07,62.5,18215.1,Textiles
2026-05-03T18:28:50,9d3e6237-6231-44ee-b1cc-f6e1a0ca9da0,MSC,Tanger Med,Rotterdam,2026-05-19T18:28:50,2026-05-19T18:28:50,0.0,21595.0,Automotive
2026-08-16T20:12:24,d348bd24-76a2-4811-8060-c7ebdf9e70ca,Marsa Maroc,Shenzhen,Hamburg,2026-09-06T20:12:24,2026-09-06T20:12:24,0.0,2037.8,Automotive
2026-03-08T07:38:15,34c3c983-6b60-44a3-90ab-bdca6ff2938c,Marsa Maroc,Shenzhen,Hamburg,2026-04-05T07:38:15,2026-04-05T07:38:15,0.0,11757.3,Automotive
2026-07-23T00:11:58,18b096d1-ed10-4523-b1cb-c94287fc546e,Comanav,Shanghai,Rotterdam,2026-08-21T00:11:58,2026-08-21T00:11:58,0.0,23125.2,Electronics
2026-03-02T14:33:47,eca898ef-9aa8-4ebd-863d-b1a49ca8aba1,COSCO,Busan,Los Angeles,2026-03-22T14:33:47,2026-03-22T14:33:47,0.0,4919.2,Food
2026-08-15T02:17:43,dd61bcd8-35e7-4c7d-8b53-6ec924022aab,CMA-CGM,Ningbo,New York,2026-08-24T02:17:43,2026-08-24T02:17:43,0.0,14926.9,Food
2026-03-28T05:48:37,52c7e5f5-11e4-4f4b-9d79-ea39cf771dda,Evergreen,Shenzhen,Hamburg,2026-04-21T05:48:37,2026-04-22T01:06:37,19.3,1223.3,Automotive
2026-07-14T08:02:15,d82fd94d-6f4f-422b-82bf-73cd65f12346,Maersk,Agadir,Hamburg,2026-08-09T08:02:15,2026-08-09T08:02:15,0.0,23388.7,Chemicals
2026-08-13T09:40:13,a3caa054-7004-43e0-9757-6a5b3ba21bee,Comanav,Shenzhen,Hamburg,2026-08-25T09:40:13,2026-08-29T12:58:13,99.3,18449.9,Automotive
2026-02-23T10:08:44,6ffa9e08-edea-4da0-9989-e243b86f0d32,MSC,Tanger Med,Barcelona,2026-03-23T10:08:44,2026-03-27T07:44:44,93.6,10791.4,Electronics
2026-08-14T13:40:41,02e326e4-37b3-43c8-b4d1-c5bdd7f7988f,Evergreen,Tanger Med,Rotterdam,2026-08-27T13:40:41,2026-08-27T13:40:41,0.0,21246.6,Electronics
2026-06-12T16:20:54,4cbddb72-a4df-4dc1-b94e-96c50edbc2f1,Comanav,Busan,Los Angeles,2026-06-28T16:20:54,2026-06-28T16:20:54,0.0,21096.6,Automotive
2026-02-10T10:54:55,30000000-9924-4e01-8e95-c2ff2facf057,Maersk,Shenzhen,Hamburg,2026-03-09T10:54:55,2026-03-09T10:54:55,0.0,3763.8,Food
2026-07-21T18:30:34,38e6c7e0-4fad-41ef-ba8b-1190808bfc10,MSC,Ningbo,New York,2026-08-01T18:30:34,2026-08-01T18:30:34,0.0,11219.1,Textiles
2026-05-10T19:42:47,2c2f1cda-6f5e-4b66-b032-89fddf74b112,MSC,Agadir,Hamburg,2026-06-07T19:42:47,2026-06-07T19:42:47,0.0,20439.0,Automotive
2026-02-25T04:06:22,d65bfe28-ae07-4ed5-aa30-95123cad667a,Evergreen,Tanger Med,Barcelona,2026-03-02T04:06:22,2026-03-02T04:06:22,0.0,16882.1,Automotive
2026-05-15T14:59:14,a84f1c1b-2a79-4404-bc75-cd2fb020053e,Comanav,Tanger Med,Rotterdam,2026-05-24T14:59:14,2026-05-26T17:47:14,50.8,10496.7,Food
2026-03-19T08:41:04,d0c6bda2-01d4-42a4-99fd-0d0edc986dca,CMA-CGM,Tanger Med,Barcelona,2026-03-29T08:41:04,2026-03-29T08:41:04,0.0,23964.7,Food
2026-03-07T14:07:53,5f30ed4f-34c0-4861-a7b8-b1fb80bee295,MSC,Busan,Los Angeles,2026-03-18T14:07:53,2026-03-18T14:07:53,0.0,12106.5,Textiles
2026-07-21T13:08:45,a0b004fb-7879-4571-b66c-c78c62b8f80d,Evergreen,Shenzhen,Hamburg,2026-08-12T13:08:45,2026-08-16T15:44:45,98.6,11252.5,Chemicals
2026-07-05T19:14:30,b1d00691-8834-42ad-938d-5d3f7dd8dd24,Evergreen,Tanger Med,Barcelona,2026-07-12T19:14:30,2026-07-12T19:14:30,0.0,13172.5,Electronics
2026-03-13T18:17:07,54a9ca4f-d297-4fdd-9ed1-acc40e9c3d73,COSCO,Tanger Med,Barcelona,2026-03-25T18:17:07,2026-03-25T18:17:07,0.0,13743.2,Electronics
2026-03-10T09:37:23,579a7dbd-e29b-4364-a140-6fd1df6a01e6,Comanav,Agadir,Hamburg,2026-03-24T09:37:23,2026-03-26T00:43:23,39.1,17730.2,Electronics
2026-03-20T19:18:18,34d3d0b0-a4ce-462e-bdb9-df11961f259b,CMA-CGM,Casablanca,Marseille,2026-03-27T19:18:18,2026-03-27T19:18:18,0.0,6414.3,Food
2026-08-14T08:01:21,4898a394-a1d6-47b2-8779-d7c71d0bbcb1,CMA-CGM,Ningbo,New York,2026-08-31T08:01:21,2026-08-31T08:01:21,0.0,13875.6,Electronics
2026-02-16T07:47:25,d9f4867c-6179-47d6-bfca-4f6d13d7157e,CMA-CGM,Busan,Los Angeles,2026-03-13T07:47:25,2026-03-13T07:47:25,0.0,8782.1,Textiles
2026-05-22T11:52:45,f106eb04-fc19-426c-b042-faa12e84bf78,CMA-CGM,Agadir,Hamburg,2026-06-20T11:52:45,2026-06-20T11:52:45,0.0,5503.7,Textiles
2026-07-17T18:54:57,ea76d6c2-e800-4afc-8d96-608a44a0052b,MSC,Tanger Med,Rotterdam,2026-08-06T18:54:57,2026-08-06T18:54:57,0.0,23725.9,Food
2026-05-02T21:32:51,c68e0ed6-1e6c-4fea-8e13-594c282b0e08,CMA-CGM,Tanger Med,Rotterdam,2026-05-09T21:32:51,2026-05-13T02:08:51,76.6,15504.6,Electronics
2026-04-13T14:17:18,54da1665-32e0-4486-ad36-655e159af939,COSCO,Ningbo,New York,2026-04-22T14:17:18,2026-04-22T14:17:18,0.0,1522.7,Electronics
2026-07-30T06:03:26,74af00dd-5dac-4878-b6d2-bf55f187d55e,Evergreen,Busan,Los Angeles,2026-08-11T06:03:26,2026-08-11T06:03:26,0.0,11072.1,Textiles
2026-07-18T10:13:43,034cf32c-000e-4d63-903e-666ffa240de2,Maersk,Agadir,Hamburg,2026-07-24T10:13:43,2026-07-24T10:13:43,0.0,19654.7,Automotive
2026-07-10T12:58:06,48473a94-e0f5-4849-a8c8-fe2f7616040b,Evergreen,Ningbo,New York,2026-07-27T12:58:06,2026-07-27T12:58:06,0.0,18579.1,Food
2026-08-05T04:40:08,83e7cbc5-d9da-433a-893f-f3faa5447b58,Maersk,Busan,Los Angeles,2026-08-22T04:40:08,2026-08-22T04:40:08,0.0,17538.3,Chemicals
2026-07-16T14:31:15,1cb95ffa-b57e-4a59-abbf-f95a4c133f51,Evergreen,Singapore,Felixstowe,2026-07-25T14:31:15,2026-07-25T14:31:15,0.0,3390.8,Food
2026-07-13T21:16:12,db6ebbd4-e847-4e34-9824-65d099334ee9,CMA-CGM,Shenzhen,Hamburg,2026-07-24T21:16:12,2026-07-24T21:16:12,0.0,22992.7,Automotive
2026-03-09T03:59:02,5d5e4a47-3779-41f5-9d60-abeb73c3af7f,Maersk,Agadir,Hamburg,2026-04-01T03:59:02,2026-04-01T03:59:02,0.0,10620.1,Food
2026-04-16T15:33:17,70b7ffff-418d-459c-b9b5-a7d9c637b417,Comanav,Tanger Med,Rotterdam,2026-04-21T15:33:17,2026-04-23T06:33:17,39.0,1893.6,Electronics
2026-07-04T01:27:01,d5ce0fb8-7754-4362-9cb4-9f2138e648cc,COSCO,Casablanca,Marseille,2026-07-14T01:27:01,2026-07-14T01:27:01,0.0,8196.1,Food
2026-04-07T01:44:28,f629b0a6-8fa2-4b16-8ae1-9182fcccbe84,CMA-CGM,Agadir,Hamburg,2026-04-16T01:44:28,2026-04-16T01:44:28,0.0,12228.2,Electronics
2026-04-26T07:29:41,1830d7fb-00b0-491c-b137-4bb2d3302b8e,Maersk,Tanger Med,Barcelona,2026-05-09T07:29:41,2026-05-10T17:41:41,34.2,17778.8,Textiles
2026-07-04T15:34:19,06075aa9-cb1e-4bd3-bba9-20ef7a913423,COSCO,Agadir,Hamburg,2026-07-31T15:34:19,2026-07-31T15:34:19,0.0,9489.9,Food
2026-03-25T10:57:39,b8c832f5-65a2-4a89-b930-99364e1c2ef3,Comanav,Shanghai,Rotterdam,2026-04-19T10:57:39,2026-04-19T10:57:39,0.0,22378.0,Textiles
2026-05-18T11:37:23,68c9a7f8-6fb6-4ba0-a96d-03b09a00abf6,Evergreen,Ningbo,New York,2026-05-26T11:37:23,2026-05-26T11:37:23,0.0,22560.4,Food
2026-02-23T08:22:24,b215708c-0087-47f5-86db-3e62ee3a587a,CMA-CGM,Busan,Los Angeles,2026-03-02T08:22:24,2026-03-02T08:22:24,0.0,3859.7,Food
2026-02-09T19:54:30,5a1c81ad-b088-4e79-8b2f-0b749a92e833,CMA-CGM,Agadir,Hamburg,2026-03-09T19:54:30,2026-03-09T19:54:30,0.0,3507.3,Automotive
2026-05-28T20:56:40,0f2f5bcb-9a4e-4256-b975-e6bf67250ee0,MSC,Tanger Med,Rotterdam,2026-06-24T20:56:40,2026-06-24T20:56:40,0.0,19222.7,Electronics
2026-08-21T19:30:32,5e816322-bf23-41b4-9066-b179c90c7b8b,COSCO,Tanger Med,Rotterdam,2026-08-27T19:30:32,2026-08-27T19:30:32,0.0,14911.9,Textiles
2026-07-30T17:09:35,1cacf8e5-474a-4d54-aca1-484347a7e2a7,Maersk,Tanger Med,Barcelona,2026-08-12T17:09:35,2026-08-12T17:09:35,0.0,9906.4,Electronics
2026-07-07T07:06:46,8c3e56ed-36aa-4c5a-b2e3-de44f58c75f3,COSCO,Singapore,Felixstowe,2026-07-26T07:06:46,2026-07-26T07:06:46,0.0,5540.4,Automotive
2026-05-23T04:37:27,fa42ce51-fd73-432b-a29c-273c92336941,Evergreen,Singapore,Felixstowe,2026-05-29T04:37:27,2026-05-29T04:37:27,0.0,1267.0,Textiles
2026-05-07T02:58:45,9e1d9626-cd52-4bb2-8961-da5a1683aecc,Evergreen,Tanger Med,Rotterdam,2026-06-05T02:58:45,2026-06-09T18:40:45,111.7,22732.5,Food
2026-08-21T21:20:19,09452e42-17f4-48d7-8fa0-47c1e6a372c3,Comanav,Agadir,Hamburg,2026-08-26T21:20:19,2026-08-26T21:20:19,0.0,20816.4,Chemicals
2026-06-15T10:26:33,80e33dec-ec14-4fc4-a554-019b39d7e91b,Comanav,Singapore,Felixstowe,2026-07-13T10:26:33,2026-07-17T07:44:33,93.3,20281.2,Food
2026-04-04T05:50:09,9f1aa9ff-f5c0-4458-8e8a-b2fe929cd23a,Marsa Maroc,Singapore,Felixstowe,2026-04-30T05:50:09,2026-04-30T05:50:09,0.0,24776.8,Food
2026-05-24T01:14:30,84d95c26-913b-4177-b86e-72e88ad77bec,COSCO,Busan,Los Angeles,2026-06-16T01:14:30,2026-06-16T01:14:30,0.0,19340.8,Textiles
2026-04-24T04:45:54,600a5a10-dc1d-4672-83c1-8318b24dce25,COSCO,Casablanca,Marseille,2026-05-13T04:45:54,2026-05-13T04:45:54,0.0,23154.2,Automotive
2026-03-14T19:47:17,ca222091-af7a-434d-9836-e368246c01cc,CMA-CGM,Tanger Med,Rotterdam,2026-04-13T19:47:17,2026-04-13T19:47:17,0.0,7222.6,Automotive
2026-02-26T12:17:13,faae0acf-685f-4a50-bb32-a32a59eaa59e,CMA-CGM,Ningbo,New York,2026-03-13T12:17:13,2026-03-13T12:17:13,0.0,1445.9,Textiles
2026-07-15T19:36:20,57d00036-0473-46b8-b749-b3890bdf6e06,CMA-CGM,Shenzhen,Hamburg,2026-08-10T19:36:20,2026-08-10T19:36:20,0.0,16499.3,Food
2026-02-21T01:49:45,49a9796f-3db3-4890-af05-7d439fae6999,Maersk,Tanger Med,Rotterdam,2026-03-07T01:49:45,2026-03-07T01:49:45,0.0,8364.2,Textiles
2026-05-14T11:10:20,a171cd88-136f-4400-9dc0-3af7a335f8ec,COSCO,Casablanca,Marseille,2026-06-02T11:10:20,2026-06-02T11:10:20,0.0,717.3,Electronics
2026-04-25T00:49:11,d9e6fff5-a7a8-4d0f-939d-583a6e6ef1b3,COSCO,Shenzhen,Hamburg,2026-05-20T00:49:11,2026-05-21T12:19:11,35.5,1935.3,Electronics
2026-03-05T03:11:48,c98cc2ad-b7d1-40c0-9828-4b706c14690c,Evergreen,Shanghai,Rotterdam,2026-03-27T03:11:48,2026-03-27T03:11:48,0.0,2069.1,Automotive
2026-03-10T04:25:31,9370695e-a179-4e96-b577-552b669616d4,Comanav,Shanghai,Rotterdam,2026-04-09T04:25:31,2026-04-09T04:25:31,0.0,21791.9,Automotive
2026-03-04T00:57:12,9d1b8774-36c5-4f60-affa-580f83b253c3,Marsa Maroc,Agadir,Hamburg,2026-03-14T00:57:12,2026-03-14T00:57:12,0.0,15639.8,Electronics
2026-07-27T09:07:56,c2b945f9-6c86-4950-a5b2-458ee5244988,Maersk,Agadir,Hamburg,2026-08-21T09:07:56,2026-08-21T09:07:56,0.0,17268.8,Chemicals
2026-02-25T21:41:46,4894e1c6-8ae3-4eaf-a255-31fd5ca6d816,Maersk,Shenzhen,Hamburg,2026-03-19T21:41:46,2026-03-19T21:41:46,0.0,1989.9,Textiles
2026-05-09T01:05:15,37f5ddb9-4362-4532-82a0-6e5d699d2405,Maersk,Shanghai,Rotterdam,2026-06-04T01:05:15,2026-06-04T01:05:15,0.0,21310.5,Food
2026-03-06T04:18:58,08d44c6d-8cb7-4837-a111-6b6baab8e225,Evergreen,Tanger Med,Rotterdam,2026-03-18T04:18:58,2026-03-18T04:18:58,0.0,2398.2,Chemicals
2026-07-28T05:23:05,b41799a6-5c80-4c37-bf3b-c208c5c580ce,Evergreen,Tanger Med,Barcelona,2026-08-04T05:23:05,2026-08-04T05:23:05,0.0,8481.8,Textiles
2026-07-24T11:25:47,0df6ce56-af35-49d6-81f5-595c51c760d8,Maersk,Singapore,Felixstowe,2026-08-18T11:25:47,2026-08-18T11:25:47,0.0,7435.6,Electronics
2026-05-01T00:12:01,60f1f615-26fd-40d9-b849-3ac1c1ced04f,Evergreen,Shenzhen,Hamburg,2026-05-31T00:12:01,2026-05-31T00:12:01,0.0,24389.9,Textiles
2026-04-30T09:05:44,ca2356d3-6ad5-4dc4-a899-ee19ae25a345,CMA-CGM,Busan,Los Angeles,2026-05-24T09:05:44,2026-05-24T09:05:44,0.0,9523.4,Textiles
2026-03-17T22:05:47,38846020-d289-433a-8122-438412d20459,Evergreen,Casablanca,Marseille,2026-03-22T22:05:47,2026-03-22T22:05:47,0.0,5681.3,Textiles
2026-03-26T10:09:29,0bd0705e-6ba5-471b-b31c-f0c81e348780,Marsa Maroc,Ningbo,New York,2026-04-24T10:09:29,2026-04-24T10:09:29,0.0,19694.9,Textiles
2026-08-20T16:38:58,0b7fe9bf-233b-4065-8f9e-5142b5668c3d,COSCO,Agadir,Hamburg,2026-09-12T16:38:58,2026-09-12T16:38:58,0.0,18293.4,Chemicals
2026-06-09T08:07:50,150b30ba-8936-4dc2-8abf-34599731ce90,Maersk,Tanger Med,Barcelona,2026-06-21T08:07:50,2026-06-21T08:07:50,0.0,24946.4,Food
2026-05-02T22:32:36,aebab93a-3a0d-449b-9dbf-79d3f122d33b,Evergreen,Singapore,Felixstowe,2026-05-30T22:32:36,2026-05-30T22:32:36,0.0,22022.8,Electronics
2026-06-11T20:23:52,ac6cc135-4a04-4112-938e-2efb5101ac18,Marsa Maroc,Busan,Los Angeles,2026-07-02T20:23:52,2026-07-02T20:23:52,0.0,8265.0,Automotive
2026-06-18T12:48:55,cd31feb2-7faf-471b-8704-b80f77840a95,MSC,Shanghai,Rotterdam,2026-07-03T12:48:55,2026-07-03T12:48:55,0.0,19307.3,Textiles
2026-05-17T00:06:20,1d946b5c-3674-4457-92de-7d689c91f158,COSCO,Agadir,Hamburg,2026-06-01T00:06:20,2026-06-01T00:06:20,0.0,3327.7,Automotive
2026-06-08T04:38:54,c221004f-ac2b-47de-952e-4c922fd0568f,Marsa Maroc,Busan,Los Angeles,2026-06-26T04:38:54,2026-06-26T04:38:54,0.0,9123.6,Food
2026-03-31T15:17:02,2597804f-0eb5-43a4-8a88-9fd354ee8b66,CMA-CGM,Tanger Med,Barcelona,2026-04-25T15:17:02,2026-04-25T15:17:02,0.0,6143.6,Chemicals
2026-05-16T20:16:03,14b54fdc-b756-4b43-90b7-921c9232c703,Evergreen,Agadir,Hamburg,2026-05-25T20:16:03,2026-05-27T10:46:03,38.5,22777.0,Food
2026-07-26T14:39:37,2c1f2196-c297-4259-9eae-c0c92c983330,Evergreen,Casablanca,Marseille,2026-08-08T14:39:37,2026-08-10T15:33:37,48.9,3390.1,Chemicals
2026-06-16T16:52:18,71cb5662-75ea-4008-bd1a-4003eff3429f,Evergreen,Singapore,Felixstowe,2026-06-25T16:52:18,2026-06-25T16:52:18,0.0,15999.4,Automotive
2026-06-10T20:37:13,fb904074-442c-4760-8a2b-0248ba5635c7,COSCO,Casablanca,Marseille,2026-06-15T20:37:13,2026-06-15T20:37:13,0.0,10756.3,Food
2026-03-16T16:09:58,ef2ac295-105d-4aed-afeb-3d72f03fc884,Marsa Maroc,Busan,Los Angeles,2026-03-24T16:09:58,2026-03-24T16:09:58,0.0,1334.9,Chemicals
2026-04-28T00:21:34,e4915725-2877-42f5-9da8-b4587f662ade,Marsa Maroc,Tanger Med,Rotterdam,2026-05-08T00:21:34,2026-05-09T02:39:34,26.3,21738.6,Chemicals
2026-08-04T21:47:52,62e00ef2-a0eb-4631-aa7f-34f512ffe665,CMA-CGM,Singapore,Felixstowe,2026-08-13T21:47:52,2026-08-13T21:47:52,0.0,14145.0,Textiles
2026-08-25T11:31:14,f0c28de1-5b6c-40cc-bf23-7dc0cd08722f,CMA-CGM,Tanger Med,Barcelona,2026-09-09T11:31:14,2026-09-09T11:31:14,0.0,15607.4,Electronics
2026-03-03T04:59:29,b0aabf4e-1797-4cf6-bc87-ea9c10742333,Marsa Maroc,Tanger Med,Barcelona,2026-03-19T04:59:29,2026-03-23T19:23:29,110.4,15955.4,Chemicals
2026-06-22T18:10:43,379372dc-823e-4eac-8f1e-f6e045d2fa10,Comanav,Shanghai,Rotterdam,2026-07-12T18:10:43,2026-07-12T18:10:43,0.0,18469.4,Food
2026-07-18T00:37:07,c353bebf-a32b-44a9-8743-e3c9befe31e2,Maersk,Ningbo,New York,2026-07-27T00:37:07,2026-07-30T04:43:07,76.1,9561.9,Chemicals
2026-06-13T18:49:13,00419e19-7942-4c51-a1ee-2329b65da7fa,CMA-CGM,Singapore,Felixstowe,2026-07-02T18:49:13,2026-07-02T18:49:13,0.0,18202.1,Textiles
2026-07-26T16:25:36,c5efc584-325e-4b8c-868b-167d31e80389,MSC,Tanger Med,Barcelona,2026-08-09T16:25:36,2026-08-09T16:25:36,0.0,1683.1,Food
2026-07-16T13:15:04,616a61e9-327e-43b6-93c8-3629fb49acc0,Evergreen,Ningbo,New York,2026-08-06T13:15:04,2026-08-08T23:21:04,58.1,8408.6,Textiles
2026-04-21T22:48:32,bd097ced-b399-4e61-854a-7c464ec983c0,MSC,Casablanca,Marseille,2026-04-27T22:48:32,2026-04-27T22:48:32,0.0,18498.3,Automotive
2026-06-12T11:09:48,1c04682c-4889-4d6a-ae29-c40bbc2aa49e,Evergreen,Singapore,Felixstowe,2026-06-25T11:09:48,2026-06-25T11:09:48,0.0,15579.2,Electronics
2026-07-15T04:51:47,990d421f-9356-4cf0-a8f3-56d9e543a414,CMA-CGM,Shenzhen,Hamburg,2026-07-25T04:51:47,2026-07-25T04:51:47,0.0,7209.3,Chemicals
2026-04-27T09:52:34,471599a7-3105-4661-b058-1ecdb654fdc3,MSC,Agadir,Hamburg,2026-05-11T09:52:34,2026-05-13T01:52:34,40.0,15351.2,Electronics
2026-08-18T21:30:55,e94c5666-74a3-41e2-9fcf-68091b36b0e3,Marsa Maroc,Agadir,Hamburg,2026-08-31T21:30:55,2026-08-31T21:30:55,0.0,5567.7,Food
2026-05-09T13:59:10,e5eca8eb-c850-4f82-b7d9-594daeee51a2,Maersk,Casablanca,Marseille,2026-06-02T13:59:10,2026-06-07T09:41:10,115.7,13725.8,Automotive
2026-05-22T12:21:48,a17fdd90-c8cd-4e3e-b308-e27fa7e2cc8c,COSCO,Tanger Med,Rotterdam,2026-05-27T12:21:48,2026-05-27T12:21:48,0.0,7405.0,Food
2026-06-06T19:03:59,f7dddde9-aaab-44a1-8dc0-68118a647ce3,Marsa Maroc,Singapore,Felixstowe,2026-06-25T19:03:59,2026-06-25T19:03:59,0.0,20860.4,Textiles
2026-03-30T01:27:20,433c164c-bed6-4739-974f-b29460f7f67c,Marsa Maroc,Tanger Med,Barcelona,2026-04-26T01:27:20,2026-04-27T02:27:20,25.0,22277.6,Chemicals
2026-08-18T19:42:26,d2132028-bd68-4b42-afb7-9684c643d5a9,Maersk,Shanghai,Rotterdam,2026-08-27T19:42:26,2026-08-31T14:42:26,91.0,3353.3,Textiles
2026-02-21T09:05:38,ac1a331c-b4e9-4753-9203-114d5ad7512a,Marsa Maroc,Tanger Med,Barcelona,2026-03-23T09:05:38,2026-03-23T09:05:38,0.0,2321.6,Automotive
2026-07-26T06:25:58,d7a4de3a-1af1-4069-b851-238ef64bf4ef,CMA-CGM,Ningbo,New York,2026-08-08T06:25:58,2026-08-08T06:25:58,0.0,18520.3,Electronics
2026-07-22T18:08:04,a95aff2d-6c42-49a6-bb68-b37aab2a0231,Maersk,Shenzhen,Hamburg,2026-08-09T18:08:04,2026-08-09T18:08:04,0.0,17775.0,Food
2026-03-31T01:50:06,4929a9a3-3e32-4b68-bbcb-3efb564ab9b5,MSC,Shenzhen,Hamburg,2026-04-22T01:50:06,2026-04-22T01:50:06,0.0,22000.6,Electronics
2026-07-20T20:19:40,3ff7c589-01c7-4484-963b-f72e9effd98e,MSC,Tanger Med,Rotterdam,2026-07-29T20:19:40,2026-07-29T20:19:40,0.0,21866.8,Automotive
2026-05-14T07:36:19,d2973cc6-1953-4094-818e-75bd59b451f7,CMA-CGM,Agadir,Hamburg,2026-06-03T07:36:19,2026-06-03T07:36:19,0.0,20439.8,Chemicals
2026-05-28T00:43:54,17b31443-fdea-480c-a3f2-b59c09601dbd,MSC,Shanghai,Rotterdam,2026-06-08T00:43:54,2026-06-08T00:43:54,0.0,2673.4,Food
2026-04-30T23:14:08,362b18f4-75ca-4cc0-bac1-61fbdf82c58a,Maersk,Agadir,Hamburg,2026-05-18T23:14:08,2026-05-18T23:14:08,0.0,14164.6,Automotive
2026-06-19T06:16:27,354ab6a8-cc6a-4494-a2c9-c448855e757d,Maersk,Casablanca,Marseille,2026-07-07T06:16:27,2026-07-07T06:16:27,0.0,15527.8,Food
2026-03-15T16:59:23,72399574-17ee-47e4-bd80-59c606e750dc,Marsa Maroc,Agadir,Hamburg,2026-03-31T16:59:23,2026-03-31T16:59:23,0.0,16595.1,Automotive
2026-08-10T16:19:01,757c110c-2680-481d-a209-a516bc4aca58,Comanav,Shanghai,Rotterdam,2026-08-22T16:19:01,2026-08-26T04:25:01,84.1,12510.4,Chemicals
2026-07-03T02:41:34,fc134308-76e8-48f1-b1c8-b23cca3782e4,Evergreen,Shenzhen,Hamburg,2026-07-23T02:41:34,2026-07-23T02:41:34,0.0,5863.8,Textiles
2026-03-21T21:49:36,89302dee-0c72-4c1a-b4f7-aa9cf06afe6d,COSCO,Singapore,Felixstowe,2026-04-05T21:49:36,2026-04-05T21:49:36,0.0,10909.2,Automotive
2026-04-17T23:25:02,5b01156c-1f70-4c77-9004-cdfe51f2dc35,CMA-CGM,Busan,Los Angeles,2026-05-13T23:25:02,2026-05-13T23:25:02,0.0,17575.7,Automotive
2026-02-19T00:21:22,81378be3-d9a5-4fc6-b5e3-4206793f90c9,Comanav,Busan,Los Angeles,2026-03-21T00:21:22,2026-03-24T05:15:22,76.9,17336.9,Electronics
2026-05-23T06:14:36,55018305-815b-47f1-a1df-e4ce831d99e0,CMA-CGM,Shanghai,Rotterdam,2026-06-13T06:14:36,2026-06-13T06:14:36,0.0,21349.2,Chemicals
2026-06-26T11:27:37,8cee9994-02aa-4a7d-b5c3-d24a5b534ea0,Evergreen,Tanger Med,Rotterdam,2026-07-25T11:27:37,2026-07-25T11:27:37,0.0,17037.2,Chemicals
2026-02-25T08:36:35,f30f6c2e-c9e8-4bab-921d-26aafdf06220,Comanav,Singapore,Felixstowe,2026-03-16T08:36:35,2026-03-16T08:36:35,0.0,6887.1,Electronics
2026-03-01T06:23:56,49469b95-1d03-4755-a843-ff1d11b54e9f,COSCO,Shanghai,Rotterdam,2026-03-29T06:23:56,2026-03-29T06:23:56,0.0,16088.5,Electronics
2026-04-25T01:48:32,295ca495-9fdd-4ad0-a7cd-3ba413039527,COSCO,Shanghai,Rotterdam,2026-05-13T01:48:32,2026-05-13T01:48:32,0.0,21952.7,Food
2026-04-29T06:44:26,3a776202-2e79-49bc-87c9-8acdb11c4632,Comanav,Agadir,Hamburg,2026-05-24T06:44:26,2026-05-24T06:44:26,0.0,24222.3,Food
2026-08-10T04:16:40,6b4c7094-2292-4aba-9bdb-d5f22195246b,MSC,Shenzhen,Hamburg,2026-09-03T04:16:40,2026-09-03T04:16:40,0.0,23781.8,Electronics
2026-04-22T02:59:14,235b441d-d660-4a60-98f5-0acf6048ab0b,Maersk,Singapore,Felixstowe,2026-05-21T02:59:14,2026-05-21T02:59:14,0.0,22849.6,Food
2026-07-02T07:27:08,ac4c0819-5a4e-4f76-940e-b3990f51352b,Marsa Maroc,Tanger Med,Barcelona,2026-07-08T07:27:08,2026-07-08T07:27:08,0.0,9371.4,Automotive
2026-06-04T17:55:01,9bdd0aee-8d21-45a7-8374-786df6d1d059,Comanav,Casablanca,Marseille,2026-06-26T17:55:01,2026-06-26T17:55:01,0.0,18086.6,Textiles
2026-02-19T22:55:13,40bdbec0-8c26-4026-adde-71a2fe395c7c,CMA-CGM,Casablanca,Marseille,2026-03-06T22:55:13,2026-03-06T22:55:13,0.0,14047.3,Automotive
2026-05-17T06:11:29,3839d385-e9f9-42e4-a243-3c6fc9a227c3,Maersk,Tanger Med,Rotterdam,2026-05-22T06:11:29,2026-05-22T06:11:29,0.0,13400.6,Food
2026-04-23T19:08:57,a960b6b9-9ace-4784-b77a-b8f7ce8732dc,Comanav,Singapore,Felixstowe,2026-05-13T19:08:57,2026-05-13T19:08:57,0.0,7435.7,Electronics
2026-03-17T13:27:58,02b70001-c92b-4630-9b72-96e70bc30798,Marsa Maroc,Agadir,Hamburg,2026-04-15T13:27:58,2026-04-15T13:27:58,0.0,1327.6,Electronics
2026-08-16T23:51:57,370d03e7-2269-4950-b484-30fd5642f953,Marsa Maroc,Singapore,Felixstowe,2026-09-02T23:51:57,2026-09-02T23:51:57,0.0,18642.9,Textiles
2026-05-27T05:07:56,ed0c05fb-0fce-4425-85e8-f3f6365e9e43,Maersk,Tanger Med,Barcelona,2026-06-03T05:07:56,2026-06-03T05:07:56,0.0,17735.5,Chemicals
2026-04-21T10:12:02,eeab8d8e-5816-4b14-892b-953628635073,Maersk,Tanger Med,Rotterdam,2026-05-19T10:12:02,2026-05-19T10:12:02,0.0,15319.4,Automotive
2026-07-10T00:52:43,817f241d-3805-4220-80f2-d9f16fce709e,Marsa Maroc,Tanger Med,Barcelona,2026-08-02T00:52:43,2026-08-02T00:52:43,0.0,5260.0,Food
2026-05-17T22:43:34,ae58589c-a4a5-4b4e-9a70-157c31fef79f,Comanav,Shanghai,Rotterdam,2026-06-01T22:43:34,2026-06-01T22:43:34,0.0,18715.3,Textiles
2026-06-22T21:40:08,10b65048-3440-440e-b817-94f8776fa33d,COSCO,Shanghai,Rotterdam,2026-07-03T21:40:08,2026-07-03T21:40:08,0.0,24246.9,Food
2026-06-04T22:18:10,7dd079cc-42d4-4de9-8341-bd6f6287ca4e,COSCO,Busan,Los Angeles,2026-06-18T22:18:10,2026-06-18T22:18:10,0.0,5945.2,Chemicals
2026-07-06T20:01:28,b64e34be-0c00-43ec-9b65-adca49002a4e,CMA-CGM,Ningbo,New York,2026-07-26T20:01:28,2026-07-26T20:01:28,0.0,17720.5,Food
2026-08-24T01:46:09,7a0ab444-d1c0-4a01-b3cd-dd9589ae2a64,COSCO,Agadir,Hamburg,2026-08-29T01:46:09,2026-09-01T20:22:09,90.6,23810.7,Food
2026-07-06T12:32:30,44a93ff3-61f9-4567-b6f6-4161b400e2d9,COSCO,Tanger Med,Barcelona,2026-07-18T12:32:30,2026-07-18T12:32:30,0.0,1109.9,Automotive
2026-06-08T18:42:14,f89537b3-1dd7-414e-a238-64247661ad46,CMA-CGM,Busan,Los Angeles,2026-06-28T18:42:14,2026-06-28T18:42:14,0.0,16249.1,Textiles
2026-05-16T13:55:51,107ce6d2-7a46-482e-95e5-6f6f04acaa4e,Comanav,Casablanca,Marseille,2026-06-10T13:55:51,2026-06-11T12:13:51,22.3,4646.8,Chemicals
2026-07-09T16:07:50,6dc9280e-d210-4610-b4d6-40ff89d7724f,Maersk,Agadir,Hamburg,2026-07-18T16:07:50,2026-07-18T16:07:50,0.0,21032.7,Food
2026-08-12T02:57:37,85c49e63-ef55-4133-923d-8d0f31355bf4,Maersk,Agadir,Hamburg,2026-09-10T02:57:37,2026-09-10T02:57:37,0.0,10590.5,Textiles
2026-08-13T23:28:21,e5617a2f-1ebf-4c17-b14d-9c8524cc50af,Maersk,Casablanca,Marseille,2026-08-28T23:28:21,2026-08-28T23:28:21,0.0,15168.9,Electronics
2026-03-28T07:05:43,588be124-3748-4e05-a1a7-f17b624c5c84,Marsa Maroc,Shanghai,Rotterdam,2026-04-08T07:05:43,2026-04-08T07:05:43,0.0,19970.0,Food
2026-08-05T07:58:04,0c00c9f4-2014-4a99-a319-8b2501d91b17,CMA-CGM,Busan,Los Angeles,2026-08-30T07:58:04,2026-08-30T07:58:04,0.0,11803.6,Chemicals
2026-06-05T08:47:25,4f398bd7-f1fb-40d9-bb56-596ad7ea892d,Evergreen,Ningbo,New York,2026-07-03T08:47:25,2026-07-04T05:35:25,20.8,3073.6,Electronics
2026-04-19T21:17:07,a1c869c6-0ac3-440a-9e03-1650d8559b97,MSC,Singapore,Felixstowe,2026-05-18T21:17:07,2026-05-18T21:17:07,0.0,13238.5,Electronics
2026-07-03T23:13:13,06ba5e47-8ee1-46ce-99cb-c5713771ab70,MSC,Casablanca,Marseille,2026-07-22T23:13:13,2026-07-23T23:31:13,24.3,22194.8,Chemicals
2026-05-31T12:38:40,988b52fe-edfb-4714-9e95-a22d9601b398,Marsa Maroc,Casablanca,Marseille,2026-06-30T12:38:40,2026-06-30T12:38:40,0.0,3926.7,Food
2026-08-03T18:06:31,f44c2852-f13e-41c1-b0bd-7a8542943f09,COSCO,Singapore,Felixstowe,2026-08-08T18:06:31,2026-08-08T18:06:31,0.0,11169.2,Textiles
2026-03-03T18:05:55,a3f1ba57-f49d-46fa-9925-4b2415e97d74,Evergreen,Shanghai,Rotterdam,2026-03-18T18:05:55,2026-03-18T18:05:55,0.0,9605.0,Automotive
2026-05-04T22:25:26,232210b8-05e9-4ce0-a3de-7003e8c989cb,CMA-CGM,Casablanca,Marseille,2026-05-25T22:25:26,2026-05-25T22:25:26,0.0,20168.9,Textiles
2026-04-13T16:05:53,674a9e56-6f3c-4a99-a54e-daf7fd13f830,Evergreen,Ningbo,New York,2026-04-26T16:05:53,2026-04-26T16:05:53,0.0,5660.1,Textiles
2026-02-14T07:10:49,03a67311-015e-451f-b898-27b141f449ea,MSC,Casablanca,Marseille,2026-03-07T07:10:49,2026-03-07T07:10:49,0.0,12109.8,Textiles
2026-06-01T06:35:27,4021e60b-6e4e-4b02-974f-83e45d150470,MSC,Singapore,Felixstowe,2026-06-10T06:35:27,2026-06-10T06:35:27,0.0,24836.1,Electronics
2026-07-30T04:06:35,738a577d-235f-42f2-b6bd-f82c32370d97,Marsa Maroc,Shanghai,Rotterdam,2026-08-10T04:06:35,2026-08-10T04:06:35,0.0,2799.3,Chemicals
2026-06-17T15:23:29,6aeb9a3f-d75c-4691-bc8d-c7bcf4cc2cce,Maersk,Shenzhen,Hamburg,2026-06-23T15:23:29,2026-06-23T15:23:29,0.0,15064.1,Electronics
2026-04-07T04:34:38,6fbc4718-141f-4c64-a1fe-86d0d96db19d,Marsa Maroc,Shenzhen,Hamburg,2026-04-29T04:34:38,2026-05-01T05:52:38,49.3,846.2,Automotive
2026-04-28T04:38:23,806b8412-e1b8-4288-bfd9-20b75e01178a,CMA-CGM,Shanghai,Rotterdam,2026-05-16T04:38:23,2026-05-16T04:38:23,0.0,7990.9,Food
2026-06-15T02:34:02,11630b29-d8d4-4af3-b240-0a202164a411,CMA-CGM,Singapore,Felixstowe,2026-07-07T02:34:02,2026-07-07T02:34:02,0.0,16654.5,Electronics
2026-05-01T07:55:44,a4846c9a-9c0b-483f-b148-315be2a2cf34,Maersk,Casablanca,Marseille,2026-05-29T07:55:44,2026-05-29T07:55:44,0.0,4869.0,Food
2026-06-26T12:21:47,5c273e28-ff8d-48a2-b3f5-3ad17b36f7c3,MSC,Tanger Med,Barcelona,2026-07-26T12:21:47,2026-07-26T12:21:47,0.0,16298.3,Chemicals
2026-05-06T10:22:11,398742ec-29da-4f62-acad-82e7f1fde9d8,Evergreen,Shenzhen,Hamburg,2026-06-04T10:22:11,2026-06-07T15:40:11,77.3,24183.1,Food
2026-08-31T21:49:37,c39035ca-4eb5-4101-84a7-111afbe62c7b,MSC,Busan,Los Angeles,2026-09-10T21:49:37,2026-09-10T21:49:37,0.0,6179.9,Automotive
2026-06-16T02:19:37,a91386d8-4553-46e8-9775-6de17bb33dde,Comanav,Tanger Med,Barcelona,2026-07-10T02:19:37,2026-07-10T02:19:37,0.0,4538.1,Electronics
2026-06-02T22:27:33,ee5b9ea6-e73e-4e94-a8c1-e21dfc421242,Maersk,Shenzhen,Hamburg,2026-06-08T22:27:33,2026-06-08T22:27:33,0.0,20277.2,Chemicals
2026-08-23T18:16:43,52ae19e1-6abe-4216-8335-53663eb88bc7,CMA-CGM,Busan,Los Angeles,2026-09-06T18:16:43,2026-09-06T18:16:43,0.0,3373.8,Food
2026-08-09T12:40:56,f5328af1-1747-4b02-bd82-6ff4a2e6f665,COSCO,Singapore,Felixstowe,2026-09-07T12:40:56,2026-09-07T12:40:56,0.0,12124.7,Textiles
2026-08-05T23:14:15,d1387a8c-899e-4bea-b506-513beb6ddb1a,CMA-CGM,Ningbo,New York,2026-08-26T23:14:15,2026-08-26T23:14:15,0.0,15331.8,Automotive
2026-04-22T08:03:04,9e83c9d6-ac48-452f-afbe-507737d7067c,Marsa Maroc,Casablanca,Marseille,2026-05-05T08:03:04,2026-05-05T08:03:04,0.0,21077.0,Food
2026-06-18T18:31:11,b1e88687-23e7-4635-9ab1-e7fe03671a9d,COSCO,Busan,Los Angeles,2026-07-15T18:31:11,2026-07-15T18:31:11,0.0,17291.5,Food
2026-04-19T17:40:14,2e2c2cef-e4b4-4a03-808e-2e6d57f5d105,Marsa Maroc,Singapore,Felixstowe,2026-05-05T17:40:14,2026-05-05T17:40:14,0.0,21720.4,Chemicals
2026-04-06T08:30:28,e016ad9c-e215-4c93-9792-772969bf9a74,Marsa Maroc,Shenzhen,Hamburg,2026-04-24T08:30:28,2026-04-24T08:30:28,0.0,14215.0,Automotive
2026-08-27T15:26:16,f29f8050-b697-45c1-bf25-e83a13d729f2,CMA-CGM,Singapore,Felixstowe,2026-09-06T15:26:16,2026-09-11T14:56:16,119.5,5298.0,Textiles
2026-05-06T11:26:58,c7306e7d-f82e-486c-a541-686462618072,MSC,Ningbo,New York,2026-05-11T11:26:58,2026-05-11T11:26:58,0.0,8547.1,Textiles
2026-03-18T19:25:20,8450a0a4-13cd-472d-96fb-551243afa549,Evergreen,Shanghai,Rotterdam,2026-03-23T19:25:20,2026-03-23T19:25:20,0.0,1321.4,Textiles
2026-03-08T03:15:36,e8467ed2-9380-473d-a3de-a415abf2f67f,COSCO,Busan,Los Angeles,2026-03-14T03:15:36,2026-03-17T19:21:36,88.1,7217.3,Electronics
2026-03-02T20:48:34,13cf22fe-c650-456f-8e5f-16b71c21ce84,Comanav,Tanger Med,Rotterdam,2026-03-29T20:48:34,2026-04-03T20:30:34,119.7,15989.9,Chemicals
2026-02-19T20:11:12,bc7e77de-346e-4d29-8de3-7c80323e7eda,COSCO,Casablanca,Marseille,2026-03-19T20:11:12,2026-03-23T17:17:12,93.1,20282.1,Electronics
2026-02-07T11:30:05,345cf6d7-d7ca-443b-ab22-86370dd0b0ec,Maersk,Shenzhen,Hamburg,2026-03-03T11:30:05,2026-03-04T16:00:05,28.5,18536.8,Automotive
2026-07-31T03:46:26,90d7d5d3-f0eb-4adc-b873-eb8d0aa28ca0,COSCO,Tanger Med,Barcelona,2026-08-08T03:46:26,2026-08-08T03:46:26,0.0,16118.2,Electronics
2026-04-01T09:30:50,7fb384ce-7e31-4d9e-a331-56c2e2ee9fe5,Maersk,Shenzhen,Hamburg,2026-04-23T09:30:50,2026-04-23T09:30:50,0.0,21388.1,Food
2026-05-03T21:06:56,2e53c646-dc91-4a4d-b3c7-bb2ebbde3675,CMA-CGM,Tanger Med,Rotterdam,2026-05-29T21:06:56,2026-05-29T21:06:56,0.0,8253.8,Automotive
2026-03-22T09:30:25,e40bcb99-dbdd-4c37-bc5e-2ecea664e784,Evergreen,Shenzhen,Hamburg,2026-03-27T09:30:25,2026-03-29T17:00:25,55.5,21024.1,Electronics
2026-03-30T15:41:54,95a07786-76e3-47c6-9909-7984e0c55f6e,MSC,Tanger Med,Barcelona,2026-04-28T15:41:54,2026-04-28T15:41:54,0.0,18359.4,Electronics
2026-02-26T13:12:16,dbc0531c-3b58-4f88-9d14-3d49d3d781e7,COSCO,Casablanca,Marseille,2026-03-04T13:12:16,2026-03-04T13:12:16,0.0,5367.7,Food
2026-04-29T22:36:54,f8212194-669a-404e-8841-f3f7efdd4b70,MSC,Singapore,Felixstowe,2026-05-24T22:36:54,2026-05-24T22:36:54,0.0,21027.6,Electronics
2026-08-22T09:46:20,a3afc974-9493-428e-a356-1a6005d4917a,CMA-CGM,Shanghai,Rotterdam,2026-09-13T09:46:20,2026-09-13T09:46:20,0.0,8865.6,Food
2026-08-06T02:19:05,256e702c-b2a8-4515-b683-e4b8cc5533d6,Evergreen,Tanger Med,Barcelona,2026-08-25T02:19:05,2026-08-25T02:19:05,0.0,22991.3,Automotive
2026-07-08T22:28:57,8aac4691-5034-43a9-9a54-acf5aa6fae4c,MSC,Tanger Med,Barcelona,2026-07-23T22:28:57,2026-07-23T22:28:57,0.0,24161.3,Automotive
2026-02-27T11:26:09,d9aec2d7-8f16-4999-8ea1-69f5de4c8ad4,MSC,Tanger Med,Rotterdam,2026-03-24T11:26:09,2026-03-24T11:26:09,0.0,2491.2,Automotive
2026-08-09T15:47:20,074cc758-5e7a-4929-8b7e-399fe7f593d8,Comanav,Shanghai,Rotterdam,2026-09-04T15:47:20,2026-09-04T15:47:20,0.0,22586.2,Automotive
2026-08-31T11:07:56,06e8ddad-6f04-42b2-82c2-d9dda14c809a,CMA-CGM,Casablanca,Marseille,2026-09-06T11:07:56,2026-09-06T11:07:56,0.0,7533.4,Textiles
2026-02-20T02:37:50,ceb244ef-35b1-49e6-978c-c97fb7eb7168,Evergreen,Casablanca,Marseille,2026-03-07T02:37:50,2026-03-07T02:37:50,0.0,20964.2,Textiles
2026-02-17T13:37:53,7f0ef35d-df21-4cf1-9a15-1bd5e8a7f97f,MSC,Agadir,Hamburg,2026-03-03T13:37:53,2026-03-03T13:37:53,0.0,11270.2,Electronics
2026-07-15T17:57:10,1619ee76-5bdd-4c5c-bde2-eac9c29db099,CMA-CGM,Busan,Los Angeles,2026-08-07T17:57:10,2026-08-07T17:57:10,0.0,19423.1,Food
2026-02-08T14:27:32,eaef1494-d18d-4e34-bd0e-d5037c769bed,Comanav,Busan,Los Angeles,2026-03-05T14:27:32,2026-03-05T14:27:32,0.0,4676.6,Food
2026-02-13T11:53:56,2735a4ff-5b4b-4855-aa90-13b94a17a2d6,MSC,Singapore,Felixstowe,2026-03-07T11:53:56,2026-03-07T11:53:56,0.0,24847.0,Chemicals
2026-05-16T16:46:09,dd35a6c7-98c1-40a7-820f-d20d339718d2,Marsa Maroc,Shenzhen,Hamburg,2026-06-15T16:46:09,2026-06-15T16:46:09,0.0,7572.9,Textiles
2026-05-23T08:07:51,975553e6-be9d-48c2-980d-1d668abbcd5a,Evergreen,Ningbo,New York,2026-06-20T08:07:51,2026-06-21T05:55:51,21.8,19448.5,Textiles
2026-02-22T15:46:50,3f8c5a16-06a3-42e9-8751-c30fab49e59a,COSCO,Agadir,Hamburg,2026-03-07T15:46:50,2026-03-07T15:46:50,0.0,3324.8,Automotive
2026-08-24T00:59:33,3268f537-1657-4dd6-a516-d3b7860478d8,MSC,Busan,Los Angeles,2026-09-12T00:59:33,2026-09-12T00:59:33,0.0,9620.9,Chemicals
2026-07-19T05:13:59,8b7b148c-c824-4138-857b-abd350081290,CMA-CGM,Tanger Med,Rotterdam,2026-08-15T05:13:59,2026-08-15T05:13:59,0.0,9292.7,Electronics
2026-04-19T14:53:17,91b9c9ff-e8f5-41d4-b86e-b1585f4dc1da,COSCO,Casablanca,Marseille,2026-05-09T14:53:17,2026-05-09T14:53:17,0.0,16373.1,Electronics
2026-03-28T13:27:55,57bb1793-a613-4be8-872a-f2f2207e7f89,CMA-CGM,Casablanca,Marseille,2026-04-11T13:27:55,2026-04-11T13:27:55,0.0,13896.1,Electronics
2026-03-14T09:42:37,c4f35f7c-4d3d-4db9-9085-4ef26cd16130,Comanav,Busan,Los Angeles,2026-04-07T09:42:37,2026-04-07T09:42:37,0.0,14611.1,Chemicals
2026-04-15T19:49:30,226afb9a-bc79-46b0-b274-180283a485fe,COSCO,Singapore,Felixstowe,2026-04-27T19:49:30,2026-04-27T19:49:30,0.0,9643.8,Textiles
2026-05-16T13:59:32,7a7337ee-500c-4d74-b09c-051113a28eb4,Marsa Maroc,Busan,Los Angeles,2026-06-02T13:59:32,2026-06-02T13:59:32,0.0,24283.8,Automotive
2026-04-26T12:56:11,87ecf247-e43f-4505-9648-5b5bacf03239,Maersk,Ningbo,New York,2026-05-14T12:56:11,2026-05-14T12:56:11,0.0,7099.3,Food
2026-06-02T00:42:29,ccd25b37-faeb-4fac-a769-108d026c45e7,Evergreen,Singapore,Felixstowe,2026-06-07T00:42:29,2026-06-07T00:42:29,0.0,4576.4,Textiles
2026-06-23T15:37:49,e18c7dc7-6621-47f8-ad71-7ea26dc38e07,MSC,Ningbo,New York,2026-07-16T15:37:49,2026-07-16T15:37:49,0.0,3682.3,Textiles
2026-05-29T19:38:49,b0f31bab-466a-49a3-bc7e-94816413e4eb,Maersk,Tanger Med,Rotterdam,2026-06-12T19:38:49,2026-06-12T19:38:49,0.0,3965.8,Textiles
2026-07-23T03:20:34,55a9beea-fe0a-49f0-8580-62537dad7a84,COSCO,Busan,Los Angeles,2026-08-02T03:20:34,2026-08-02T03:20:34,0.0,16635.9,Automotive
2026-03-17T16:30:45,3e836483-f178-4e4b-95e1-2dec5391f4b3,CMA-CGM,Casablanca,Marseille,2026-03-31T16:30:45,2026-03-31T16:30:45,0.0,6286.5,Automotive
2026-06-25T21:05:33,16cdac80-4492-4e38-a442-7abd67a992fa,Maersk,Singapore,Felixstowe,2026-07-23T21:05:33,2026-07-23T21:05:33,0.0,17275.5,Textiles
2026-07-26T16:26:59,d157b4c9-b1e2-4580-bb83-db963cb80e28,COSCO,Tanger Med,Rotterdam,2026-08-05T16:26:59,2026-08-05T16:26:59,0.0,12034.6,Chemicals
2026-07-31T06:10:08,6fde6741-6ed3-40d3-9bed-a149180c971f,COSCO,Agadir,Hamburg,2026-08-26T06:10:08,2026-08-26T06:10:08,0.0,11855.4,Automotive
2026-05-25T10:51:42,b66a70d6-d7ab-45c2-af3b-288daf48b0c2,COSCO,Tanger Med,Barcelona,2026-06-03T10:51:42,2026-06-03T10:51:42,0.0,23413.9,Chemicals
2026-05-01T17:08:31,c2da11fd-cfeb-4d7f-ae33-f4d2003c75b3,CMA-CGM,Shenzhen,Hamburg,2026-05-27T17:08:31,2026-05-27T17:08:31,0.0,10902.5,Chemicals
2026-06-09T11:57:58,c34eab8a-0862-4099-9a80-aa3994d4adf9,Maersk,Ningbo,New York,2026-06-25T11:57:58,2026-06-25T11:57:58,0.0,18640.5,Food
2026-03-08T07:24:14,fea296ff-aefd-4558-b5ef-0799b516b42e,MSC,Tanger Med,Rotterdam,2026-04-01T07:24:14,2026-04-01T07:24:14,0.0,6261.4,Textiles
2026-03-08T07:19:15,8a3dffde-c773-42aa-892c-e5da2dfad64f,Evergreen,Shenzhen,Hamburg,2026-03-13T07:19:15,2026-03-13T07:19:15,0.0,18916.3,Electronics
2026-03-17T07:29:16,be36432e-5a69-4166-810b-b1b2df9ff6af,MSC,Agadir,Hamburg,2026-04-06T07:29:16,2026-04-06T07:29:16,0.0,5675.2,Chemicals
2026-07-19T09:28:03,7a820cb9-89c8-400b-a04d-facd4411670d,CMA-CGM,Tanger Med,Barcelona,2026-08-05T09:28:03,2026-08-05T09:28:03,0.0,10929.9,Textiles
2026-06-30T06:59:48,e3987a02-805b-4a56-8127-543d31e8f0e0,COSCO,Shanghai,Rotterdam,2026-07-26T06:59:48,2026-07-26T22:47:48,15.8,23983.6,Chemicals
2026-07-08T11:28:30,93902bbf-79aa-495f-b8fa-c1aafc5c38e3,MSC,Casablanca,Marseille,2026-07-25T11:28:30,2026-07-25T11:28:30,0.0,20938.7,Chemicals
2026-08-06T20:41:20,4aa219d0-14f6-41ae-84db-3a59c90d1c22,CMA-CGM,Tanger Med,Barcelona,2026-09-01T20:41:20,2026-09-01T20:41:20,0.0,16568.8,Chemicals
2026-03-07T19:01:44,01abebfe-bea6-4daf-bfb8-4b821adb189f,MSC,Tanger Med,Rotterdam,2026-03-22T19:01:44,2026-03-22T19:01:44,0.0,12920.8,Chemicals
2026-02-07T16:04:55,47bfbec4-ac91-4b1d-8982-39538794e0fc,COSCO,Tanger Med,Rotterdam,2026-03-04T16:04:55,2026-03-06T23:28:55,55.4,19398.3,Textiles
2026-04-08T13:24:38,9bfdb124-a834-4143-bad0-82e036eab7a5,CMA-CGM,Singapore,Felixstowe,2026-05-06T13:24:38,2026-05-06T13:24:38,0.0,15289.1,Chemicals
2026-03-04T02:41:25,df8571db-ab64-457d-a35b-cbf457adf73a,CMA-CGM,Ningbo,New York,2026-04-02T02:41:25,2026-04-02T02:41:25,0.0,8709.1,Food
2026-08-12T03:01:04,932d10d7-8c59-431e-a9b2-716e46b461f8,Maersk,Shenzhen,Hamburg,2026-09-11T03:01:04,2026-09-11T03:01:04,0.0,10889.6,Chemicals
2026-08-11T12:19:51,2ca5173f-eaed-43e9-a0bd-668e5fd16ea3,MSC,Tanger Med,Barcelona,2026-08-16T12:19:51,2026-08-16T12:19:51,0.0,23387.3,Food
2026-06-16T15:39:57,a182af41-8ee1-436f-8486-119125aa5dd6,MSC,Shanghai,Rotterdam,2026-07-07T15:39:57,2026-07-07T15:39:57,0.0,18326.9,Chemicals
2026-03-19T00:50:12,aed43337-3005-431f-bdec-157c374dad2f,Maersk,Singapore,Felixstowe,2026-04-07T00:50:12,2026-04-07T00:50:12,0.0,3478.0,Chemicals
2026-03-11T12:36:40,bf94c1ff-baee-4d3c-9ecb-4556aa33f110,CMA-CGM,Busan,Los Angeles,2026-03-17T12:36:40,2026-03-21T02:42:40,86.1,6682.0,Textiles
2026-05-24T05:34:44,19ddc3c7-0017-4828-b786-6f0207e93daa,Comanav,Shanghai,Rotterdam,2026-05-29T05:34:44,2026-05-29T05:34:44,0.0,4878.8,Textiles
2026-05-03T02:32:59,29291260-6683-4373-b9fc-3065e3344c77,Maersk,Singapore,Felixstowe,2026-05-22T02:32:59,2026-05-22T02:32:59,0.0,16081.6,Food
2026-08-04T15:59:02,97e1d9b9-304f-40e3-92dd-1705faa8ca38,CMA-CGM,Tanger Med,Barcelona,2026-09-01T15:59:02,2026-09-01T15:59:02,0.0,18597.7,Automotive
2026-05-23T06:47:20,3122d16d-aec8-48fb-92e4-ec09ca147e7c,Maersk,Casablanca,Marseille,2026-06-14T06:47:20,2026-06-14T06:47:20,0.0,18306.3,Chemicals
2026-03-03T01:59:20,60908d93-e673-4c57-862b-2d99464bca65,CMA-CGM,Singapore,Felixstowe,2026-03-19T01:59:20,2026-03-22T16:23:20,86.4,6480.5,Food
2026-03-22T20:58:26,ad42e69b-cbae-4788-b76a-405c46f36451,Maersk,Busan,Los Angeles,2026-03-29T20:58:26,2026-03-29T20:58:26,0.0,1438.0,Food
2026-05-27T21:15:57,3d835dbf-6e56-42b0-9b8a-ead3cb23ec34,COSCO,Tanger Med,Barcelona,2026-06-17T21:15:57,2026-06-18T17:45:57,20.5,23222.3,Textiles
2026-03-08T18:40:00,6021328a-d128-49a3-bacd-0e38981cd85d,COSCO,Singapore,Felixstowe,2026-03-13T18:40:00,2026-03-13T18:40:00,0.0,18795.8,Electronics
2026-04-09T15:42:18,272fab32-a417-4e65-a97b-7a1a7340adfb,Maersk,Singapore,Felixstowe,2026-05-09T15:42:18,2026-05-09T15:42:18,0.0,6893.9,Textiles
2026-06-01T03:12:35,40ab6a77-9b58-4bb4-a634-1617cffcf6e9,Evergreen,Ningbo,New York,2026-07-01T03:12:35,2026-07-01T03:12:35,0.0,20074.4,Textiles
2026-02-06T01:56:38,3c6b789f-9747-426a-a0a3-17dc6a6cb0f6,MSC,Busan,Los Angeles,2026-03-07T01:56:38,2026-03-08T19:38:38,41.7,17377.2,Automotive
2026-04-24T10:51:12,117a1c9c-df4d-4c02-a18f-2355d914342b,Evergreen,Shanghai,Rotterdam,2026-05-20T10:51:12,2026-05-20T10:51:12,0.0,10267.4,Automotive
2026-04-20T23:57:45,7360dca4-3139-4042-a142-16dd67bafcda,CMA-CGM,Shanghai,Rotterdam,2026-04-25T23:57:45,2026-04-25T23:57:45,0.0,958.6,Chemicals
2026-07-20T16:23:16,bd4b8217-f8a0-4131-b4c5-4e5568ddc210,CMA-CGM,Casablanca,Marseille,2026-08-02T16:23:16,2026-08-02T16:23:16,0.0,19861.3,Textiles
2026-03-18T21:06:33,f9679f61-0d54-4bfc-8be4-4ae3a39dca72,MSC,Tanger Med,Barcelona,2026-03-30T21:06:33,2026-03-30T21:06:33,0.0,8452.9,Electronics
2026-05-29T05:27:46,595d9053-6f29-457a-aea5-2aa70b600566,Marsa Maroc,Shanghai,Rotterdam,2026-06-25T05:27:46,2026-06-25T05:27:46,0.0,11785.8,Chemicals
2026-04-16T02:08:45,17d36361-9a94-4532-a82d-fd0b7ebd69ce,Evergreen,Shenzhen,Hamburg,2026-05-03T02:08:45,2026-05-03T02:08:45,0.0,14162.6,Textiles
2026-05-17T09:21:47,276a2c47-33d3-4a5b-99e6-78259c422298,CMA-CGM,Shenzhen,Hamburg,2026-06-02T09:21:47,2026-06-02T09:21:47,0.0,4218.6,Chemicals
2026-07-03T03:12:08,58a43c38-e926-4a70-bde1-7da027a0c743,Evergreen,Agadir,Hamburg,2026-07-30T03:12:08,2026-07-30T03:12:08,0.0,10056.5,Chemicals
2026-06-14T19:56:46,c9c530d1-c9ca-4abf-a6f2-0aa7b8dea8db,Marsa Maroc,Tanger Med,Rotterdam,2026-07-07T19:56:46,2026-07-11T04:08:46,80.2,14252.5,Textiles
2026-06-30T01:42:21,578bec5f-b348-4de1-85d7-590cc97f8086,MSC,Tanger Med,Barcelona,2026-07-28T01:42:21,2026-07-30T05:36:21,51.9,7649.7,Textiles
2026-04-05T08:26:02,53a92b35-11fb-4eb9-bbe1-bb756c33e58e,Marsa Maroc,Busan,Los Angeles,2026-04-24T08:26:02,2026-04-24T08:26:02,0.0,15809.1,Automotive
2026-03-13T10:59:56,5eb1de54-f6a6-4725-af5e-eeb15910fba8,Evergreen,Shenzhen,Hamburg,2026-03-31T10:59:56,2026-03-31T10:59:56,0.0,19241.0,Textiles
2026-08-22T11:43:39,5135a52a-bd76-43e2-b034-412f6a383ad1,Marsa Maroc,Ningbo,New York,2026-09-11T11:43:39,2026-09-13T16:13:39,52.5,13671.0,Chemicals
2026-06-26T07:38:39,dfb66e84-5c47-4ef9-9fba-15219b871f6e,Maersk,Tanger Med,Barcelona,2026-07-13T07:38:39,2026-07-13T07:38:39,0.0,24807.2,Food
2026-03-11T20:29:13,6391b4bf-ee30-4615-8024-937831de31ca,MSC,Shanghai,Rotterdam,2026-03-21T20:29:13,2026-03-21T20:29:13,0.0,24617.4,Chemicals
2026-03-22T22:29:51,c9aea824-f29f-48d0-b663-78c0b85998c9,COSCO,Ningbo,New York,2026-04-07T22:29:51,2026-04-07T22:29:51,0.0,10745.4,Food
2026-07-19T17:57:28,3efc98f5-57e8-4a5a-96f6-cd72f5159b00,CMA-CGM,Shanghai,Rotterdam,2026-08-17T17:57:28,2026-08-17T17:57:28,0.0,3088.2,Textiles
2026-05-08T03:44:20,d1888329-e133-405c-b9f6-2e01cc08aab6,Evergreen,Ningbo,New York,2026-05-30T03:44:20,2026-05-30T03:44:20,0.0,21546.9,Chemicals
2026-03-11T12:32:29,5c2c341f-aa33-4994-99e3-e6675b789e34,CMA-CGM,Busan,Los Angeles,2026-03-30T12:32:29,2026-03-30T12:32:29,0.0,21896.9,Chemicals
2026-06-19T06:33:16,4dd155f5-6f28-4133-b368-bcf015867477,Maersk,Shanghai,Rotterdam,2026-07-11T06:33:16,2026-07-11T06:33:16,0.0,19191.9,Automotive
2026-07-10T01:32:25,33301909-19aa-49c3-ada8-348b6429082b,COSCO,Tanger Med,Barcelona,2026-08-02T01:32:25,2026-08-02T01:32:25,0.0,24369.1,Chemicals
2026-06-30T18:03:03,279230f7-863b-460c-81f7-15c01f79d175,Marsa Maroc,Agadir,Hamburg,2026-07-05T18:03:03,2026-07-05T18:03:03,0.0,3895.0,Food
2026-02-16T12:07:52,2eaf1bc7-d16a-41f8-8524-e5f843d147fd,Maersk,Ningbo,New York,2026-03-12T12:07:52,2026-03-12T12:07:52,0.0,10515.0,Electronics
2026-06-03T03:35:33,8829d613-c661-4f10-b3ae-9b1dbd8b6228,Evergreen,Shenzhen,Hamburg,2026-06-15T03:35:33,2026-06-15T03:35:33,0.0,15824.6,Electronics
2026-07-25T23:25:55,5309570d-4b04-4237-8356-1a6369bf2b40,Maersk,Shenzhen,Hamburg,2026-08-22T23:25:55,2026-08-22T23:25:55,0.0,19852.1,Chemicals
2026-08-27T12:45:20,c5c823a0-86d6-4a24-8ce8-995916e880ba,Evergreen,Ningbo,New York,2026-09-07T12:45:20,2026-09-08T18:09:20,29.4,9542.1,Automotive
2026-05-01T14:24:14,b1baad84-f3c8-4ab4-a777-c0ee8374290b,COSCO,Casablanca,Marseille,2026-05-28T14:24:14,2026-05-30T13:18:14,46.9,7678.1,Electronics
2026-06-28T04:24:02,7d458f39-2d2f-49c4-a785-b7afd2e9ceaa,Evergreen,Agadir,Hamburg,2026-07-17T04:24:02,2026-07-17T04:24:02,0.0,17249.9,Chemicals
2026-07-14T19:13:59,806eff7a-9f0e-4c24-aff8-ffca6b57cb91,Comanav,Agadir,Hamburg,2026-07-24T19:13:59,2026-07-27T13:13:59,66.0,3223.4,Food
2026-08-05T17:06:52,38c494d0-49ab-4e8f-abc9-47f1ebdeae46,Comanav,Shenzhen,Hamburg,2026-08-15T17:06:52,2026-08-15T17:06:52,0.0,18190.1,Electronics
2026-05-06T03:12:07,542fb528-3235-4396-acf9-2c695c8932ff,Marsa Maroc,Tanger Med,Rotterdam,2026-05-12T03:12:07,2026-05-12T03:12:07,0.0,10455.5,Food
2026-07-09T14:32:04,b4e71f37-9202-4eff-8439-01ea495f2213,Comanav,Busan,Los Angeles,2026-07-26T14:32:04,2026-07-26T14:32:04,0.0,10718.7,Textiles
2026-03-07T06:43:37,118250e1-b6f4-4c38-926a-0d6f2fb3aba5,Maersk,Ningbo,New York,2026-04-03T06:43:37,2026-04-03T06:43:37,0.0,16353.7,Food
2026-06-03T17:08:10,63ca7bd7-597e-48c7-b85e-b37290caa3b7,COSCO,Tanger Med,Rotterdam,2026-06-23T17:08:10,2026-06-24T11:38:10,18.5,20385.7,Electronics
2026-05-08T17:04:42,0715432c-ca1f-4ca5-b40d-f686122817f0,COSCO,Shenzhen,Hamburg,2026-06-04T17:04:42,2026-06-08T01:04:42,80.0,11281.1,Electronics
2026-03-16T13:07:55,c17baa67-c9cf-4773-9daf-c2aca143cf19,MSC,Tanger Med,Barcelona,2026-03-29T13:07:55,2026-03-29T13:07:55,0.0,14705.4,Electronics
2026-03-14T20:38:58,0bcaa000-7f1f-4ccd-85f7-05ee5023da5b,CMA-CGM,Casablanca,Marseille,2026-04-01T20:38:58,2026-04-01T20:38:58,0.0,3977.8,Automotive
2026-05-31T01:40:49,577c704f-022d-4b13-b075-cca5f84d930b,MSC,Busan,Los Angeles,2026-06-13T01:40:49,2026-06-13T01:40:49,0.0,16229.9,Electronics
2026-04-09T21:26:36,3d00fcc3-9c94-41a3-a0ae-185cb9656f66,Marsa Maroc,Busan,Los Angeles,2026-04-29T21:26:36,2026-04-29T21:26:36,0.0,19046.0,Textiles
2026-07-07T13:51:23,2f4ab83c-10b6-4966-a05a-8686c8191715,Marsa Maroc,Shanghai,Rotterdam,2026-07-26T13:51:23,2026-07-26T13:51:23,0.0,11534.2,Textiles
2026-04-23T21:57:53,3ad7eed3-0463-4053-9be7-f9da287b40ae,Evergreen,Shanghai,Rotterdam,2026-04-29T21:57:53,2026-05-01T01:57:53,28.0,7566.5,Automotive
2026-07-14T07:32:24,c6a53af0-ef8d-48be-a21b-5d7520ba0170,Evergreen,Shenzhen,Hamburg,2026-07-30T07:32:24,2026-07-30T07:32:24,0.0,8013.2,Automotive
2026-06-04T23:39:18,fa07198e-4807-422a-8957-d59c8171d57a,COSCO,Shanghai,Rotterdam,2026-07-01T23:39:18,2026-07-01T23:39:18,0.0,7724.6,Automotive
2026-07-05T01:58:11,4109d3d6-7826-4302-9dfe-e00ef55d21e3,Evergreen,Casablanca,Marseille,2026-07-19T01:58:11,2026-07-20T17:46:11,39.8,6084.0,Automotive
2026-03-19T09:07:35,9f8adbda-dff9-4725-bfed-68c24da2db6b,MSC,Shanghai,Rotterdam,2026-04-11T09:07:35,2026-04-11T09:07:35,0.0,9422.0,Food
2026-03-16T13:01:56,b9eb9481-7675-4bfd-8e1f-f30ef8e90084,COSCO,Ningbo,New York,2026-04-05T13:01:56,2026-04-05T13:01:56,0.0,4675.0,Textiles
2026-02-10T00:25:22,ef347abb-310d-4bc1-b11f-5db26a94fbba,Evergreen,Casablanca,Marseille,2026-03-03T00:25:22,2026-03-03T00:25:22,0.0,9671.9,Chemicals
2026-06-07T17:15:39,b694a008-e123-43f8-8555-bb18bd577c8b,Comanav,Casablanca,Marseille,2026-06-28T17:15:39,2026-06-28T17:15:39,0.0,12358.0,Chemicals
2026-08-13T17:14:19,041a9dd1-da48-4364-8572-fa6c5908863b,Marsa Maroc,Tanger Med,Rotterdam,2026-08-20T17:14:19,2026-08-20T17:14:19,0.0,8078.1,Automotive
2026-06-24T18:40:27,2d9bb36d-80f5-49e6-aeb4-938afaea92a5,CMA-CGM,Casablanca,Marseille,2026-07-18T18:40:27,2026-07-18T18:40:27,0.0,19837.2,Automotive
2026-05-25T18:24:19,9b8d903e-a676-4835-bff6-00c05ad9b06b,COSCO,Shenzhen,Hamburg,2026-06-13T18:24:19,2026-06-13T18:24:19,0.0,16146.6,Electronics
2026-03-12T16:51:57,f80a2bb2-8bee-4b51-8f39-bac61fdd98f0,MSC,Ningbo,New York,2026-04-09T16:51:57,2026-04-09T16:51:57,0.0,16774.0,Chemicals
2026-03-31T11:03:17,91efab67-385d-48db-b0ff-039af1f9f781,CMA-CGM,Tanger Med,Barcelona,2026-04-21T11:03:17,2026-04-21T11:03:17,0.0,14055.5,Food
2026-03-27T21:40:09,786b9a9b-fe24-4a89-a5f7-df744673c87a,Comanav,Ningbo,New York,2026-04-03T21:40:09,2026-04-04T15:40:09,18.0,14384.2,Automotive
2026-04-12T18:37:04,3e81bdd1-cee5-4c9e-b4ca-43e5f03c2c00,CMA-CGM,Agadir,Hamburg,2026-05-12T18:37:04,2026-05-12T18:37:04,0.0,17397.6,Automotive
2026-07-19T09:01:12,2e27ed50-8055-4898-86cf-aaf0dfead10c,Marsa Maroc,Agadir,Hamburg,2026-08-15T09:01:12,2026-08-15T09:01:12,0.0,1485.7,Food
2026-08-09T07:31:34,d21d9f59-70cd-47d4-a4fe-bdd1e92bec3a,Evergreen,Shanghai,Rotterdam,2026-08-22T07:31:34,2026-08-22T07:31:34,0.0,5155.3,Electronics
2026-07-23T11:14:50,1299b3d1-b9b6-407a-90f3-284712506ae8,Evergreen,Casablanca,Marseille,2026-08-06T11:14:50,2026-08-06T11:14:50,0.0,6075.9,Food
2026-04-02T02:45:35,4be8ad82-bac7-4fab-b7f3-39382d99461a,COSCO,Busan,Los Angeles,2026-04-10T02:45:35,2026-04-10T02:45:35,0.0,19644.6,Textiles
2026-02-19T04:46:43,88f23429-adeb-4df9-b9f5-16af972f575f,MSC,Tanger Med,Barcelona,2026-03-11T04:46:43,2026-03-11T04:46:43,0.0,2543.0,Automotive
2026-03-12T19:18:29,2b842416-5c5d-4b6d-b518-41133fd37950,Evergreen,Tanger Med,Barcelona,2026-04-04T19:18:29,2026-04-04T19:18:29,0.0,12437.2,Food
2026-06-28T10:43:12,aa1da866-8b48-4e60-88f9-ef3e7532fcc2,Evergreen,Tanger Med,Rotterdam,2026-07-16T10:43:12,2026-07-17T10:43:12,24.0,22219.7,Automotive
2026-03-24T03:25:18,03dd58a2-60ef-41c0-bf04-344ac673b263,Maersk,Busan,Los Angeles,2026-04-06T03:25:18,2026-04-06T03:25:18,0.0,15233.2,Chemicals
2026-06-13T23:54:35,2171dc7d-8e3f-4032-95c2-7101bdc9a004,CMA-CGM,Casablanca,Marseille,2026-07-04T23:54:35,2026-07-04T23:54:35,0.0,7452.0,Textiles
2026-07-06T14:40:39,51494c37-ab49-48a1-a421-3201c4817494,Comanav,Shanghai,Rotterdam,2026-07-28T14:40:39,2026-07-28T14:40:39,0.0,7244.6,Food
2026-02-08T19:01:22,e1542eef-e4ef-4dc4-a14d-8de00ef94b84,CMA-CGM,Ningbo,New York,2026-03-05T19:01:22,2026-03-05T19:01:22,0.0,24442.1,Automotive
2026-06-07T08:12:52,fc49424e-61e1-442b-b089-9b0f60a89196,Maersk,Busan,Los Angeles,2026-06-22T08:12:52,2026-06-25T03:12:52,67.0,12646.8,Automotive
2026-07-21T16:59:21,0e4183d6-14e9-4b44-8787-60e41f8344a7,Comanav,Tanger Med,Barcelona,2026-08-08T16:59:21,2026-08-08T16:59:21,0.0,2816.9,Chemicals
2026-07-03T14:33:13,db65e4ee-5774-480e-8ee5-2602fd22b201,Marsa Maroc,Shenzhen,Hamburg,2026-07-29T14:33:13,2026-07-29T14:33:13,0.0,4975.1,Electronics
2026-03-19T21:27:24,3fd3893b-d4ef-4def-919e-9d2b7e426201,MSC,Agadir,Hamburg,2026-04-02T21:27:24,2026-04-02T21:27:24,0.0,8340.4,Food
2026-05-08T06:31:27,ea14c888-af24-44d7-a7d5-6a888556430a,Maersk,Busan,Los Angeles,2026-06-03T06:31:27,2026-06-03T06:31:27,0.0,15433.4,Food
2026-04-25T20:37:38,53a3bbb8-d721-4a69-a970-b39338dee96c,CMA-CGM,Casablanca,Marseille,2026-05-05T20:37:38,2026-05-05T20:37:38,0.0,10207.9,Automotive
2026-06-30T20:40:46,18e8a62b-73fb-4571-970e-1381b413d9ef,Evergreen,Casablanca,Marseille,2026-07-26T20:40:46,2026-07-26T20:40:46,0.0,23939.3,Chemicals
2026-04-07T19:52:14,eff7d149-daca-4cb0-bb23-f019788f3cc7,Comanav,Singapore,Felixstowe,2026-05-05T19:52:14,2026-05-05T19:52:14,0.0,23354.7,Chemicals
2026-04-14T22:04:59,e95b9752-4cba-431c-8736-554b314fa647,CMA-CGM,Shanghai,Rotterdam,2026-04-23T22:04:59,2026-04-23T22:04:59,0.0,18304.4,Textiles
2026-05-26T10:30:23,e4373150-92bf-42f9-9ea4-7823238217ec,CMA-CGM,Busan,Los Angeles,2026-06-13T10:30:23,2026-06-13T10:30:23,0.0,19186.0,Electronics
2026-06-07T22:44:48,1c46a340-cab7-42b3-948c-2d2413dfca52,Maersk,Singapore,Felixstowe,2026-06-25T22:44:48,2026-06-25T22:44:48,0.0,20231.6,Chemicals
2026-05-17T05:43:57,14370c75-b5f2-42fc-b38e-4b11e823f5a6,Maersk,Shanghai,Rotterdam,2026-06-13T05:43:57,2026-06-13T05:43:57,0.0,16720.3,Textiles
2026-08-23T12:14:53,66ce7358-0843-477d-9f28-b6d54d7d81bc,Comanav,Shanghai,Rotterdam,2026-09-08T12:14:53,2026-09-08T12:14:53,0.0,10973.7,Chemicals
2026-04-04T16:12:40,d352c9c0-cf3b-49f3-b28f-0e467a5a6743,Evergreen,Shenzhen,Hamburg,2026-04-26T16:12:40,2026-04-26T16:12:40,0.0,20038.1,Food
2026-03-12T13:41:33,9fbf495c-0592-43b9-8013-68f868540fa4,COSCO,Ningbo,New York,2026-03-25T13:41:33,2026-03-25T13:41:33,0.0,6456.9,Textiles
2026-04-11T22:29:09,b647b431-12cb-499d-a528-227bfecba67b,Marsa Maroc,Busan,Los Angeles,2026-05-04T22:29:09,2026-05-04T22:29:09,0.0,24292.8,Electronics
2026-07-20T19:28:35,10fe3d7b-1269-4515-8ffa-e3262599f87d,Marsa Maroc,Singapore,Felixstowe,2026-08-16T19:28:35,2026-08-16T19:28:35,0.0,7363.5,Food
2026-06-08T04:09:03,9cfc6877-30aa-4baf-be32-61a0494c4c3c,Maersk,Singapore,Felixstowe,2026-06-16T04:09:03,2026-06-16T04:09:03,0.0,8896.0,Food
2026-07-28T12:57:29,74645943-bc7f-487a-8e9f-d67ba887f2cc,COSCO,Shenzhen,Hamburg,2026-08-11T12:57:29,2026-08-11T12:57:29,0.0,3790.0,Electronics
2026-05-28T09:53:36,dc71547f-eea4-42f8-901b-342992970e89,Comanav,Shenzhen,Hamburg,2026-06-25T09:53:36,2026-06-25T09:53:36,0.0,4218.4,Automotive
2026-08-25T01:21:46,ce828817-af3d-475d-bb50-96a15246f6fd,Evergreen,Shanghai,Rotterdam,2026-09-05T01:21:46,2026-09-05T01:21:46,0.0,11237.4,Textiles
2026-03-04T20:57:32,4de5ab77-5c2a-431b-a462-e865a400d214,Comanav,Ningbo,New York,2026-03-30T20:57:32,2026-03-30T20:57:32,0.0,13510.2,Textiles
2026-06-20T05:55:41,559bbd04-6b19-463a-a2d4-deacc1bbc857,MSC,Tanger Med,Rotterdam,2026-07-19T05:55:41,2026-07-19T05:55:41,0.0,21832.8,Textiles
2026-05-18T18:00:41,8dcd4190-de8c-4d81-8c32-0e9da097d740,Comanav,Shenzhen,Hamburg,2026-06-06T18:00:41,2026-06-06T18:00:41,0.0,5762.9,Textiles
2026-05-16T18:23:09,781f1a4e-0749-4b9f-a37c-e83f9e371795,MSC,Busan,Los Angeles,2026-06-04T18:23:09,2026-06-04T18:23:09,0.0,5375.1,Textiles
2026-08-12T13:12:49,629cc944-8292-489b-9bc6-342a2d14b274,Evergreen,Shanghai,Rotterdam,2026-09-09T13:12:49,2026-09-10T16:18:49,27.1,16234.9,Chemicals
2026-04-25T22:38:29,5f4328d2-6965-42f1-ac06-f1b12e871dea,Comanav,Singapore,Felixstowe,2026-05-15T22:38:29,2026-05-20T04:26:29,101.8,1977.0,Food
2026-08-02T19:34:47,c03bc0da-dedb-4adf-b3d8-1e758d192133,Maersk,Shenzhen,Hamburg,2026-08-25T19:34:47,2026-08-25T19:34:47,0.0,1286.1,Food
2026-03-20T13:03:17,dd97defc-d5ff-47f4-b1be-58bc03d36fff,Comanav,Shenzhen,Hamburg,2026-04-11T13:03:17,2026-04-11T13:03:17,0.0,14583.0,Electronics
2026-04-15T14:51:14,940b6a57-8ef2-46a6-a433-04e88ba22f2a,Evergreen,Tanger Med,Barcelona,2026-04-22T14:51:14,2026-04-26T15:09:14,96.3,13528.2,Food
2026-06-08T07:37:06,99fa712f-9f1b-4d38-be1b-30d272926d83,Evergreen,Tanger Med,Barcelona,2026-06-27T07:37:06,2026-06-27T07:37:06,0.0,24827.3,Electronics
2026-02-18T15:04:35,ae3534b1-9e92-4937-a432-449d086cd9bb,Comanav,Singapore,Felixstowe,2026-03-03T15:04:35,2026-03-03T15:04:35,0.0,22289.2,Automotive
2026-07-22T16:06:59,bf39527d-b529-44cc-9945-0810ca4f639b,Maersk,Shenzhen,Hamburg,2026-08-01T16:06:59,2026-08-01T16:06:59,0.0,8825.3,Food
2026-06-21T00:29:19,6719b2e6-a3bc-4388-bd31-70b61f9d4a8f,Maersk,Singapore,Felixstowe,2026-07-08T00:29:19,2026-07-08T00:29:19,0.0,655.7,Chemicals
2026-07-14T12:49:51,ada0b7b9-2fb9-4c18-b7f4-65e19b43f778,Maersk,Tanger Med,Rotterdam,2026-07-26T12:49:51,2026-07-26T12:49:51,0.0,4187.1,Automotive
2026-06-17T23:33:05,51a9177c-3eee-46d5-b294-dc25ba0174bc,Evergreen,Shenzhen,Hamburg,2026-07-06T23:33:05,2026-07-06T23:33:05,0.0,5408.1,Food
2026-07-26T23:10:30,a2eb269a-74f7-4f9a-84fc-a8767616873d,Marsa Maroc,Shenzhen,Hamburg,2026-08-18T23:10:30,2026-08-18T23:10:30,0.0,19438.3,Automotive
2026-06-30T23:58:03,89b4d90d-ba81-40e8-bc9b-68afc8201d3a,MSC,Shanghai,Rotterdam,2026-07-08T23:58:03,2026-07-08T23:58:03,0.0,15247.1,Electronics
2026-07-30T05:38:02,316162d3-2fb5-4241-be0e-515e3cb76c19,Evergreen,Casablanca,Marseille,2026-08-15T05:38:02,2026-08-17T05:02:02,47.4,8225.7,Automotive
2026-04-08T20:46:19,3f570151-9427-4cea-919b-fe33536e0cf6,MSC,Agadir,Hamburg,2026-04-22T20:46:19,2026-04-22T20:46:19,0.0,24779.6,Automotive
2026-06-09T16:15:35,c3f41aa6-4469-44c1-9e77-ab4d9c88dbba,Comanav,Agadir,Hamburg,2026-06-25T16:15:35,2026-06-25T16:15:35,0.0,22002.1,Chemicals
2026-06-16T12:48:57,1253799a-c420-40ca-bac0-a02df6507ceb,Comanav,Tanger Med,Barcelona,2026-07-03T12:48:57,2026-07-03T12:48:57,0.0,21754.6,Automotive
2026-04-29T00:04:17,c97df632-7075-4b26-8603-cfe30e47635b,Maersk,Singapore,Felixstowe,2026-05-18T00:04:17,2026-05-18T00:04:17,0.0,5366.6,Chemicals
2026-08-24T00:41:39,5178215b-1fcf-45a2-abc0-60de7397ff66,Maersk,Tanger Med,Barcelona,2026-09-03T00:41:39,2026-09-03T00:41:39,0.0,14668.4,Food
2026-06-02T00:24:01,2e42be75-5c43-4a6d-b54c-c8f2cccd014d,MSC,Tanger Med,Barcelona,2026-07-01T00:24:01,2026-07-01T00:24:01,0.0,23547.0,Food
2026-04-23T23:41:57,948fdf58-5cf0-425e-989f-17412101f3e9,Marsa Maroc,Shenzhen,Hamburg,2026-05-08T23:41:57,2026-05-08T23:41:57,0.0,5653.0,Electronics
2026-07-13T15:51:42,0b992bfe-b5e9-4dad-b2c5-a927a9881a21,CMA-CGM,Ningbo,New York,2026-08-02T15:51:42,2026-08-02T15:51:42,0.0,3243.8,Chemicals
2026-06-15T22:34:43,a98aa77b-c719-48fa-aca4-3c58e7c78c1a,Maersk,Tanger Med,Rotterdam,2026-07-02T22:34:43,2026-07-02T22:34:43,0.0,10307.6,Electronics
2026-06-08T04:29:37,e31961b4-e022-42be-8ffd-0fcaa5267a75,CMA-CGM,Shenzhen,Hamburg,2026-06-22T04:29:37,2026-06-22T04:29:37,0.0,11136.6,Textiles
2026-08-31T16:31:11,cebd6ede-9895-454a-b898-3b84b9e21bab,Marsa Maroc,Agadir,Hamburg,2026-09-07T16:31:11,2026-09-07T16:31:11,0.0,20349.2,Chemicals
2026-05-06T03:33:29,650d7ad8-c2ce-4145-8639-bd14989c0502,CMA-CGM,Tanger Med,Rotterdam,2026-06-03T03:33:29,2026-06-03T03:33:29,0.0,8420.1,Automotive
2026-06-12T13:28:47,80ede586-c417-4f1c-9457-65470e6b8f2e,MSC,Agadir,Hamburg,2026-07-05T13:28:47,2026-07-05T13:28:47,0.0,13206.2,Automotive
2026-07-19T01:05:22,481c42c3-1377-47ea-bc56-923c4c7cd036,Comanav,Busan,Los Angeles,2026-07-25T01:05:22,2026-07-25T01:05:22,0.0,20158.3,Textiles
2026-05-30T20:35:12,82d069f9-ae31-4f6f-8508-fefa96f02a17,Evergreen,Shenzhen,Hamburg,2026-06-17T20:35:12,2026-06-20T05:53:12,57.3,4778.6,Food
2026-07-01T14:25:15,194d1936-cf95-45b3-9560-fd8c401996a6,Marsa Maroc,Casablanca,Marseille,2026-07-31T14:25:15,2026-07-31T14:25:15,0.0,4949.6,Electronics
2026-06-30T18:11:29,2b6fe461-227f-4d40-9ce6-110591809e48,Maersk,Casablanca,Marseille,2026-07-20T18:11:29,2026-07-20T18:11:29,0.0,10389.5,Textiles
2026-03-30T05:30:41,dac20324-cac8-4341-a0e8-dfcae45173f8,Evergreen,Shanghai,Rotterdam,2026-04-14T05:30:41,2026-04-14T05:30:41,0.0,1132.8,Electronics
2026-04-19T14:16:17,9b495859-e757-4e3d-8743-d687384f3b1b,Maersk,Busan,Los Angeles,2026-05-17T14:16:17,2026-05-17T14:16:17,0.0,22882.6,Electronics
2026-04-10T21:02:35,380f82ae-3c7d-49c2-ad66-02d09ba35095,COSCO,Ningbo,New York,2026-05-09T21:02:35,2026-05-09T21:02:35,0.0,13367.5,Automotive
2026-02-23T10:52:34,eb902f14-2120-4d4a-85a2-b055c00b6e25,Maersk,Tanger Med,Barcelona,2026-03-11T10:52:34,2026-03-12T08:46:34,21.9,24710.7,Electronics
2026-08-09T06:37:51,349972ce-98a0-4554-b35e-ee475f85bede,COSCO,Busan,Los Angeles,2026-08-27T06:37:51,2026-08-30T04:37:51,70.0,3792.9,Food
2026-05-01T10:03:52,85a36d03-a287-466d-8a64-2bc150aea318,CMA-CGM,Tanger Med,Rotterdam,2026-05-21T10:03:52,2026-05-21T10:03:52,0.0,22620.6,Automotive
2026-07-27T06:41:46,60aa36de-face-4cf7-af7f-e48dfa000400,Marsa Maroc,Shenzhen,Hamburg,2026-08-18T06:41:46,2026-08-18T06:41:46,0.0,15533.4,Electronics
2026-05-25T03:24:13,adc30435-e1cc-4243-8c37-8158eb7e674c,COSCO,Busan,Los Angeles,2026-06-22T03:24:13,2026-06-25T05:06:13,73.7,3582.9,Food
2026-03-18T20:36:19,bee7538c-b46b-475c-9c93-12f6154d2237,Comanav,Casablanca,Marseille,2026-03-27T20:36:19,2026-03-27T20:36:19,0.0,2513.6,Electronics
2026-07-13T21:28:33,ec980254-4a43-46f2-b3fb-e74f4e429721,CMA-CGM,Singapore,Felixstowe,2026-08-06T21:28:33,2026-08-06T21:28:33,0.0,6042.5,Automotive
2026-08-14T21:50:35,cef0ef72-a400-42f6-8fc0-099c154549e8,CMA-CGM,Shanghai,Rotterdam,2026-09-10T21:50:35,2026-09-14T10:02:35,84.2,13238.0,Food
2026-04-15T01:14:36,eaa67055-4bba-44a1-9139-a81eb3181d05,Comanav,Shanghai,Rotterdam,2026-04-24T01:14:36,2026-04-24T01:14:36,0.0,9681.9,Automotive
2026-05-27T14:36:17,93773b97-aac2-4f79-afcc-ca2f1ad33029,Marsa Maroc,Tanger Med,Rotterdam,2026-06-26T14:36:17,2026-06-26T14:36:17,0.0,1676.5,Automotive
2026-05-24T23:48:02,585edc32-3c95-4a57-a078-29591235a365,Maersk,Casablanca,Marseille,2026-06-02T23:48:02,2026-06-02T23:48:02,0.0,20966.8,Automotive
2026-05-23T03:09:50,9e37108a-e7e1-4bbf-9ca5-065cf21f9f88,COSCO,Casablanca,Marseille,2026-06-07T03:09:50,2026-06-07T03:09:50,0.0,12279.0,Textiles
2026-04-06T20:43:08,61ad8be1-13ca-4c76-8b8a-295b6cdf9626,Marsa Maroc,Agadir,Hamburg,2026-04-29T20:43:08,2026-04-29T20:43:08,0.0,24821.1,Chemicals
2026-07-24T07:50:18,7910415f-816b-49cd-8c75-fc5bae649c24,Evergreen,Shanghai,Rotterdam,2026-08-12T07:50:18,2026-08-12T07:50:18,0.0,7343.0,Food
2026-07-15T09:48:32,cd3b3359-fc2d-4c1c-b991-6ff8aa8b2fe5,CMA-CGM,Shenzhen,Hamburg,2026-07-25T09:48:32,2026-07-25T09:48:32,0.0,20271.2,Chemicals
2026-03-03T17:24:18,97350e29-b374-42ad-a6fe-8a975d4d5560,COSCO,Ningbo,New York,2026-03-29T17:24:18,2026-03-29T17:24:18,0.0,21477.3,Food
2026-07-23T09:36:18,8cacaaee-27af-423e-b7ce-8b14168d95d3,Maersk,Shanghai,Rotterdam,2026-08-22T09:36:18,2026-08-22T09:36:18,0.0,16236.2,Food
2026-08-22T02:47:28,6a4ffc4d-5679-4be6-b09e-3207e6793b96,Maersk,Casablanca,Marseille,2026-09-03T02:47:28,2026-09-07T08:23:28,101.6,3446.8,Textiles
2026-07-18T15:46:27,184c73bb-025b-46d0-b0fa-c23b2f4c569f,Comanav,Casablanca,Marseille,2026-08-03T15:46:27,2026-08-03T15:46:27,0.0,11186.0,Electronics
2026-08-27T17:58:19,ef95604b-57d9-4eee-aefe-e48fdfbbe024,MSC,Ningbo,New York,2026-09-13T17:58:19,2026-09-18T05:34:19,107.6,13017.2,Automotive
2026-08-05T10:50:42,3bac41ed-c3dd-4248-8e33-145f0aed5c0c,Comanav,Agadir,Hamburg,2026-08-10T10:50:42,2026-08-10T10:50:42,0.0,18742.6,Food
2026-02-22T06:40:34,2f6c0a52-7cba-48cf-a3f5-b13f83ba76e5,Evergreen,Casablanca,Marseille,2026-03-15T06:40:34,2026-03-15T06:40:34,0.0,20106.4,Textiles
2026-06-21T15:03:27,b6ae9ce2-23c7-4a56-b214-6784ec41d83d,MSC,Ningbo,New York,2026-07-18T15:03:27,2026-07-21T12:21:27,69.3,9674.6,Electronics
2026-03-09T00:05:20,909ba468-890d-423f-b1cf-abf82bc5f97d,Marsa Maroc,Casablanca,Marseille,2026-04-03T00:05:20,2026-04-04T12:29:20,36.4,23300.9,Automotive
2026-03-25T11:23:48,8b6fafb1-398d-4674-a492-57d7431045a1,Evergreen,Ningbo,New York,2026-04-12T11:23:48,2026-04-14T05:29:48,42.1,23996.9,Chemicals
2026-05-15T09:40:49,f5d490d4-88c0-44d4-b2d6-b028e8c17e8d,COSCO,Shanghai,Rotterdam,2026-06-05T09:40:49,2026-06-09T22:10:49,108.5,11966.1,Automotive
2026-07-09T20:55:19,278e5791-b088-4588-ae29-47e0ef7415af,Maersk,Shanghai,Rotterdam,2026-07-16T20:55:19,2026-07-16T20:55:19,0.0,14116.1,Textiles
2026-04-10T14:23:13,96bfb44d-4012-433e-a565-75ae41885127,Marsa Maroc,Agadir,Hamburg,2026-05-04T14:23:13,2026-05-04T14:23:13,0.0,2137.0,Chemicals
2026-02-26T04:52:30,911d4bbc-5bb4-47f5-be0e-6e8d21d7831e,MSC,Casablanca,Marseille,2026-03-18T04:52:30,2026-03-22T03:28:30,94.6,20271.2,Automotive
2026-07-24T04:42:26,51882b56-8167-4978-98f1-00f7c6b89093,Comanav,Singapore,Felixstowe,2026-08-03T04:42:26,2026-08-03T04:42:26,0.0,10079.5,Automotive
2026-06-21T18:42:18,e3f9c511-dc5e-423f-93f6-c05eb0afc0d3,Comanav,Agadir,Hamburg,2026-07-07T18:42:18,2026-07-07T18:42:18,0.0,24102.3,Textiles
2026-08-07T04:08:11,89fb26d5-de98-4441-88b1-f6b46126b96a,COSCO,Casablanca,Marseille,2026-08-15T04:08:11,2026-08-15T04:08:11,0.0,14855.3,Automotive
2026-04-02T03:28:29,097aea41-3d6a-4bf9-a031-35710a8a3310,COSCO,Agadir,Hamburg,2026-04-11T03:28:29,2026-04-11T03:28:29,0.0,19134.3,Electronics
2026-02-19T02:18:44,84216e15-59ad-4746-932b-11081334da06,Evergreen,Tanger Med,Barcelona,2026-03-05T02:18:44,2026-03-05T02:18:44,0.0,19405.6,Food
2026-03-13T07:04:47,14634a66-afd9-4a79-843e-a2b663b0ceca,MSC,Busan,Los Angeles,2026-04-08T07:04:47,2026-04-08T07:04:47,0.0,20644.9,Food
2026-06-02T11:36:59,2aa48447-52bf-46ac-b5fc-4b2101f4fa9f,MSC,Busan,Los Angeles,2026-06-09T11:36:59,2026-06-13T09:06:59,93.5,18140.2,Textiles
2026-05-13T05:12:00,4aa339e3-02da-4b2b-ad15-57dd8ca837e9,COSCO,Tanger Med,Rotterdam,2026-05-26T05:12:00,2026-05-26T05:12:00,0.0,11929.9,Food
2026-04-28T20:09:54,b852fb0f-e868-43b6-9c70-dc51ec964f0e,Marsa Maroc,Casablanca,Marseille,2026-05-25T20:09:54,2026-05-28T12:45:54,64.6,7632.1,Food
2026-07-24T02:57:26,3c424e24-604a-4182-9d31-09dba3a8fcfc,Maersk,Tanger Med,Barcelona,2026-08-21T02:57:26,2026-08-21T02:57:26,0.0,15176.7,Textiles
2026-06-28T07:02:49,ab0e923d-3395-4f46-8b96-5a4c6b9c7c26,Comanav,Agadir,Hamburg,2026-07-24T07:02:49,2026-07-24T07:02:49,0.0,17689.2,Chemicals
2026-07-05T21:38:04,fe843e9b-79ba-4615-b93f-25094bec5cce,Maersk,Singapore,Felixstowe,2026-07-30T21:38:04,2026-07-30T21:38:04,0.0,19363.7,Textiles
2026-08-06T20:03:42,b6fb9419-bbab-4a2d-af2c-b51911d6af25,Marsa Maroc,Shanghai,Rotterdam,2026-08-27T20:03:42,2026-08-27T20:03:42,0.0,16841.0,Textiles
2026-09-06T08:40:45,41664904-dcb3-4fd3-9f1e-4945366fa2d5,Maersk,Shenzhen,Hamburg,2026-09-11T08:40:45,2026-09-11T08:40:45,0.0,20246.8,Automotive
2026-04-05T13:02:40,2c08dc9d-1c27-4fa8-b563-765a2a839f58,MSC,Busan,Los Angeles,2026-04-28T13:02:40,2026-04-28T13:02:40,0.0,7011.0,Chemicals
2026-06-19T23:19:44,b73e133f-e300-402a-81ee-ddf4f0cf8c06,Evergreen,Ningbo,New York,2026-07-12T23:19:44,2026-07-12T23:19:44,0.0,13214.7,Chemicals
2026-03-02T12:56:25,ad206f0e-764b-4f3a-8065-afa53e7555f4,Evergreen,Tanger Med,Rotterdam,2026-03-10T12:56:25,2026-03-10T12:56:25,0.0,19943.2,Electronics
2026-08-06T11:45:09,1e048044-c6ac-4e9f-8df3-3649e9768720,Maersk,Tanger Med,Barcelona,2026-09-04T11:45:09,2026-09-04T11:45:09,0.0,14713.0,Food
2026-03-24T14:28:14,303a1c39-39f7-4017-aa1c-8c3b3dabbf71,Comanav,Singapore,Felixstowe,2026-04-10T14:28:14,2026-04-10T14:28:14,0.0,1476.7,Chemicals
2026-06-02T17:37:40,788429b7-26ef-43da-bf0f-7a2f0fc01546,Evergreen,Busan,Los Angeles,2026-06-23T17:37:40,2026-06-23T17:37:40,0.0,10268.0,Chemicals
2026-07-17T13:10:19,b104ba60-b831-4cae-a72b-0f9c80668255,MSC,Tanger Med,Rotterdam,2026-08-09T13:10:19,2026-08-09T13:10:19,0.0,15947.8,Textiles
2026-03-16T08:13:29,69232218-9606-46c9-b536-b1242dafa1e0,CMA-CGM,Tanger Med,Barcelona,2026-04-03T08:13:29,2026-04-03T08:13:29,0.0,18361.9,Textiles
2026-03-20T01:50:40,5af42d40-a96c-49e0-a5a9-05f38cf52b59,Comanav,Shenzhen,Hamburg,2026-04-15T01:50:40,2026-04-15T01:50:40,0.0,24352.7,Automotive
2026-03-26T00:30:30,7f701b26-43ba-4479-a82e-6a742d97053d,COSCO,Shanghai,Rotterdam,2026-04-25T00:30:30,2026-04-25T00:30:30,0.0,11726.0,Textiles
2026-06-22T06:39:30,ebb85fd2-cb7e-4d4b-8d89-392ae9f3cc5a,MSC,Casablanca,Marseille,2026-07-14T06:39:30,2026-07-14T06:39:30,0.0,13908.3,Textiles
2026-06-14T03:01:43,b7339560-db17-48c2-98f9-f804cb04d829,Comanav,Singapore,Felixstowe,2026-06-30T03:01:43,2026-07-01T09:37:43,30.6,12746.0,Electronics
2026-06-18T05:36:47,42f8436f-75d9-45dd-81ef-207443244b81,CMA-CGM,Shenzhen,Hamburg,2026-07-12T05:36:47,2026-07-12T05:36:47,0.0,20226.3,Automotive
2026-08-10T20:00:27,915beb39-b38e-4a88-889f-f7dca0048a44,Comanav,Shenzhen,Hamburg,2026-08-24T20:00:27,2026-08-24T20:00:27,0.0,18187.5,Chemicals
2026-04-30T08:08:35,a3188c57-b5ff-4484-84c2-95888a88bcd7,Evergreen,Shenzhen,Hamburg,2026-05-20T08:08:35,2026-05-20T08:08:35,0.0,19035.8,Automotive
2026-08-08T13:11:47,16e2f076-43c9-44a2-87a8-a09d99ee7ba4,Comanav,Shanghai,Rotterdam,2026-09-04T13:11:47,2026-09-04T13:11:47,0.0,8756.5,Chemicals
2026-07-04T06:23:38,92fd60ff-fb9f-4627-9116-4849cf2027c5,Comanav,Shenzhen,Hamburg,2026-07-14T06:23:38,2026-07-16T05:17:38,46.9,3231.3,Food
2026-08-05T22:09:23,c3e85ad2-d50d-49a9-a582-4fb58b752db5,Evergreen,Shanghai,Rotterdam,2026-09-01T22:09:23,2026-09-01T22:09:23,0.0,7757.0,Food
2026-03-21T21:54:45,1151e33b-401a-4743-ba12-08cde703571a,MSC,Ningbo,New York,2026-04-07T21:54:45,2026-04-07T21:54:45,0.0,2360.4,Electronics
2026-07-25T04:00:09,c2911343-ed64-4f8b-95fb-2058a3dac7a3,Marsa Maroc,Tanger Med,Barcelona,2026-08-18T04:00:09,2026-08-21T15:36:09,83.6,21379.1,Automotive
2026-08-07T17:06:48,ebdfc9a5-026a-42a6-9380-591e038981f1,Evergreen,Shenzhen,Hamburg,2026-08-23T17:06:48,2026-08-23T17:06:48,0.0,23070.8,Electronics
2026-06-09T20:27:06,34fef8f9-449c-4e4b-b1de-4af85a2059e7,Evergreen,Shanghai,Rotterdam,2026-07-02T20:27:06,2026-07-04T19:27:06,47.0,6008.2,Electronics
2026-03-18T02:06:36,d0d5d25c-ebf8-468d-b9e8-f3652b4dad34,Evergreen,Agadir,Hamburg,2026-03-27T02:06:36,2026-03-27T02:06:36,0.0,7207.8,Chemicals
2026-05-29T14:39:50,13d84b52-ca50-4c87-951c-7d22b4877d19,Comanav,Agadir,Hamburg,2026-06-25T14:39:50,2026-06-27T05:09:50,38.5,6032.9,Automotive
2026-03-04T08:28:34,35f04581-e5b6-43e8-aab2-19a3a9b02c99,Maersk,Casablanca,Marseille,2026-03-18T08:28:34,2026-03-18T08:28:34,0.0,1009.0,Food
2026-03-26T16:40:20,f1837007-8f0c-4b69-a9f3-2c0ebba3dca5,Comanav,Busan,Los Angeles,2026-04-14T16:40:20,2026-04-14T16:40:20,0.0,14005.0,Food
2026-02-27T18:30:30,73562d83-3abe-4b55-86a5-aa67a2cf7ab1,COSCO,Agadir,Hamburg,2026-03-09T18:30:30,2026-03-12T21:12:30,74.7,15867.8,Chemicals
2026-06-12T05:43:05,ad6de3f8-53cf-445a-8a37-ecb519621b34,Marsa Maroc,Shanghai,Rotterdam,2026-07-12T05:43:05,2026-07-16T08:31:05,98.8,6957.2,Textiles
2026-03-28T11:20:02,05cd9ad3-b2c7-49ad-8cce-0945fbd32d67,MSC,Shenzhen,Hamburg,2026-04-12T11:20:02,2026-04-12T11:20:02,0.0,2387.5,Automotive
2026-04-06T19:53:28,4218cf8a-3e1e-483a-bcff-23b2c4191760,Comanav,Shenzhen,Hamburg,2026-05-03T19:53:28,2026-05-03T19:53:28,0.0,13687.7,Automotive
2026-05-13T17:26:00,bd91c50d-9fbd-40a8-b991-f115a09d6dbc,Comanav,Tanger Med,Barcelona,2026-06-03T17:26:00,2026-06-03T17:26:00,0.0,13616.3,Electronics
2026-04-21T18:01:19,d300cb2c-598f-4d17-b622-6c482fa22c72,Marsa Maroc,Agadir,Hamburg,2026-05-07T18:01:19,2026-05-07T18:01:19,0.0,16301.7,Food
2026-04-19T04:34:22,58d66982-f412-47e1-b988-b88edcbe72bf,COSCO,Agadir,Hamburg,2026-05-02T04:34:22,2026-05-02T04:34:22,0.0,1803.4,Food
2026-06-14T13:02:49,0c4ace60-4932-415d-adfe-2233384ac453,COSCO,Busan,Los Angeles,2026-07-07T13:02:49,2026-07-07T13:02:49,0.0,23852.5,Automotive
2026-07-25T14:03:02,e5237f7b-ddc8-4dff-a431-bc0d7d88c58d,Evergreen,Tanger Med,Rotterdam,2026-08-13T14:03:02,2026-08-13T14:03:02,0.0,1909.9,Textiles
2026-07-31T10:39:24,a86a7add-ce27-423a-880d-ccec574ae71c,Comanav,Busan,Los Angeles,2026-08-27T10:39:24,2026-08-27T10:39:24,0.0,17209.2,Electronics
2026-05-17T01:03:01,421755e5-2fe9-4344-85e2-d9246dc04552,Evergreen,Shanghai,Rotterdam,2026-05-30T01:03:01,2026-06-02T19:39:01,90.6,17983.5,Chemicals
2026-07-07T07:18:56,4e93e97e-36e9-4542-9198-607b903be3b0,Marsa Maroc,Singapore,Felixstowe,2026-08-05T07:18:56,2026-08-10T05:48:56,118.5,5772.5,Chemicals
2026-04-14T15:12:54,ac113a5f-adfa-493c-a446-e87441d878a8,Evergreen,Shanghai,Rotterdam,2026-05-11T15:12:54,2026-05-11T15:12:54,0.0,8598.1,Food
2026-05-03T09:15:07,6691258d-9980-409e-b9f2-a281daa4d71f,COSCO,Ningbo,New York,2026-05-12T09:15:07,2026-05-12T09:15:07,0.0,24514.4,Food
2026-08-10T19:47:06,459d0cb1-2cc3-41db-a7c3-7ed0d3ecee2d,Comanav,Shenzhen,Hamburg,2026-08-15T19:47:06,2026-08-16T13:29:06,17.7,18984.4,Food
2026-07-25T15:05:42,832097c0-1a2e-4f27-ae2d-e684f047b4c3,Comanav,Tanger Med,Barcelona,2026-08-01T15:05:42,2026-08-01T15:05:42,0.0,13479.4,Automotive
2026-02-16T08:05:30,d96eeea0-d6b8-4f47-a620-ba36ffc56288,MSC,Agadir,Hamburg,2026-03-12T08:05:30,2026-03-12T08:05:30,0.0,24745.0,Automotive
2026-04-26T15:11:49,5e726bab-b8ee-4622-81eb-d3952b1ad7b1,Marsa Maroc,Tanger Med,Rotterdam,2026-05-16T15:11:49,2026-05-16T15:11:49,0.0,8628.9,Electronics
2026-07-26T14:20:34,b7287844-d9a1-45f2-8683-c15e7a74da50,Evergreen,Singapore,Felixstowe,2026-08-22T14:20:34,2026-08-24T20:08:34,53.8,10485.6,Chemicals
2026-07-30T19:43:21,105806dd-4a4f-469d-b369-93c4ddf7c3e9,Comanav,Casablanca,Marseille,2026-08-14T19:43:21,2026-08-14T19:43:21,0.0,8124.3,Automotive
2026-07-10T00:12:43,69e8b00e-c845-4e51-a129-ea9db495ef25,CMA-CGM,Singapore,Felixstowe,2026-07-30T00:12:43,2026-07-30T00:12:43,0.0,6882.4,Automotive
2026-02-05T17:28:38,d52e83ee-6031-40e4-be33-388b45b124a6,CMA-CGM,Agadir,Hamburg,2026-03-02T17:28:38,2026-03-02T17:28:38,0.0,8823.1,Electronics
2026-05-18T10:02:41,afca92da-0bdb-4f41-be1d-97a5b189bf90,CMA-CGM,Ningbo,New York,2026-05-23T10:02:41,2026-05-24T04:38:41,18.6,14149.6,Textiles
2026-05-14T22:03:01,6af43d6e-e44b-4e1e-ae77-6846cd145781,MSC,Tanger Med,Barcelona,2026-05-19T22:03:01,2026-05-22T19:09:01,69.1,614.2,Chemicals
2026-05-18T02:21:42,87d25edc-63fd-4de8-93c4-ed407b5484b5,Maersk,Shanghai,Rotterdam,2026-06-17T02:21:42,2026-06-20T03:09:42,72.8,21554.3,Automotive
2026-03-01T07:08:11,0944e7f6-630d-4ff7-9025-902a3039bcbc,Marsa Maroc,Agadir,Hamburg,2026-03-25T07:08:11,2026-03-25T07:08:11,0.0,13612.7,Textiles
2026-03-14T12:23:52,7e41e6ec-9c3f-452a-96ee-c8277bf95a7a,Comanav,Tanger Med,Barcelona,2026-04-09T12:23:52,2026-04-12T17:11:52,76.8,14562.6,Chemicals
2026-05-03T14:35:31,84250be0-c274-4968-88a9-1bc35c1f2020,Evergreen,Casablanca,Marseille,2026-05-12T14:35:31,2026-05-15T02:41:31,60.1,15741.0,Food
2026-07-07T01:26:17,350daac2-4691-401d-9469-6ba5823dd2c4,Comanav,Tanger Med,Barcelona,2026-07-21T01:26:17,2026-07-22T01:02:17,23.6,17234.3,Food
2026-06-27T14:23:58,bbbb48c7-3eb1-4177-b7d6-1cd0fcd7af94,MSC,Ningbo,New York,2026-07-05T14:23:58,2026-07-05T14:23:58,0.0,15285.8,Food
2026-04-20T12:51:55,f6f7b16e-904d-4aa7-9e09-f0a59bf2f343,COSCO,Shenzhen,Hamburg,2026-05-16T12:51:55,2026-05-16T12:51:55,0.0,10026.7,Chemicals
2026-08-03T16:40:44,c98b8ce9-3bba-4d58-8ee7-8dcbc8a987d6,Marsa Maroc,Tanger Med,Barcelona,2026-08-25T16:40:44,2026-08-25T16:40:44,0.0,6532.4,Automotive
2026-03-25T06:08:14,d0797b55-c676-4be1-b68d-1c25d0874e24,Comanav,Agadir,Hamburg,2026-04-14T06:08:14,2026-04-14T06:08:14,0.0,10405.0,Textiles
2026-05-11T21:18:39,909b2759-17be-40bd-b8c5-11233d20e50c,COSCO,Tanger Med,Rotterdam,2026-06-10T21:18:39,2026-06-14T08:30:39,83.2,18988.0,Food
2026-08-17T02:19:16,e7055b84-2dd0-49da-af55-56ba2eab7204,Comanav,Tanger Med,Barcelona,2026-09-07T02:19:16,2026-09-07T02:19:16,0.0,16542.7,Food
2026-06-13T17:08:16,e832d9ef-106e-4fc9-8482-fde22b7c3f6d,Evergreen,Ningbo,New York,2026-06-30T17:08:16,2026-06-30T17:08:16,0.0,16258.4,Textiles
2026-07-10T22:22:49,261fa489-7231-4ae8-9571-fe975b2fdea6,MSC,Shenzhen,Hamburg,2026-07-29T22:22:49,2026-07-29T22:22:49,0.0,7677.5,Chemicals
2026-07-14T10:46:31,06c63d9b-acaf-4403-9bbb-158008366058,COSCO,Singapore,Felixstowe,2026-07-31T10:46:31,2026-07-31T10:46:31,0.0,1083.9,Electronics
2026-03-25T08:43:12,d3529886-150d-4bdf-ac5b-9bff36412b6a,Evergreen,Shenzhen,Hamburg,2026-04-14T08:43:12,2026-04-14T08:43:12,0.0,7994.5,Textiles
2026-07-08T02:53:33,9cfca1fd-8d6d-42a4-bf92-e83d7206e2af,Evergreen,Tanger Med,Rotterdam,2026-07-14T02:53:33,2026-07-14T02:53:33,0.0,2685.1,Food
2026-06-20T16:44:14,abe8850e-38f2-44eb-b67a-571ce6eb2482,MSC,Ningbo,New York,2026-07-15T16:44:14,2026-07-15T16:44:14,0.0,1674.9,Electronics
2026-08-08T19:34:11,ca951be0-8db9-441d-a1de-b9b0e8aa6761,CMA-CGM,Tanger Med,Rotterdam,2026-08-25T19:34:11,2026-08-25T19:34:11,0.0,24122.6,Electronics
2026-04-16T00:04:22,a418271a-c73b-4f1c-a4cb-e93df80f8379,Marsa Maroc,Singapore,Felixstowe,2026-05-07T00:04:22,2026-05-07T00:04:22,0.0,4868.1,Textiles
2026-06-16T12:23:12,9ee1eee3-501e-4160-8aa6-16e9ac649ed5,MSC,Tanger Med,Rotterdam,2026-06-24T12:23:12,2026-06-24T12:23:12,0.0,5049.8,Automotive
2026-03-06T21:56:44,924af955-d6e9-4e9f-8e33-f545ac05d964,Maersk,Shenzhen,Hamburg,2026-04-02T21:56:44,2026-04-02T21:56:44,0.0,5565.1,Food
2026-04-05T00:29:01,6f137f0c-17eb-44c4-b05b-8ee895e4c26f,Maersk,Tanger Med,Rotterdam,2026-04-22T00:29:01,2026-04-22T00:29:01,0.0,17390.0,Textiles
2026-06-04T15:06:09,d1cdcc8e-547b-48fd-8688-fa75cd8492c5,MSC,Tanger Med,Rotterdam,2026-06-30T15:06:09,2026-06-30T15:06:09,0.0,20866.9,Automotive
2026-04-03T18:33:00,aa9b34ed-23ee-4ecf-bac0-7371565d57d8,Comanav,Singapore,Felixstowe,2026-04-15T18:33:00,2026-04-15T18:33:00,0.0,21025.8,Electronics
2026-05-08T15:39:32,c06aaedf-28b7-4fa2-bc72-a4a923e29320,MSC,Casablanca,Marseille,2026-06-01T15:39:32,2026-06-01T15:39:32,0.0,16879.1,Chemicals
2026-06-02T14:20:52,efe2522d-8717-46e6-9f2e-159d70562d04,MSC,Shanghai,Rotterdam,2026-06-27T14:20:52,2026-06-27T14:20:52,0.0,7179.1,Electronics
2026-03-28T10:02:34,52ad95bd-c07d-4038-aece-a37f5e11002c,Comanav,Singapore,Felixstowe,2026-04-15T10:02:34,2026-04-15T10:02:34,0.0,21144.5,Automotive
2026-04-17T02:05:54,60653865-899c-40cd-ad11-3c3b9dcee124,CMA-CGM,Busan,Los Angeles,2026-05-11T02:05:54,2026-05-11T02:05:54,0.0,17466.8,Electronics
2026-06-27T23:27:53,8bb26934-9def-4ede-901c-65bc4f22d174,MSC,Busan,Los Angeles,2026-07-23T23:27:53,2026-07-23T23:27:53,0.0,2227.8,Electronics
2026-03-25T21:33:25,7f6c50b6-0ee4-458c-ae28-f7678a7eeaa7,MSC,Tanger Med,Barcelona,2026-04-24T21:33:25,2026-04-24T21:33:25,0.0,4992.3,Textiles
2026-07-16T20:44:24,6aafb3eb-2baa-4e25-adea-58ed02b7020e,Marsa Maroc,Casablanca,Marseille,2026-07-29T20:44:24,2026-08-02T13:56:24,89.2,17528.0,Textiles
2026-07-27T10:16:15,fba9087c-6222-458c-a457-5e75ff2d387f,CMA-CGM,Ningbo,New York,2026-08-10T10:16:15,2026-08-12T02:28:15,40.2,19144.2,Chemicals
2026-04-01T13:00:58,d4751d60-c28c-4a99-8355-27b7a71ce1ec,Maersk,Agadir,Hamburg,2026-04-23T13:00:58,2026-04-23T13:00:58,0.0,5419.3,Food
2026-07-08T00:26:09,b7005b4c-b4f6-49e8-8fa3-956564ff5066,COSCO,Tanger Med,Rotterdam,2026-07-28T00:26:09,2026-07-28T00:26:09,0.0,6101.8,Chemicals
2026-07-14T07:00:26,df77b041-db89-47a3-a90a-060642e5f53f,Maersk,Casablanca,Marseille,2026-08-12T07:00:26,2026-08-12T07:00:26,0.0,2151.3,Chemicals
2026-04-14T03:20:59,0fa43a64-909a-471c-8703-5be63697a49a,COSCO,Shenzhen,Hamburg,2026-05-12T03:20:59,2026-05-12T03:20:59,0.0,15126.5,Electronics
2026-08-26T00:05:42,18f4f63d-9feb-4aae-a0c9-45db03bf9c3d,Comanav,Ningbo,New York,2026-09-06T00:05:42,2026-09-06T00:05:42,0.0,18260.3,Electronics
2026-04-22T06:39:55,30fbc841-9c22-4b90-8a72-b222325aad0a,MSC,Tanger Med,Rotterdam,2026-05-07T06:39:55,2026-05-08T21:45:55,39.1,4800.5,Chemicals
2026-04-28T19:17:57,fc0d19a1-40c9-4582-8b5e-22fa05258c6b,Marsa Maroc,Agadir,Hamburg,2026-05-04T19:17:57,2026-05-04T19:17:57,0.0,4250.9,Textiles
2026-08-26T03:47:40,44f709d1-3e6a-4d64-9c10-e645e12d3bb4,Maersk,Ningbo,New York,2026-09-07T03:47:40,2026-09-07T03:47:40,0.0,5261.3,Chemicals
2026-06-02T04:08:06,1f23c3d1-84ac-44ff-91eb-3529119715bc,Comanav,Tanger Med,Rotterdam,2026-06-21T04:08:06,2026-06-21T04:08:06,0.0,6521.5,Food
2026-04-14T11:39:30,cb70b6e6-f54d-4cee-9639-e75412418a28,Evergreen,Shanghai,Rotterdam,2026-04-24T11:39:30,2026-04-24T11:39:30,0.0,24122.3,Electronics
2026-05-05T15:53:06,0b583915-efc1-45e2-bb05-fd2cf37cc8f7,Marsa Maroc,Tanger Med,Barcelona,2026-05-12T15:53:06,2026-05-12T15:53:06,0.0,13589.7,Food
2026-06-16T04:05:53,b8b7736e-e8d3-4a90-aef4-88aea92a162f,Marsa Maroc,Casablanca,Marseille,2026-07-01T04:05:53,2026-07-01T04:05:53,0.0,4015.4,Electronics
2026-08-06T03:38:01,cf07ce02-cc39-4223-902b-3d6807e63e40,Maersk,Agadir,Hamburg,2026-08-23T03:38:01,2026-08-23T03:38:01,0.0,1931.2,Chemicals
2026-03-09T19:41:35,194c2e2d-5899-495f-8092-c7afcec65581,Comanav,Tanger Med,Barcelona,2026-03-21T19:41:35,2026-03-21T19:41:35,0.0,1362.3,Food
2026-06-23T10:29:15,5478f7a5-93ac-4f9f-a67e-97a6d80fceff,Maersk,Tanger Med,Barcelona,2026-07-18T10:29:15,2026-07-18T10:29:15,0.0,12172.5,Food
2026-02-06T17:19:26,15074c47-747e-45a1-9da5-d9a0f32208db,CMA-CGM,Singapore,Felixstowe,2026-03-04T17:19:26,2026-03-04T17:19:26,0.0,11516.9,Automotive
2026-08-23T04:52:57,b0ea99f0-a45f-47d4-82a6-633fa3878730,Evergreen,Busan,Los Angeles,2026-09-05T04:52:57,2026-09-05T04:52:57,0.0,24705.4,Chemicals
2026-04-04T00:35:44,49cf401c-b0b0-4baf-8aef-1e8b0f91781d,MSC,Busan,Los Angeles,2026-04-23T00:35:44,2026-04-23T00:35:44,0.0,9323.3,Automotive
2026-04-17T18:43:45,58947747-49b3-4b3d-9782-6ebb932da94e,Marsa Maroc,Shanghai,Rotterdam,2026-05-15T18:43:45,2026-05-15T18:43:45,0.0,24200.6,Textiles
2026-06-30T02:37:08,3ecfa493-e63e-44c5-a457-2cd087dd6239,CMA-CGM,Casablanca,Marseille,2026-07-28T02:37:08,2026-07-28T02:37:08,0.0,20233.5,Automotive
2026-08-26T07:01:25,3fe3bf61-130f-41ce-bb20-56d497f3799e,COSCO,Tanger Med,Rotterdam,2026-09-13T07:01:25,2026-09-13T07:01:25,0.0,13766.7,Automotive
2026-08-15T05:27:12,bff87845-5dd4-4194-893d-fda80b3b7172,MSC,Singapore,Felixstowe,2026-09-09T05:27:12,2026-09-09T05:27:12,0.0,23576.1,Chemicals
2026-07-09T21:24:30,b59ee4da-0804-4b3d-a96e-0c6edbb68d72,COSCO,Singapore,Felixstowe,2026-08-06T21:24:30,2026-08-06T21:24:30,0.0,23833.2,Chemicals
2026-08-23T23:13:02,a389b512-c0fc-4bc1-9faf-0cfba5a2a752,CMA-CGM,Shenzhen,Hamburg,2026-09-07T23:13:02,2026-09-07T23:13:02,0.0,3761.3,Food
2026-07-29T09:57:23,fe7b1ae4-1fd9-46ea-bdde-5f7e452c12b8,MSC,Agadir,Hamburg,2026-08-09T09:57:23,2026-08-09T09:57:23,0.0,14425.5,Food
2026-07-29T08:59:53,591ac180-0a40-4be7-b173-432344e1566e,COSCO,Shenzhen,Hamburg,2026-08-20T08:59:53,2026-08-24T10:29:53,97.5,9683.0,Textiles
2026-08-28T19:00:34,b5dbd57f-d53e-4d11-8260-26edd8db4e06,COSCO,Agadir,Hamburg,2026-09-06T19:00:34,2026-09-06T19:00:34,0.0,13799.3,Chemicals
2026-04-05T22:54:55,b04dd979-0f6a-470a-99b9-97ca281a1a1b,Comanav,Shanghai,Rotterdam,2026-05-04T22:54:55,2026-05-07T07:24:55,56.5,5385.5,Textiles
2026-03-07T02:32:45,b4cebf98-7350-42c2-8750-ba1bfb609825,MSC,Ningbo,New York,2026-04-02T02:32:45,2026-04-02T02:32:45,0.0,13178.8,Automotive
2026-02-13T23:38:33,7d04f922-7431-44ae-8a1d-4f78ff750a4d,Maersk,Busan,Los Angeles,2026-03-12T23:38:33,2026-03-12T23:38:33,0.0,14401.1,Automotive
2026-04-29T15:29:02,be0f6afb-95b8-4c43-94b1-a3276dc07e20,Marsa Maroc,Shanghai,Rotterdam,2026-05-25T15:29:02,2026-05-25T15:29:02,0.0,4318.5,Chemicals
2026-06-04T10:28:31,25e10434-3180-434d-b9c4-b8e01d8e427e,MSC,Agadir,Hamburg,2026-06-22T10:28:31,2026-06-22T10:28:31,0.0,6519.6,Automotive
2026-02-17T16:44:25,b7e11a6f-4080-4437-a3cb-7fdac7da70ed,CMA-CGM,Busan,Los Angeles,2026-03-13T16:44:25,2026-03-16T22:50:25,78.1,18515.3,Electronics
2026-06-08T17:48:53,da4d7a1a-1578-42d0-92c0-4543b5213658,Comanav,Tanger Med,Barcelona,2026-06-15T17:48:53,2026-06-15T17:48:53,0.0,712.4,Electronics
2026-05-20T07:41:33,bc22a943-5233-4ab4-884b-12b2a32d801b,Comanav,Shenzhen,Hamburg,2026-05-27T07:41:33,2026-05-27T07:41:33,0.0,22594.2,Automotive
2026-06-07T02:36:08,9ad520fa-2016-4d0b-a6b7-950addc02707,MSC,Casablanca,Marseille,2026-06-21T02:36:08,2026-06-23T05:48:08,51.2,22776.5,Food
2026-04-20T07:49:16,6d4ec046-52e0-44c5-b221-e964819ed2cd,COSCO,Busan,Los Angeles,2026-05-05T07:49:16,2026-05-05T07:49:16,0.0,7598.7,Electronics
2026-08-16T14:32:39,dfec4b56-e024-41f5-ba4b-5dd7ffa93a5c,MSC,Ningbo,New York,2026-08-25T14:32:39,2026-08-25T14:32:39,0.0,3401.8,Food
2026-08-18T08:39:17,6c43de39-01cc-4774-b490-c0b8d379d8a9,MSC,Singapore,Felixstowe,2026-09-09T08:39:17,2026-09-09T08:39:17,0.0,12004.4,Textiles
2026-03-18T23:12:10,c727766e-0f44-43a2-8c54-224dc306930a,Maersk,Agadir,Hamburg,2026-04-13T23:12:10,2026-04-18T13:24:10,110.2,2878.2,Electronics
2026-03-25T08:28:59,83b19a04-b784-40a2-83fa-357285f493ff,COSCO,Casablanca,Marseille,2026-04-14T08:28:59,2026-04-14T08:28:59,0.0,4676.2,Electronics
2026-05-21T00:54:20,6e61f498-ee0b-4c3f-ad91-af7075947b39,COSCO,Shenzhen,Hamburg,2026-06-13T00:54:20,2026-06-13T00:54:20,0.0,11459.7,Electronics
2026-06-28T11:23:58,116b5d58-45b2-498e-ad3a-2d2193192e05,Marsa Maroc,Busan,Los Angeles,2026-07-21T11:23:58,2026-07-21T11:23:58,0.0,8824.5,Electronics
2026-03-07T03:50:17,c29f8f71-c89d-4ceb-899e-154ab04038c8,Maersk,Shenzhen,Hamburg,2026-03-17T03:50:17,2026-03-17T03:50:17,0.0,7852.6,Chemicals
2026-07-20T09:50:04,15bee85b-3717-437f-b18a-d81163d184f6,Maersk,Casablanca,Marseille,2026-08-19T09:50:04,2026-08-20T19:08:04,33.3,16038.5,Textiles
2026-04-30T20:57:30,1e5dce11-2eb4-4e85-9c2a-ac43f3f6d8b9,CMA-CGM,Tanger Med,Barcelona,2026-05-24T20:57:30,2026-05-27T14:21:30,65.4,15735.6,Food
2026-07-28T02:43:44,42032a9f-ac7a-439c-b4e5-b7ae0abcee45,MSC,Singapore,Felixstowe,2026-08-13T02:43:44,2026-08-14T11:25:44,32.7,7366.0,Food
2026-03-25T18:35:25,a549f1e3-b0f8-402f-b5ee-263bae7955e9,COSCO,Tanger Med,Rotterdam,2026-04-09T18:35:25,2026-04-10T12:11:25,17.6,6350.7,Textiles
2026-05-18T03:09:43,ed8b2c9f-8c46-439e-b049-e64af9850e4b,COSCO,Shanghai,Rotterdam,2026-06-05T03:09:43,2026-06-05T03:09:43,0.0,7184.5,Chemicals
2026-06-02T14:50:54,2f656ae7-515a-413b-850c-1821cedccc93,CMA-CGM,Tanger Med,Barcelona,2026-06-24T14:50:54,2026-06-24T14:50:54,0.0,21865.0,Food
2026-02-18T12:24:32,85c6fd8a-e56a-4f5a-989f-f6ba135b3570,Marsa Maroc,Tanger Med,Rotterdam,2026-03-13T12:24:32,2026-03-13T12:24:32,0.0,9826.4,Chemicals
2026-08-16T15:48:33,068dd679-2fc2-4594-841b-08b55de919ff,COSCO,Singapore,Felixstowe,2026-08-22T15:48:33,2026-08-22T15:48:33,0.0,7122.0,Chemicals
2026-05-12T01:36:55,a788b122-0c67-4cbe-b55e-daa98017bcab,CMA-CGM,Shenzhen,Hamburg,2026-06-11T01:36:55,2026-06-11T01:36:55,0.0,24844.5,Chemicals
2026-06-29T08:58:22,9f2ce002-c210-4884-b2c3-42afabaedab2,Marsa Maroc,Singapore,Felixstowe,2026-07-14T08:58:22,2026-07-14T08:58:22,0.0,8982.9,Textiles
2026-03-14T18:44:25,a8ddf665-b4f3-4896-9713-1704fe94dd28,MSC,Ningbo,New York,2026-04-03T18:44:25,2026-04-03T18:44:25,0.0,2541.0,Chemicals
2026-07-23T12:25:41,9e91c889-df66-4398-8fa8-2c3558cb5e8b,Comanav,Tanger Med,Barcelona,2026-08-18T12:25:41,2026-08-22T21:25:41,105.0,22447.6,Electronics
2026-03-17T14:07:01,64f28fc9-bc10-438a-8519-d04f655a8d92,Comanav,Casablanca,Marseille,2026-04-15T14:07:01,2026-04-15T14:07:01,0.0,2323.2,Textiles
2026-05-09T00:29:50,312c225e-8ab2-47f1-8b9c-a04b033b567c,MSC,Tanger Med,Barcelona,2026-06-01T00:29:50,2026-06-01T00:29:50,0.0,19582.5,Electronics
2026-05-16T12:12:22,04c000d5-1b7f-42a4-9372-b3b9d1c8fcb8,Marsa Maroc,Tanger Med,Rotterdam,2026-05-21T12:12:22,2026-05-21T12:12:22,0.0,8857.8,Food
2026-06-22T04:06:58,134f7df1-81d4-4c6b-9bdb-ef8ba33f8014,MSC,Tanger Med,Barcelona,2026-07-15T04:06:58,2026-07-15T04:06:58,0.0,21848.1,Chemicals
2026-07-19T06:48:22,ca0c7bd0-c325-4fd4-8c58-0e3da3b57ebb,Comanav,Shenzhen,Hamburg,2026-08-14T06:48:22,2026-08-14T06:48:22,0.0,3488.5,Automotive
2026-04-27T11:03:38,77eb39b0-c4d8-446c-a10a-f08b7a92409a,Marsa Maroc,Agadir,Hamburg,2026-05-04T11:03:38,2026-05-04T11:03:38,0.0,18097.2,Electronics
2026-03-25T01:45:50,3707935e-93c3-45fc-b0c0-a4a85da07372,COSCO,Tanger Med,Rotterdam,2026-04-24T01:45:50,2026-04-24T01:45:50,0.0,5650.4,Electronics
2026-04-25T05:50:05,13bd7d59-47e2-4b36-bfbb-87155ec2bf7e,CMA-CGM,Singapore,Felixstowe,2026-05-20T05:50:05,2026-05-20T05:50:05,0.0,12163.1,Automotive
2026-04-23T08:50:45,d8639a03-e30f-4f40-95dd-ce09d7441071,Evergreen,Busan,Los Angeles,2026-05-20T08:50:45,2026-05-20T08:50:45,0.0,7557.6,Food
2026-03-14T01:15:18,75e7c60c-0987-4d47-8d8f-50259387c9be,COSCO,Tanger Med,Rotterdam,2026-03-24T01:15:18,2026-03-24T01:15:18,0.0,2449.2,Automotive
2026-06-23T05:50:14,a409a330-5d18-4974-9981-3f94addaf7a5,MSC,Shanghai,Rotterdam,2026-07-15T05:50:14,2026-07-15T05:50:14,0.0,5139.0,Electronics
2026-06-08T03:54:08,89bd02ad-ef45-4ed7-b892-12677ed44222,MSC,Tanger Med,Barcelona,2026-06-18T03:54:08,2026-06-22T01:36:08,93.7,6079.0,Chemicals
2026-04-17T09:23:26,cd9a1672-ad74-4051-86d2-8e784fb12a60,Evergreen,Shanghai,Rotterdam,2026-05-05T09:23:26,2026-05-05T09:23:26,0.0,7492.4,Chemicals
2026-06-18T16:40:13,6556032e-18cf-472c-9266-8ffae4f9dfbe,Comanav,Shanghai,Rotterdam,2026-07-04T16:40:13,2026-07-04T16:40:13,0.0,13498.5,Textiles
2026-06-12T15:33:11,2e2aafdd-e6ae-4eb9-9908-953840abfbf7,Comanav,Shanghai,Rotterdam,2026-06-22T15:33:11,2026-06-22T15:33:11,0.0,2038.2,Textiles
2026-05-23T08:46:52,ee5bac0a-8425-4007-8f7d-8243ce39cb18,Evergreen,Tanger Med,Rotterdam,2026-06-21T08:46:52,2026-06-22T05:22:52,20.6,19228.6,Chemicals
2026-05-17T19:49:04,b7345d9a-97b4-4365-bc12-f84906542058,Marsa Maroc,Tanger Med,Rotterdam,2026-06-12T19:49:04,2026-06-12T19:49:04,0.0,14909.4,Textiles
2026-03-24T23:33:46,3d9b5082-46ed-4683-bc9d-ee3495b9d104,Evergreen,Tanger Med,Barcelona,2026-04-06T23:33:46,2026-04-06T23:33:46,0.0,8317.1,Textiles
2026-04-02T15:46:48,9c4bf01f-edb5-4e10-bdf9-f5f37cdc9129,CMA-CGM,Busan,Los Angeles,2026-04-22T15:46:48,2026-04-22T15:46:48,0.0,12482.6,Food
2026-07-15T20:21:17,ae3a91d2-cc45-47f4-bf64-f4f99aa59f76,MSC,Agadir,Hamburg,2026-08-07T20:21:17,2026-08-07T20:21:17,0.0,17426.2,Chemicals
2026-03-09T00:35:04,7f146d96-87b0-4d04-a7b0-b335ab5cd4b3,COSCO,Busan,Los Angeles,2026-03-24T00:35:04,2026-03-28T07:59:04,103.4,24320.8,Chemicals
2026-06-07T16:50:33,ca9c18d9-c6fe-4865-be9d-a75a9fb436eb,COSCO,Busan,Los Angeles,2026-06-16T16:50:33,2026-06-16T16:50:33,0.0,18888.5,Chemicals
2026-04-10T06:41:00,dec42041-fe26-49f1-9fa6-3171f67d3176,Comanav,Tanger Med,Rotterdam,2026-04-19T06:41:00,2026-04-21T11:53:00,53.2,21821.1,Automotive
2026-04-16T12:46:06,77ed5ba3-2b3c-4cb4-9c7f-60b5e62a951a,CMA-CGM,Singapore,Felixstowe,2026-04-21T12:46:06,2026-04-21T12:46:06,0.0,20526.4,Automotive
2026-05-26T23:09:38,348e95f6-07bd-43ba-bdad-f9c727e473d9,Evergreen,Casablanca,Marseille,2026-06-05T23:09:38,2026-06-05T23:09:38,0.0,901.5,Chemicals
2026-04-11T19:05:15,289e6d84-43ea-4ff6-98ba-34a3af3fded2,CMA-CGM,Casablanca,Marseille,2026-04-26T19:05:15,2026-04-26T19:05:15,0.0,12684.4,Automotive
2026-06-12T02:09:32,4a1d4a56-e64c-437b-b5bd-6d85e799dc3f,Comanav,Shanghai,Rotterdam,2026-07-04T02:09:32,2026-07-04T02:09:32,0.0,5153.7,Food
2026-05-18T03:22:38,92957cc5-b9e7-4ced-a914-c877d479b344,COSCO,Busan,Los Angeles,2026-06-05T03:22:38,2026-06-06T08:40:38,29.3,24242.9,Electronics
2026-07-24T12:14:10,c1ca2216-ff32-4e53-b9b0-30cc0d0a1b15,Maersk,Shenzhen,Hamburg,2026-07-31T12:14:10,2026-08-04T04:32:10,88.3,15391.5,Automotive
2026-08-18T02:05:09,6f1372e3-0b6d-439c-bc46-ed204b365e9c,Evergreen,Agadir,Hamburg,2026-09-07T02:05:09,2026-09-09T11:05:09,57.0,817.7,Textiles
2026-03-31T05:08:08,d0b9006a-5dfa-4411-bc59-6210e23e7b1f,CMA-CGM,Casablanca,Marseille,2026-04-25T05:08:08,2026-04-25T05:08:08,0.0,15652.8,Food
2026-06-04T08:37:31,eae1bfdb-b4eb-41dc-a6af-78c16bacd1cf,Evergreen,Tanger Med,Barcelona,2026-06-13T08:37:31,2026-06-13T08:37:31,0.0,8856.9,Textiles
2026-07-16T20:51:27,93c47a1b-9794-4cd8-92c1-d31482a09301,CMA-CGM,Casablanca,Marseille,2026-08-08T20:51:27,2026-08-09T15:39:27,18.8,11453.4,Chemicals
2026-07-09T16:51:34,725b3813-9099-4604-9ca4-06427cac2e94,MSC,Agadir,Hamburg,2026-07-24T16:51:34,2026-07-24T16:51:34,0.0,22798.6,Textiles
2026-08-10T12:52:05,4e35ab76-7c58-419e-9558-197750704832,Comanav,Busan,Los Angeles,2026-08-23T12:52:05,2026-08-23T12:52:05,0.0,14641.9,Textiles
2026-03-15T07:51:45,0be0f770-6a15-482a-9302-ba9ac9d14af9,MSC,Agadir,Hamburg,2026-03-30T07:51:45,2026-03-30T07:51:45,0.0,14520.7,Automotive
2026-03-25T03:42:22,1087d691-46fd-4c77-a69b-d33306a84b4d,Comanav,Agadir,Hamburg,2026-04-06T03:42:22,2026-04-06T03:42:22,0.0,12008.9,Electronics
2026-07-27T10:50:28,b87d3614-6b6f-4273-a426-0c4d329a553e,Evergreen,Shenzhen,Hamburg,2026-08-04T10:50:28,2026-08-04T10:50:28,0.0,4134.7,Textiles
2026-05-28T01:15:04,ac693dbf-04d3-4ed1-9a51-ac93f3004c11,Evergreen,Tanger Med,Barcelona,2026-06-17T01:15:04,2026-06-17T01:15:04,0.0,22560.5,Textiles
2026-07-05T07:59:33,271cd357-98fa-4bf2-89cc-b729f059b343,COSCO,Tanger Med,Barcelona,2026-07-22T07:59:33,2026-07-22T07:59:33,0.0,19886.4,Textiles
2026-07-26T14:04:14,32975470-241d-4ac1-ae82-dbd81bd394ac,CMA-CGM,Casablanca,Marseille,2026-08-24T14:04:14,2026-08-24T14:04:14,0.0,6541.3,Electronics
2026-08-13T12:54:15,15b7c2ed-66e4-42d2-9301-71fb9f1ed8b3,CMA-CGM,Shenzhen,Hamburg,2026-09-06T12:54:15,2026-09-06T12:54:15,0.0,4079.9,Textiles
2026-06-21T02:33:25,59372b9b-086f-4c55-9e92-280cde705fea,COSCO,Shenzhen,Hamburg,2026-07-06T02:33:25,2026-07-06T02:33:25,0.0,13639.6,Automotive
2026-02-01T23:03:02,919bf9dc-a1a3-45a2-baee-3d79f27306a8,CMA-CGM,Tanger Med,Barcelona,2026-03-01T23:03:02,2026-03-01T23:03:02,0.0,22176.9,Food
2026-03-25T04:08:35,e1fcc223-4242-4768-a233-fcf43cc16fd6,CMA-CGM,Ningbo,New York,2026-04-06T04:08:35,2026-04-06T04:08:35,0.0,10863.3,Electronics
2026-08-15T01:03:24,87837942-6259-43ba-b0eb-5c38a367f8cd,CMA-CGM,Shanghai,Rotterdam,2026-08-26T01:03:24,2026-08-26T01:03:24,0.0,1119.5,Chemicals
2026-06-29T02:52:40,ff74fcc1-e51e-49fb-9bd5-56b0aa24bf02,CMA-CGM,Tanger Med,Barcelona,2026-07-18T02:52:40,2026-07-18T02:52:40,0.0,24828.0,Chemicals
2026-03-15T14:17:05,ead6460c-4227-4aeb-98e5-4dd1bcc3b636,Evergreen,Singapore,Felixstowe,2026-03-25T14:17:05,2026-03-25T14:17:05,0.0,19082.3,Electronics
2026-07-20T10:58:50,f8bc0768-1b7c-44d0-a64f-06aa246fb973,COSCO,Shanghai,Rotterdam,2026-08-02T10:58:50,2026-08-02T10:58:50,0.0,15360.3,Textiles
2026-05-15T14:19:19,29331302-8867-42ae-9489-3247239ae649,Evergreen,Casablanca,Marseille,2026-05-24T14:19:19,2026-05-24T14:19:19,0.0,915.4,Electronics
2026-07-25T20:33:50,be2c7761-67ae-4fa7-92e7-d82afff8a9fd,Evergreen,Shenzhen,Hamburg,2026-08-14T20:33:50,2026-08-14T20:33:50,0.0,8224.1,Chemicals
2026-04-27T06:35:55,aa487cdf-8a26-42ce-a463-ca88d0a7c8e6,Maersk,Ningbo,New York,2026-05-22T06:35:55,2026-05-22T06:35:55,0.0,8435.2,Automotive
2026-08-11T03:04:39,15ee334e-fd48-474a-981a-1ce4a4e2fabe,Evergreen,Shenzhen,Hamburg,2026-09-09T03:04:39,2026-09-09T03:04:39,0.0,7431.3,Food
2026-06-07T06:56:41,46e0d1a3-b8d8-4ee3-9868-9bb9209ba8e6,Evergreen,Tanger Med,Rotterdam,2026-06-13T06:56:41,2026-06-13T06:56:41,0.0,17984.8,Chemicals
2026-06-25T09:19:16,b3cced12-addd-4c70-b411-7aa47e09ae6b,Maersk,Tanger Med,Barcelona,2026-07-04T09:19:16,2026-07-04T09:19:16,0.0,13308.1,Automotive
2026-06-03T03:16:44,55fda514-325d-48c6-afb8-09ff8e512600,Comanav,Tanger Med,Barcelona,2026-06-19T03:16:44,2026-06-21T03:46:44,48.5,10609.7,Electronics
2026-06-18T04:06:22,8235e327-2884-4b7e-995f-ce8a8f20a396,COSCO,Busan,Los Angeles,2026-07-10T04:06:22,2026-07-10T04:06:22,0.0,10700.6,Chemicals
2026-04-13T17:13:35,b476c11b-41c5-4026-8009-b2e363e4b256,Evergreen,Casablanca,Marseille,2026-04-20T17:13:35,2026-04-23T05:37:35,60.4,3323.6,Textiles
2026-08-30T11:40:37,d2eada99-af99-44aa-8707-77998c049741,MSC,Agadir,Hamburg,2026-09-05T11:40:37,2026-09-05T11:40:37,0.0,14163.3,Electronics
2026-07-06T11:53:07,ca63c886-684e-45a4-8845-80585500af72,COSCO,Agadir,Hamburg,2026-07-12T11:53:07,2026-07-12T11:53:07,0.0,19083.9,Automotive
2026-03-04T19:12:25,ec17fcec-4b51-4e15-b85f-f2141fd4a0af,Evergreen,Casablanca,Marseille,2026-03-19T19:12:25,2026-03-19T19:12:25,0.0,19021.1,Chemicals
2026-02-17T20:13:08,ba320976-3b81-46b5-8a0c-6f0911829528,Evergreen,Tanger Med,Rotterdam,2026-03-18T20:13:08,2026-03-18T20:13:08,0.0,1076.1,Chemicals
2026-04-02T16:06:13,73f16998-8824-45bb-967d-205e35dc170c,Maersk,Ningbo,New York,2026-04-08T16:06:13,2026-04-08T16:06:13,0.0,1382.1,Automotive
2026-08-10T11:36:45,22e3dafd-b206-4ddd-9e27-09ffa911034f,Maersk,Busan,Los Angeles,2026-08-26T11:36:45,2026-08-26T11:36:45,0.0,14748.8,Textiles
2026-02-25T07:45:11,f83563fb-cd51-47dc-a1f8-fdac9a5722d8,Comanav,Ningbo,New York,2026-03-07T07:45:11,2026-03-07T07:45:11,0.0,4230.3,Electronics
2026-03-27T05:58:27,dcc658e6-59ad-4ed5-80bc-43212f102f9b,CMA-CGM,Shanghai,Rotterdam,2026-04-18T05:58:27,2026-04-18T05:58:27,0.0,10016.3,Automotive
2026-04-20T08:30:47,965bb43d-a5ee-4617-8e43-05988233aaa2,CMA-CGM,Shanghai,Rotterdam,2026-05-01T08:30:47,2026-05-01T08:30:47,0.0,6878.4,Electronics
2026-08-14T09:04:59,3bc1b7c4-6df8-4e5d-a342-086c07f29c76,COSCO,Shanghai,Rotterdam,2026-08-19T09:04:59,2026-08-19T09:04:59,0.0,24209.5,Food
2026-08-15T07:03:26,3693b2ec-0624-4f08-a3b9-7192072611c8,MSC,Singapore,Felixstowe,2026-08-25T07:03:26,2026-08-25T07:03:26,0.0,9992.6,Electronics
2026-01-31T06:18:00,ad30379b-2e42-487c-8002-b44920624100,MSC,Agadir,Hamburg,2026-03-01T06:18:00,2026-03-01T06:18:00,0.0,18808.2,Automotive
2026-07-26T03:22:42,64ca2f44-d9d9-4edf-9a06-8f0fe8e87b4a,CMA-CGM,Shanghai,Rotterdam,2026-08-14T03:22:42,2026-08-14T03:22:42,0.0,15839.9,Food
2026-04-27T13:44:32,5c669d7f-e67c-4d5a-8ecf-9ae7b38b799c,MSC,Shanghai,Rotterdam,2026-05-18T13:44:32,2026-05-18T13:44:32,0.0,802.8,Automotive
2026-04-01T05:31:08,d004cd97-daaf-490d-95ad-691fc0061622,MSC,Shenzhen,Hamburg,2026-04-21T05:31:08,2026-04-23T11:31:08,54.0,8520.3,Chemicals
2026-06-06T05:35:25,0b664b89-0a83-41bd-ae60-a9fec09dc91b,COSCO,Casablanca,Marseille,2026-06-26T05:35:25,2026-06-26T05:35:25,0.0,7490.9,Automotive
2026-04-23T17:46:38,780f1eba-7e10-4a26-bf75-7be11c7bca11,Evergreen,Tanger Med,Barcelona,2026-05-01T17:46:38,2026-05-06T01:52:38,104.1,15672.3,Electronics
2026-06-01T10:02:47,c41f764e-fbbe-422f-adc3-7788a439b9fb,Maersk,Shanghai,Rotterdam,2026-06-15T10:02:47,2026-06-15T10:02:47,0.0,18354.3,Automotive
2026-03-21T05:59:30,ef096635-6bda-4d85-b39a-a8fd8f846500,Maersk,Tanger Med,Barcelona,2026-04-06T05:59:30,2026-04-06T05:59:30,0.0,5174.2,Chemicals
2026-07-05T23:30:04,71907bdc-da92-4ffb-9554-f8625f76b469,Maersk,Shenzhen,Hamburg,2026-07-18T23:30:04,2026-07-18T23:30:04,0.0,1048.7,Electronics
2026-05-28T05:47:50,62143116-ee41-49ae-907c-fa5a5d2a8263,CMA-CGM,Tanger Med,Barcelona,2026-06-06T05:47:50,2026-06-06T05:47:50,0.0,23288.1,Automotive
2026-03-05T00:12:54,f2bdfee0-cdd1-4ca5-8916-1e592aae1155,Marsa Maroc,Tanger Med,Barcelona,2026-04-02T00:12:54,2026-04-06T01:48:54,97.6,22067.1,Chemicals
2026-07-15T09:50:06,1857c118-a653-4d52-bf86-ae6f7e508b46,Maersk,Casablanca,Marseille,2026-07-23T09:50:06,2026-07-23T09:50:06,0.0,6252.7,Food
2026-04-21T06:48:20,fd7c4000-2aeb-435c-8410-3ec9c9411a96,CMA-CGM,Ningbo,New York,2026-05-04T06:48:20,2026-05-04T06:48:20,0.0,14299.2,Electronics
2026-03-14T02:41:32,e89f36fa-1066-4461-9825-55522f561dd8,MSC,Casablanca,Marseille,2026-03-21T02:41:32,2026-03-21T02:41:32,0.0,9746.9,Electronics
2026-07-13T22:10:16,8b80f02c-027f-496b-adab-2e5ea1449776,COSCO,Busan,Los Angeles,2026-08-01T22:10:16,2026-08-01T22:10:16,0.0,24336.2,Food
2026-06-20T15:33:09,732f77d7-e8cd-4ade-845f-616e0aa7894d,Marsa Maroc,Tanger Med,Rotterdam,2026-06-27T15:33:09,2026-07-02T02:09:09,106.6,17892.6,Chemicals
2026-05-17T22:22:43,167f0a52-e538-42f5-8328-00eea96e7403,Comanav,Agadir,Hamburg,2026-05-30T22:22:43,2026-05-30T22:22:43,0.0,7163.1,Automotive
2026-07-26T16:43:20,30374e1a-90ee-431f-a63a-2e5e8555650d,Marsa Maroc,Agadir,Hamburg,2026-08-14T16:43:20,2026-08-14T16:43:20,0.0,24898.0,Electronics
2026-03-09T10:02:16,a561bff6-7ece-42c2-8e22-7e42a5cb6875,Evergreen,Singapore,Felixstowe,2026-04-05T10:02:16,2026-04-05T10:02:16,0.0,6172.3,Electronics
2026-03-30T23:10:34,90e851dd-6e2a-425b-bcb9-14eef366e0fd,CMA-CGM,Shanghai,Rotterdam,2026-04-06T23:10:34,2026-04-06T23:10:34,0.0,11678.3,Chemicals
2026-02-13T10:07:30,ff3222aa-974c-4fc8-a153-1bb4ac611ef4,MSC,Ningbo,New York,2026-03-01T10:07:30,2026-03-01T10:07:30,0.0,9596.2,Food
2026-05-07T21:13:46,83f8ab20-701e-444a-a749-192667270d3b,MSC,Ningbo,New York,2026-05-22T21:13:46,2026-05-22T21:13:46,0.0,8996.3,Automotive
2026-08-14T04:09:38,ede3b1fb-b8f5-4840-b3c9-d42b74cb6af4,CMA-CGM,Singapore,Felixstowe,2026-09-02T04:09:38,2026-09-06T03:03:38,94.9,4117.0,Chemicals
2026-03-15T06:26:29,7b109f09-10a8-476b-9d11-2302bccd076c,COSCO,Ningbo,New York,2026-03-31T06:26:29,2026-04-01T03:44:29,21.3,6703.4,Automotive
2026-03-27T12:51:06,67944498-763d-4e40-ba9c-fce47a898f4a,CMA-CGM,Shenzhen,Hamburg,2026-04-21T12:51:06,2026-04-21T12:51:06,0.0,18965.7,Automotive
2026-05-06T20:15:05,d065d27b-d046-43d8-b54e-7ffb182c2009,CMA-CGM,Tanger Med,Rotterdam,2026-05-27T20:15:05,2026-06-01T18:21:05,118.1,4053.7,Textiles
2026-07-23T20:19:26,39d79dfc-3af8-41fd-a0cc-736de4a00c5a,Marsa Maroc,Ningbo,New York,2026-08-20T20:19:26,2026-08-20T20:19:26,0.0,20069.0,Automotive
2026-02-05T14:33:38,d3624bd3-6546-49c6-80d5-e019d688a226,Comanav,Agadir,Hamburg,2026-03-04T14:33:38,2026-03-04T14:33:38,0.0,20674.4,Electronics
2026-02-26T03:08:54,a3fce627-7f5f-4503-bbf6-4490b0b1d5e4,Evergreen,Ningbo,New York,2026-03-04T03:08:54,2026-03-04T03:08:54,0.0,14598.9,Textiles
2026-07-02T10:20:35,0646d746-e4e5-4af6-9d53-f12bd7d1be1b,Marsa Maroc,Ningbo,New York,2026-07-12T10:20:35,2026-07-12T10:20:35,0.0,17258.3,Textiles
2026-04-01T20:00:55,7dd3de2b-431f-49ab-96a2-3b2492c23844,Maersk,Busan,Los Angeles,2026-04-16T20:00:55,2026-04-16T20:00:55,0.0,20024.4,Food
2026-07-17T00:15:04,733b1b9f-83a6-4c9e-bb1a-3e8dd73dbd07,Evergreen,Singapore,Felixstowe,2026-08-12T00:15:04,2026-08-13T11:57:04,35.7,9102.8,Chemicals
2026-03-27T07:57:42,065d114e-e056-4ed3-8263-3dbde479468c,MSC,Tanger Med,Barcelona,2026-04-21T07:57:42,2026-04-21T07:57:42,0.0,4314.7,Automotive
2026-08-12T12:29:20,21923660-25ae-4330-b581-fdd416f53d8b,Comanav,Tanger Med,Rotterdam,2026-09-02T12:29:20,2026-09-05T05:59:20,65.5,22938.2,Textiles
2026-03-11T12:10:03,f17ce393-6c23-4359-b717-b948cefb89ac,Comanav,Agadir,Hamburg,2026-03-28T12:10:03,2026-03-28T12:10:03,0.0,5626.5,Electronics
2026-05-23T21:56:22,a716487d-ee88-41c0-9f51-06428e680873,Maersk,Agadir,Hamburg,2026-05-28T21:56:22,2026-05-28T21:56:22,0.0,3466.4,Automotive
2026-07-14T18:28:13,8859ddf6-db1e-45a0-bad5-6051b115d30d,Maersk,Tanger Med,Barcelona,2026-07-27T18:28:13,2026-07-27T18:28:13,0.0,3414.3,Textiles
2026-03-08T16:37:33,d09f1786-6a03-442e-bf90-ea06665b881f,Maersk,Singapore,Felixstowe,2026-04-04T16:37:33,2026-04-04T16:37:33,0.0,8907.7,Textiles
2026-03-22T18:41:25,b0eb747b-d313-4b1c-b07a-f6452161cd8a,CMA-CGM,Agadir,Hamburg,2026-04-09T18:41:25,2026-04-09T18:41:25,0.0,23029.1,Food
2026-03-21T01:54:28,a0196b9b-f945-46d3-9394-23aa776a76b1,Marsa Maroc,Tanger Med,Rotterdam,2026-04-10T01:54:28,2026-04-12T19:54:28,66.0,9111.7,Textiles
2026-05-31T16:38:50,24b8d2a0-7f52-4028-b6aa-1f93f98fb6b2,Comanav,Busan,Los Angeles,2026-06-30T16:38:50,2026-06-30T16:38:50,0.0,13705.9,Electronics
2026-06-28T17:55:23,ffa23b4a-b22b-46d1-b918-5f2c8c6d3637,Marsa Maroc,Singapore,Felixstowe,2026-07-21T17:55:23,2026-07-21T17:55:23,0.0,9100.8,Chemicals
2026-06-19T05:15:42,102817ef-8721-4c55-b31e-b9a4f665f415,COSCO,Tanger Med,Rotterdam,2026-06-25T05:15:42,2026-06-29T03:15:42,94.0,2627.3,Textiles
2026-04-16T06:08:15,6b95e767-15bf-4e7e-8a40-edff542902b3,Maersk,Ningbo,New York,2026-04-23T06:08:15,2026-04-23T06:08:15,0.0,20850.4,Electronics
2026-06-29T15:13:07,73675789-4675-4f26-81d0-db7d59516f41,COSCO,Busan,Los Angeles,2026-07-27T15:13:07,2026-07-27T15:13:07,0.0,15288.4,Chemicals
2026-04-07T17:00:46,c162af42-2c17-451e-bcb5-78c216e3e3e9,CMA-CGM,Tanger Med,Rotterdam,2026-04-21T17:00:46,2026-04-21T17:00:46,0.0,17749.0,Chemicals
2026-04-07T11:29:13,c6cb3903-48fe-4ae0-91ea-93729029360a,Evergreen,Agadir,Hamburg,2026-04-25T11:29:13,2026-04-25T11:29:13,0.0,17253.7,Food
2026-03-08T13:38:32,ccf9e336-ea77-4cda-8f21-e04b1043a3bc,Evergreen,Tanger Med,Rotterdam,2026-03-27T13:38:32,2026-03-27T13:38:32,0.0,4940.2,Textiles
2026-02-10T06:59:25,6e25d3bc-9a34-4d33-8eb1-cb394a5fbe99,Comanav,Singapore,Felixstowe,2026-03-04T06:59:25,2026-03-04T06:59:25,0.0,1693.5,Food
2026-04-12T17:40:37,9e5b42da-f97d-43d6-aa9f-0de2ac1a6f06,Marsa Maroc,Tanger Med,Barcelona,2026-05-03T17:40:37,2026-05-03T17:40:37,0.0,22605.4,Textiles
2026-08-04T22:01:26,2c1c3044-5338-4e83-ad09-59e9cbbb5c4c,Maersk,Casablanca,Marseille,2026-08-18T22:01:26,2026-08-18T22:01:26,0.0,10954.9,Automotive
2026-06-25T09:18:24,7436df8e-a274-435a-aedc-a7398275eca8,MSC,Tanger Med,Barcelona,2026-07-15T09:18:24,2026-07-15T09:18:24,0.0,639.5,Automotive
2026-05-08T17:49:14,32a5b406-60f3-4cb9-9c6d-fbc00f5f5215,Maersk,Singapore,Felixstowe,2026-05-22T17:49:14,2026-05-22T17:49:14,0.0,8831.7,Food
2026-04-01T18:54:32,1729a0fb-9f1c-43f5-bb9a-7e8b3ecc9cf6,MSC,Busan,Los Angeles,2026-04-28T18:54:32,2026-04-28T18:54:32,0.0,17669.1,Electronics
2026-07-29T21:24:51,c045be75-1030-40e3-a8c0-c2782e0ebcbe,MSC,Tanger Med,Barcelona,2026-08-07T21:24:51,2026-08-07T21:24:51,0.0,24480.5,Food
2026-07-30T19:18:59,8891614b-0abd-4579-b71b-7e75bac78f99,COSCO,Tanger Med,Rotterdam,2026-08-19T19:18:59,2026-08-19T19:18:59,0.0,17623.6,Electronics
2026-05-08T08:52:01,fb681092-6838-4115-bf4c-f4263cf41d3f,Marsa Maroc,Ningbo,New York,2026-05-24T08:52:01,2026-05-24T08:52:01,0.0,3105.0,Chemicals
2026-03-16T15:59:27,158368c1-e1d4-49d8-a087-e2e5f47eae73,CMA-CGM,Tanger Med,Rotterdam,2026-04-03T15:59:27,2026-04-03T15:59:27,0.0,10845.3,Electronics
2026-03-14T00:24:09,6c4f81b1-fef5-4928-9447-e95a745e3fea,CMA-CGM,Tanger Med,Barcelona,2026-04-09T00:24:09,2026-04-09T00:24:09,0.0,10332.5,Automotive
2026-04-19T09:01:01,f1195140-dbe5-44d3-9aa5-746bfee8ed5e,Maersk,Casablanca,Marseille,2026-04-24T09:01:01,2026-04-24T09:01:01,0.0,14475.3,Automotive
2026-03-26T19:54:30,d17c66c9-4a7d-469e-aa1f-5033e792d0ce,Marsa Maroc,Busan,Los Angeles,2026-04-17T19:54:30,2026-04-17T19:54:30,0.0,6943.7,Electronics
2026-07-10T03:26:12,e0ab600d-cb4d-43aa-b529-2b30a635ecb5,Evergreen,Casablanca,Marseille,2026-07-28T03:26:12,2026-07-28T03:26:12,0.0,1474.0,Automotive
2026-07-06T12:32:58,97c89485-f251-41d7-8f81-e73c723620c0,CMA-CGM,Casablanca,Marseille,2026-07-15T12:32:58,2026-07-15T12:32:58,0.0,10072.4,Textiles
2026-07-15T18:11:35,5602ecf5-3b8e-45ec-9737-eb65bc9f1980,Evergreen,Tanger Med,Rotterdam,2026-08-14T18:11:35,2026-08-14T18:11:35,0.0,13351.8,Textiles
2026-06-17T03:23:11,b9ebdf83-22b0-4f2b-b1f0-520f0c89e0b7,Maersk,Ningbo,New York,2026-07-01T03:23:11,2026-07-02T06:11:11,26.8,23057.9,Chemicals
2026-03-29T07:18:42,0fbb15a0-586d-4cda-a1af-ba4d760e15d8,MSC,Agadir,Hamburg,2026-04-24T07:18:42,2026-04-24T07:18:42,0.0,12229.0,Electronics
2026-05-14T05:32:11,50c89cdc-7857-4040-a870-8d644ad02c4f,COSCO,Casablanca,Marseille,2026-06-05T05:32:11,2026-06-05T05:32:11,0.0,13764.4,Electronics
2026-06-07T13:31:32,4b62c1b0-496c-4648-9cf5-697ca0263219,Marsa Maroc,Casablanca,Marseille,2026-06-16T13:31:32,2026-06-17T17:13:32,27.7,19132.7,Chemicals
2026-03-10T17:15:17,b5279733-4052-4396-b8dd-2731bde88745,Maersk,Ningbo,New York,2026-04-02T17:15:17,2026-04-02T17:15:17,0.0,15860.1,Chemicals
2026-05-23T09:05:03,98f28d10-9395-4888-adf9-603da15d8205,MSC,Shenzhen,Hamburg,2026-06-05T09:05:03,2026-06-05T09:05:03,0.0,18933.1,Electronics
2026-06-02T15:39:15,666f2312-02c8-41d8-9385-f3834ae60289,Comanav,Shenzhen,Hamburg,2026-06-19T15:39:15,2026-06-19T15:39:15,0.0,16955.6,Textiles
2026-02-15T10:01:17,bf155959-a784-4f6b-9d5d-118d3bedde60,COSCO,Singapore,Felixstowe,2026-03-11T10:01:17,2026-03-12T22:19:17,36.3,22733.9,Chemicals
2026-06-01T03:34:32,271f1226-5437-4d4c-b918-460299393953,COSCO,Ningbo,New York,2026-06-26T03:34:32,2026-06-29T12:10:32,80.6,6412.8,Food
2026-04-20T18:53:34,63ef44e8-39ee-4d25-ab0b-126b088f87cb,COSCO,Shanghai,Rotterdam,2026-05-19T18:53:34,2026-05-19T18:53:34,0.0,15195.6,Chemicals
2026-09-07T21:05:40,d9c87b1c-5322-40fc-b199-0a315e36ae4f,Evergreen,Tanger Med,Barcelona,2026-09-14T21:05:40,2026-09-14T21:05:40,0.0,19537.7,Electronics
2026-04-26T06:18:46,e2b556b0-41c3-48d6-ab19-231eb0ca4f1f,CMA-CGM,Shenzhen,Hamburg,2026-05-13T06:18:46,2026-05-13T06:18:46,0.0,16429.1,Textiles
2026-07-09T03:23:02,2d9f895e-3a9f-4ae3-8efc-24fb7e93580d,Comanav,Shanghai,Rotterdam,2026-07-31T03:23:02,2026-07-31T03:23:02,0.0,23023.5,Chemicals
2026-06-06T18:39:05,ef827efa-2da7-4ecf-a596-c0d3222e50c5,COSCO,Ningbo,New York,2026-06-23T18:39:05,2026-06-23T18:39:05,0.0,21067.9,Food
2026-02-26T04:37:16,5f34e7d3-c03e-4fb4-8e3d-8f525f936b35,Marsa Maroc,Ningbo,New York,2026-03-22T04:37:16,2026-03-22T04:37:16,0.0,19752.5,Automotive
2026-05-25T22:49:13,66447026-fc0e-44be-9c5a-abc33094b1c2,CMA-CGM,Busan,Los Angeles,2026-06-01T22:49:13,2026-06-01T22:49:13,0.0,24393.1,Food
2026-08-15T04:41:16,e2ca69f3-c203-4092-941f-c181768c7c32,Evergreen,Ningbo,New York,2026-09-09T04:41:16,2026-09-09T04:41:16,0.0,15913.5,Textiles
2026-07-07T20:42:51,4e6d5162-2cb1-41e1-aabb-70dc5b21987e,Evergreen,Shanghai,Rotterdam,2026-07-28T20:42:51,2026-07-28T20:42:51,0.0,23207.1,Textiles
2026-04-02T18:50:49,f9769c7b-76ce-4491-9057-c2c915cf33f8,Evergreen,Agadir,Hamburg,2026-04-13T18:50:49,2026-04-13T18:50:49,0.0,8005.5,Textiles
2026-05-15T15:02:41,e50a3817-5a91-468a-b66b-61ebea061279,Marsa Maroc,Ningbo,New York,2026-06-02T15:02:41,2026-06-02T15:02:41,0.0,15145.1,Automotive
2026-08-13T00:26:48,cdd09b71-df82-4b31-bd59-27ad456a07ea,Comanav,Casablanca,Marseille,2026-09-11T00:26:48,2026-09-11T00:26:48,0.0,5154.2,Textiles
2026-03-13T13:52:47,9e455657-65af-432e-ae79-6ccb9f486270,Evergreen,Ningbo,New York,2026-03-28T13:52:47,2026-03-28T13:52:47,0.0,11835.9,Food
2026-02-05T16:28:21,27b4fbdc-0559-4fe5-ba6b-5e71a2f72443,Maersk,Casablanca,Marseille,2026-03-05T16:28:21,2026-03-05T16:28:21,0.0,7640.8,Automotive
2026-06-19T05:40:45,450efc57-36c8-48b0-ad6e-d2b4476112ec,Evergreen,Agadir,Hamburg,2026-07-19T05:40:45,2026-07-19T05:40:45,0.0,8765.6,Chemicals
2026-06-14T21:44:20,df62651a-ee5b-4636-8ddd-73a2495723cc,MSC,Shenzhen,Hamburg,2026-07-01T21:44:20,2026-07-01T21:44:20,0.0,7133.1,Food
2026-04-06T06:10:10,bbdee2a8-eef6-479e-873d-74cab3f50a5b,Evergreen,Busan,Los Angeles,2026-04-21T06:10:10,2026-04-21T06:10:10,0.0,15346.6,Textiles
2026-07-07T05:35:37,8dcfc5d2-5615-45da-a112-326db63e2026,COSCO,Tanger Med,Barcelona,2026-07-29T05:35:37,2026-07-29T17:59:37,12.4,5128.7,Textiles
2026-07-20T10:43:56,61150433-8585-45f1-8619-4b7c68bf041b,COSCO,Busan,Los Angeles,2026-08-11T10:43:56,2026-08-11T10:43:56,0.0,7288.7,Food
2026-07-07T21:53:27,e3facd78-974d-457a-b79d-fe36b8045392,MSC,Singapore,Felixstowe,2026-07-20T21:53:27,2026-07-20T21:53:27,0.0,10978.8,Chemicals
2026-04-19T02:20:09,ad71f5f0-f46a-4405-9f96-3f1f3533484f,COSCO,Tanger Med,Barcelona,2026-05-07T02:20:09,2026-05-07T02:20:09,0.0,3426.4,Automotive
2026-08-01T22:10:28,55dc9fa2-9dbf-4cc5-8075-95306aa861ea,CMA-CGM,Tanger Med,Barcelona,2026-08-30T22:10:28,2026-08-30T22:10:28,0.0,1835.3,Electronics
2026-03-07T08:19:59,472de69e-0738-4f12-bfa8-cecd8f36054a,Maersk,Shanghai,Rotterdam,2026-03-29T08:19:59,2026-03-29T08:19:59,0.0,3621.8,Electronics
2026-03-01T11:33:23,56939b8e-fd2b-47d5-8ecc-e989b64bd878,MSC,Singapore,Felixstowe,2026-03-07T11:33:23,2026-03-10T12:45:23,73.2,741.5,Textiles
2026-03-09T05:26:57,58a6d217-85fb-41d4-86b1-a18f3c6e4d56,CMA-CGM,Shanghai,Rotterdam,2026-03-27T05:26:57,2026-03-27T05:26:57,0.0,5900.7,Food
2026-02-18T08:33:50,80d587ee-6dc3-42d6-abec-9c0631629d44,Evergreen,Shanghai,Rotterdam,2026-03-06T08:33:50,2026-03-07T12:57:50,28.4,14065.9,Textiles
2026-05-11T19:44:38,5d36553a-6c87-402b-a12a-3f05eb9edb69,MSC,Agadir,Hamburg,2026-06-10T19:44:38,2026-06-13T01:08:38,53.4,13771.9,Electronics
2026-04-30T18:52:11,5aedd331-9e90-404d-8705-d2f49587253c,Maersk,Casablanca,Marseille,2026-05-23T18:52:11,2026-05-23T18:52:11,0.0,24477.5,Textiles
2026-03-08T11:12:47,3784b122-ee43-47c8-80c3-14f8f270aad3,Maersk,Busan,Los Angeles,2026-03-16T11:12:47,2026-03-16T11:12:47,0.0,10456.9,Automotive
2026-03-14T11:36:38,8b2c4298-ddc0-4af4-8e59-4d429e44def4,Evergreen,Busan,Los Angeles,2026-03-24T11:36:38,2026-03-29T02:42:38,111.1,7347.0,Electronics
2026-07-19T13:23:45,87f8dad1-e0e6-45ec-90cc-260c8ca22f8a,Marsa Maroc,Agadir,Hamburg,2026-08-02T13:23:45,2026-08-02T13:23:45,0.0,21591.9,Chemicals
2026-09-01T17:57:11,b2fc4a2b-84ff-4ef8-a832-139d4d9dad00,MSC,Busan,Los Angeles,2026-09-13T17:57:11,2026-09-13T17:57:11,0.0,2508.9,Chemicals
2026-05-23T06:15:35,c70907ba-74d2-49de-b7ff-d2aa22c37669,MSC,Busan,Los Angeles,2026-06-20T06:15:35,2026-06-24T14:09:35,103.9,18892.0,Electronics
2026-08-29T14:06:53,46e1f208-3344-4a80-95ba-23cb9b8f71fe,Comanav,Ningbo,New York,2026-09-11T14:06:53,2026-09-11T14:06:53,0.0,16996.1,Chemicals
2026-07-25T08:06:24,7ba2b219-cef4-4297-9cac-c10439367d11,CMA-CGM,Ningbo,New York,2026-08-09T08:06:24,2026-08-09T08:06:24,0.0,12935.2,Chemicals
2026-08-01T12:00:26,0330b068-7d47-4fb6-b938-fcccd0329bb1,Evergreen,Busan,Los Angeles,2026-08-12T12:00:26,2026-08-12T12:00:26,0.0,17734.7,Food
2026-07-05T05:29:50,9b7debf2-3400-4e15-98a3-d581ec3e5190,MSC,Singapore,Felixstowe,2026-08-04T05:29:50,2026-08-04T05:29:50,0.0,5839.2,Textiles
2026-03-21T00:16:58,7c9a1696-e850-4e83-be53-ea5ca97aca4e,CMA-CGM,Singapore,Felixstowe,2026-04-02T00:16:58,2026-04-02T00:16:58,0.0,22512.1,Chemicals
2026-04-03T07:05:05,9a835bc2-f3e4-4443-b7b4-92e490a8b2c1,Maersk,Busan,Los Angeles,2026-04-29T07:05:05,2026-04-30T21:29:05,38.4,17590.7,Chemicals
2026-05-24T18:11:12,d27b9570-d380-4e06-a061-3ba789ff68ed,COSCO,Tanger Med,Rotterdam,2026-06-16T18:11:12,2026-06-16T18:11:12,0.0,9833.8,Chemicals
2026-03-14T11:10:52,411c8b29-0d4f-47e8-a5ac-8c4a414e329c,Marsa Maroc,Singapore,Felixstowe,2026-04-02T11:10:52,2026-04-03T08:52:52,21.7,6745.7,Automotive
2026-06-16T08:32:29,aa11d8d7-83d8-4b13-be54-f7702b7f857b,CMA-CGM,Shanghai,Rotterdam,2026-06-29T08:32:29,2026-06-29T08:32:29,0.0,4629.3,Food
2026-03-10T16:32:03,b4287b5d-164c-4725-a07e-4ab99742c83e,Evergreen,Ningbo,New York,2026-03-31T16:32:03,2026-04-04T23:56:03,103.4,24489.5,Textiles
2026-05-06T21:56:16,de5f60f3-ad60-4e97-8bf2-6b8e9028ae0e,Comanav,Tanger Med,Rotterdam,2026-05-18T21:56:16,2026-05-18T21:56:16,0.0,22938.3,Electronics
2026-04-17T08:13:11,a2dde508-8ba0-4a23-abae-116d511fa5e6,Maersk,Ningbo,New York,2026-04-30T08:13:11,2026-04-30T08:13:11,0.0,23334.2,Chemicals
2026-06-26T21:32:00,1ba6111c-6171-42fe-aba3-92843d8ce173,CMA-CGM,Casablanca,Marseille,2026-07-05T21:32:00,2026-07-07T15:38:00,42.1,22941.1,Automotive
2026-07-20T17:52:53,d675becc-a45a-4667-9075-012f526be5bb,CMA-CGM,Singapore,Felixstowe,2026-07-30T17:52:53,2026-07-30T17:52:53,0.0,6179.5,Electronics
2026-03-01T16:14:14,427ecdf5-8a09-4cec-9fbc-2673d57e7245,Evergreen,Tanger Med,Rotterdam,2026-03-26T16:14:14,2026-03-31T02:26:14,106.2,21736.8,Automotive
2026-06-09T10:59:21,748ce2ab-1f42-4545-a9a5-ec32d5d9db00,Evergreen,Shanghai,Rotterdam,2026-06-29T10:59:21,2026-07-03T23:41:21,108.7,6288.0,Automotive
2026-07-19T21:39:55,85710b17-145c-4a4e-80bd-5cc8f49e22a8,Maersk,Tanger Med,Barcelona,2026-08-17T21:39:55,2026-08-17T21:39:55,0.0,20523.6,Automotive
2026-05-03T16:15:42,69037998-8887-48e7-9b97-4c42a34dd439,Maersk,Ningbo,New York,2026-06-01T16:15:42,2026-06-01T16:15:42,0.0,19141.1,Automotive
2026-03-13T11:43:21,9d0b3372-3a82-43ca-ad62-592ee98f1b99,Evergreen,Casablanca,Marseille,2026-03-23T11:43:21,2026-03-23T11:43:21,0.0,714.3,Automotive
2026-05-29T22:42:59,964b7f8e-cf34-40e8-8be6-0483d5956750,Evergreen,Shanghai,Rotterdam,2026-06-03T22:42:59,2026-06-03T22:42:59,0.0,22423.5,Chemicals
2026-03-28T11:33:41,2dcbbebd-cc87-48bd-9fe4-e90db2d809e8,MSC,Casablanca,Marseille,2026-04-03T11:33:41,2026-04-03T11:33:41,0.0,21240.2,Automotive
2026-07-17T17:40:50,0613cc6b-c016-4b70-8c54-05ee00046aa8,Evergreen,Shenzhen,Hamburg,2026-08-16T17:40:50,2026-08-16T17:40:50,0.0,6521.8,Automotive
2026-04-03T01:04:23,0bdb6701-69f2-4140-ba2d-ab385b5a7cff,Marsa Maroc,Tanger Med,Barcelona,2026-04-15T01:04:23,2026-04-15T01:04:23,0.0,15347.3,Electronics
2026-08-15T01:43:54,2785fa16-46ae-4791-94c9-33776d304014,COSCO,Tanger Med,Barcelona,2026-08-24T01:43:54,2026-08-24T01:43:54,0.0,11788.9,Chemicals
2026-02-28T08:54:14,a75227c1-6125-4ac8-a03e-d82992da54ae,Evergreen,Singapore,Felixstowe,2026-03-22T08:54:14,2026-03-22T08:54:14,0.0,22275.4,Chemicals
2026-05-30T02:47:32,16453f61-6c3e-4a0a-956d-8fc41a16b96a,CMA-CGM,Ningbo,New York,2026-06-29T02:47:32,2026-06-29T02:47:32,0.0,18099.7,Chemicals
2026-04-20T05:08:18,b1e568a6-b52a-4a15-a5b9-20d2c97f941e,Evergreen,Shanghai,Rotterdam,2026-05-08T05:08:18,2026-05-08T05:08:18,0.0,21519.2,Automotive
2026-04-09T09:17:22,62363596-a5b4-486d-8f89-a9ecb3987e8c,MSC,Tanger Med,Rotterdam,2026-04-16T09:17:22,2026-04-16T09:17:22,0.0,9503.8,Textiles
2026-02-15T22:02:45,bf56d887-4355-4c50-8839-76ba838239cc,Evergreen,Tanger Med,Barcelona,2026-03-05T22:02:45,2026-03-05T22:02:45,0.0,7838.2,Electronics
2026-04-12T06:54:23,daecd1e1-88d7-4c6d-889d-9fdc422d4d12,COSCO,Shenzhen,Hamburg,2026-04-23T06:54:23,2026-04-23T06:54:23,0.0,5781.5,Automotive
2026-02-10T09:47:43,e2510d91-f14f-4248-baf1-21b4aeeceb05,Comanav,Busan,Los Angeles,2026-03-05T09:47:43,2026-03-09T06:41:43,92.9,16402.2,Textiles
2026-04-24T15:01:50,a70e4adf-2045-423c-b680-c1c6ca9c4122,MSC,Singapore,Felixstowe,2026-05-03T15:01:50,2026-05-03T15:01:50,0.0,6063.3,Chemicals
2026-08-23T18:54:13,88876aee-838d-466f-bf6e-382e92a94d15,COSCO,Shanghai,Rotterdam,2026-09-09T18:54:13,2026-09-09T18:54:13,0.0,11897.5,Automotive
2026-06-25T15:31:33,82f72c04-104a-4a8b-9e80-87e457974324,MSC,Busan,Los Angeles,2026-07-13T15:31:33,2026-07-15T06:01:33,38.5,4065.7,Electronics
2026-06-03T16:21:24,1b4afe4b-7366-4945-bcaa-132b063aba7e,CMA-CGM,Shanghai,Rotterdam,2026-06-09T16:21:24,2026-06-09T16:21:24,0.0,22780.1,Chemicals
2026-04-20T20:12:27,25a33a7a-7e8a-43c3-94b1-1124c0ed91a7,Evergreen,Tanger Med,Barcelona,2026-05-04T20:12:27,2026-05-04T20:12:27,0.0,13057.8,Chemicals
2026-07-03T10:04:27,d64fe6da-3173-441e-bc98-e75da08a4d85,Comanav,Tanger Med,Rotterdam,2026-07-23T10:04:27,2026-07-23T10:04:27,0.0,8620.6,Textiles
2026-04-14T07:04:44,4b43b311-c981-4e53-be3d-c34865aa58f9,MSC,Ningbo,New York,2026-04-19T07:04:44,2026-04-20T10:52:44,27.8,17922.1,Textiles
2026-05-23T09:03:59,769d2bab-4c38-427a-95b0-29ce885b130d,Maersk,Tanger Med,Rotterdam,2026-06-13T09:03:59,2026-06-13T09:03:59,0.0,13266.7,Electronics
2026-03-31T20:22:06,6d390844-b2ba-4514-8877-31cf5325807b,COSCO,Busan,Los Angeles,2026-04-15T20:22:06,2026-04-18T10:04:06,61.7,15733.4,Textiles
2026-02-10T09:37:12,f7ee9192-1e9f-4339-b519-256969e2c3c8,Maersk,Shenzhen,Hamburg,2026-03-12T09:37:12,2026-03-12T09:37:12,0.0,3520.8,Chemicals
2026-06-10T02:31:44,95b723d7-6d83-4ec7-9157-37a423f9fa34,COSCO,Busan,Los Angeles,2026-07-09T02:31:44,2026-07-09T02:31:44,0.0,16824.8,Food
2026-08-05T17:35:42,95996a38-5462-4312-9317-009997415857,Maersk,Ningbo,New York,2026-08-14T17:35:42,2026-08-16T22:23:42,52.8,16685.1,Chemicals
2026-06-05T15:02:34,872d164b-8839-408c-800d-18bdd3298eb8,MSC,Shanghai,Rotterdam,2026-06-14T15:02:34,2026-06-14T15:02:34,0.0,5310.2,Food
2026-03-08T19:19:48,7864376b-38f4-4004-a150-202be90928f3,CMA-CGM,Singapore,Felixstowe,2026-03-25T19:19:48,2026-03-25T19:19:48,0.0,1578.3,Electronics
2026-05-24T02:52:06,2c94815b-7ed0-48fa-bbc2-fa12e1c13e99,MSC,Casablanca,Marseille,2026-06-11T02:52:06,2026-06-11T02:52:06,0.0,10730.9,Automotive
2026-03-07T22:20:41,b2ed5d15-aa2c-4d5d-b7a1-ea4fa6b0eab8,Evergreen,Singapore,Felixstowe,2026-03-30T22:20:41,2026-03-30T22:20:41,0.0,22943.7,Electronics
2026-09-03T16:25:49,16cf5f9f-0e82-4f79-8b8c-484a993a04a2,MSC,Tanger Med,Barcelona,2026-09-09T16:25:49,2026-09-09T16:25:49,0.0,12325.3,Electronics
2026-08-14T18:45:02,3ce05608-c194-4a37-a657-cf90158ff92a,COSCO,Agadir,Hamburg,2026-08-24T18:45:02,2026-08-27T12:03:02,65.3,2459.3,Chemicals
2026-06-20T20:35:52,cb59ff17-cbe0-4968-b2e2-de396b16c275,Evergreen,Shenzhen,Hamburg,2026-07-18T20:35:52,2026-07-23T04:29:52,103.9,23913.9,Textiles
2026-02-22T12:43:47,b348e83b-d909-4f88-9adb-0efd972c1396,Evergreen,Ningbo,New York,2026-03-22T12:43:47,2026-03-22T12:43:47,0.0,16791.1,Food
2026-08-16T00:42:09,e54a2bfc-2d43-40a0-a573-440423c1cf73,Marsa Maroc,Casablanca,Marseille,2026-09-11T00:42:09,2026-09-14T04:24:09,75.7,17223.7,Food
2026-04-29T19:26:50,45fede74-0add-4d0f-a793-3267729ce077,MSC,Agadir,Hamburg,2026-05-04T19:26:50,2026-05-04T19:26:50,0.0,7168.6,Food
2026-06-23T19:05:54,2243c1c9-8473-49b7-9697-c7b92523d19e,COSCO,Shanghai,Rotterdam,2026-07-21T19:05:54,2026-07-22T12:35:54,17.5,14996.5,Textiles
2026-04-22T02:14:07,9c79c927-6cff-4f15-bd9f-87ef3ecec4fe,Comanav,Tanger Med,Barcelona,2026-05-01T02:14:07,2026-05-01T02:14:07,0.0,21190.0,Automotive
2026-05-30T01:51:15,c2519adf-8cd8-456e-9e71-3fc89d98e6f4,COSCO,Agadir,Hamburg,2026-06-08T01:51:15,2026-06-11T17:09:15,87.3,12893.2,Chemicals
2026-03-17T23:08:35,92ef8d9d-df67-431b-8971-c45345ae2475,COSCO,Singapore,Felixstowe,2026-04-09T23:08:35,2026-04-09T23:08:35,0.0,2487.7,Automotive
2026-04-07T18:59:13,230c8256-8b9f-419f-8fe5-0bca084c5444,Marsa Maroc,Busan,Los Angeles,2026-04-14T18:59:13,2026-04-14T18:59:13,0.0,23190.1,Electronics
2026-05-10T16:53:00,ca0d3ce9-8d84-4b2b-8f7c-3a8b4427398d,COSCO,Singapore,Felixstowe,2026-05-28T16:53:00,2026-05-28T16:53:00,0.0,12092.8,Electronics
2026-09-06T14:35:30,e7b51dc3-a5fe-4275-abfc-53b73c9f2e9a,CMA-CGM,Shenzhen,Hamburg,2026-09-14T14:35:30,2026-09-14T14:35:30,0.0,12419.7,Chemicals
2026-02-18T23:56:24,6152d4fa-6247-42b6-8d57-f19795ec10b3,Evergreen,Singapore,Felixstowe,2026-03-01T23:56:24,2026-03-01T23:56:24,0.0,21311.5,Textiles
2026-02-16T02:27:46,91c0d3c2-aee3-4216-8cb7-fa4ba63e593b,Evergreen,Agadir,Hamburg,2026-03-18T02:27:46,2026-03-18T02:27:46,0.0,4400.2,Textiles
2026-02-26T18:31:59,d5f6e121-193b-4adf-9143-fa6c71acb157,Comanav,Singapore,Felixstowe,2026-03-05T18:31:59,2026-03-05T18:31:59,0.0,2516.6,Electronics
2026-05-16T23:23:05,10efba87-6c62-4fb8-8a6d-2f5ad3bb6ec5,Evergreen,Casablanca,Marseille,2026-06-03T23:23:05,2026-06-03T23:23:05,0.0,2761.7,Automotive
2026-02-26T20:34:44,0d4288a7-a5a4-4bc4-a529-e24a4dff219c,Maersk,Tanger Med,Rotterdam,2026-03-18T20:34:44,2026-03-18T20:34:44,0.0,3770.3,Textiles
2026-08-08T05:09:52,964fd4e2-2a01-4afd-9bba-b278139931e0,Marsa Maroc,Shenzhen,Hamburg,2026-08-31T05:09:52,2026-08-31T05:09:52,0.0,4547.9,Textiles
2026-07-14T08:30:24,b92a21cf-50b7-4b43-a219-4e5c27b61492,Maersk,Shenzhen,Hamburg,2026-07-20T08:30:24,2026-07-21T05:24:24,20.9,1468.1,Electronics
2026-07-17T17:37:38,1e4ed649-607c-42bb-80bc-6aa2d981924c,Comanav,Agadir,Hamburg,2026-07-27T17:37:38,2026-07-31T22:37:38,101.0,12513.8,Textiles
2026-04-07T06:53:25,72c02c8c-9644-4f49-92d5-e28dab6cef4b,Evergreen,Shanghai,Rotterdam,2026-04-28T06:53:25,2026-04-28T06:53:25,0.0,15512.1,Automotive
2026-04-15T12:02:12,016dff4b-ac14-432a-ba84-f499fcd06321,COSCO,Tanger Med,Barcelona,2026-05-09T12:02:12,2026-05-10T17:02:12,29.0,19513.8,Food
2026-02-18T17:36:44,c4d8625b-80b4-47ee-ad72-5654f264619d,COSCO,Tanger Med,Barcelona,2026-03-14T17:36:44,2026-03-14T17:36:44,0.0,7450.6,Chemicals
2026-07-31T20:48:18,be2537fe-b1eb-4361-9e87-d5010bf6ab80,Marsa Maroc,Shenzhen,Hamburg,2026-08-10T20:48:18,2026-08-10T20:48:18,0.0,20351.6,Textiles
2026-05-13T04:38:03,b8d8d53d-10a8-4cf6-9df8-2da39e62f507,CMA-CGM,Ningbo,New York,2026-05-27T04:38:03,2026-05-27T04:38:03,0.0,20458.6,Chemicals
2026-06-19T23:24:43,eeab1817-0533-492d-af72-067113e6f571,Comanav,Agadir,Hamburg,2026-07-03T23:24:43,2026-07-03T23:24:43,0.0,5658.4,Chemicals
2026-05-27T09:58:50,0cc24d4e-4b48-4210-af81-c9f96c34af6a,Marsa Maroc,Casablanca,Marseille,2026-06-05T09:58:50,2026-06-05T09:58:50,0.0,1939.3,Electronics
2026-07-21T15:47:33,a5afc8d3-fb7d-4e0f-9fd9-dde29ea30506,Maersk,Casablanca,Marseille,2026-08-09T15:47:33,2026-08-09T15:47:33,0.0,18207.9,Textiles
2026-06-18T06:00:41,f0cdf85e-9827-4aa9-8646-c8bc2fcdaef9,Marsa Maroc,Shenzhen,Hamburg,2026-07-03T06:00:41,2026-07-03T06:00:41,0.0,18106.7,Chemicals
2026-05-20T08:18:26,1153c4a4-6d2b-4a32-ac37-d87721cea0f1,Maersk,Singapore,Felixstowe,2026-06-14T08:18:26,2026-06-14T08:18:26,0.0,16955.2,Food
2026-03-20T05:57:36,2c831301-22b9-4d2a-b94b-c5e7c6d85ce2,Marsa Maroc,Shanghai,Rotterdam,2026-03-31T05:57:36,2026-04-03T16:51:36,82.9,9423.1,Chemicals
2026-07-16T18:49:26,2780b37a-0282-46f5-bebc-3eba716d119e,CMA-CGM,Agadir,Hamburg,2026-07-23T18:49:26,2026-07-23T18:49:26,0.0,21107.5,Textiles
2026-03-27T08:53:50,a8e18c68-9e2c-498f-b4f4-d3f756c87b23,MSC,Singapore,Felixstowe,2026-04-16T08:53:50,2026-04-16T08:53:50,0.0,24180.5,Textiles
2026-08-27T23:21:38,cfb62719-5be5-41b7-bf4c-72e9c8849ca5,MSC,Busan,Los Angeles,2026-09-11T23:21:38,2026-09-11T23:21:38,0.0,17830.9,Textiles
2026-02-19T10:56:24,ee7ae576-94bc-43b8-9ef6-2ce7b395e175,Maersk,Casablanca,Marseille,2026-03-21T10:56:24,2026-03-21T10:56:24,0.0,6639.7,Electronics
2026-04-30T15:36:37,0a431415-ee04-41ba-a79d-903ff519a7c0,CMA-CGM,Busan,Los Angeles,2026-05-09T15:36:37,2026-05-09T15:36:37,0.0,3938.4,Food
2026-05-15T16:14:07,a3498904-d5b5-4cac-aa10-84b4990fb62b,CMA-CGM,Busan,Los Angeles,2026-05-26T16:14:07,2026-05-26T16:14:07,0.0,10737.8,Electronics
2026-03-03T20:05:07,3d5259ed-54fb-48ad-8ea7-ce3a7b1c05c6,Marsa Maroc,Shenzhen,Hamburg,2026-03-18T20:05:07,2026-03-18T20:05:07,0.0,9639.1,Electronics
2026-07-05T16:53:25,9764748b-98e9-466a-a446-3706a29cd2b6,COSCO,Tanger Med,Barcelona,2026-08-03T16:53:25,2026-08-06T10:59:25,66.1,5671.0,Textiles
2026-03-06T18:26:27,cce9a7b5-cd04-41c6-85a0-7c98513d1d7f,CMA-CGM,Ningbo,New York,2026-03-27T18:26:27,2026-03-27T18:26:27,0.0,13454.0,Food
2026-07-30T14:59:30,60a60847-6a2c-4470-a432-c19a2da0ca3b,COSCO,Agadir,Hamburg,2026-08-28T14:59:30,2026-09-01T17:23:30,98.4,11646.3,Food
2026-05-27T15:17:26,6116e8bc-8f94-470f-85d4-05e0760309ae,CMA-CGM,Ningbo,New York,2026-06-18T15:17:26,2026-06-21T04:35:26,61.3,7469.9,Electronics
2026-06-04T15:54:47,735f6228-1ef7-4fe1-99f7-666fa92908cf,Evergreen,Singapore,Felixstowe,2026-06-29T15:54:47,2026-06-30T10:42:47,18.8,20824.0,Chemicals
2026-06-13T02:39:56,05b2eaa9-1868-4cbb-b80d-4637bc8ffeb0,Evergreen,Busan,Los Angeles,2026-07-06T02:39:56,2026-07-06T02:39:56,0.0,8221.9,Food
2026-03-21T13:10:17,8121471c-d7de-4486-a2f1-9c89786613bd,COSCO,Agadir,Hamburg,2026-04-03T13:10:17,2026-04-03T13:10:17,0.0,16475.3,Electronics
2026-08-02T09:10:58,5108e281-cd5e-4aff-9188-9df848e2043b,Marsa Maroc,Agadir,Hamburg,2026-08-25T09:10:58,2026-08-25T09:10:58,0.0,7001.5,Food
2026-02-20T02:16:41,627e24ce-ba6c-4272-8dcc-ef9e5da2e96e,Maersk,Agadir,Hamburg,2026-03-04T02:16:41,2026-03-06T14:46:41,60.5,10226.0,Chemicals
2026-06-22T06:34:39,717c4dba-9166-4fe1-ade8-7cd19c080817,Maersk,Tanger Med,Rotterdam,2026-07-22T06:34:39,2026-07-22T06:34:39,0.0,13613.8,Food
2026-04-26T22:23:26,de8918c8-519b-447b-9fc9-c7cc6f09cb2b,Maersk,Singapore,Felixstowe,2026-05-17T22:23:26,2026-05-17T22:23:26,0.0,18452.4,Textiles
2026-05-30T05:51:47,3333d142-b628-40db-aebb-549fb5958ae1,COSCO,Tanger Med,Rotterdam,2026-06-22T05:51:47,2026-06-22T05:51:47,0.0,16701.6,Textiles
2026-06-15T00:38:24,8e6946ff-c0ee-4f24-9b84-99056f44587b,Comanav,Tanger Med,Barcelona,2026-06-27T00:38:24,2026-06-29T06:38:24,54.0,18280.2,Automotive
2026-05-23T05:02:48,df4cad10-57ce-4f22-8e3b-5d97340d36dc,Marsa Maroc,Ningbo,New York,2026-06-03T05:02:48,2026-06-03T05:02:48,0.0,11022.8,Textiles
2026-08-23T04:06:36,31c3a0bf-8629-48a6-8156-fa520c8d7a85,COSCO,Agadir,Hamburg,2026-08-28T04:06:36,2026-08-28T04:06:36,0.0,23311.5,Textiles
2026-07-08T00:33:32,0f83ab31-5ddc-4197-a87d-3ef1af7accac,Marsa Maroc,Casablanca,Marseille,2026-07-22T00:33:32,2026-07-22T00:33:32,0.0,10681.6,Chemicals
2026-08-29T14:27:17,e9ae69a6-a2e3-4327-bd98-ff0003bc0d6c,Marsa Maroc,Agadir,Hamburg,2026-09-08T14:27:17,2026-09-08T14:27:17,0.0,19244.8,Textiles
2026-04-18T21:28:08,33ce9fd0-d7c5-44b8-9692-5347a4ae6418,Evergreen,Shanghai,Rotterdam,2026-05-15T21:28:08,2026-05-15T21:28:08,0.0,2180.4,Automotive
2026-05-30T04:44:53,0fb4deca-4d95-445d-be24-c7f37779d6c0,Comanav,Tanger Med,Barcelona,2026-06-04T04:44:53,2026-06-04T23:50:53,19.1,19373.3,Textiles
2026-03-30T11:22:49,976e8532-d310-47bc-bc24-fae93ec46b9f,Maersk,Casablanca,Marseille,2026-04-28T11:22:49,2026-04-28T11:22:49,0.0,3475.3,Food
2026-02-23T11:26:46,2853c572-36f1-4161-91a4-cd37dea1ad4d,Evergreen,Busan,Los Angeles,2026-03-03T11:26:46,2026-03-03T11:26:46,0.0,15552.0,Electronics
2026-07-31T05:48:48,16ddfa1c-698a-40d9-aff7-6da5f387ae5e,Comanav,Shenzhen,Hamburg,2026-08-07T05:48:48,2026-08-07T05:48:48,0.0,10003.1,Automotive
2026-02-10T06:51:35,caf2a765-032d-42d6-9e40-ad222b96e274,CMA-CGM,Ningbo,New York,2026-03-10T06:51:35,2026-03-10T06:51:35,0.0,22890.1,Electronics
2026-05-21T11:41:46,4723e565-8c7e-40e2-9f98-dd2d70d71ff0,MSC,Tanger Med,Barcelona,2026-05-30T11:41:46,2026-05-30T11:41:46,0.0,13291.1,Food
2026-06-14T12:54:10,87f14ea3-c3ac-486d-8c76-c9aee7434432,COSCO,Agadir,Hamburg,2026-07-13T12:54:10,2026-07-13T12:54:10,0.0,1229.8,Chemicals
2026-02-02T17:25:48,280c8151-a1d8-4d95-89c3-15548a691362,Maersk,Singapore,Felixstowe,2026-03-04T17:25:48,2026-03-04T17:25:48,0.0,20389.3,Automotive
2026-06-15T02:35:17,cc287b41-1e31-4532-a48e-5f40d9096e0f,MSC,Casablanca,Marseille,2026-07-09T02:35:17,2026-07-09T02:35:17,0.0,19449.9,Electronics
2026-02-03T13:37:37,408ba8aa-7ac5-4ca1-8b88-85c0f131b175,Comanav,Agadir,Hamburg,2026-03-01T13:37:37,2026-03-05T13:55:37,96.3,14157.7,Chemicals
2026-06-30T03:08:08,48581ce2-34f1-452e-944c-93389024acb3,CMA-CGM,Singapore,Felixstowe,2026-07-25T03:08:08,2026-07-25T03:08:08,0.0,22549.3,Electronics
2026-06-23T10:12:24,90aac378-8a21-492b-acd8-5416c2d1dab7,MSC,Busan,Los Angeles,2026-06-28T10:12:24,2026-06-28T10:12:24,0.0,919.5,Textiles
2026-03-13T08:52:30,155de346-222a-4613-812d-576661884597,COSCO,Shenzhen,Hamburg,2026-04-10T08:52:30,2026-04-15T05:34:30,116.7,21619.2,Electronics
2026-05-11T16:33:00,0088caad-94aa-4041-a57b-2e59fafee8f4,Comanav,Casablanca,Marseille,2026-05-19T16:33:00,2026-05-19T16:33:00,0.0,14254.6,Electronics
2026-05-12T11:52:58,bcb84add-9301-47bf-8a43-aa55ead2d47d,COSCO,Casablanca,Marseille,2026-06-01T11:52:58,2026-06-01T11:52:58,0.0,14014.3,Textiles
2026-07-12T00:58:02,34f6fff4-9969-4ba2-9948-7a45a34eb63a,Evergreen,Tanger Med,Barcelona,2026-08-11T00:58:02,2026-08-11T00:58:02,0.0,20963.1,Textiles
2026-08-17T02:02:29,3dff92f5-8648-4e29-9bc2-5e35aedfb66d,CMA-CGM,Agadir,Hamburg,2026-09-08T02:02:29,2026-09-08T02:02:29,0.0,7689.6,Electronics
2026-02-26T06:15:45,a9eaf663-ce10-4398-8489-f00a9f252e9b,CMA-CGM,Tanger Med,Rotterdam,2026-03-24T06:15:45,2026-03-25T09:03:45,26.8,6827.9,Chemicals
2026-04-10T07:01:01,737cb611-3d73-414e-9497-8eda2ca854a8,CMA-CGM,Casablanca,Marseille,2026-04-25T07:01:01,2026-04-25T07:01:01,0.0,24542.1,Food
2026-05-28T16:09:38,6be23e4c-d836-4418-9392-a745da9dcea9,Maersk,Shenzhen,Hamburg,2026-06-17T16:09:38,2026-06-17T16:09:38,0.0,7845.6,Electronics
2026-03-22T03:04:16,abde763a-370c-4d1b-be34-312b52b09428,CMA-CGM,Tanger Med,Rotterdam,2026-04-06T03:04:16,2026-04-06T03:04:16,0.0,2780.4,Automotive
2026-02-22T01:10:48,717abbd2-f948-4978-8044-423dfc921134,Evergreen,Ningbo,New York,2026-03-18T01:10:48,2026-03-20T04:22:48,51.2,2831.4,Textiles
2026-05-21T21:28:50,756616d0-7685-4943-90a6-5d2adc30e790,CMA-CGM,Shenzhen,Hamburg,2026-05-29T21:28:50,2026-05-29T21:28:50,0.0,5701.6,Electronics
2026-07-26T09:58:06,d177bcd6-b54a-4c7a-a9a2-d6e2ad26bae6,Maersk,Agadir,Hamburg,2026-08-08T09:58:06,2026-08-08T09:58:06,0.0,19135.5,Food
2026-06-26T15:52:36,bf1a1b09-1ecb-4320-8088-479f60fa56fc,Comanav,Tanger Med,Barcelona,2026-07-23T15:52:36,2026-07-23T15:52:36,0.0,14645.4,Food
2026-07-31T01:08:18,e689d629-aa4d-48eb-8681-060e9ade2142,Evergreen,Shanghai,Rotterdam,2026-08-26T01:08:18,2026-08-26T01:08:18,0.0,22435.5,Electronics
2026-03-26T23:20:52,16925d55-0910-4d4e-954c-073e31d3369e,COSCO,Shanghai,Rotterdam,2026-04-02T23:20:52,2026-04-02T23:20:52,0.0,7091.7,Electronics
2026-03-30T02:50:32,8c6b19c7-3164-4fea-8824-669af3a6d64d,Maersk,Casablanca,Marseille,2026-04-07T02:50:32,2026-04-10T06:20:32,75.5,3117.3,Chemicals
2026-08-14T06:55:41,8719adb8-70ec-4c68-ad35-65e68d50d3a7,COSCO,Tanger Med,Rotterdam,2026-09-13T06:55:41,2026-09-13T06:55:41,0.0,13778.1,Textiles
2026-03-30T20:26:21,ef0f33ab-38c1-4c7b-9cec-479730328a0b,Evergreen,Casablanca,Marseille,2026-04-21T20:26:21,2026-04-23T11:08:21,38.7,8684.5,Automotive
2026-07-02T03:37:13,39bb7583-1ead-44d9-9827-bcbb0d95e3ff,Marsa Maroc,Tanger Med,Barcelona,2026-08-01T03:37:13,2026-08-01T03:37:13,0.0,5851.2,Automotive
2026-03-04T01:28:14,7fd20dd2-9716-492a-a905-aa95e9cdf515,Marsa Maroc,Casablanca,Marseille,2026-03-30T01:28:14,2026-03-30T01:28:14,0.0,24746.3,Electronics
2026-03-02T04:31:06,06653909-ec90-4e4d-a0e6-3099090b15f0,CMA-CGM,Ningbo,New York,2026-03-25T04:31:06,2026-03-25T04:31:06,0.0,19518.4,Automotive
2026-08-04T22:20:03,6210aa23-5065-4404-a663-59b85c322a32,Evergreen,Busan,Los Angeles,2026-08-16T22:20:03,2026-08-16T22:20:03,0.0,5669.7,Chemicals
2026-03-30T18:17:22,8c22ea07-31b0-4ddd-82f4-8bf297041ddd,Comanav,Agadir,Hamburg,2026-04-20T18:17:22,2026-04-20T18:17:22,0.0,3837.2,Food
2026-05-17T22:52:21,7acc3af2-c259-408f-827e-de6e4c65ce81,Evergreen,Singapore,Felixstowe,2026-05-31T22:52:21,2026-05-31T22:52:21,0.0,15601.4,Electronics
2026-05-28T06:37:03,67795eb5-f5f1-45f4-87fa-0c8537e435f6,CMA-CGM,Singapore,Felixstowe,2026-06-22T06:37:03,2026-06-22T06:37:03,0.0,535.6,Electronics
2026-05-30T08:36:42,85b94ef5-0a5d-49b5-9e64-1f9a8c43b619,Evergreen,Singapore,Felixstowe,2026-06-10T08:36:42,2026-06-10T08:36:42,0.0,17436.8,Food
2026-06-06T08:05:45,90fc65bd-2373-411a-b19b-2e89c0819a1d,Comanav,Casablanca,Marseille,2026-07-01T08:05:45,2026-07-01T08:05:45,0.0,24195.8,Automotive
2026-07-25T14:35:03,c9793ca3-cd54-49a7-86d4-cc6ae2ef1f4d,Marsa Maroc,Casablanca,Marseille,2026-07-31T14:35:03,2026-07-31T14:35:03,0.0,6624.9,Electronics
2026-06-18T16:53:06,cff0d860-421e-4570-b514-40b46cb1e21f,Marsa Maroc,Tanger Med,Barcelona,2026-07-05T16:53:06,2026-07-05T16:53:06,0.0,5844.3,Electronics
2026-06-21T12:30:46,2875dc64-5369-47c1-8595-ccd1f5aeb136,Marsa Maroc,Tanger Med,Rotterdam,2026-07-02T12:30:46,2026-07-02T12:30:46,0.0,20834.3,Electronics
2026-08-08T20:00:32,8588953e-2bd5-44a9-a364-0638c2468a55,Maersk,Singapore,Felixstowe,2026-08-23T20:00:32,2026-08-23T20:00:32,0.0,4037.4,Electronics
2026-05-27T14:48:44,77f4b4f3-b6b5-4390-9176-74b5459959a5,CMA-CGM,Shenzhen,Hamburg,2026-06-14T14:48:44,2026-06-14T14:48:44,0.0,13212.2,Textiles
2026-05-19T17:24:52,81d0419f-49b6-4da1-8b1a-67c852ef7115,Marsa Maroc,Busan,Los Angeles,2026-05-30T17:24:52,2026-05-31T21:12:52,27.8,10035.7,Automotive
2026-03-10T00:08:14,1a8354e7-76d2-4334-94b4-c311ff7cb816,COSCO,Agadir,Hamburg,2026-03-30T00:08:14,2026-04-01T11:20:14,59.2,6676.7,Chemicals
2026-05-12T17:25:07,64fa7f38-6a36-42c0-8f1f-a6d0bc8140b5,MSC,Busan,Los Angeles,2026-05-18T17:25:07,2026-05-18T17:25:07,0.0,20925.4,Chemicals
2026-04-11T20:39:15,c3c12542-b1d0-4ba5-9844-5c4288d7422d,CMA-CGM,Ningbo,New York,2026-04-22T20:39:15,2026-04-22T20:39:15,0.0,22092.0,Automotive
2026-04-02T07:42:01,e8a3f387-1649-4c98-83ec-42b686caa05c,CMA-CGM,Shanghai,Rotterdam,2026-04-12T07:42:01,2026-04-12T07:42:01,0.0,837.3,Food
2026-04-11T08:31:52,b3f9d8c5-f267-408d-b078-817c98e96406,Evergreen,Tanger Med,Barcelona,2026-04-30T08:31:52,2026-04-30T08:31:52,0.0,16284.1,Chemicals
2026-03-29T00:48:05,1f7fef21-d066-4d94-a26a-4a65a36b2e2a,Marsa Maroc,Agadir,Hamburg,2026-04-11T00:48:05,2026-04-15T20:54:05,116.1,7106.2,Chemicals
2026-04-24T20:05:09,7718ccec-39c7-445b-a5bd-859297c76a13,COSCO,Agadir,Hamburg,2026-05-03T20:05:09,2026-05-03T20:05:09,0.0,6243.3,Chemicals
2026-07-31T14:15:56,2474e8b0-1abd-459f-98e8-5106f95f1594,MSC,Singapore,Felixstowe,2026-08-22T14:15:56,2026-08-22T14:15:56,0.0,23382.4,Electronics
2026-08-12T23:56:54,5f01a84f-7d37-4682-b403-2759565ccf35,Marsa Maroc,Shanghai,Rotterdam,2026-08-28T23:56:54,2026-08-28T23:56:54,0.0,17402.7,Textiles
2026-06-16T23:00:08,c4785427-82ad-47af-862d-25fe204e1f1a,Comanav,Ningbo,New York,2026-06-30T23:00:08,2026-06-30T23:00:08,0.0,997.3,Food
2026-07-22T20:58:17,29d08117-5bfd-4a1a-a1ad-e34b5c2357a2,MSC,Tanger Med,Barcelona,2026-08-05T20:58:17,2026-08-05T20:58:17,0.0,6485.2,Food
2026-03-22T21:20:52,c14a9e1d-6806-4d22-992d-47d6f98af378,MSC,Ningbo,New York,2026-04-16T21:20:52,2026-04-16T21:20:52,0.0,13444.0,Automotive
2026-06-19T03:28:51,447b8856-d4ad-453b-8cfd-06b2daad48ef,CMA-CGM,Tanger Med,Rotterdam,2026-07-18T03:28:51,2026-07-18T03:28:51,0.0,14069.9,Food
2026-04-30T15:18:35,bad1341c-c190-4301-aec3-5fd95754a57b,Maersk,Shenzhen,Hamburg,2026-05-20T15:18:35,2026-05-20T15:18:35,0.0,3157.4,Textiles
2026-07-27T12:10:20,79cb1590-4d58-4d5b-a302-166cfeb8947d,CMA-CGM,Singapore,Felixstowe,2026-08-23T12:10:20,2026-08-23T12:10:20,0.0,14861.7,Chemicals
2026-06-11T17:38:10,2aaf414c-da34-4093-b8a7-1a57956c4e3a,Maersk,Shenzhen,Hamburg,2026-06-28T17:38:10,2026-06-28T17:38:10,0.0,5308.6,Automotive
2026-08-12T22:42:11,9873e24e-99a7-4646-bc2b-178259a24699,Maersk,Shenzhen,Hamburg,2026-08-27T22:42:11,2026-08-27T22:42:11,0.0,19093.7,Food
2026-05-30T22:03:10,744c88b9-b6ac-4efb-8ff3-aaa26d0dd518,COSCO,Shenzhen,Hamburg,2026-06-11T22:03:10,2026-06-11T22:03:10,0.0,14279.7,Electronics
2026-04-07T13:40:31,7977a93b-63b1-4a4a-b7ba-afabed446b9c,Evergreen,Tanger Med,Barcelona,2026-04-16T13:40:31,2026-04-16T13:40:31,0.0,21730.5,Automotive
2026-03-14T02:47:01,af58201c-b1a0-4434-bb75-9131b57fc07e,COSCO,Busan,Los Angeles,2026-04-05T02:47:01,2026-04-05T22:35:01,19.8,17183.5,Food
2026-04-22T05:04:54,452e7776-1105-446b-aea9-fdc501b86668,Marsa Maroc,Busan,Los Angeles,2026-05-01T05:04:54,2026-05-01T05:04:54,0.0,5756.1,Textiles
2026-06-14T03:29:20,04263948-8a44-4fb2-a396-5f417b5a034b,Maersk,Tanger Med,Barcelona,2026-06-27T03:29:20,2026-06-27T03:29:20,0.0,14893.7,Electronics
2026-02-21T15:54:03,c3bb42cc-9fdf-4b4b-9398-b45177638d3b,Marsa Maroc,Shanghai,Rotterdam,2026-03-16T15:54:03,2026-03-21T04:24:03,108.5,2790.3,Automotive
2026-04-23T12:08:20,8f456146-95b2-4b82-bb1b-d57c803ea895,Maersk,Tanger Med,Barcelona,2026-05-23T12:08:20,2026-05-23T12:08:20,0.0,15158.9,Automotive
2026-06-09T07:15:30,03ca81fc-7e87-4ad1-9c0e-6bb8886ed48d,COSCO,Tanger Med,Rotterdam,2026-07-06T07:15:30,2026-07-06T07:15:30,0.0,4592.4,Electronics
2026-04-16T14:28:40,952c1687-6f23-4d67-9f68-a39c941d109b,Comanav,Busan,Los Angeles,2026-04-27T14:28:40,2026-05-02T02:16:40,107.8,2952.3,Food
2026-03-23T10:09:57,c6bbe741-cd71-4afc-81a9-0db6d2d29f32,Evergreen,Agadir,Hamburg,2026-04-05T10:09:57,2026-04-05T10:09:57,0.0,17561.3,Textiles
2026-05-09T09:34:00,9a9f1c0a-f47a-4515-b64d-478de8f6b484,Evergreen,Busan,Los Angeles,2026-06-05T09:34:00,2026-06-05T09:34:00,0.0,18603.1,Food
2026-07-04T03:45:46,1f60f757-8af5-4ccb-9318-8fc7beb235a5,Marsa Maroc,Tanger Med,Rotterdam,2026-07-17T03:45:46,2026-07-17T03:45:46,0.0,20646.7,Automotive
2026-07-22T21:15:57,26af432d-9615-49fb-9bfb-1cd00e8006c0,Marsa Maroc,Tanger Med,Rotterdam,2026-08-01T21:15:57,2026-08-01T21:15:57,0.0,5622.2,Automotive
2026-03-14T00:15:10,e9a80fd9-9280-440c-9ea2-45ded1ed541c,COSCO,Shanghai,Rotterdam,2026-03-20T00:15:10,2026-03-20T00:15:10,0.0,6027.8,Automotive
2026-05-28T01:23:50,bfbd5f57-93d6-474e-9e17-194f31955d1b,Maersk,Tanger Med,Rotterdam,2026-06-25T01:23:50,2026-06-26T11:23:50,34.0,15864.7,Textiles
2026-05-14T00:55:48,184b0ced-a97c-4433-91b5-14fe366605ee,MSC,Singapore,Felixstowe,2026-06-10T00:55:48,2026-06-10T00:55:48,0.0,22578.3,Chemicals
2026-04-27T12:33:53,e7f2e85b-ade1-4314-a566-e0007c847153,Maersk,Singapore,Felixstowe,2026-05-07T12:33:53,2026-05-07T12:33:53,0.0,13559.2,Chemicals
2026-02-12T01:42:21,ed7310cc-d6fc-4eb1-9ce3-675175808098,Maersk,Tanger Med,Barcelona,2026-03-13T01:42:21,2026-03-13T01:42:21,0.0,2293.7,Chemicals
2026-07-24T01:12:31,99f0047e-ab69-4a34-a185-20104fe0498e,COSCO,Tanger Med,Barcelona,2026-08-05T01:12:31,2026-08-05T01:12:31,0.0,4571.6,Food
2026-08-02T14:49:13,534b0456-1a76-47b7-9270-800c9acc5db3,Marsa Maroc,Ningbo,New York,2026-08-23T14:49:13,2026-08-28T07:31:13,112.7,22524.9,Food
2026-05-27T00:47:43,7652c137-2c1b-4e3b-923f-1a4f7ae1a974,COSCO,Shenzhen,Hamburg,2026-06-06T00:47:43,2026-06-09T04:59:43,76.2,16682.7,Automotive
2026-03-27T18:54:12,49211ee3-c7e3-4064-bbf1-99fb1d5fc144,COSCO,Busan,Los Angeles,2026-04-06T18:54:12,2026-04-06T18:54:12,0.0,19970.6,Textiles
2026-08-03T10:33:18,28e47975-e928-4e14-8bd9-0333fb5510d6,CMA-CGM,Shenzhen,Hamburg,2026-08-27T10:33:18,2026-08-27T10:33:18,0.0,18468.7,Electronics
2026-03-26T13:50:43,8e3a9375-0666-4056-af8c-018467041fae,COSCO,Agadir,Hamburg,2026-04-09T13:50:43,2026-04-09T13:50:43,0.0,13618.5,Electronics
2026-03-28T06:57:56,cb92da67-c5ef-4060-ba53-92c6347bac99,Comanav,Tanger Med,Barcelona,2026-04-24T06:57:56,2026-04-24T06:57:56,0.0,1817.9,Food
2026-03-28T04:01:35,811e54ba-56a4-487c-b18a-885dd828f711,Evergreen,Tanger Med,Barcelona,2026-04-17T04:01:35,2026-04-17T04:01:35,0.0,16416.6,Automotive
2026-02-23T15:26:47,6f24029d-0eea-4155-82bb-22a9eaf4554a,Evergreen,Tanger Med,Rotterdam,2026-03-05T15:26:47,2026-03-05T15:26:47,0.0,6179.1,Automotive
2026-03-03T22:47:54,c6dec42f-98a4-4678-a503-13a9a8e27460,Maersk,Agadir,Hamburg,2026-03-24T22:47:54,2026-03-24T22:47:54,0.0,13819.9,Electronics
2026-05-04T07:52:32,bd98b16b-ca8c-4600-8ce8-09801425be0a,Evergreen,Agadir,Hamburg,2026-05-26T07:52:32,2026-05-26T07:52:32,0.0,13364.4,Electronics
2026-04-05T18:21:15,07d30072-adef-4c4f-938d-234ca7c74b14,CMA-CGM,Shanghai,Rotterdam,2026-04-20T18:21:15,2026-04-20T18:21:15,0.0,20788.7,Electronics
2026-05-05T22:44:01,5e440847-5e64-48b9-b63c-9d69278b3630,COSCO,Singapore,Felixstowe,2026-05-16T22:44:01,2026-05-16T22:44:01,0.0,19855.7,Electronics
2026-07-10T13:41:35,70b60f4d-65c6-428e-8fd4-1dc848f43ecc,MSC,Ningbo,New York,2026-08-03T13:41:35,2026-08-03T13:41:35,0.0,10842.0,Food
2026-06-24T13:31:33,de0fed7a-af3a-4f31-a006-8b90e0a1c9b4,Marsa Maroc,Tanger Med,Barcelona,2026-07-23T13:31:33,2026-07-23T13:31:33,0.0,4533.5,Textiles
2026-03-27T15:18:15,f0fe0ce4-d7c3-44fd-afc5-fabd3db0b3fc,Maersk,Shenzhen,Hamburg,2026-04-02T15:18:15,2026-04-02T15:18:15,0.0,19611.2,Electronics
2026-05-25T12:22:59,827a58b5-f2f2-4cac-ad0a-0bdc62caa616,Maersk,Tanger Med,Rotterdam,2026-06-09T12:22:59,2026-06-09T12:22:59,0.0,18683.9,Food
2026-03-03T02:55:52,d6023fa6-5f4b-4e7c-b713-66852281fb58,Maersk,Tanger Med,Barcelona,2026-03-30T02:55:52,2026-03-30T02:55:52,0.0,23850.7,Electronics
2026-02-15T11:11:32,6f5240bd-7eb9-4ef0-a184-77f051e798ca,Comanav,Busan,Los Angeles,2026-03-09T11:11:32,2026-03-09T11:11:32,0.0,1902.6,Food
2026-03-17T00:55:22,83db03a7-156d-4644-92b1-3980f27eb5cc,Marsa Maroc,Tanger Med,Rotterdam,2026-03-26T00:55:22,2026-03-27T22:43:22,45.8,16968.4,Food
2026-05-02T19:10:00,b8704043-fba7-4ed7-97eb-907088949815,Comanav,Shanghai,Rotterdam,2026-05-16T19:10:00,2026-05-16T19:10:00,0.0,2583.5,Automotive
2026-08-06T05:04:46,f654e40b-c013-4145-9ef3-7aa8d3352bad,COSCO,Ningbo,New York,2026-08-20T05:04:46,2026-08-20T05:04:46,0.0,22801.2,Electronics
2026-03-22T00:25:27,408e7b3e-c63b-4a9f-aa0f-837505c8a707,MSC,Casablanca,Marseille,2026-04-20T00:25:27,2026-04-20T00:25:27,0.0,15730.5,Electronics
2026-03-16T17:18:10,6e593d1b-b991-47f0-968d-d19f2f164bbe,COSCO,Shenzhen,Hamburg,2026-04-05T17:18:10,2026-04-05T17:18:10,0.0,11149.9,Electronics
2026-07-01T18:16:08,cc0b383b-80e3-4b13-add1-83b5586e2561,Evergreen,Tanger Med,Rotterdam,2026-07-07T18:16:08,2026-07-07T18:16:08,0.0,6901.5,Automotive
2026-03-23T14:02:26,3bb83c6f-551f-4ada-820c-d6f2de9c431c,CMA-CGM,Singapore,Felixstowe,2026-04-17T14:02:26,2026-04-17T14:02:26,0.0,9355.9,Food
2026-03-08T13:57:30,267e77a9-fc96-4ba7-99d6-6e5b1ab358c8,Evergreen,Shanghai,Rotterdam,2026-03-17T13:57:30,2026-03-17T13:57:30,0.0,14293.5,Automotive
2026-07-28T00:47:02,9b84ea55-1a2c-4ff1-bf7c-21d27989a748,MSC,Singapore,Felixstowe,2026-08-27T00:47:02,2026-08-27T00:47:02,0.0,6082.2,Textiles
2026-03-14T15:58:39,76b51494-c6b1-4a00-874b-ef25fec19ca1,Marsa Maroc,Shenzhen,Hamburg,2026-03-20T15:58:39,2026-03-20T15:58:39,0.0,20628.7,Food
2026-04-29T05:46:22,50107f2b-ee94-4a59-b34c-c7087341eaca,Marsa Maroc,Singapore,Felixstowe,2026-05-05T05:46:22,2026-05-05T05:46:22,0.0,1464.7,Chemicals
2026-08-05T05:18:36,36e1c48a-a114-4d21-b795-5df768c9d3d5,COSCO,Tanger Med,Rotterdam,2026-08-16T05:18:36,2026-08-16T05:18:36,0.0,15251.5,Food
2026-07-08T09:39:16,aa5fec43-671a-4b80-97ba-d12c2dc220cd,COSCO,Ningbo,New York,2026-08-01T09:39:16,2026-08-01T09:39:16,0.0,24969.2,Food
2026-08-31T16:13:59,01755599-3c5f-441e-ba45-7f102fe21834,MSC,Ningbo,New York,2026-09-09T16:13:59,2026-09-09T16:13:59,0.0,7061.4,Electronics
2026-02-23T10:47:41,60939d66-713e-4dc0-9f10-b57fc181860b,Comanav,Tanger Med,Barcelona,2026-03-12T10:47:41,2026-03-12T10:47:41,0.0,13450.1,Food
2026-07-22T15:17:48,c21ab089-b61d-49c7-85eb-bc86fff3c227,Marsa Maroc,Ningbo,New York,2026-07-27T15:17:48,2026-07-27T15:17:48,0.0,18465.5,Automotive
2026-07-24T16:47:48,cda01bcf-8bf6-498b-937b-7b35afb791e6,COSCO,Ningbo,New York,2026-08-13T16:47:48,2026-08-15T07:41:48,38.9,5249.5,Automotive
2026-04-30T02:40:47,92f5d82e-ff1c-447c-a1d2-10f22bc74dfb,Marsa Maroc,Ningbo,New York,2026-05-07T02:40:47,2026-05-07T02:40:47,0.0,6434.6,Electronics
2026-06-29T10:59:24,58b9574e-1935-4655-83fc-728dfdfe30ba,Marsa Maroc,Casablanca,Marseille,2026-07-16T10:59:24,2026-07-16T10:59:24,0.0,7731.2,Automotive
2026-04-28T09:17:56,07090aed-bbe3-40bf-b235-f024ef9cfff0,Evergreen,Ningbo,New York,2026-05-23T09:17:56,2026-05-23T09:17:56,0.0,18398.5,Chemicals
2026-05-07T16:22:29,d6e5d0a2-55b9-40cf-9c0c-6b326d94c79a,MSC,Shanghai,Rotterdam,2026-05-12T16:22:29,2026-05-12T16:22:29,0.0,10785.1,Automotive
2026-05-18T19:00:57,3207833f-92fc-452c-93a5-f2492a0fc45a,Marsa Maroc,Shenzhen,Hamburg,2026-06-15T19:00:57,2026-06-18T05:30:57,58.5,3050.3,Textiles
2026-06-11T16:26:00,fb71db25-fbae-4734-b5a2-92aee6899de6,COSCO,Tanger Med,Barcelona,2026-06-17T16:26:00,2026-06-19T11:56:00,43.5,24564.1,Chemicals
2026-07-23T05:07:40,e4286fd0-fdb1-4628-a20b-91aa2fb6f7aa,CMA-CGM,Casablanca,Marseille,2026-08-21T05:07:40,2026-08-21T05:07:40,0.0,7620.0,Electronics
2026-03-28T17:20:42,d37ebbf6-bfd6-4075-b900-63e02d136de2,COSCO,Casablanca,Marseille,2026-04-27T17:20:42,2026-04-27T17:20:42,0.0,17055.9,Textiles
2026-03-04T10:57:22,037e0212-540e-4031-9cdf-d6096a983be2,Marsa Maroc,Ningbo,New York,2026-03-14T10:57:22,2026-03-14T10:57:22,0.0,24000.9,Electronics
2026-05-18T10:52:48,5cacefca-8eaa-4985-afd0-2e383115f42a,COSCO,Tanger Med,Barcelona,2026-06-04T10:52:48,2026-06-04T10:52:48,0.0,19906.3,Textiles
2026-06-02T14:34:46,ef3a6ca4-2796-4e60-97de-f2a9fa15bb39,Evergreen,Ningbo,New York,2026-06-23T14:34:46,2026-06-23T14:34:46,0.0,22992.3,Automotive
2026-08-29T18:00:24,65a79525-0eca-4b44-b514-4e50061d4fe8,CMA-CGM,Tanger Med,Barcelona,2026-09-10T18:00:24,2026-09-10T18:00:24,0.0,12773.8,Automotive
2026-07-11T00:02:44,9d685e69-11e0-4d78-b3fe-77d3a63044b8,CMA-CGM,Shanghai,Rotterdam,2026-08-08T00:02:44,2026-08-10T14:20:44,62.3,20878.0,Electronics
2026-08-20T00:53:30,0c6db988-8377-4ca8-8675-21863bafbd6c,Maersk,Shenzhen,Hamburg,2026-09-03T00:53:30,2026-09-03T00:53:30,0.0,1909.3,Textiles
2026-03-13T16:21:58,b8cc53ab-2a1e-413a-9aa3-bb935fe6773e,MSC,Agadir,Hamburg,2026-03-24T16:21:58,2026-03-24T16:21:58,0.0,19243.6,Textiles
2026-03-14T01:37:26,9cf63002-9211-42d2-8d0d-4e7bec7e663b,Comanav,Agadir,Hamburg,2026-04-04T01:37:26,2026-04-04T01:37:26,0.0,8219.3,Electronics
2026-06-05T15:42:04,d83c8bf3-3c83-4cd6-b693-531717dbe998,Marsa Maroc,Singapore,Felixstowe,2026-06-17T15:42:04,2026-06-17T15:42:04,0.0,20245.7,Electronics
2026-07-03T17:57:40,8564bb01-3cdd-4c82-8c03-663168cff75d,Marsa Maroc,Tanger Med,Barcelona,2026-07-27T17:57:40,2026-07-27T17:57:40,0.0,11928.0,Electronics
2026-03-30T07:07:56,6f42f986-82dc-4cc3-98e1-8a05bf9f44d6,Maersk,Ningbo,New York,2026-04-23T07:07:56,2026-04-24T21:07:56,38.0,2739.8,Automotive
2026-08-01T19:33:06,97366246-266a-4bc8-aaa0-015949739255,MSC,Busan,Los Angeles,2026-08-10T19:33:06,2026-08-10T19:33:06,0.0,8414.0,Automotive
2026-05-11T11:04:53,72ead9d2-9e27-42b2-8af3-6f0072211c14,COSCO,Tanger Med,Rotterdam,2026-05-17T11:04:53,2026-05-17T11:04:53,0.0,23927.2,Food
2026-05-07T18:13:31,931b62cb-5098-45d5-8f89-c4925767555e,COSCO,Ningbo,New York,2026-06-05T18:13:31,2026-06-10T17:19:31,119.1,2835.0,Food
2026-02-14T14:01:57,557f0c72-efb6-4690-bdde-4fd186402034,Comanav,Singapore,Felixstowe,2026-03-08T14:01:57,2026-03-08T14:01:57,0.0,13349.6,Electronics
2026-07-16T13:08:25,cee27274-347c-4305-876f-09830daf60b7,MSC,Tanger Med,Rotterdam,2026-07-27T13:08:25,2026-08-01T12:50:25,119.7,1220.3,Electronics
2026-06-30T11:10:02,358f6ab0-ebfb-4182-a976-96b22f22e795,Comanav,Shenzhen,Hamburg,2026-07-18T11:10:02,2026-07-18T11:10:02,0.0,3633.7,Food
2026-08-22T06:58:58,6dad42f8-8865-485d-ada9-dadb36e8ad69,Maersk,Ningbo,New York,2026-09-03T06:58:58,2026-09-03T06:58:58,0.0,8679.4,Chemicals
2026-08-22T05:32:24,c97b019d-2f18-4ae2-a3b4-518351ee0c21,Marsa Maroc,Shanghai,Rotterdam,2026-09-05T05:32:24,2026-09-05T05:32:24,0.0,15103.8,Chemicals
2026-06-16T14:37:49,428b478d-1bff-4d63-ab1e-ca847f2082b3,Evergreen,Tanger Med,Rotterdam,2026-07-12T14:37:49,2026-07-12T14:37:49,0.0,9513.7,Textiles
2026-09-05T02:38:40,8f60ffd9-d561-40a0-ad28-f482b84c0d9a,Maersk,Casablanca,Marseille,2026-09-12T02:38:40,2026-09-12T02:38:40,0.0,2237.4,Electronics
2026-06-04T21:34:13,723082ad-e63d-4448-a50b-ad2650478624,Marsa Maroc,Ningbo,New York,2026-07-03T21:34:13,2026-07-03T21:34:13,0.0,3167.0,Textiles
2026-07-12T19:58:33,8bb46a74-5be1-4b73-a20a-ec080f54e974,MSC,Agadir,Hamburg,2026-07-29T19:58:33,2026-07-29T19:58:33,0.0,8902.3,Electronics
2026-05-27T00:38:35,e4f49d1b-a9a9-40fa-9e25-ee0d008099e3,Comanav,Casablanca,Marseille,2026-06-14T00:38:35,2026-06-14T00:38:35,0.0,20466.2,Automotive
2026-04-15T20:00:19,dceb7abe-a0e0-47e7-be93-3c9d5e8c8be7,Evergreen,Agadir,Hamburg,2026-05-09T20:00:19,2026-05-09T20:00:19,0.0,2300.8,Chemicals
2026-02-24T02:55:28,01099ad4-d246-422f-986d-3735452edc07,CMA-CGM,Shanghai,Rotterdam,2026-03-11T02:55:28,2026-03-11T02:55:28,0.0,2759.5,Electronics
2026-06-11T20:09:15,8701dc7b-11c2-42a3-a132-441a86a9db1d,MSC,Shanghai,Rotterdam,2026-07-02T20:09:15,2026-07-02T20:09:15,0.0,23546.4,Electronics
2026-05-20T01:24:58,d6b9ca11-e283-41af-bdd7-821695e4cea9,Marsa Maroc,Shenzhen,Hamburg,2026-05-25T01:24:58,2026-05-25T01:24:58,0.0,8768.5,Chemicals
2026-02-22T09:07:40,bcfba37a-e716-485b-95e0-4799495229c1,COSCO,Singapore,Felixstowe,2026-03-12T09:07:40,2026-03-16T05:25:40,92.3,13223.8,Electronics
2026-06-09T02:28:56,e32df997-01e2-4590-9fb1-9f343761f591,Marsa Maroc,Tanger Med,Barcelona,2026-06-18T02:28:56,2026-06-18T02:28:56,0.0,21240.2,Electronics
2026-03-17T18:06:35,c36f53c6-b047-42ef-b056-24d999d6e00e,Comanav,Agadir,Hamburg,2026-03-23T18:06:35,2026-03-23T18:06:35,0.0,5478.0,Chemicals
2026-08-24T04:25:01,3cba4c85-5653-4302-b693-23ce62110502,Evergreen,Singapore,Felixstowe,2026-08-31T04:25:01,2026-09-04T02:49:01,94.4,9964.0,Chemicals
2026-06-19T19:30:57,90976af5-1176-4cc9-8bd6-ab8ea943424d,CMA-CGM,Tanger Med,Barcelona,2026-07-17T19:30:57,2026-07-17T19:30:57,0.0,23843.3,Automotive
2026-05-14T09:30:00,c4a5bbfa-c3b1-4c49-bd02-7c7291b76448,CMA-CGM,Shanghai,Rotterdam,2026-05-30T09:30:00,2026-05-30T09:30:00,0.0,11029.9,Food
2026-04-08T23:48:39,d2e7f74a-3a03-460b-b5dd-a26cf3074e59,COSCO,Casablanca,Marseille,2026-05-01T23:48:39,2026-05-01T23:48:39,0.0,15846.3,Chemicals
2026-03-17T21:19:10,e69ee19d-c856-4b07-aa0f-1186d24b7a6d,Comanav,Singapore,Felixstowe,2026-04-08T21:19:10,2026-04-08T21:19:10,0.0,3993.6,Automotive
2026-05-23T06:11:42,d0d296e1-0c91-44f3-8d88-b9b0a256d712,Comanav,Ningbo,New York,2026-06-05T06:11:42,2026-06-05T06:11:42,0.0,24096.7,Electronics
2026-05-11T15:42:25,43fe68b0-bb10-4f7b-9b90-6d93249b5b23,CMA-CGM,Agadir,Hamburg,2026-06-02T15:42:25,2026-06-02T15:42:25,0.0,13431.3,Chemicals
2026-05-29T12:12:42,ff7f7a9e-8609-422e-b65d-9bc23924a482,CMA-CGM,Agadir,Hamburg,2026-06-12T12:12:42,2026-06-12T12:12:42,0.0,21639.4,Food
2026-03-04T17:06:23,7e9db816-3a15-4b78-ac6c-5386f598ecc7,MSC,Ningbo,New York,2026-03-22T17:06:23,2026-03-22T17:06:23,0.0,6226.8,Textiles
2026-05-17T05:03:51,b2b6c674-afea-4cb8-9050-a0ae2e2817d3,Maersk,Tanger Med,Barcelona,2026-05-25T05:03:51,2026-05-25T05:03:51,0.0,11562.6,Electronics
2026-07-13T20:21:37,f65ba99b-4299-4639-842c-a4afee63defa,Evergreen,Tanger Med,Rotterdam,2026-07-29T20:21:37,2026-08-01T23:03:37,74.7,2088.6,Textiles
2026-07-06T19:01:07,14bd7000-f40c-4c0b-adcd-70b86dcf2f05,Evergreen,Shanghai,Rotterdam,2026-07-16T19:01:07,2026-07-20T12:13:07,89.2,11601.1,Textiles
2026-04-08T11:06:48,d56c6cae-a10b-46da-a4ad-658d39b8726d,COSCO,Casablanca,Marseille,2026-05-07T11:06:48,2026-05-07T11:06:48,0.0,14533.3,Chemicals
2026-04-09T09:22:27,aaf2e51b-ae46-4196-bb3e-a9097879416d,Comanav,Singapore,Felixstowe,2026-05-08T09:22:27,2026-05-08T09:22:27,0.0,20841.9,Food
2026-05-10T20:48:58,f769bf0c-1b80-4362-a08e-0945225d3b91,Maersk,Busan,Los Angeles,2026-05-31T20:48:58,2026-05-31T20:48:58,0.0,13614.0,Textiles
2026-06-09T12:00:55,4af172c2-1721-4cac-ac51-5adad903961f,Marsa Maroc,Singapore,Felixstowe,2026-07-02T12:00:55,2026-07-02T12:00:55,0.0,8593.7,Electronics
2026-06-19T08:06:04,143a5cf9-0871-4890-bfca-21dd6637b73e,Maersk,Shanghai,Rotterdam,2026-07-18T08:06:04,2026-07-18T08:06:04,0.0,8085.0,Food
2026-02-28T22:54:15,1da6b574-f548-40c0-b175-eca497385a9f,MSC,Agadir,Hamburg,2026-03-11T22:54:15,2026-03-11T22:54:15,0.0,21060.1,Automotive
2026-07-06T13:54:54,2a8f9ec7-361c-4b4e-b7f2-203f986ba070,Comanav,Shanghai,Rotterdam,2026-07-15T13:54:54,2026-07-15T13:54:54,0.0,11031.9,Food
2026-04-07T04:29:21,b081c1f9-8a7d-458d-b123-90a8ff2dc10c,Maersk,Ningbo,New York,2026-04-25T04:29:21,2026-04-25T04:29:21,0.0,1062.5,Food
2026-04-26T02:27:53,b1df2331-1a33-4f1c-9184-952e697f09ef,MSC,Busan,Los Angeles,2026-05-13T02:27:53,2026-05-13T02:27:53,0.0,11700.9,Chemicals
2026-08-20T03:53:08,d16e6c70-9a45-4c1a-ae65-be0c5e9fc424,Marsa Maroc,Tanger Med,Rotterdam,2026-09-08T03:53:08,2026-09-08T03:53:08,0.0,5789.7,Food
2026-06-05T00:35:00,484d54f4-b46b-46b7-a7bd-e10431819653,Evergreen,Agadir,Hamburg,2026-06-29T00:35:00,2026-06-29T00:35:00,0.0,16918.6,Food
2026-04-26T04:18:27,d784c35a-85c5-4c16-ad2d-865b3b3ba688,Marsa Maroc,Shenzhen,Hamburg,2026-05-08T04:18:27,2026-05-11T00:30:27,68.2,16602.8,Food
2026-08-24T11:11:55,4b17a642-0e95-4bdd-95d0-a90f26c691f4,Comanav,Tanger Med,Rotterdam,2026-09-07T11:11:55,2026-09-12T00:05:55,108.9,24020.5,Electronics
2026-02-20T17:50:51,e3330983-588d-4d83-9b25-d9fd91ff042b,Marsa Maroc,Casablanca,Marseille,2026-03-15T17:50:51,2026-03-15T17:50:51,0.0,8862.8,Food
2026-03-13T01:15:35,24696fe9-e638-40f8-92d7-45edb65ed86d,COSCO,Casablanca,Marseille,2026-04-05T01:15:35,2026-04-05T01:15:35,0.0,13840.3,Automotive
2026-03-09T19:31:24,641871c5-538b-4ea1-a0b2-f602ec472453,Marsa Maroc,Singapore,Felixstowe,2026-03-22T19:31:24,2026-03-22T19:31:24,0.0,13990.0,Food
2026-05-12T08:12:24,9df77615-99cd-4735-b99f-0a16cc6dcfba,CMA-CGM,Singapore,Felixstowe,2026-05-30T08:12:24,2026-05-30T08:12:24,0.0,23124.8,Automotive
2026-05-04T23:26:49,5fac2ce3-0a8b-4d37-a39a-26f2a9eaa2c4,Evergreen,Tanger Med,Rotterdam,2026-05-24T23:26:49,2026-05-25T22:02:49,22.6,20850.0,Automotive
2026-02-15T17:44:32,5811f387-908d-427f-a376-08ffa2cbbf2e,Comanav,Agadir,Hamburg,2026-03-08T17:44:32,2026-03-08T17:44:32,0.0,8752.9,Electronics
2026-08-22T15:10:49,bf2fbc8d-b4f6-4348-b84e-bdf7b96e7be2,Comanav,Shanghai,Rotterdam,2026-09-02T15:10:49,2026-09-02T15:10:49,0.0,10267.4,Automotive
2026-01-30T06:22:14,4257b0f3-5ade-4f11-a52c-c070aeadfff4,Evergreen,Agadir,Hamburg,2026-03-01T06:22:14,2026-03-05T14:10:14,103.8,7161.6,Electronics
2026-06-27T19:59:05,8a162be9-a5c9-4bc5-a2df-14ac0172fac6,Comanav,Tanger Med,Rotterdam,2026-07-07T19:59:05,2026-07-07T19:59:05,0.0,5981.5,Electronics
2026-04-24T05:47:02,a77f8b94-c68c-4262-b6d3-0489a269ae1d,COSCO,Ningbo,New York,2026-05-18T05:47:02,2026-05-18T05:47:02,0.0,22188.2,Electronics
2026-03-22T16:15:02,53ee9a18-2eda-4583-864c-789030e08541,Maersk,Tanger Med,Rotterdam,2026-04-20T16:15:02,2026-04-20T16:15:02,0.0,5450.4,Electronics
2026-06-17T08:06:16,2a1ec55b-c181-4b82-bdcb-0dd808d4ca8b,Comanav,Agadir,Hamburg,2026-07-11T08:06:16,2026-07-11T08:06:16,0.0,24252.6,Electronics
2026-04-21T22:02:45,7a2daa09-ea72-4f41-81fb-67045beae0e7,Maersk,Tanger Med,Rotterdam,2026-05-08T22:02:45,2026-05-08T22:02:45,0.0,15495.7,Textiles
2026-06-09T16:03:58,170d4123-df67-460d-aec3-b92b2147f639,CMA-CGM,Tanger Med,Barcelona,2026-07-04T16:03:58,2026-07-04T16:03:58,0.0,21517.0,Textiles
2026-03-06T03:06:06,55f0c911-9c1c-477c-be9b-9b9b6ef68dda,COSCO,Tanger Med,Rotterdam,2026-03-24T03:06:06,2026-03-24T03:06:06,0.0,21641.0,Food
2026-02-14T12:14:34,a8f694e7-7202-4ca0-ae88-680a9063f15e,Comanav,Agadir,Hamburg,2026-03-09T12:14:34,2026-03-12T21:32:34,81.3,15861.0,Electronics
2026-04-02T08:46:32,e7d47f77-1b1f-4eb4-9ea0-c99a64688b7a,MSC,Shenzhen,Hamburg,2026-04-27T08:46:32,2026-04-27T08:46:32,0.0,912.0,Chemicals
2026-04-01T00:17:54,ec078f1f-901c-45b9-af78-b40cdffc1829,COSCO,Busan,Los Angeles,2026-04-25T00:17:54,2026-04-25T00:17:54,0.0,4476.7,Chemicals
2026-03-27T01:51:17,7c3f33f8-5c64-4030-8a1a-f405de1678b4,Marsa Maroc,Casablanca,Marseille,2026-04-13T01:51:17,2026-04-13T01:51:17,0.0,10585.3,Automotive
2026-07-15T17:01:11,8b80a6d7-9b91-440e-9a2c-65fa9bd2ee38,CMA-CGM,Casablanca,Marseille,2026-07-20T17:01:11,2026-07-20T17:01:11,0.0,2755.7,Chemicals
2026-03-23T04:02:36,e64ce86b-f0cf-4adc-810a-062b6153cad7,COSCO,Busan,Los Angeles,2026-03-29T04:02:36,2026-04-01T05:08:36,73.1,23345.9,Electronics
2026-07-07T02:07:06,92a3ac46-b1be-42a2-8428-705abc4c9387,Maersk,Shanghai,Rotterdam,2026-07-24T02:07:06,2026-07-27T15:01:06,84.9,6938.6,Automotive
2026-07-13T15:13:04,95a32019-35a0-4070-8fa3-66fd0600d3ef,MSC,Agadir,Hamburg,2026-08-01T15:13:04,2026-08-01T15:13:04,0.0,23462.4,Textiles
2026-03-30T05:41:17,92197d1e-b574-4506-8da4-5911c03fb0e8,Marsa Maroc,Shenzhen,Hamburg,2026-04-09T05:41:17,2026-04-09T05:41:17,0.0,22937.6,Chemicals
2026-06-17T16:58:35,5a29e21c-b96f-43c3-b42e-0c8bb8adcc52,COSCO,Tanger Med,Barcelona,2026-07-09T16:58:35,2026-07-12T07:04:35,62.1,5520.5,Automotive
2026-06-02T04:39:18,c14c26b8-cef3-4a8a-8d57-e7ae16b38f5f,Maersk,Tanger Med,Barcelona,2026-06-26T04:39:18,2026-06-26T04:39:18,0.0,9805.8,Automotive
2026-06-13T06:52:47,09efe34f-98b3-45b0-80f8-6e4bedae1b24,MSC,Singapore,Felixstowe,2026-07-04T06:52:47,2026-07-06T05:10:47,46.3,11959.3,Food
2026-04-14T23:49:18,1ec46765-031d-43c1-9184-119b39f469cb,COSCO,Shenzhen,Hamburg,2026-04-22T23:49:18,2026-04-22T23:49:18,0.0,11463.5,Food
2026-04-18T04:02:33,5179188b-4c68-4c53-8675-273862043e56,CMA-CGM,Shanghai,Rotterdam,2026-05-01T04:02:33,2026-05-01T04:02:33,0.0,18286.7,Automotive
2026-08-08T15:54:30,e2e11a8e-c686-444a-95b2-58444ff59934,Maersk,Shenzhen,Hamburg,2026-08-17T15:54:30,2026-08-17T15:54:30,0.0,7703.4,Electronics
2026-08-24T05:01:59,2894a47e-c9c3-4920-a0af-5a0b9330522f,COSCO,Tanger Med,Barcelona,2026-09-06T05:01:59,2026-09-06T05:01:59,0.0,1796.1,Chemicals
2026-06-19T05:17:44,030c9e8b-7c42-4693-96e2-8c391f8b5e91,Marsa Maroc,Agadir,Hamburg,2026-07-02T05:17:44,2026-07-04T12:17:44,55.0,13587.5,Automotive
2026-04-07T15:41:11,5dde558e-c6d9-4ab2-b114-9fdc9e0fa284,Marsa Maroc,Busan,Los Angeles,2026-05-07T15:41:11,2026-05-07T15:41:11,0.0,13078.1,Automotive
2026-07-07T13:51:18,8b703666-4e9d-4d96-a936-ca37b3ed11d8,Maersk,Tanger Med,Barcelona,2026-07-17T13:51:18,2026-07-17T13:51:18,0.0,22015.4,Food
2026-05-16T16:43:17,e585a587-f9c2-40cf-88f1-bb3c6dff9abe,Comanav,Ningbo,New York,2026-05-26T16:43:17,2026-05-26T16:43:17,0.0,5237.9,Food
2026-04-15T02:23:44,5b1e421c-8fbc-4c35-89dc-3d9345a1c969,MSC,Singapore,Felixstowe,2026-05-08T02:23:44,2026-05-08T02:23:44,0.0,18496.4,Chemicals
2026-06-26T22:47:43,4cb5f08e-893a-40df-b03c-1b87b3bcf4ce,MSC,Busan,Los Angeles,2026-07-25T22:47:43,2026-07-25T22:47:43,0.0,20745.2,Food
2026-06-07T03:47:59,dc72e3c2-83e6-4ac6-82fc-84681938b56e,Maersk,Agadir,Hamburg,2026-06-28T03:47:59,2026-06-28T03:47:59,0.0,17197.5,Textiles
2026-06-08T09:05:59,66f40915-d99f-4698-9866-5d2adf4a6c82,Maersk,Singapore,Felixstowe,2026-06-23T09:05:59,2026-06-23T09:05:59,0.0,18881.6,Electronics
2026-03-23T10:58:22,94d2382c-32d1-4b04-acd4-5a5ba27e4313,Comanav,Busan,Los Angeles,2026-04-19T10:58:22,2026-04-19T10:58:22,0.0,18120.0,Chemicals
2026-05-01T00:21:40,b3033b71-d79d-426b-9f9f-851caefb3c87,Marsa Maroc,Singapore,Felixstowe,2026-05-09T00:21:40,2026-05-09T00:21:40,0.0,17652.7,Chemicals
2026-02-12T16:45:27,b19c78da-85c8-414e-bad7-7d0cf5d6bf22,MSC,Busan,Los Angeles,2026-03-01T16:45:27,2026-03-01T16:45:27,0.0,20286.3,Electronics
2026-07-26T01:59:23,ab81f908-95da-439c-856e-69e19defd75d,Comanav,Shenzhen,Hamburg,2026-07-31T01:59:23,2026-07-31T01:59:23,0.0,4018.9,Automotive
2026-02-16T13:49:44,d21e0e7d-03a3-442a-93c3-be7d625d0fab,MSC,Casablanca,Marseille,2026-03-13T13:49:44,2026-03-13T13:49:44,0.0,17010.1,Electronics
2026-04-14T17:07:29,de343b7c-23b7-407a-bd76-29ea77a97b09,Marsa Maroc,Singapore,Felixstowe,2026-05-10T17:07:29,2026-05-10T17:07:29,0.0,19543.5,Food
2026-06-06T13:59:47,604d6692-6d09-46c3-9075-9d3364c3cafb,Maersk,Busan,Los Angeles,2026-07-02T13:59:47,2026-07-02T13:59:47,0.0,14451.1,Electronics
2026-04-26T18:53:34,f2040229-0c09-410c-9483-c186aca85b15,Marsa Maroc,Ningbo,New York,2026-05-25T18:53:34,2026-05-26T14:47:34,19.9,14480.1,Textiles
2026-03-12T10:22:39,51840a85-d99e-478a-a250-716152a9f053,COSCO,Singapore,Felixstowe,2026-04-10T10:22:39,2026-04-10T10:22:39,0.0,1466.2,Food
2026-08-14T16:46:47,7e918e56-32af-43d5-80d2-601847deb609,Comanav,Ningbo,New York,2026-09-09T16:46:47,2026-09-09T16:46:47,0.0,11034.0,Food
2026-03-25T14:53:28,4a7f169a-e73c-4fee-82e4-1847b326ec4c,CMA-CGM,Ningbo,New York,2026-04-24T14:53:28,2026-04-24T14:53:28,0.0,896.1,Automotive
2026-06-22T14:42:48,b293bfe8-49c3-4a35-aa6e-4711d7f4d68f,Maersk,Casablanca,Marseille,2026-07-07T14:42:48,2026-07-07T14:42:48,0.0,23809.3,Automotive
2026-03-03T05:12:37,31a8b32d-2183-407b-a469-8d4487157159,COSCO,Ningbo,New York,2026-03-31T05:12:37,2026-03-31T05:12:37,0.0,17439.5,Food
2026-05-23T10:16:58,c9a86248-1ea2-478a-a9c1-4270a161af54,Marsa Maroc,Shanghai,Rotterdam,2026-06-01T10:16:58,2026-06-01T10:16:58,0.0,15337.1,Food
2026-06-18T16:30:16,ecbfa62b-8de4-42e2-8667-280ab477367d,Evergreen,Ningbo,New York,2026-07-13T16:30:16,2026-07-13T16:30:16,0.0,2558.3,Textiles
2026-06-11T02:07:47,8ce754fb-1c39-4137-8164-8d8b5803fd85,Marsa Maroc,Busan,Los Angeles,2026-07-03T02:07:47,2026-07-03T02:07:47,0.0,24079.5,Electronics
2026-04-19T04:49:26,60786a8a-3c53-4898-bca3-8f6cecd931fa,Maersk,Busan,Los Angeles,2026-05-05T04:49:26,2026-05-06T18:13:26,37.4,13827.2,Chemicals
2026-03-24T10:59:10,c10247a3-ee77-426b-aa04-1d1ce9908e41,COSCO,Singapore,Felixstowe,2026-04-04T10:59:10,2026-04-04T10:59:10,0.0,24316.7,Automotive
2026-06-20T09:24:42,e3b175e3-4d46-457b-85e6-a43412b3df40,Evergreen,Tanger Med,Rotterdam,2026-07-09T09:24:42,2026-07-09T09:24:42,0.0,19616.1,Food
2026-07-27T10:53:33,75deb8b4-3398-4615-8945-ca4532e693ce,Marsa Maroc,Tanger Med,Barcelona,2026-08-21T10:53:33,2026-08-21T10:53:33,0.0,11804.4,Food
2026-02-16T10:12:53,b3de7618-00ff-4986-b1f4-32e8011593e5,COSCO,Ningbo,New York,2026-03-05T10:12:53,2026-03-05T10:12:53,0.0,21497.1,Food
2026-05-22T23:57:32,d0d28240-c22f-4e08-bcfe-8594dcb55e08,Evergreen,Singapore,Felixstowe,2026-06-11T23:57:32,2026-06-11T23:57:32,0.0,4270.9,Automotive
2026-04-28T10:23:57,f22071b7-f367-434b-9af3-ab458fc43194,Evergreen,Shenzhen,Hamburg,2026-05-21T10:23:57,2026-05-21T10:23:57,0.0,24857.7,Electronics
2026-05-10T21:53:21,f5732968-a59c-4bf4-8c58-9bdf33521ba8,CMA-CGM,Ningbo,New York,2026-06-05T21:53:21,2026-06-05T21:53:21,0.0,10265.5,Automotive
2026-03-21T07:53:35,c2b4911a-6c6d-4c3c-b829-65a54b91ba1b,CMA-CGM,Agadir,Hamburg,2026-03-27T07:53:35,2026-03-27T07:53:35,0.0,22134.0,Textiles
2026-06-17T02:43:16,d5e20e88-7bf8-4a06-869e-3e101ffe0d14,COSCO,Singapore,Felixstowe,2026-07-15T02:43:16,2026-07-15T02:43:16,0.0,17297.5,Food
2026-05-13T16:13:31,ae1ae9a1-ef7e-4b24-a996-44e57276800e,Maersk,Tanger Med,Rotterdam,2026-06-08T16:13:31,2026-06-08T16:13:31,0.0,7350.1,Food
2026-03-14T22:57:19,c7e05250-dad5-405b-93e4-a118ffc5caca,Comanav,Casablanca,Marseille,2026-04-11T22:57:19,2026-04-11T22:57:19,0.0,9676.0,Textiles
2026-02-12T11:56:28,0286886c-5eef-4072-b85e-0916da630978,Evergreen,Casablanca,Marseille,2026-03-01T11:56:28,2026-03-01T11:56:28,0.0,10154.6,Automotive
2026-02-23T16:46:00,a1b9965e-dcca-480f-a727-6aee5876c502,Comanav,Shenzhen,Hamburg,2026-03-19T16:46:00,2026-03-19T16:46:00,0.0,16138.4,Automotive
2026-07-05T21:11:40,ec0878b0-9e22-4057-a9e8-30137e0dc0ad,Marsa Maroc,Ningbo,New York,2026-07-28T21:11:40,2026-08-01T22:29:40,97.3,20842.6,Automotive
2026-07-26T04:30:27,3df992d0-9d5e-4752-91f4-c1c14a6be65c,Evergreen,Agadir,Hamburg,2026-08-18T04:30:27,2026-08-20T05:12:27,48.7,4528.3,Electronics
2026-07-19T23:27:05,fea488ea-91fb-4042-adf4-bdaf070c8f78,MSC,Shenzhen,Hamburg,2026-08-10T23:27:05,2026-08-10T23:27:05,0.0,18199.3,Chemicals
2026-04-17T14:23:11,3eac1f83-03ba-4ce9-85c2-da35472a6ac6,CMA-CGM,Casablanca,Marseille,2026-05-04T14:23:11,2026-05-04T14:23:11,0.0,14598.4,Chemicals
2026-07-12T18:56:17,b48739b3-cc22-4f85-bf3d-85182d354bcc,Comanav,Agadir,Hamburg,2026-08-08T18:56:17,2026-08-08T18:56:17,0.0,13478.7,Textiles
2026-08-18T11:51:26,8b9d9449-789b-40ba-8cb6-e01706586801,MSC,Tanger Med,Barcelona,2026-09-08T11:51:26,2026-09-08T11:51:26,0.0,17910.1,Textiles
2026-07-01T01:51:25,85ecc796-ba8f-48e8-b9a1-df8ec2126b0f,Maersk,Shenzhen,Hamburg,2026-07-26T01:51:25,2026-07-26T01:51:25,0.0,6939.8,Chemicals
2026-07-10T09:42:42,2ec7ad50-c164-4f68-8de0-03df43c30a2d,CMA-CGM,Ningbo,New York,2026-07-15T09:42:42,2026-07-15T09:42:42,0.0,19021.7,Textiles
2026-07-19T18:29:34,1abda254-06af-4943-a952-4247bf3f5b5f,MSC,Shanghai,Rotterdam,2026-07-24T18:29:34,2026-07-24T18:29:34,0.0,15889.1,Electronics
2026-03-17T09:22:57,78c4f134-2c70-4139-9ab8-60d3653dd26a,Comanav,Ningbo,New York,2026-04-09T09:22:57,2026-04-09T09:22:57,0.0,20893.7,Chemicals
2026-08-28T05:09:49,195108ec-9143-4169-9e01-3076a58ad468,MSC,Busan,Los Angeles,2026-09-03T05:09:49,2026-09-03T05:09:49,0.0,20909.1,Textiles
2026-04-27T14:35:00,a4502a3c-e13e-4709-99ef-6c8cfc09634a,CMA-CGM,Agadir,Hamburg,2026-05-27T14:35:00,2026-05-27T14:35:00,0.0,21044.8,Automotive
2026-04-26T04:04:06,f74dad3f-9a2d-4771-9810-cc56a2d7421c,CMA-CGM,Singapore,Felixstowe,2026-05-03T04:04:06,2026-05-03T04:04:06,0.0,11615.1,Textiles
2026-08-15T06:18:13,13ee73bf-36b4-48d3-83e7-9170e599ec16,MSC,Shenzhen,Hamburg,2026-08-23T06:18:13,2026-08-23T06:18:13,0.0,4751.0,Food
2026-03-11T15:01:16,7d793b57-e32a-4e90-b62a-5579298ea869,Comanav,Agadir,Hamburg,2026-03-29T15:01:16,2026-03-29T15:01:16,0.0,21223.9,Food
2026-02-11T23:25:47,4764b84d-6215-4c71-8e68-1a7ef46d0724,MSC,Tanger Med,Barcelona,2026-03-13T23:25:47,2026-03-13T23:25:47,0.0,21363.2,Electronics
2026-06-10T12:44:51,2a5197a9-424d-4bf5-b85c-e1108f126c35,Evergreen,Tanger Med,Rotterdam,2026-06-23T12:44:51,2026-06-24T16:56:51,28.2,21674.3,Electronics
2026-02-06T19:08:25,8d21aff0-024d-47b7-858d-f27a7f68f9ca,Comanav,Shanghai,Rotterdam,2026-03-08T19:08:25,2026-03-08T19:08:25,0.0,19520.2,Automotive
2026-06-08T18:39:24,8c9d8e44-12ea-4629-95d6-6c5e96fb58e7,COSCO,Busan,Los Angeles,2026-07-02T18:39:24,2026-07-02T18:39:24,0.0,24941.0,Food
2026-05-19T09:53:11,d4dc03e6-8170-46d2-a60c-0db62bd27ed4,COSCO,Ningbo,New York,2026-06-10T09:53:11,2026-06-10T09:53:11,0.0,18446.3,Automotive
2026-03-28T16:06:29,f3d57c60-d138-4e68-bc75-4c08eebb8779,Maersk,Busan,Los Angeles,2026-04-10T16:06:29,2026-04-10T16:06:29,0.0,6257.7,Food
2026-02-28T19:35:52,e02cfe2a-bffe-4b46-9212-a66481f489f3,Evergreen,Ningbo,New York,2026-03-29T19:35:52,2026-03-29T19:35:52,0.0,4488.3,Automotive
2026-06-11T17:53:00,c9d5150d-e2bf-43be-8d8d-d5fe7cc8a639,Evergreen,Shenzhen,Hamburg,2026-07-11T17:53:00,2026-07-15T17:41:00,95.8,10694.0,Textiles
2026-04-06T01:29:43,4ebc07b2-669d-4674-8f38-9bf285781895,COSCO,Ningbo,New York,2026-05-06T01:29:43,2026-05-06T01:29:43,0.0,13703.4,Textiles
2026-07-14T19:31:16,dacb3d7a-c0b6-4899-8888-015ceeed5534,Comanav,Shanghai,Rotterdam,2026-07-24T19:31:16,2026-07-24T19:31:16,0.0,17799.5,Food
2026-04-06T11:44:18,7bccf4cd-5145-4aab-9dc3-e2eb5cfb7986,Marsa Maroc,Shenzhen,Hamburg,2026-05-02T11:44:18,2026-05-02T11:44:18,0.0,15988.2,Food
2026-02-28T03:04:23,e87b11d6-6430-4e33-9e6b-c141ae5f96f9,CMA-CGM,Singapore,Felixstowe,2026-03-30T03:04:23,2026-04-03T04:10:23,97.1,21118.6,Textiles
2026-03-28T03:47:54,a2f648d3-aef4-405c-8d4d-c71644474a92,Evergreen,Casablanca,Marseille,2026-04-06T03:47:54,2026-04-06T03:47:54,0.0,15552.4,Electronics
2026-06-13T05:55:39,b5e37ae5-d72e-4ed0-ba83-a0c6ea289881,Comanav,Tanger Med,Barcelona,2026-07-10T05:55:39,2026-07-10T05:55:39,0.0,8641.2,Automotive
2026-08-29T11:25:58,411b7526-82a2-4d0d-aa35-1b9c1bd829ba,Maersk,Tanger Med,Rotterdam,2026-09-04T11:25:58,2026-09-04T11:25:58,0.0,8017.6,Automotive
2026-03-01T00:52:39,453f897d-22c5-4d29-b232-f5d87805a6bf,Maersk,Agadir,Hamburg,2026-03-13T00:52:39,2026-03-13T00:52:39,0.0,21995.6,Electronics
2026-07-31T12:13:29,0affe3e4-f255-4552-af06-f2a381d4637a,Comanav,Shenzhen,Hamburg,2026-08-15T12:13:29,2026-08-15T12:13:29,0.0,636.5,Textiles
2026-04-13T01:53:07,d71c2596-70ef-4760-b384-7b6f3c35e059,Maersk,Busan,Los Angeles,2026-05-04T01:53:07,2026-05-04T01:53:07,0.0,16008.6,Food
2026-08-08T15:02:27,a0f38fce-a7e7-4adc-a070-9f70df296c98,Marsa Maroc,Casablanca,Marseille,2026-08-16T15:02:27,2026-08-16T15:02:27,0.0,7466.9,Food
2026-04-14T00:18:48,1bb4c0fa-b863-4207-9c1a-9cf1bf0d9a85,Evergreen,Ningbo,New York,2026-05-01T00:18:48,2026-05-01T00:18:48,0.0,15689.1,Chemicals
2026-02-22T19:10:32,3b22d396-6606-4f16-b9be-a30c645477e2,COSCO,Casablanca,Marseille,2026-03-21T19:10:32,2026-03-23T07:10:32,36.0,11500.6,Chemicals
2026-03-22T07:47:28,d15c61b6-0ae3-474c-b16e-8acdb0d92d43,Marsa Maroc,Shanghai,Rotterdam,2026-04-09T07:47:28,2026-04-09T07:47:28,0.0,656.0,Textiles
2026-06-10T14:01:30,c6f72055-4b31-4289-bb11-d287fc581a04,Marsa Maroc,Ningbo,New York,2026-07-07T14:01:30,2026-07-07T14:01:30,0.0,9536.4,Automotive
2026-05-08T19:52:09,39208e98-86b1-4ecd-b397-5b5f769c4f81,Evergreen,Tanger Med,Barcelona,2026-05-19T19:52:09,2026-05-21T02:34:09,30.7,13812.4,Electronics
2026-05-06T18:46:53,a45bee6d-ab74-4b61-8254-c57b5466154e,MSC,Casablanca,Marseille,2026-05-13T18:46:53,2026-05-13T18:46:53,0.0,15361.2,Electronics
2026-07-30T22:45:53,9435803c-cd6c-41c3-b940-98eee47b1eb8,Evergreen,Shanghai,Rotterdam,2026-08-06T22:45:53,2026-08-06T22:45:53,0.0,18588.3,Electronics
2026-05-25T00:26:48,a734b948-68d4-4a55-8d35-fd319ebffab8,MSC,Ningbo,New York,2026-06-12T00:26:48,2026-06-12T00:26:48,0.0,4423.7,Food
2026-06-13T07:59:06,6086ed27-805e-45c1-8a4d-2b3e304c3fbd,CMA-CGM,Busan,Los Angeles,2026-06-18T07:59:06,2026-06-18T07:59:06,0.0,19289.9,Chemicals
2026-06-17T11:58:29,f680f6c3-0585-477c-980f-1a831344631f,Marsa Maroc,Ningbo,New York,2026-06-24T11:58:29,2026-06-24T11:58:29,0.0,4835.1,Automotive
2026-05-13T06:06:37,4979f0c5-83fa-4991-8465-daad1d8b2685,COSCO,Shenzhen,Hamburg,2026-06-01T06:06:37,2026-06-01T06:06:37,0.0,18797.3,Textiles
2026-03-25T06:00:04,ced1ee2a-552a-4ad9-8293-02033c49df17,Marsa Maroc,Ningbo,New York,2026-04-07T06:00:04,2026-04-07T06:00:04,0.0,9783.3,Food
2026-03-11T06:38:09,ef1410b0-037d-4eb7-95da-53381eb408fd,CMA-CGM,Tanger Med,Rotterdam,2026-03-20T06:38:09,2026-03-20T06:38:09,0.0,13017.7,Chemicals
2026-07-09T14:06:50,afb22897-4f91-4db7-b181-07084b4313e8,Marsa Maroc,Singapore,Felixstowe,2026-07-31T14:06:50,2026-07-31T14:06:50,0.0,3005.1,Electronics
2026-08-28T15:58:10,67c2d134-44b8-4964-9c86-f36d9eb35f29,Comanav,Ningbo,New York,2026-09-07T15:58:10,2026-09-07T15:58:10,0.0,24028.6,Chemicals
2026-04-10T15:33:43,1fccc408-c972-48e2-89aa-3db21803d05d,Maersk,Casablanca,Marseille,2026-04-29T15:33:43,2026-04-29T15:33:43,0.0,5358.9,Automotive
2026-03-17T04:01:19,94ed83ed-c533-402c-9ece-eda068e89255,Comanav,Casablanca,Marseille,2026-03-22T04:01:19,2026-03-22T04:01:19,0.0,4727.3,Food
2026-07-01T03:10:09,d9f40725-7c59-4a14-9122-4e130b9dc955,Marsa Maroc,Agadir,Hamburg,2026-07-19T03:10:09,2026-07-23T22:22:09,115.2,18453.7,Textiles
2026-02-16T11:33:49,326fae1a-fb3c-422d-b4f1-8362438210cd,Marsa Maroc,Tanger Med,Barcelona,2026-03-02T11:33:49,2026-03-02T11:33:49,0.0,13991.1,Automotive
2026-07-20T01:34:35,4ee066fd-2491-46c9-9af2-65159d0b8fd8,CMA-CGM,Casablanca,Marseille,2026-08-14T01:34:35,2026-08-14T01:34:35,0.0,24121.7,Food
2026-03-20T00:45:19,dbae1dc2-f617-4056-93c6-801f047b681d,MSC,Ningbo,New York,2026-04-04T00:45:19,2026-04-04T00:45:19,0.0,8047.5,Chemicals
2026-05-26T09:23:59,05e53042-9886-4248-b2dd-4614a6e7bda6,COSCO,Tanger Med,Barcelona,2026-06-23T09:23:59,2026-06-23T09:23:59,0.0,18559.3,Chemicals
2026-08-04T12:59:06,c20aa24a-efc1-49b0-8fb6-9959ee2a2fd8,MSC,Agadir,Hamburg,2026-09-03T12:59:06,2026-09-03T12:59:06,0.0,6554.8,Electronics
2026-05-04T13:06:14,504934f5-bb4a-446d-baad-af4ff9b30bef,CMA-CGM,Shenzhen,Hamburg,2026-05-17T13:06:14,2026-05-17T13:06:14,0.0,23850.4,Chemicals
2026-03-19T15:59:00,41f68962-f7c9-4771-8c6a-4f5044702c5c,MSC,Tanger Med,Barcelona,2026-04-07T15:59:00,2026-04-07T15:59:00,0.0,21274.6,Food
2026-02-28T23:52:26,07a5b8c4-a96e-43f9-a558-0f16b4ab5484,Maersk,Busan,Los Angeles,2026-03-10T23:52:26,2026-03-10T23:52:26,0.0,11283.5,Automotive
2026-05-08T08:56:29,3f8d0da9-7b45-44d7-833e-60981e125597,CMA-CGM,Tanger Med,Rotterdam,2026-05-20T08:56:29,2026-05-20T08:56:29,0.0,15099.4,Food
2026-04-28T08:16:17,9312ff62-5816-4a55-8034-cc876979b4a8,Marsa Maroc,Busan,Los Angeles,2026-05-06T08:16:17,2026-05-06T08:16:17,0.0,17844.0,Textiles
2026-05-31T07:52:47,73879b3a-054e-4330-adb3-6f8826eaccd4,Evergreen,Casablanca,Marseille,2026-06-22T07:52:47,2026-06-25T03:52:47,68.0,3701.4,Electronics
2026-03-02T19:41:59,36349d74-5d19-48e6-9778-8f969ea39a2d,MSC,Tanger Med,Barcelona,2026-04-01T19:41:59,2026-04-01T19:41:59,0.0,18365.5,Electronics
2026-08-21T21:59:54,60ea658a-0cfc-44b0-a739-79ca9dda3b69,MSC,Ningbo,New York,2026-08-31T21:59:54,2026-08-31T21:59:54,0.0,1589.4,Food
2026-03-15T20:37:16,5a6b733c-8dbb-4696-a7b4-25f46ec2e950,Evergreen,Busan,Los Angeles,2026-04-14T20:37:16,2026-04-19T08:13:16,107.6,13206.3,Food
2026-06-02T18:03:43,ad93588a-35d1-4473-ba87-533e5dc17025,CMA-CGM,Busan,Los Angeles,2026-06-28T18:03:43,2026-06-28T18:03:43,0.0,18629.5,Textiles
2026-07-23T08:39:51,c7804bcc-ebe0-4af6-89e2-d55f555f1e67,CMA-CGM,Ningbo,New York,2026-08-02T08:39:51,2026-08-02T08:39:51,0.0,13607.2,Electronics
2026-08-25T21:31:13,5761ea7e-fcdc-4b3c-8176-cfc02944cc6c,MSC,Tanger Med,Rotterdam,2026-08-30T21:31:13,2026-08-30T21:31:13,0.0,7901.5,Chemicals
2026-08-14T22:42:45,9074ea43-9c65-4731-9e06-a2c9e2a793d4,Comanav,Tanger Med,Barcelona,2026-09-06T22:42:45,2026-09-10T00:42:45,74.0,3182.3,Electronics
2026-06-01T22:01:12,8472f747-39df-4e58-ade1-cfabdca77410,Comanav,Shenzhen,Hamburg,2026-06-11T22:01:12,2026-06-16T08:13:12,106.2,14477.6,Electronics
2026-03-27T09:27:26,7cd03ac6-4597-4c57-8a11-0a52dfddec8d,Comanav,Tanger Med,Rotterdam,2026-04-05T09:27:26,2026-04-05T09:27:26,0.0,4603.3,Food
2026-07-24T12:00:52,3b7608cd-8d01-44ee-be44-b8cc7d1f0ac2,Marsa Maroc,Shenzhen,Hamburg,2026-07-29T12:00:52,2026-07-29T12:00:52,0.0,5371.6,Textiles
2026-05-05T19:13:04,84182f12-1416-4a93-813f-847b73d252c7,MSC,Ningbo,New York,2026-05-11T19:13:04,2026-05-11T19:13:04,0.0,5310.1,Electronics
2026-07-16T02:09:42,9b0aeb2d-72c9-41e0-905b-6b509134e981,COSCO,Singapore,Felixstowe,2026-07-23T02:09:42,2026-07-23T02:09:42,0.0,15040.4,Electronics
2026-07-10T03:19:36,b852879e-09e6-46b7-955d-8778726329b4,MSC,Tanger Med,Barcelona,2026-07-27T03:19:36,2026-07-27T03:19:36,0.0,4197.8,Automotive
2026-07-12T11:04:23,21187249-d82e-44e9-826f-7fdb90dadf30,MSC,Tanger Med,Barcelona,2026-07-22T11:04:23,2026-07-22T11:04:23,0.0,17326.3,Chemicals
2026-04-13T11:04:44,435c255b-0036-4654-b3c0-87d5c54b565b,COSCO,Singapore,Felixstowe,2026-05-12T11:04:44,2026-05-12T11:04:44,0.0,1810.8,Food
2026-08-13T02:55:36,ef8fe94e-82d0-4892-a102-918f2e96a2ed,Maersk,Tanger Med,Barcelona,2026-08-21T02:55:36,2026-08-21T02:55:36,0.0,3060.4,Automotive
2026-02-22T07:51:35,64bf0b39-6de3-49d9-a3ac-34e0a1e26487,Maersk,Tanger Med,Rotterdam,2026-03-18T07:51:35,2026-03-18T07:51:35,0.0,11439.0,Textiles
2026-05-23T06:05:46,a72862b6-d949-4ff7-a3e3-4829165eb73c,Comanav,Ningbo,New York,2026-06-11T06:05:46,2026-06-12T15:29:46,33.4,15762.9,Automotive
2026-07-26T18:40:40,b13580bd-ba1d-478f-99fa-c077bf111202,CMA-CGM,Tanger Med,Rotterdam,2026-08-18T18:40:40,2026-08-18T18:40:40,0.0,9816.9,Automotive
2026-08-02T14:39:15,4fed3e43-e6bd-48e2-820a-a4517d8f9780,Maersk,Ningbo,New York,2026-08-28T14:39:15,2026-08-28T14:39:15,0.0,16440.3,Textiles
2026-06-02T07:04:24,b41ab2ea-2882-46ce-9ed0-a61d4f2a7c7f,Maersk,Ningbo,New York,2026-06-11T07:04:24,2026-06-11T07:04:24,0.0,7410.1,Electronics
2026-05-22T20:43:51,fb71e2e8-1679-42ea-957b-9d6f6dd18946,CMA-CGM,Tanger Med,Barcelona,2026-05-27T20:43:51,2026-05-27T20:43:51,0.0,17234.5,Food
2026-06-08T07:10:45,b0f2d362-2287-4c62-9f9b-12977bb099d0,CMA-CGM,Casablanca,Marseille,2026-06-13T07:10:45,2026-06-13T07:10:45,0.0,8502.7,Automotive
2026-03-10T22:31:14,77aabc78-68b9-4869-9203-39ea9df35a2d,Evergreen,Casablanca,Marseille,2026-03-24T22:31:14,2026-03-24T22:31:14,0.0,919.3,Food
2026-04-12T16:38:23,0b35d63f-f85c-49e4-9720-935701d88748,Marsa Maroc,Agadir,Hamburg,2026-04-28T16:38:23,2026-04-30T18:26:23,49.8,9822.1,Electronics
2026-03-27T13:20:01,6df762c9-7fae-48d8-8fd8-7477046491e4,Comanav,Tanger Med,Rotterdam,2026-04-07T13:20:01,2026-04-07T13:20:01,0.0,14437.3,Textiles
2026-03-07T06:51:00,fc11b779-a51c-40f2-ac2c-5601e8f1d61d,Comanav,Casablanca,Marseille,2026-04-03T06:51:00,2026-04-03T06:51:00,0.0,20675.6,Electronics
2026-07-04T12:22:04,47b1b2f5-71d2-432e-a5c6-09a1a96996d6,COSCO,Agadir,Hamburg,2026-07-12T12:22:04,2026-07-12T12:22:04,0.0,5173.5,Textiles
2026-07-17T18:38:06,81e64b71-c89b-4d0d-b5e8-ffb17437d1f2,CMA-CGM,Ningbo,New York,2026-08-08T18:38:06,2026-08-08T18:38:06,0.0,8020.2,Automotive
2026-05-23T08:34:21,eb4dad6c-8d8c-402f-a70d-fd98a4e9d520,Comanav,Agadir,Hamburg,2026-05-28T08:34:21,2026-05-28T08:34:21,0.0,2336.3,Automotive
2026-03-04T16:24:34,4f820627-4710-4423-9c5a-5eac205608ff,MSC,Tanger Med,Rotterdam,2026-03-24T16:24:34,2026-03-27T02:00:34,57.6,9364.7,Automotive
2026-07-07T08:05:25,a1d1a949-1094-4504-a51d-71b05fdd30f5,MSC,Busan,Los Angeles,2026-07-29T08:05:25,2026-07-29T08:05:25,0.0,1977.6,Food
2026-07-13T13:56:01,e49857be-f591-4296-b338-85e8c1b5764c,COSCO,Tanger Med,Rotterdam,2026-08-10T13:56:01,2026-08-10T13:56:01,0.0,2591.7,Chemicals
2026-08-20T09:41:02,00770f43-462e-4026-8073-fe07094ff729,COSCO,Tanger Med,Rotterdam,2026-09-01T09:41:02,2026-09-01T09:41:02,0.0,21570.3,Food
2026-05-16T12:20:34,8371fb0c-86d9-45f1-a356-975c8f372d7f,CMA-CGM,Tanger Med,Barcelona,2026-05-31T12:20:34,2026-05-31T12:20:34,0.0,21669.4,Electronics
2026-08-05T23:05:10,602464b0-521b-4085-80bc-9d077d0fecc2,Marsa Maroc,Agadir,Hamburg,2026-09-01T23:05:10,2026-09-02T14:35:10,15.5,1936.9,Electronics
2026-06-05T01:30:12,bfdc9ba5-97a8-4a8a-8f5c-931044c0d073,COSCO,Shenzhen,Hamburg,2026-06-25T01:30:12,2026-06-25T01:30:12,0.0,19326.1,Chemicals
2026-03-01T15:54:51,6317e1fb-18a5-4011-b888-8e7d1a0b3d59,COSCO,Shenzhen,Hamburg,2026-03-31T15:54:51,2026-03-31T15:54:51,0.0,2089.6,Chemicals
2026-07-18T07:50:36,ae463434-a868-481a-9bcb-0b251080032a,CMA-CGM,Shenzhen,Hamburg,2026-08-01T07:50:36,2026-08-01T07:50:36,0.0,4725.8,Automotive
2026-03-06T11:41:34,9f795439-e1e2-43bc-b528-6a4be5edf77f,COSCO,Shanghai,Rotterdam,2026-03-14T11:41:34,2026-03-14T11:41:34,0.0,20347.2,Chemicals
2026-09-03T23:55:29,b96ea1b9-a5cb-4d53-bf18-f5d3def5d22c,Maersk,Singapore,Felixstowe,2026-09-11T23:55:29,2026-09-11T23:55:29,0.0,1955.3,Electronics
2026-04-21T06:18:42,a2eca579-75db-4d70-9c7e-a269339c3fba,Maersk,Ningbo,New York,2026-04-27T06:18:42,2026-04-27T06:18:42,0.0,20249.4,Chemicals
2026-04-08T17:06:29,de44fd81-bec7-40cf-969e-40d623f0d22a,MSC,Ningbo,New York,2026-04-16T17:06:29,2026-04-16T17:06:29,0.0,7266.2,Electronics
2026-08-04T09:21:13,f4bb3daa-5638-4637-aef5-3a0bc6c85dd4,MSC,Busan,Los Angeles,2026-08-22T09:21:13,2026-08-22T09:21:13,0.0,13837.1,Food
2026-04-09T03:20:55,d4d92725-4bfc-4f87-8fee-c2a642eb758b,Comanav,Tanger Med,Barcelona,2026-05-07T03:20:55,2026-05-07T03:20:55,0.0,11470.1,Automotive
2026-04-06T22:05:19,dae884df-a8f8-4ffe-a36f-9f16f7b649aa,Comanav,Tanger Med,Rotterdam,2026-05-04T22:05:19,2026-05-04T22:05:19,0.0,8896.6,Electronics
2026-05-11T06:57:33,63c370a3-27e6-4a0c-8575-e8ced1c56bf2,Maersk,Busan,Los Angeles,2026-05-22T06:57:33,2026-05-22T06:57:33,0.0,10510.4,Electronics
2026-04-25T20:20:14,7ae2aa8f-8c28-4ba9-af0f-9ddc2d06ab99,Maersk,Agadir,Hamburg,2026-05-14T20:20:14,2026-05-14T20:20:14,0.0,8637.4,Electronics
2026-03-29T00:08:19,575799d6-e16c-480d-87bb-c6477d31501d,CMA-CGM,Shanghai,Rotterdam,2026-04-19T00:08:19,2026-04-21T17:14:19,65.1,5387.6,Chemicals
2026-02-18T13:46:05,7caf0bc8-aa47-4a37-9481-be8b93f39832,Maersk,Casablanca,Marseille,2026-03-17T13:46:05,2026-03-17T13:46:05,0.0,927.0,Chemicals
2026-07-21T10:08:24,f40d7a46-fcf0-48ca-a140-b5fa55020fde,CMA-CGM,Casablanca,Marseille,2026-08-12T10:08:24,2026-08-15T23:08:24,85.0,11447.1,Chemicals
2026-03-26T10:26:51,9d54afa2-d4f0-4a66-98c8-9642cac2fb06,COSCO,Shanghai,Rotterdam,2026-03-31T10:26:51,2026-03-31T10:26:51,0.0,14250.8,Textiles
2026-07-18T02:09:33,0be8a991-bd69-452e-8ecf-9cae18a0d67b,Marsa Maroc,Agadir,Hamburg,2026-08-17T02:09:33,2026-08-18T11:45:33,33.6,10363.2,Chemicals
2026-04-30T10:01:26,20ac7f02-b7d7-4e94-a645-45483e94b1af,Comanav,Shanghai,Rotterdam,2026-05-18T10:01:26,2026-05-20T21:13:26,59.2,4148.4,Textiles
2026-04-15T10:19:30,68e7fe68-8b0a-43d1-965b-ba26bdce2252,Evergreen,Tanger Med,Barcelona,2026-04-27T10:19:30,2026-05-01T01:49:30,87.5,12137.6,Electronics
2026-05-23T03:40:30,c4234742-a370-4969-981e-b4a8feb33586,CMA-CGM,Tanger Med,Rotterdam,2026-06-09T03:40:30,2026-06-09T03:40:30,0.0,2954.1,Textiles
2026-06-26T04:16:52,04ba6e23-32bf-4d3c-a25f-c529b1e2cdba,Comanav,Tanger Med,Rotterdam,2026-07-03T04:16:52,2026-07-03T21:46:52,17.5,14918.6,Chemicals
2026-03-21T00:35:48,6bddb9f5-a03a-44ba-b893-2a3532aae1e9,CMA-CGM,Tanger Med,Barcelona,2026-03-27T00:35:48,2026-03-27T00:35:48,0.0,16550.0,Food
2026-03-05T19:09:16,56bd31e1-db07-47cf-9954-6e4181dd2903,Evergreen,Agadir,Hamburg,2026-04-03T19:09:16,2026-04-04T14:27:16,19.3,18015.1,Textiles
2026-07-17T17:20:46,42c67c29-9ad0-4b93-be78-10fb5e941303,CMA-CGM,Tanger Med,Rotterdam,2026-07-29T17:20:46,2026-07-29T17:20:46,0.0,17839.4,Textiles
2026-07-20T07:37:01,c213f549-40d8-464f-9c0f-490e0d53d03b,Maersk,Casablanca,Marseille,2026-08-02T07:37:01,2026-08-02T07:37:01,0.0,12795.0,Food
2026-06-11T15:43:19,3440c171-7c75-49a8-b9f6-635d7d2cda6b,Marsa Maroc,Shanghai,Rotterdam,2026-07-05T15:43:19,2026-07-05T15:43:19,0.0,23266.9,Chemicals
2026-05-22T06:22:41,8eba2149-f450-46fb-800a-471fdf125a0c,COSCO,Ningbo,New York,2026-06-16T06:22:41,2026-06-16T06:22:41,0.0,2095.4,Chemicals
2026-08-17T22:20:03,7326720e-53db-4e18-921d-07d075948acf,Marsa Maroc,Busan,Los Angeles,2026-08-25T22:20:03,2026-08-25T22:20:03,0.0,9864.4,Food
2026-02-15T19:14:20,df8e9a21-2bbf-4f09-9361-421cd9ce068e,Maersk,Shanghai,Rotterdam,2026-03-05T19:14:20,2026-03-10T14:26:20,115.2,4136.8,Chemicals
2026-07-21T22:53:52,8bee41db-bcb1-44c1-8f1b-647f2a2e066b,Maersk,Shanghai,Rotterdam,2026-08-10T22:53:52,2026-08-10T22:53:52,0.0,7021.3,Automotive
2026-03-29T16:45:05,4b7b859f-8399-4ffe-9202-a256ca4b6736,Comanav,Casablanca,Marseille,2026-04-13T16:45:05,2026-04-13T16:45:05,0.0,5667.9,Food
2026-07-16T22:52:59,06ea6f20-9934-40d1-9f7a-dd14d6ac27f3,Evergreen,Shanghai,Rotterdam,2026-08-08T22:52:59,2026-08-13T22:22:59,119.5,11428.7,Electronics
2026-04-15T02:46:03,9aee2a46-8133-4b85-bc50-c88067a18373,Marsa Maroc,Tanger Med,Barcelona,2026-04-28T02:46:03,2026-04-28T02:46:03,0.0,11054.3,Automotive
2026-04-08T13:19:18,63c05fca-cc72-437a-80f2-e039d5a08404,MSC,Tanger Med,Rotterdam,2026-04-27T13:19:18,2026-04-27T13:19:18,0.0,11788.2,Food
2026-04-01T21:58:08,ebc279c8-773c-4069-857b-6f750339614d,Maersk,Casablanca,Marseille,2026-04-08T21:58:08,2026-04-08T21:58:08,0.0,21105.2,Electronics
2026-03-20T00:35:16,b1886925-3d8c-4122-b96e-45f80bca9f81,Maersk,Shanghai,Rotterdam,2026-04-11T00:35:16,2026-04-15T02:53:16,98.3,6262.7,Food
2026-03-19T05:17:56,8ffeab14-cde0-4b71-b857-d51aa7234570,Evergreen,Ningbo,New York,2026-04-09T05:17:56,2026-04-13T05:29:56,96.2,11490.2,Automotive
2026-06-01T02:34:43,5cd01780-ef17-4cd8-b3e5-629bdb5cd3f6,Maersk,Tanger Med,Barcelona,2026-06-20T02:34:43,2026-06-23T21:28:43,90.9,13668.8,Food
2026-06-21T13:05:34,6023bc55-278e-4873-8aae-b7550b7716d8,Marsa Maroc,Shanghai,Rotterdam,2026-07-12T13:05:34,2026-07-12T13:05:34,0.0,20598.5,Electronics
2026-07-25T13:46:21,533f91ac-4662-481e-a9fb-3661d76f6ab5,COSCO,Ningbo,New York,2026-08-07T13:46:21,2026-08-07T13:46:21,0.0,3886.9,Electronics
2026-05-21T13:55:54,97f040ba-150d-4396-93d3-a2a2abbac460,CMA-CGM,Busan,Los Angeles,2026-06-11T13:55:54,2026-06-11T13:55:54,0.0,23214.0,Food
2026-07-11T18:13:26,5d56fb9c-110c-4946-b25b-fe4ab82187da,Evergreen,Busan,Los Angeles,2026-07-27T18:13:26,2026-07-27T18:13:26,0.0,782.6,Automotive
2026-08-31T13:58:41,c765881b-3da4-409b-966e-2262006a54ae,Comanav,Tanger Med,Rotterdam,2026-09-05T13:58:41,2026-09-05T13:58:41,0.0,1647.1,Chemicals
2026-08-05T17:06:50,c4f7e49f-6608-4f8e-8022-74085fe7e5de,COSCO,Shenzhen,Hamburg,2026-08-31T17:06:50,2026-08-31T17:06:50,0.0,21143.5,Automotive
2026-03-08T13:12:19,ad433f2a-7e62-400e-8450-94dfdcb478d7,Evergreen,Singapore,Felixstowe,2026-03-15T13:12:19,2026-03-15T13:12:19,0.0,10379.1,Electronics
2026-04-16T21:01:04,38e6a7b7-0cb3-4902-aa09-d91b39febdf4,Evergreen,Casablanca,Marseille,2026-05-06T21:01:04,2026-05-06T21:01:04,0.0,14965.5,Automotive
2026-05-25T23:02:45,8853d817-e256-42aa-8e11-7fd1d9a0af7c,Evergreen,Singapore,Felixstowe,2026-06-15T23:02:45,2026-06-15T23:02:45,0.0,18292.0,Chemicals
2026-07-10T11:59:22,d14800df-6770-4701-bf47-a351312418a1,Marsa Maroc,Busan,Los Angeles,2026-08-04T11:59:22,2026-08-04T11:59:22,0.0,1556.8,Textiles
2026-04-17T20:48:14,8bc969be-c6fc-40c7-a242-a76340d0769b,Marsa Maroc,Agadir,Hamburg,2026-04-25T20:48:14,2026-04-25T20:48:14,0.0,19866.5,Food
2026-07-19T00:18:03,2627d18f-8860-490d-8d3f-8554b4a1abd1,Maersk,Singapore,Felixstowe,2026-08-04T00:18:03,2026-08-04T00:18:03,0.0,12611.7,Food
2026-02-24T01:28:45,e09d87de-630e-4a28-aa76-7a3fd5544ef3,MSC,Agadir,Hamburg,2026-03-16T01:28:45,2026-03-16T01:28:45,0.0,22397.2,Food
2026-07-17T17:03:20,0dee9e0e-b77b-4f5e-a0d0-c4c158b703dc,MSC,Ningbo,New York,2026-08-01T17:03:20,2026-08-01T17:03:20,0.0,9174.0,Chemicals
2026-06-23T17:44:55,7e5ea5c0-17bf-4d33-94d5-77d0b82361e0,MSC,Singapore,Felixstowe,2026-07-07T17:44:55,2026-07-07T17:44:55,0.0,22176.8,Chemicals
2026-05-08T06:23:58,56e9ffac-cd2a-4af1-9928-ba107b0f5410,Comanav,Shanghai,Rotterdam,2026-06-01T06:23:58,2026-06-01T06:23:58,0.0,13896.6,Textiles
2026-03-07T03:25:30,fb320827-8c32-41e4-a13b-d6687acda738,Maersk,Singapore,Felixstowe,2026-03-20T03:25:30,2026-03-20T03:25:30,0.0,8153.6,Electronics
2026-08-23T13:21:16,33631ab8-bc33-4264-bf9d-30c82002c446,Maersk,Busan,Los Angeles,2026-09-01T13:21:16,2026-09-01T13:21:16,0.0,3004.1,Automotive
2026-05-21T07:23:15,dcf5666c-d094-4cb5-9e53-3182d0b48d4c,CMA-CGM,Casablanca,Marseille,2026-06-13T07:23:15,2026-06-13T07:23:15,0.0,20725.2,Chemicals
2026-07-01T15:23:56,fa730ce4-d234-4f5c-8e14-bb363640477c,Evergreen,Shanghai,Rotterdam,2026-07-23T15:23:56,2026-07-23T15:23:56,0.0,12812.1,Food
2026-02-14T20:35:03,36b2132e-66e7-49f8-9dd1-fd96e5aece3b,CMA-CGM,Agadir,Hamburg,2026-03-08T20:35:03,2026-03-08T20:35:03,0.0,17568.9,Automotive
2026-07-01T05:08:24,8b61cad8-c571-4c3e-a2dc-0f61882a899c,COSCO,Tanger Med,Rotterdam,2026-07-10T05:08:24,2026-07-12T11:50:24,54.7,4207.8,Food
2026-06-03T16:40:36,322bc7a0-a563-4404-b369-ac76cd325f30,Evergreen,Busan,Los Angeles,2026-06-26T16:40:36,2026-06-26T16:40:36,0.0,1040.3,Electronics
2026-06-22T18:15:27,27c0604c-c211-409a-8378-22ad2f212cf0,CMA-CGM,Tanger Med,Barcelona,2026-06-29T18:15:27,2026-06-29T18:15:27,0.0,20827.6,Food
2026-05-22T21:01:12,faa15d2d-ecbb-451e-a18e-8ff603f541fd,CMA-CGM,Agadir,Hamburg,2026-06-17T21:01:12,2026-06-17T21:01:12,0.0,15192.4,Automotive
2026-08-20T22:13:23,4d88830c-4e85-4196-b0a2-600470b2b952,Marsa Maroc,Agadir,Hamburg,2026-09-07T22:13:23,2026-09-07T22:13:23,0.0,5726.9,Chemicals
2026-03-29T03:27:08,63e92105-e6ea-4cd3-88fe-883ea2d28a78,CMA-CGM,Tanger Med,Rotterdam,2026-04-08T03:27:08,2026-04-08T20:09:08,16.7,6735.6,Food
2026-05-11T12:43:01,a6b9e6eb-4e53-4c68-9614-14bc7a4a652b,Maersk,Ningbo,New York,2026-05-28T12:43:01,2026-05-28T12:43:01,0.0,20836.4,Electronics
2026-04-09T04:33:49,b9d4a0f8-30b7-4c00-8f76-6cfa1ad562de,CMA-CGM,Casablanca,Marseille,2026-04-22T04:33:49,2026-04-22T04:33:49,0.0,12642.0,Textiles
2026-06-17T16:40:50,a69e4d6e-c7c6-4198-9883-9e8ec2979d49,Evergreen,Tanger Med,Barcelona,2026-06-25T16:40:50,2026-06-25T16:40:50,0.0,16432.0,Automotive
2026-08-15T02:05:24,43b9da2a-27ed-4dd1-94a5-c775922dc57b,CMA-CGM,Shanghai,Rotterdam,2026-08-20T02:05:24,2026-08-20T02:05:24,0.0,10701.6,Electronics
2026-06-05T14:42:34,344be4c1-9496-4408-88d4-1400791aeb47,Comanav,Busan,Los Angeles,2026-07-03T14:42:34,2026-07-03T14:42:34,0.0,22833.1,Electronics
2026-05-17T15:10:34,9f4b3c8e-b48a-4e01-b256-0817d5ae0255,MSC,Ningbo,New York,2026-06-13T15:10:34,2026-06-13T15:10:34,0.0,13686.9,Food
2026-07-18T20:36:12,44163f4b-3e59-4f51-a88b-51813a26e571,Evergreen,Tanger Med,Rotterdam,2026-08-09T20:36:12,2026-08-13T15:24:12,90.8,21724.3,Chemicals
2026-03-27T16:12:49,a6005eba-28bd-4e0c-9b87-a2fe8600b5b9,MSC,Ningbo,New York,2026-04-04T16:12:49,2026-04-04T16:12:49,0.0,11349.8,Chemicals
2026-05-04T23:41:15,c774c831-2258-42bf-a360-dc721a8093b5,Comanav,Ningbo,New York,2026-05-12T23:41:15,2026-05-17T06:23:15,102.7,15752.4,Chemicals
2026-07-28T13:05:49,f8ad6e08-0c1c-4fc3-a045-a9848e2be4a8,CMA-CGM,Singapore,Felixstowe,2026-08-19T13:05:49,2026-08-19T13:05:49,0.0,16747.6,Food
2026-04-29T02:18:08,fd852a1f-a721-4990-b203-35480fa68869,Marsa Maroc,Agadir,Hamburg,2026-05-22T02:18:08,2026-05-22T02:18:08,0.0,15654.4,Chemicals
2026-07-20T03:06:10,84a52879-b946-4149-8ab3-89cd59e27294,Evergreen,Shanghai,Rotterdam,2026-08-06T03:06:10,2026-08-06T03:06:10,0.0,17372.9,Electronics
2026-08-13T03:29:51,05dbd9ca-0cd9-4927-99cb-65eb320b81b0,CMA-CGM,Shenzhen,Hamburg,2026-09-05T03:29:51,2026-09-05T03:29:51,0.0,8182.1,Electronics
2026-06-30T05:05:44,a99e1278-0dce-49ee-9b88-1c0e6282e37c,Maersk,Tanger Med,Barcelona,2026-07-24T05:05:44,2026-07-24T05:05:44,0.0,15178.1,Automotive
2026-02-24T19:52:34,bfebf685-49b8-4a83-bd22-5cee88902644,Comanav,Tanger Med,Rotterdam,2026-03-22T19:52:34,2026-03-27T19:16:34,119.4,6536.7,Chemicals
2026-04-23T17:43:50,c8392498-b257-49f1-9a9f-7d20f17151df,CMA-CGM,Tanger Med,Rotterdam,2026-05-01T17:43:50,2026-05-01T17:43:50,0.0,2425.9,Electronics
2026-03-02T11:35:40,bc83d2a5-189c-4103-bc30-16a8ea76de20,Comanav,Agadir,Hamburg,2026-03-26T11:35:40,2026-03-26T11:35:40,0.0,19396.7,Chemicals
2026-06-14T19:52:38,30c7fb36-076a-4a0b-ba67-57a8a9395f36,COSCO,Agadir,Hamburg,2026-06-29T19:52:38,2026-06-29T19:52:38,0.0,24408.7,Automotive
2026-08-21T19:40:27,22ef11dd-9cef-4662-9156-072f4cdb3516,Evergreen,Tanger Med,Barcelona,2026-09-13T19:40:27,2026-09-13T19:40:27,0.0,9623.5,Electronics
2026-07-30T15:49:19,d16e6dd2-9daf-404c-a8ae-a53094eee78d,COSCO,Singapore,Felixstowe,2026-08-04T15:49:19,2026-08-04T15:49:19,0.0,15055.9,Food
2026-04-13T16:20:52,9a21cf5b-666a-4c2e-adf7-1d8832181602,Comanav,Shanghai,Rotterdam,2026-04-22T16:20:52,2026-04-22T16:20:52,0.0,24296.2,Textiles
2026-02-26T05:48:59,60d2aaa4-672c-4f9b-a8cd-54a5019ed9be,Maersk,Casablanca,Marseille,2026-03-12T05:48:59,2026-03-17T05:42:59,119.9,17219.0,Textiles
2026-04-19T11:20:58,df583735-6485-41f9-af2f-4d1a475cb02b,Evergreen,Ningbo,New York,2026-05-07T11:20:58,2026-05-07T11:20:58,0.0,10556.3,Textiles
2026-05-04T20:41:07,2285cde0-f885-460e-889d-915c6a363ddc,CMA-CGM,Singapore,Felixstowe,2026-05-14T20:41:07,2026-05-14T20:41:07,0.0,19867.3,Textiles
2026-05-01T22:54:32,b5b1452f-a996-4e89-b66b-ebae31d0f335,COSCO,Shenzhen,Hamburg,2026-05-17T22:54:32,2026-05-17T22:54:32,0.0,11355.9,Food
2026-03-04T09:07:38,905115f9-b4fb-4400-86db-ffcf3e2f907c,Evergreen,Tanger Med,Rotterdam,2026-03-23T09:07:38,2026-03-25T06:25:38,45.3,8313.8,Automotive
2026-05-15T21:25:04,ca9f3ea7-a890-4839-a9dc-5f3cf2d96447,Comanav,Agadir,Hamburg,2026-06-05T21:25:04,2026-06-06T12:31:04,15.1,3706.0,Textiles
2026-02-24T20:14:40,e556d08e-66c7-4483-a98b-2f9f67b6a23a,Comanav,Shanghai,Rotterdam,2026-03-13T20:14:40,2026-03-17T20:50:40,96.6,21430.1,Automotive
2026-07-29T06:24:35,642dd316-1ae0-4526-8ec6-0a9a1629120e,CMA-CGM,Singapore,Felixstowe,2026-08-25T06:24:35,2026-08-25T06:24:35,0.0,3155.8,Textiles
2026-03-14T15:14:47,4beb182a-086b-4ffe-b310-89f3cd508662,MSC,Shenzhen,Hamburg,2026-03-20T15:14:47,2026-03-20T15:14:47,0.0,23331.9,Chemicals
2026-07-08T22:56:21,7e932c0f-5aec-41d6-8bd8-b7c3d40542d1,Comanav,Casablanca,Marseille,2026-07-18T22:56:21,2026-07-18T22:56:21,0.0,4227.8,Automotive
2026-04-27T07:50:15,23cf703e-d460-42ac-a57a-806cd0aacc8e,COSCO,Busan,Los Angeles,2026-05-17T07:50:15,2026-05-17T07:50:15,0.0,12111.7,Chemicals
2026-05-31T09:39:19,5f804d57-27a7-4849-908b-b8796cf9c1da,Comanav,Casablanca,Marseille,2026-06-15T09:39:19,2026-06-15T09:39:19,0.0,10058.5,Electronics
2026-07-09T01:17:19,82c08492-908c-4820-85c3-965a00e1608c,MSC,Tanger Med,Barcelona,2026-07-22T01:17:19,2026-07-22T01:17:19,0.0,2947.9,Textiles
2026-08-15T06:49:46,8a079eaa-5495-413e-9cca-b31d38025261,Comanav,Ningbo,New York,2026-08-28T06:49:46,2026-08-28T06:49:46,0.0,13168.2,Chemicals
2026-08-15T04:07:08,e1a8623a-c24c-4126-b1a2-3736e797004f,Maersk,Tanger Med,Rotterdam,2026-09-13T04:07:08,2026-09-16T02:07:08,70.0,3154.5,Food
2026-07-13T03:46:12,cd211138-c0da-455b-940c-3ed490b74b60,COSCO,Ningbo,New York,2026-08-02T03:46:12,2026-08-02T03:46:12,0.0,24795.1,Automotive
2026-04-11T02:34:43,0fd950dc-4f6f-4fe8-b8d6-7889d5d46d80,Comanav,Agadir,Hamburg,2026-04-18T02:34:43,2026-04-18T02:34:43,0.0,15090.3,Textiles
2026-03-07T20:52:10,d7b2e23c-c285-4fea-9134-70cfc4f7502b,Comanav,Busan,Los Angeles,2026-03-12T20:52:10,2026-03-14T14:22:10,41.5,3805.3,Chemicals
2026-05-23T23:01:35,f96dc24f-17e2-46ff-a21a-bf63d873ceb8,Comanav,Shanghai,Rotterdam,2026-06-02T23:01:35,2026-06-02T23:01:35,0.0,10912.2,Automotive
2026-07-17T15:38:30,1706cebe-da29-4454-8fc4-3e2a0e28728b,MSC,Tanger Med,Barcelona,2026-07-23T15:38:30,2026-07-23T15:38:30,0.0,6655.1,Chemicals
2026-08-19T19:49:21,99891a8c-b0a2-4c33-934e-f393bcb1875c,MSC,Shenzhen,Hamburg,2026-09-06T19:49:21,2026-09-06T19:49:21,0.0,14924.2,Chemicals
2026-08-02T05:59:07,4bbff79f-5588-4999-93b1-1dadf2b40a7d,Maersk,Ningbo,New York,2026-08-21T05:59:07,2026-08-21T05:59:07,0.0,24355.7,Automotive
2026-04-17T23:11:59,cfba3f81-c071-4119-972c-aab005f3069d,CMA-CGM,Shenzhen,Hamburg,2026-05-08T23:11:59,2026-05-08T23:11:59,0.0,3634.0,Food
2026-08-17T07:25:39,924c83ae-ac92-412c-b3f6-5e56cb694fbb,Evergreen,Agadir,Hamburg,2026-09-01T07:25:39,2026-09-03T10:31:39,51.1,18934.3,Textiles
2026-06-18T19:59:54,06fc89cf-2a40-4bad-986b-ecff33317f15,Maersk,Tanger Med,Rotterdam,2026-07-14T19:59:54,2026-07-16T11:29:54,39.5,16494.1,Textiles
2026-06-14T16:37:59,bbe26018-f134-49e8-a1cb-0a97ebd44448,CMA-CGM,Busan,Los Angeles,2026-07-12T16:37:59,2026-07-12T16:37:59,0.0,5321.8,Electronics
2026-04-22T12:03:26,965ac3ff-c860-43d6-b5cb-fe0d96c614e3,MSC,Tanger Med,Barcelona,2026-05-03T12:03:26,2026-05-03T12:03:26,0.0,17966.7,Chemicals
2026-05-18T10:53:06,15edf42d-e58c-4da3-9fda-8fe60f04c5e3,Comanav,Shanghai,Rotterdam,2026-06-09T10:53:06,2026-06-09T10:53:06,0.0,18543.7,Chemicals
2026-03-17T02:30:49,597daf75-f02b-4ccf-abf3-a4e5399e0574,COSCO,Tanger Med,Barcelona,2026-04-05T02:30:49,2026-04-07T09:30:49,55.0,5553.9,Textiles
2026-06-09T17:02:21,617b1212-2f95-4052-b6fb-bad1f38c77fe,COSCO,Casablanca,Marseille,2026-06-19T17:02:21,2026-06-19T17:02:21,0.0,21756.4,Food
2026-02-13T15:51:25,62798a06-3f59-4e4e-8142-da96499ac415,COSCO,Ningbo,New York,2026-03-11T15:51:25,2026-03-11T15:51:25,0.0,2283.0,Chemicals
2026-07-24T03:03:11,984dba00-5e0d-466e-983c-095829dd00a3,Marsa Maroc,Shenzhen,Hamburg,2026-07-29T03:03:11,2026-07-29T03:03:11,0.0,1989.1,Electronics
2026-03-14T06:46:52,07a889ef-2abf-44d1-9a58-d715f1e597c7,MSC,Singapore,Felixstowe,2026-03-20T06:46:52,2026-03-20T06:46:52,0.0,18011.6,Automotive
2026-04-09T06:24:25,22a08463-f69b-4b5e-9831-d687f3e598aa,COSCO,Tanger Med,Rotterdam,2026-05-03T06:24:25,2026-05-08T04:06:25,117.7,8462.5,Food
2026-05-14T05:35:38,0576430d-8186-4539-aefa-0d41e2227057,Comanav,Ningbo,New York,2026-05-23T05:35:38,2026-05-23T05:35:38,0.0,22398.0,Textiles
2026-05-20T23:08:29,74df2530-f024-4c58-913b-854fb533fa95,CMA-CGM,Agadir,Hamburg,2026-05-25T23:08:29,2026-05-25T23:08:29,0.0,23060.4,Electronics
2026-04-30T10:11:46,1970fe55-0f5a-4e98-9633-bfd20e499af2,Maersk,Ningbo,New York,2026-05-27T10:11:46,2026-05-27T10:11:46,0.0,11293.3,Food
2026-05-13T06:52:20,f3239cc7-f38d-4604-8d0c-2a66afba9344,Evergreen,Shanghai,Rotterdam,2026-05-20T06:52:20,2026-05-22T08:10:20,49.3,4720.1,Textiles
2026-05-28T12:02:26,19b65016-b0e6-4c62-9756-09726a383e4a,Marsa Maroc,Shanghai,Rotterdam,2026-06-13T12:02:26,2026-06-13T12:02:26,0.0,10973.7,Food
2026-07-16T00:53:01,0d0e065e-030a-4f86-9cc4-1e00cd1e39c9,Comanav,Agadir,Hamburg,2026-08-07T00:53:01,2026-08-10T15:17:01,86.4,12140.2,Food
2026-02-09T18:54:05,bbd19b2f-3246-45ef-a86e-9b155e19dfa3,COSCO,Agadir,Hamburg,2026-03-08T18:54:05,2026-03-08T18:54:05,0.0,3125.3,Textiles
2026-02-08T10:56:06,0f455c84-8482-4104-9df7-ce050307cb5a,Marsa Maroc,Agadir,Hamburg,2026-03-04T10:56:06,2026-03-04T10:56:06,0.0,13647.5,Food
2026-08-19T02:54:22,1d462b1e-9ef6-4e7c-819a-b5b683cdfa2c,Marsa Maroc,Ningbo,New York,2026-09-01T02:54:22,2026-09-04T22:18:22,91.4,20195.7,Food
2026-03-31T09:15:24,4eb8f5fe-2150-4b1b-a238-d9ea4bcec31c,Evergreen,Singapore,Felixstowe,2026-04-21T09:15:24,2026-04-21T09:15:24,0.0,4297.6,Food
2026-04-22T06:20:49,d5f98ea9-8f66-4ea9-95e2-20524fdd60d4,CMA-CGM,Tanger Med,Rotterdam,2026-05-07T06:20:49,2026-05-07T06:20:49,0.0,17725.4,Chemicals
2026-02-13T06:53:15,44418d2f-c3c2-497f-b9a6-02cbb03a8ce6,CMA-CGM,Tanger Med,Barcelona,2026-03-04T06:53:15,2026-03-04T06:53:15,0.0,6717.9,Automotive
2026-05-19T21:41:16,fc57a8cb-1be7-4b7d-a115-bc5063408b6e,Comanav,Tanger Med,Rotterdam,2026-05-26T21:41:16,2026-05-31T20:11:16,118.5,13741.0,Chemicals
2026-05-25T00:26:57,46fcd796-a25b-401c-ba47-0a212477db4c,MSC,Shanghai,Rotterdam,2026-06-07T00:26:57,2026-06-07T00:26:57,0.0,5491.5,Food
2026-06-08T15:05:26,2f7d0aa6-c325-4789-94de-ccbf86bbe02d,Evergreen,Agadir,Hamburg,2026-06-27T15:05:26,2026-06-27T15:05:26,0.0,6268.9,Food
2026-06-07T22:42:51,29ad40df-f88a-4b3d-9827-8a1b66f445f7,MSC,Tanger Med,Barcelona,2026-06-15T22:42:51,2026-06-19T09:54:51,83.2,12749.2,Chemicals
2026-08-01T14:09:56,0ec299f1-de22-48d7-b983-04e92356f6e9,Evergreen,Casablanca,Marseille,2026-08-12T14:09:56,2026-08-15T09:57:56,67.8,13109.8,Electronics
2026-07-15T05:00:19,a54d836a-4f67-4ba3-990f-c80cdca32d14,MSC,Ningbo,New York,2026-07-25T05:00:19,2026-07-25T05:00:19,0.0,1597.2,Electronics
2026-07-02T10:12:19,8eaa1fa1-3ff7-412f-80be-b6310a96cf34,MSC,Tanger Med,Rotterdam,2026-07-14T10:12:19,2026-07-14T10:12:19,0.0,551.8,Electronics
2026-08-07T06:10:17,e2ec9abd-6f60-4e78-809e-74353c10c4b0,COSCO,Ningbo,New York,2026-08-26T06:10:17,2026-08-26T06:10:17,0.0,3308.1,Electronics
2026-05-12T20:47:53,c299182b-ec6d-4b31-bd06-cfeed21b9972,Comanav,Ningbo,New York,2026-06-06T20:47:53,2026-06-06T20:47:53,0.0,21762.0,Chemicals
2026-05-19T17:51:20,57e7e342-fecb-4f68-a8ed-59d0cca86286,Maersk,Singapore,Felixstowe,2026-05-24T17:51:20,2026-05-24T17:51:20,0.0,20536.8,Automotive
2026-07-30T05:56:26,1ea6672f-f018-464f-89fa-fd4b88bf8d9a,COSCO,Shenzhen,Hamburg,2026-08-29T05:56:26,2026-08-29T05:56:26,0.0,2011.9,Automotive
2026-06-11T08:11:46,eed21211-022c-4b6d-b2fe-f264cd7b16d8,CMA-CGM,Ningbo,New York,2026-06-26T08:11:46,2026-06-26T08:11:46,0.0,16208.3,Electronics
2026-07-27T05:43:47,fbdbdf7e-aaab-4160-959b-f13d9dcfb7d1,Comanav,Ningbo,New York,2026-08-02T05:43:47,2026-08-03T23:31:47,41.8,19684.4,Food
2026-03-25T17:37:04,9e8c6b7b-85c3-4931-97a0-d78d87c481cb,MSC,Casablanca,Marseille,2026-04-09T17:37:04,2026-04-09T17:37:04,0.0,21725.7,Food
2026-02-05T20:29:03,c3e4e555-7bc1-4946-9052-c47a53fb07b3,Comanav,Shenzhen,Hamburg,2026-03-03T20:29:03,2026-03-04T12:17:03,15.8,5364.6,Electronics
2026-06-25T08:04:27,a5ed8c1b-58bd-4f6e-a3c0-6a2cbf204194,Comanav,Busan,Los Angeles,2026-07-24T08:04:27,2026-07-24T08:04:27,0.0,4968.3,Textiles
2026-05-21T18:44:22,25b22967-296f-4ab7-8819-e205a8b3db45,CMA-CGM,Shanghai,Rotterdam,2026-06-18T18:44:22,2026-06-18T18:44:22,0.0,11219.6,Electronics
2026-05-28T21:59:50,1cc35af4-0f12-4b78-9f48-570b8cd4798c,Maersk,Shenzhen,Hamburg,2026-06-24T21:59:50,2026-06-24T21:59:50,0.0,11104.8,Chemicals
2026-04-04T23:36:26,0c21126b-179f-4051-9086-d5688abd0b3e,CMA-CGM,Singapore,Felixstowe,2026-04-11T23:36:26,2026-04-11T23:36:26,0.0,22672.2,Chemicals
2026-08-28T02:07:39,8c285a33-7682-45e5-b7e3-44a4a89334d6,CMA-CGM,Shenzhen,Hamburg,2026-09-04T02:07:39,2026-09-04T02:07:39,0.0,17750.0,Automotive
2026-02-23T19:00:16,6ba6505a-4ffd-4949-9b7d-3567a0f907d9,Maersk,Shanghai,Rotterdam,2026-03-25T19:00:16,2026-03-25T19:00:16,0.0,8436.3,Chemicals
2026-06-15T14:23:26,c32d0b14-70d9-473a-8ba9-58ee6edabe90,Comanav,Shanghai,Rotterdam,2026-07-09T14:23:26,2026-07-09T14:23:26,0.0,13308.4,Electronics
2026-05-25T09:00:38,39e7a4f9-09e3-4db2-96cf-6f7847af587b,Comanav,Shenzhen,Hamburg,2026-06-16T09:00:38,2026-06-16T09:00:38,0.0,11032.5,Food
2026-06-13T06:29:49,987300c3-0490-4b55-8998-5439e91bd87f,CMA-CGM,Agadir,Hamburg,2026-07-05T06:29:49,2026-07-05T06:29:49,0.0,13590.2,Food
2026-05-30T12:45:16,1e9e1e10-d4e7-4ff6-a651-5898da4f948d,MSC,Singapore,Felixstowe,2026-06-16T12:45:16,2026-06-16T12:45:16,0.0,19730.3,Food
2026-05-23T10:03:56,b6d83de0-a1f0-4080-a021-b92f7a91382d,Evergreen,Agadir,Hamburg,2026-06-10T10:03:56,2026-06-10T10:03:56,0.0,13241.0,Food
2026-06-04T00:56:06,2f3c5137-2f41-4c72-8f39-34ec2d5da1d9,COSCO,Tanger Med,Barcelona,2026-06-25T00:56:06,2026-06-28T12:14:06,83.3,12389.7,Food
2026-05-08T03:38:35,11095978-00a1-484e-a539-47d1b7b4723b,CMA-CGM,Tanger Med,Barcelona,2026-05-13T03:38:35,2026-05-13T03:38:35,0.0,14988.4,Automotive
2026-04-21T05:26:32,40e019cd-e76c-41af-a991-0c54ff25887b,COSCO,Shenzhen,Hamburg,2026-04-28T05:26:32,2026-04-28T05:26:32,0.0,22471.4,Electronics
2026-05-28T07:46:39,65e2bfd9-1fc3-4807-857e-c2c02208e8fb,MSC,Agadir,Hamburg,2026-06-02T07:46:39,2026-06-03T10:04:39,26.3,22088.9,Textiles
2026-02-26T01:10:41,6f69b28c-485d-4532-8eaf-e869b4bb8729,Comanav,Busan,Los Angeles,2026-03-23T01:10:41,2026-03-23T01:10:41,0.0,14197.2,Automotive
2026-07-21T22:28:13,8bc5506f-5e54-409e-810d-b2cfb1c50524,Maersk,Singapore,Felixstowe,2026-08-04T22:28:13,2026-08-07T22:16:13,71.8,643.2,Food
2026-06-26T02:45:17,42752345-35cb-4dd3-8c10-df2499e74560,MSC,Shenzhen,Hamburg,2026-07-03T02:45:17,2026-07-03T02:45:17,0.0,9349.6,Food
2026-04-05T08:14:15,dab31759-da21-4d7d-86b7-dcda0a2f6008,Maersk,Shenzhen,Hamburg,2026-04-24T08:14:15,2026-04-24T08:14:15,0.0,7624.3,Electronics
2026-02-24T21:15:37,640973e6-5713-4e54-979b-6d51eb145d08,COSCO,Casablanca,Marseille,2026-03-10T21:15:37,2026-03-10T21:15:37,0.0,5029.5,Electronics
2026-08-15T03:51:02,972dcc9c-849d-434d-91a5-80f3cba9831a,Evergreen,Tanger Med,Barcelona,2026-09-10T03:51:02,2026-09-13T13:33:02,81.7,4044.0,Electronics
2026-06-05T19:14:05,27b91e58-d1b8-4ec4-8100-43cb82b2da1d,MSC,Singapore,Felixstowe,2026-06-23T19:14:05,2026-06-23T19:14:05,0.0,4486.6,Food
2026-05-19T18:01:41,b8593af1-65a6-4bb2-b9a6-539b6ec46220,CMA-CGM,Busan,Los Angeles,2026-06-09T18:01:41,2026-06-09T18:01:41,0.0,11507.3,Textiles
2026-08-01T13:18:53,c9d61868-222b-401f-9d99-64b579fca636,CMA-CGM,Shenzhen,Hamburg,2026-08-10T13:18:53,2026-08-10T13:18:53,0.0,14062.0,Textiles
2026-07-30T03:08:06,f83506fd-95a2-48d0-8eaf-454261f024eb,COSCO,Shenzhen,Hamburg,2026-08-05T03:08:06,2026-08-05T03:08:06,0.0,19597.8,Automotive
2026-07-06T18:59:04,246a870e-1148-49c0-afd1-a241b4f5b565,Comanav,Tanger Med,Rotterdam,2026-07-29T18:59:04,2026-07-29T18:59:04,0.0,21191.8,Textiles
2026-03-09T17:11:49,5a7b83bd-1879-4b15-9eea-b41ac464ada4,Comanav,Busan,Los Angeles,2026-03-14T17:11:49,2026-03-14T17:11:49,0.0,942.5,Electronics
2026-04-26T18:08:15,e50d0271-9e0a-44c8-b871-fcc151dc918a,Marsa Maroc,Tanger Med,Barcelona,2026-05-13T18:08:15,2026-05-13T18:08:15,0.0,17751.1,Textiles
2026-07-06T06:32:55,05cd4c84-a7dd-491f-8410-f535f0743c0d,CMA-CGM,Singapore,Felixstowe,2026-07-12T06:32:55,2026-07-12T06:32:55,0.0,5676.2,Automotive
2026-05-06T08:34:30,57e56adf-9d27-45bc-ac0f-34f0c52f6dc5,Comanav,Shanghai,Rotterdam,2026-05-26T08:34:30,2026-05-29T02:52:30,66.3,23028.8,Food
2026-08-02T18:10:24,bce038a7-8887-4b06-9a69-71c548b281e6,Marsa Maroc,Shenzhen,Hamburg,2026-09-01T18:10:24,2026-09-01T18:10:24,0.0,1931.1,Chemicals
2026-06-27T05:26:07,1b8217ef-2b2f-4a0d-8891-242f3546ee5c,Marsa Maroc,Ningbo,New York,2026-07-18T05:26:07,2026-07-18T05:26:07,0.0,17376.8,Chemicals
2026-09-05T00:31:01,6bf87bde-4858-4189-85f1-96e0adb29a67,Maersk,Agadir,Hamburg,2026-09-14T00:31:01,2026-09-14T20:19:01,19.8,23569.1,Food
2026-06-05T14:01:06,3bf8619e-d34b-4860-9413-eba7881022fc,Maersk,Shenzhen,Hamburg,2026-06-25T14:01:06,2026-06-25T14:01:06,0.0,19764.4,Food
2026-04-28T00:23:25,308f0cc5-2890-46c9-8d9e-b2ee95467130,Maersk,Tanger Med,Rotterdam,2026-05-06T00:23:25,2026-05-06T00:23:25,0.0,24380.8,Food
2026-04-21T08:18:30,da6c9ce2-349e-4a11-a9d8-f579d16e37dc,Comanav,Casablanca,Marseille,2026-05-10T08:18:30,2026-05-11T08:06:30,23.8,20498.9,Electronics
2026-06-05T02:15:57,dec6af7c-4f1d-4ae4-a0b5-ba19bb40cb98,MSC,Shenzhen,Hamburg,2026-06-23T02:15:57,2026-06-23T02:15:57,0.0,22062.7,Textiles
2026-03-08T21:43:35,10414b77-8fa5-4bb1-bd75-7675faa98992,Comanav,Agadir,Hamburg,2026-04-07T21:43:35,2026-04-07T21:43:35,0.0,20610.0,Automotive
2026-08-24T19:59:44,c931857c-1f32-4ade-80e7-8df014a54880,Maersk,Agadir,Hamburg,2026-08-30T19:59:44,2026-08-30T19:59:44,0.0,20336.7,Food
2026-04-14T16:31:32,229a6c14-560b-4626-846d-9bcb528c5743,Marsa Maroc,Shenzhen,Hamburg,2026-04-19T16:31:32,2026-04-19T16:31:32,0.0,12354.7,Electronics
2026-05-10T10:48:35,c4056d43-fba1-41a1-b996-2c4f1addc916,Evergreen,Ningbo,New York,2026-06-09T10:48:35,2026-06-09T10:48:35,0.0,17928.7,Textiles
2026-04-16T02:19:14,263c5d98-31e9-47b1-a3b0-43ad5e0019a3,Comanav,Agadir,Hamburg,2026-05-11T02:19:14,2026-05-11T02:19:14,0.0,14403.4,Chemicals
2026-06-17T08:19:16,49d0ced4-c16f-4adf-993c-8299f59fd94d,Evergreen,Singapore,Felixstowe,2026-07-09T08:19:16,2026-07-09T08:19:16,0.0,21697.5,Chemicals
2026-03-11T16:20:04,1c6a1208-5fe2-4b1a-9b54-584fd43d7f85,MSC,Shenzhen,Hamburg,2026-04-04T16:20:04,2026-04-04T16:20:04,0.0,23935.5,Electronics
2026-04-28T07:33:10,098beaee-7b62-44dc-a2f5-792899172a9d,Comanav,Singapore,Felixstowe,2026-05-26T07:33:10,2026-05-26T07:33:10,0.0,15797.9,Food
2026-07-05T23:28:52,8f1951d1-cc07-4b00-94a5-a189c6b8f58b,COSCO,Casablanca,Marseille,2026-07-16T23:28:52,2026-07-21T03:04:52,99.6,2524.7,Electronics
2026-05-11T17:34:01,7ed1f6d6-02c4-429a-8a11-49e9118cc876,CMA-CGM,Tanger Med,Rotterdam,2026-05-26T17:34:01,2026-05-26T17:34:01,0.0,9119.0,Food
2026-06-02T06:14:31,3ab4e193-13f4-436c-ab9f-eaf3dcf3f47b,MSC,Singapore,Felixstowe,2026-06-28T06:14:31,2026-06-28T06:14:31,0.0,11972.7,Textiles
2026-07-12T07:05:18,0ac61b3e-d43a-425b-8f3b-f0449aa128b6,Comanav,Agadir,Hamburg,2026-08-11T07:05:18,2026-08-11T07:05:18,0.0,11227.3,Food
2026-06-28T16:05:58,af04ebe0-83e0-4cdd-83ca-16add2d621ec,CMA-CGM,Agadir,Hamburg,2026-07-07T16:05:58,2026-07-07T16:05:58,0.0,1981.6,Textiles
2026-07-17T08:19:52,cfa87792-5c3f-4a2f-95ca-3b72c3af05ae,COSCO,Ningbo,New York,2026-07-23T08:19:52,2026-07-23T08:19:52,0.0,11471.2,Food
2026-05-14T04:35:17,7f525828-40c1-4c9b-9df7-6a479f267ab1,MSC,Ningbo,New York,2026-06-10T04:35:17,2026-06-14T16:47:17,108.2,23308.2,Food
2026-06-09T04:45:18,e286d35d-b5bb-443e-ad7f-5690ed92c08e,Evergreen,Agadir,Hamburg,2026-06-23T04:45:18,2026-06-25T03:03:18,46.3,6082.4,Textiles
2026-08-06T02:33:44,c78c0baa-1ebf-4309-a872-361d42683888,MSC,Singapore,Felixstowe,2026-08-28T02:33:44,2026-08-28T02:33:44,0.0,8682.8,Chemicals
2026-03-19T17:48:10,3d1b6e88-7844-4b6b-bb31-03aa3ca4f2ec,CMA-CGM,Busan,Los Angeles,2026-04-15T17:48:10,2026-04-15T17:48:10,0.0,9322.6,Food
2026-08-23T17:43:07,27a8f904-56b2-4f27-905f-d3b0f703bafb,CMA-CGM,Shenzhen,Hamburg,2026-08-30T17:43:07,2026-08-30T17:43:07,0.0,10228.1,Automotive
2026-03-16T20:18:19,32868ca2-621a-42bd-ad9e-2b7f00476b5c,Marsa Maroc,Casablanca,Marseille,2026-03-21T20:18:19,2026-03-21T20:18:19,0.0,13750.6,Textiles
2026-03-22T15:46:43,1a056e55-a58a-4340-9b51-a5e43e7f5e58,Maersk,Shenzhen,Hamburg,2026-03-28T15:46:43,2026-03-28T15:46:43,0.0,17646.0,Electronics
2026-08-23T09:24:23,3d6825f4-dc8f-44a2-a61d-6d155822b9bb,MSC,Tanger Med,Barcelona,2026-08-31T09:24:23,2026-09-05T09:06:23,119.7,11836.1,Food
2026-04-21T13:16:46,a96c7d30-d396-47e3-b418-4d6e635de7b7,Maersk,Singapore,Felixstowe,2026-05-15T13:16:46,2026-05-16T03:22:46,14.1,8549.1,Textiles
2026-08-25T08:47:14,a664ffa3-82b4-42d5-8af7-2dcf2ff723d0,Marsa Maroc,Busan,Los Angeles,2026-09-11T08:47:14,2026-09-11T08:47:14,0.0,17716.1,Automotive
2026-03-20T12:45:55,10c1e4f0-d2f4-402a-941a-1768e5edf3ef,COSCO,Tanger Med,Rotterdam,2026-04-16T12:45:55,2026-04-16T12:45:55,0.0,23024.7,Textiles
2026-07-20T05:24:53,f71ed6ef-eb18-491a-a92f-78d02195edfa,Marsa Maroc,Shanghai,Rotterdam,2026-07-27T05:24:53,2026-07-27T05:24:53,0.0,24956.2,Electronics
2026-06-05T20:52:37,74d6a8df-9cef-4963-aa3a-391bb4908a6f,MSC,Casablanca,Marseille,2026-06-24T20:52:37,2026-06-28T21:40:37,96.8,22552.4,Textiles
2026-07-29T10:26:19,d2de62cd-f664-4136-8210-b0684b7b66ff,Maersk,Tanger Med,Rotterdam,2026-08-08T10:26:19,2026-08-08T10:26:19,0.0,19108.9,Electronics
2026-03-13T23:53:38,34044c5f-70c7-45e1-8945-ea67a50d93fc,CMA-CGM,Tanger Med,Barcelona,2026-03-21T23:53:38,2026-03-21T23:53:38,0.0,21639.2,Automotive
2026-04-03T13:21:25,ad3d5605-84a1-467a-9da4-427c937e42c5,Comanav,Shenzhen,Hamburg,2026-04-28T13:21:25,2026-04-28T13:21:25,0.0,14910.9,Chemicals
2026-04-04T08:20:13,283f1c33-4eb1-4489-b340-ecf2218ae102,Maersk,Shenzhen,Hamburg,2026-04-23T08:20:13,2026-04-23T08:20:13,0.0,23918.6,Chemicals
2026-04-28T18:53:58,c4eb8576-296d-40c6-a68c-44d163843d90,Comanav,Tanger Med,Barcelona,2026-05-17T18:53:58,2026-05-17T18:53:58,0.0,21190.9,Chemicals
2026-06-26T01:54:53,44ac0458-910e-4257-b1dc-d2315f6f6f6e,Maersk,Ningbo,New York,2026-07-12T01:54:53,2026-07-12T01:54:53,0.0,14952.2,Textiles
2026-07-11T21:56:39,7ac4c9eb-4542-4445-9b07-b66d591c0f9f,MSC,Tanger Med,Rotterdam,2026-08-06T21:56:39,2026-08-06T21:56:39,0.0,2111.2,Electronics
2026-07-30T16:52:29,4db8c7ad-c414-4419-9f02-2e4b53f2bb0f,CMA-CGM,Singapore,Felixstowe,2026-08-25T16:52:29,2026-08-25T16:52:29,0.0,24261.0,Electronics
2026-04-02T14:56:45,0216a0c1-d690-4d44-ba26-5d63d7a23f47,Marsa Maroc,Agadir,Hamburg,2026-04-25T14:56:45,2026-04-25T14:56:45,0.0,7297.1,Automotive
2026-06-13T20:54:27,272cb1d3-0385-4ac3-9f78-08d01b40f40d,MSC,Tanger Med,Rotterdam,2026-07-01T20:54:27,2026-07-01T20:54:27,0.0,15483.6,Textiles
2026-04-18T01:02:48,96ec4a99-6a10-46b2-8173-8a8d1e3272c2,Maersk,Tanger Med,Barcelona,2026-05-10T01:02:48,2026-05-10T01:02:48,0.0,15529.1,Electronics
2026-03-17T09:13:02,8e5c019a-f0d3-4f18-948e-f424680d169a,Marsa Maroc,Agadir,Hamburg,2026-04-01T09:13:02,2026-04-04T15:49:02,78.6,4769.4,Food
2026-08-08T08:34:58,41501ea4-0ee0-4c9c-b36a-d8977e2a4a7d,CMA-CGM,Shenzhen,Hamburg,2026-09-06T08:34:58,2026-09-06T08:34:58,0.0,22777.9,Food
2026-07-02T04:19:52,e640dd51-9852-4242-b4c6-f6ea2a8d9dbf,MSC,Shenzhen,Hamburg,2026-07-08T04:19:52,2026-07-08T04:19:52,0.0,2231.2,Electronics
2026-04-15T16:07:17,c6ad46af-22cf-4061-84bd-faf844d8675a,COSCO,Singapore,Felixstowe,2026-05-08T16:07:17,2026-05-09T05:31:17,13.4,970.9,Food
2026-06-08T17:13:51,7df03f7f-385a-455e-a195-2fce29bcba95,Comanav,Singapore,Felixstowe,2026-06-30T17:13:51,2026-06-30T17:13:51,0.0,13895.0,Chemicals
2026-03-17T12:43:33,07698e97-d35b-4c90-81b2-6f929112b0ca,CMA-CGM,Busan,Los Angeles,2026-03-23T12:43:33,2026-03-23T12:43:33,0.0,22438.2,Chemicals
2026-02-03T19:55:58,239cb736-c188-4e9b-8677-e071614598fa,CMA-CGM,Ningbo,New York,2026-03-02T19:55:58,2026-03-02T19:55:58,0.0,18058.1,Automotive
2026-08-09T13:26:29,d948362e-9bfb-421e-a219-d2d322fb7293,Evergreen,Agadir,Hamburg,2026-08-23T13:26:29,2026-08-23T13:26:29,0.0,17622.8,Textiles
2026-06-10T05:27:52,4e89548f-99ba-4647-9e3c-97c099350eef,Maersk,Agadir,Hamburg,2026-06-15T05:27:52,2026-06-15T05:27:52,0.0,11732.7,Automotive
2026-05-16T07:35:06,73ea086f-4c4b-466b-a518-5419b927b3fc,CMA-CGM,Shenzhen,Hamburg,2026-05-21T07:35:06,2026-05-21T07:35:06,0.0,16005.6,Electronics
2026-04-24T11:31:10,6f2ede1d-89fb-4d2d-bdb7-fb4cacac707e,COSCO,Tanger Med,Barcelona,2026-05-05T11:31:10,2026-05-07T09:19:10,45.8,3685.2,Chemicals
2026-04-23T12:43:20,1d3989df-e634-4398-a371-91418f2c3e69,CMA-CGM,Casablanca,Marseille,2026-05-01T12:43:20,2026-05-01T12:43:20,0.0,6741.9,Food
2026-08-28T03:11:21,1a65a09c-ef5f-4f0e-8d61-3d5476b075f4,Marsa Maroc,Tanger Med,Rotterdam,2026-09-07T03:11:21,2026-09-07T03:11:21,0.0,14530.7,Automotive
2026-03-23T04:36:17,f139184c-7df7-407d-91ce-19f8d27919dd,Comanav,Agadir,Hamburg,2026-04-04T04:36:17,2026-04-04T04:36:17,0.0,21472.3,Electronics
2026-03-21T06:09:03,c38f46f6-ca0b-47a2-952f-fdc03d91302f,Marsa Maroc,Tanger Med,Rotterdam,2026-04-20T06:09:03,2026-04-20T06:09:03,0.0,1475.9,Chemicals
2026-08-04T10:29:00,60fa88bf-ea7e-433e-8390-4c8d809a8710,CMA-CGM,Tanger Med,Rotterdam,2026-08-16T10:29:00,2026-08-16T10:29:00,0.0,19225.5,Food
2026-07-24T18:23:19,68ed608e-b49b-4cbc-83ed-50b4a94b4085,COSCO,Ningbo,New York,2026-08-14T18:23:19,2026-08-14T18:23:19,0.0,841.6,Electronics
2026-07-18T15:53:59,d4bd01da-1bac-4cdf-ba4c-c0d4c6b553eb,COSCO,Tanger Med,Barcelona,2026-08-04T15:53:59,2026-08-04T15:53:59,0.0,19967.2,Food
2026-07-19T14:48:25,ab3cda70-8363-4f8c-9a1a-4209601af832,CMA-CGM,Tanger Med,Rotterdam,2026-08-14T14:48:25,2026-08-14T14:48:25,0.0,24394.3,Chemicals
2026-08-10T09:41:35,930196ee-305e-43bd-acff-906df51cc00e,Comanav,Shenzhen,Hamburg,2026-09-02T09:41:35,2026-09-02T09:41:35,0.0,24559.5,Chemicals
2026-07-04T20:46:04,08ac3cae-f4ba-4d0c-abee-0f6c169fc7df,Comanav,Shenzhen,Hamburg,2026-07-27T20:46:04,2026-07-28T18:16:04,21.5,15038.8,Food
2026-02-20T19:31:10,39cbac68-5954-4c4e-9ba5-8b4feafd1155,CMA-CGM,Singapore,Felixstowe,2026-03-02T19:31:10,2026-03-02T19:31:10,0.0,6158.2,Automotive
2026-02-13T15:37:31,7d8547d8-ba2d-4a26-b099-191aa94b0554,Marsa Maroc,Singapore,Felixstowe,2026-03-15T15:37:31,2026-03-19T17:43:31,98.1,22176.2,Automotive
2026-05-01T10:40:31,db5d48c9-6fd2-4f4e-845b-cb58ad91d175,CMA-CGM,Busan,Los Angeles,2026-05-17T10:40:31,2026-05-17T10:40:31,0.0,2404.6,Chemicals
2026-06-26T21:33:25,b5754558-2d06-4ef1-9d5a-3a83c7447044,Maersk,Busan,Los Angeles,2026-07-23T21:33:25,2026-07-23T21:33:25,0.0,526.9,Chemicals
2026-02-04T11:12:29,1e591d4a-f02f-4555-8818-238307c736fb,Maersk,Tanger Med,Barcelona,2026-03-06T11:12:29,2026-03-06T11:12:29,0.0,4471.5,Food
2026-06-23T03:14:38,894e1bcf-842d-497f-833f-d60cac6d25e2,MSC,Tanger Med,Rotterdam,2026-07-04T03:14:38,2026-07-04T03:14:38,0.0,23957.2,Electronics
2026-04-28T00:18:13,b381f288-d636-43c5-ae9e-45cb873b125e,Maersk,Casablanca,Marseille,2026-05-14T00:18:13,2026-05-16T20:54:13,68.6,3550.1,Food
2026-03-02T22:59:25,4a8ce62a-149e-410a-a6a2-1f35fd0f8150,Marsa Maroc,Busan,Los Angeles,2026-03-07T22:59:25,2026-03-07T22:59:25,0.0,14355.8,Chemicals
2026-02-22T14:26:12,695f1536-91c6-4ed4-a128-f0f5974c8a98,Comanav,Tanger Med,Barcelona,2026-03-02T14:26:12,2026-03-02T14:26:12,0.0,5680.2,Textiles
2026-05-14T15:11:58,87adbada-5fc5-4383-95a9-cd05cdbd7770,Evergreen,Shenzhen,Hamburg,2026-06-05T15:11:58,2026-06-05T15:11:58,0.0,14919.3,Textiles
2026-05-07T20:56:57,2b933338-7cb5-4ae1-93c4-b54000344f51,Marsa Maroc,Busan,Los Angeles,2026-05-27T20:56:57,2026-05-27T20:56:57,0.0,17422.9,Chemicals
2026-07-06T17:34:21,2ef306f8-6265-4aa3-8027-e3c71fee3171,Evergreen,Ningbo,New York,2026-07-12T17:34:21,2026-07-12T17:34:21,0.0,18885.1,Textiles
2026-06-08T04:54:38,f4f5957d-1f0f-4008-ae23-ca6e48b17c71,COSCO,Agadir,Hamburg,2026-06-30T04:54:38,2026-06-30T04:54:38,0.0,17634.4,Automotive
2026-04-03T01:43:19,cae2b83a-e743-4886-bbb2-6ad1c156efd6,Evergreen,Tanger Med,Barcelona,2026-04-20T01:43:19,2026-04-20T01:43:19,0.0,4287.0,Food
2026-03-10T21:18:36,5ca36abe-a1c5-43c8-a5ab-5f1d70f6d8a0,MSC,Busan,Los Angeles,2026-04-09T21:18:36,2026-04-09T21:18:36,0.0,8626.6,Textiles
2026-07-19T22:56:58,5f44777b-3c9d-4b1b-9778-78f210fad1d9,Marsa Maroc,Tanger Med,Rotterdam,2026-07-27T22:56:58,2026-07-29T01:50:58,26.9,18198.4,Chemicals
2026-09-06T11:26:09,91487d15-8458-48ae-ac18-83e7e10df940,Maersk,Casablanca,Marseille,2026-09-12T11:26:09,2026-09-12T11:26:09,0.0,5736.9,Textiles
2026-06-02T21:11:58,e972a410-f1b1-4e83-b697-2f189079f426,MSC,Ningbo,New York,2026-06-27T21:11:58,2026-07-02T18:59:58,117.8,3814.1,Automotive
2026-04-27T20:44:27,c9eb20e0-23b5-4227-a731-917f6f847b01,CMA-CGM,Tanger Med,Rotterdam,2026-05-04T20:44:27,2026-05-04T20:44:27,0.0,12438.2,Textiles
2026-03-17T08:31:08,a14355bf-4e98-4f44-9758-88a0023ee27e,Marsa Maroc,Agadir,Hamburg,2026-03-26T08:31:08,2026-03-30T17:25:08,104.9,18820.4,Electronics
2026-02-23T18:07:33,dee6e81d-082c-4ae5-aef3-fdef5ed41915,CMA-CGM,Singapore,Felixstowe,2026-03-18T18:07:33,2026-03-18T18:07:33,0.0,5308.9,Electronics
2026-05-30T19:26:47,da2868ca-ae87-4b15-b9ce-e88a5f44d0da,Marsa Maroc,Casablanca,Marseille,2026-06-24T19:26:47,2026-06-24T19:26:47,0.0,3625.7,Automotive
2026-05-25T22:42:41,56b1ec44-7c56-4a5d-8814-2f86f82a2bc4,CMA-CGM,Tanger Med,Rotterdam,2026-06-21T22:42:41,2026-06-21T22:42:41,0.0,5865.9,Automotive
2026-08-06T01:32:28,68011c52-aef4-4bb0-8cdf-b58a83e5a90e,Marsa Maroc,Casablanca,Marseille,2026-08-25T01:32:28,2026-08-25T01:32:28,0.0,21336.9,Automotive
2026-06-24T04:51:06,f7b90667-4f3c-4c4c-a5f9-12ca5231ba4f,MSC,Tanger Med,Barcelona,2026-07-10T04:51:06,2026-07-10T04:51:06,0.0,1515.0,Automotive
2026-07-29T10:03:10,24034280-1834-4bc4-bdb6-06aa38c46251,Maersk,Ningbo,New York,2026-08-16T10:03:10,2026-08-16T10:03:10,0.0,1652.4,Textiles
2026-04-16T23:00:28,cb1abe45-cae5-4837-aa7b-9fcf579ba1aa,MSC,Singapore,Felixstowe,2026-04-21T23:00:28,2026-04-21T23:00:28,0.0,20709.5,Textiles
2026-06-23T02:30:05,f9a83868-4d7f-40e0-ba8f-60159ab2baa0,Comanav,Agadir,Hamburg,2026-07-12T02:30:05,2026-07-12T02:30:05,0.0,9218.5,Food
2026-08-16T08:47:47,e2a3c665-7d4b-4aad-a0a4-96995345f1e6,Evergreen,Tanger Med,Barcelona,2026-09-07T08:47:47,2026-09-07T08:47:47,0.0,19313.7,Electronics
2026-07-11T12:27:39,30ef5c13-00ba-485e-9a2d-69c3c8031187,Evergreen,Casablanca,Marseille,2026-07-18T12:27:39,2026-07-18T12:27:39,0.0,22144.8,Electronics
2026-04-26T04:15:28,9d1ae9f0-ffc7-4aeb-8396-b1965e7687c4,CMA-CGM,Busan,Los Angeles,2026-05-13T04:15:28,2026-05-13T20:39:28,16.4,23649.8,Food
2026-04-26T00:49:32,ffffa789-9dc4-4d50-9bfc-9ceb078eab77,MSC,Ningbo,New York,2026-05-04T00:49:32,2026-05-04T16:01:32,15.2,6574.6,Food
2026-07-11T15:52:57,c87c92f7-fa9f-412f-9a96-4f42007731bb,Maersk,Shanghai,Rotterdam,2026-08-04T15:52:57,2026-08-04T15:52:57,0.0,4474.0,Food
2026-02-25T10:15:19,faa506df-4dd2-4a95-9c78-1e054b7b0a54,Comanav,Tanger Med,Barcelona,2026-03-08T10:15:19,2026-03-10T19:33:19,57.3,842.8,Electronics
2026-05-06T17:00:45,aa54c379-17f9-4c4c-b9f8-88a61dabd7e7,COSCO,Shenzhen,Hamburg,2026-05-28T17:00:45,2026-06-02T13:36:45,116.6,10733.3,Chemicals
2026-05-21T02:49:35,a57c4c4d-cc6c-4bc6-8e6b-51a314a4d701,Comanav,Busan,Los Angeles,2026-05-27T02:49:35,2026-05-27T02:49:35,0.0,17660.4,Automotive
2026-03-30T22:55:35,2a5c5ffc-6441-424f-b30c-5396aafe8d5f,Evergreen,Tanger Med,Barcelona,2026-04-20T22:55:35,2026-04-23T02:01:35,51.1,1980.9,Food
2026-04-23T00:26:08,6b364518-e32e-474c-95eb-424dda446bfb,Comanav,Shanghai,Rotterdam,2026-05-22T00:26:08,2026-05-23T20:56:08,44.5,1386.4,Chemicals
2026-02-11T12:14:47,4cdecb3b-7fb0-4269-bb53-95bb3d92602a,MSC,Singapore,Felixstowe,2026-03-09T12:14:47,2026-03-09T12:14:47,0.0,19370.2,Automotive
2026-09-07T23:31:32,a00d141e-a836-4ee7-8ae4-ab2ae9e708bb,CMA-CGM,Singapore,Felixstowe,2026-09-12T23:31:32,2026-09-12T23:31:32,0.0,15310.7,Automotive
2026-04-26T15:03:07,5448be7e-31e6-4d0b-92d7-8e3467773d66,MSC,Busan,Los Angeles,2026-05-05T15:03:07,2026-05-07T20:39:07,53.6,11129.1,Electronics
2026-04-08T19:57:10,361995fb-ed7d-4553-bdc7-eb876783fa58,CMA-CGM,Tanger Med,Barcelona,2026-04-17T19:57:10,2026-04-17T19:57:10,0.0,19752.8,Automotive
2026-06-29T08:52:47,75209a29-37bd-440a-9f75-e354988753fe,Marsa Maroc,Shenzhen,Hamburg,2026-07-21T08:52:47,2026-07-21T08:52:47,0.0,7030.6,Automotive
2026-02-22T12:15:08,26b934ae-960f-48bf-bd91-4c6929e0bfd1,Marsa Maroc,Tanger Med,Barcelona,2026-03-15T12:15:08,2026-03-18T20:57:08,80.7,23896.5,Food
2026-06-28T17:02:48,896560a7-9243-4ee1-beff-69457b663872,Evergreen,Busan,Los Angeles,2026-07-24T17:02:48,2026-07-24T17:02:48,0.0,18627.7,Chemicals
2026-05-27T08:07:40,ea925436-de32-4fec-9bcb-7b9135268fa7,Marsa Maroc,Casablanca,Marseille,2026-06-08T08:07:40,2026-06-08T08:07:40,0.0,22732.3,Electronics
2026-03-07T20:51:47,22d85949-2d3b-4998-98a2-1c99fb402995,CMA-CGM,Singapore,Felixstowe,2026-03-19T20:51:47,2026-03-19T20:51:47,0.0,8801.5,Automotive
2026-03-05T15:01:23,db517e86-db02-43e8-a6a3-74c266185a45,Marsa Maroc,Casablanca,Marseille,2026-03-19T15:01:23,2026-03-24T12:13:23,117.2,5073.1,Textiles
2026-03-20T23:41:25,5e8a134a-7f87-4e19-ba3c-19d60d27f11c,CMA-CGM,Tanger Med,Rotterdam,2026-04-11T23:41:25,2026-04-11T23:41:25,0.0,6515.3,Automotive
2026-02-09T16:00:23,0e21dc3d-16c9-444d-8d94-8ad407e2e38c,Comanav,Tanger Med,Rotterdam,2026-03-08T16:00:23,2026-03-08T16:00:23,0.0,2427.8,Textiles
2026-03-02T17:34:59,54bf3b13-b57f-4722-a81e-9445cdd2da46,COSCO,Ningbo,New York,2026-03-19T17:34:59,2026-03-19T17:34:59,0.0,24513.4,Textiles
2026-03-26T23:14:21,8134341c-fe67-4a25-8c0d-9ade787fcbb5,Comanav,Shenzhen,Hamburg,2026-04-14T23:14:21,2026-04-14T23:14:21,0.0,10064.9,Food
2026-07-25T20:37:47,0eba5d3d-be5b-4994-9f5d-c58e1698aefe,COSCO,Shanghai,Rotterdam,2026-08-09T20:37:47,2026-08-12T03:55:47,55.3,17946.6,Textiles
2026-08-04T13:18:33,1d5e58c8-9260-420b-94e2-16dd4a58012a,MSC,Shenzhen,Hamburg,2026-08-20T13:18:33,2026-08-23T00:30:33,59.2,14325.8,Textiles
2026-06-28T16:13:19,f763f03c-e424-45a7-a0e2-f0ecefd6beb7,COSCO,Singapore,Felixstowe,2026-07-26T16:13:19,2026-07-26T16:13:19,0.0,12818.3,Electronics
2026-04-04T23:59:22,23e1268e-b175-4f60-9243-56ed58c2ea41,MSC,Singapore,Felixstowe,2026-04-17T23:59:22,2026-04-17T23:59:22,0.0,4838.5,Textiles
2026-05-16T03:41:29,a6f745d9-e401-497a-a53c-fcbcd7ee0bc4,Maersk,Shenzhen,Hamburg,2026-06-07T03:41:29,2026-06-07T03:41:29,0.0,694.0,Textiles
2026-08-25T05:41:39,f2a64645-3751-4126-9e1d-4a7f5d584b1b,Evergreen,Shanghai,Rotterdam,2026-09-01T05:41:39,2026-09-02T13:41:39,32.0,10278.0,Automotive
2026-04-13T11:14:52,7b0b75bf-ab15-41d7-9827-4b43d84494ab,Comanav,Shenzhen,Hamburg,2026-04-29T11:14:52,2026-04-29T11:14:52,0.0,10228.3,Chemicals
2026-05-07T19:21:05,5b72042b-8de8-44b3-92d6-6bf6dbac4b6c,Maersk,Casablanca,Marseille,2026-05-19T19:21:05,2026-05-19T19:21:05,0.0,21817.8,Textiles
2026-02-16T14:43:28,c9924cce-9a47-4185-9515-5f2b544448da,MSC,Casablanca,Marseille,2026-03-04T14:43:28,2026-03-04T14:43:28,0.0,14918.3,Electronics
2026-06-08T22:36:31,b628a4dd-fa4a-4c9e-9947-aa691f9a9dcb,MSC,Shanghai,Rotterdam,2026-06-25T22:36:31,2026-06-25T22:36:31,0.0,20434.1,Electronics
2026-07-20T10:48:22,036cc96a-4991-4f99-9a7b-4220415a167e,Marsa Maroc,Shanghai,Rotterdam,2026-08-11T10:48:22,2026-08-11T10:48:22,0.0,6571.4,Automotive
2026-04-01T05:12:01,a2d7d540-7405-4433-8947-86d49405d837,Comanav,Singapore,Felixstowe,2026-04-09T05:12:01,2026-04-09T05:12:01,0.0,8260.0,Textiles
2026-05-14T20:22:09,f4db5924-25aa-4aeb-82aa-c64c6e3f18e6,Marsa Maroc,Agadir,Hamburg,2026-06-13T20:22:09,2026-06-13T20:22:09,0.0,14381.0,Automotive
2026-04-15T06:27:24,b47dd430-c2fa-4078-81cc-c64d6ed8c5c1,MSC,Busan,Los Angeles,2026-04-23T06:27:24,2026-04-26T19:57:24,85.5,942.8,Food
2026-07-20T15:44:20,c24be64d-614d-4b75-bad8-50031adc44df,COSCO,Tanger Med,Barcelona,2026-08-10T15:44:20,2026-08-15T07:02:20,111.3,3981.2,Electronics
2026-03-13T17:52:17,c36cb232-1507-45fe-84e3-9211e62f3851,CMA-CGM,Tanger Med,Barcelona,2026-04-10T17:52:17,2026-04-10T17:52:17,0.0,2763.3,Food
2026-04-05T17:21:56,4e9a8677-766e-4db3-a6db-30940f430486,CMA-CGM,Shanghai,Rotterdam,2026-04-15T17:21:56,2026-04-15T17:21:56,0.0,20483.3,Textiles
2026-05-28T19:01:05,a70f87c2-69c5-4b4e-827e-deb614891601,COSCO,Casablanca,Marseille,2026-06-18T19:01:05,2026-06-20T11:07:05,40.1,21181.5,Chemicals
2026-03-25T06:40:26,a9db781a-b4d3-4dd7-895a-71750b2b544b,Maersk,Tanger Med,Rotterdam,2026-04-14T06:40:26,2026-04-14T06:40:26,0.0,24139.4,Electronics
2026-03-12T06:26:58,9734b151-f22b-4eed-af2d-d35af7e52dd7,COSCO,Ningbo,New York,2026-04-11T06:26:58,2026-04-11T06:26:58,0.0,18678.3,Automotive
2026-08-22T07:15:51,3cc21283-9a27-4b66-89de-9867efcbc4bc,COSCO,Agadir,Hamburg,2026-09-10T07:15:51,2026-09-10T07:15:51,0.0,14644.0,Chemicals
2026-05-06T03:31:15,704e7b3f-728b-4305-8d25-3928011b2b34,COSCO,Shenzhen,Hamburg,2026-05-17T03:31:15,2026-05-17T03:31:15,0.0,583.4,Textiles
2026-05-11T13:47:57,9ff11dda-d9ac-401a-8630-4b2d09dd7bd0,Marsa Maroc,Tanger Med,Rotterdam,2026-05-17T13:47:57,2026-05-20T21:47:57,80.0,9249.2,Automotive
2026-06-04T03:16:51,eb01d7d1-973a-4c7d-ad97-95637c94ce9a,Evergreen,Busan,Los Angeles,2026-06-11T03:16:51,2026-06-11T03:16:51,0.0,23433.2,Textiles
2026-05-12T07:43:49,fa00327b-2c89-4e52-af75-68bb401f3fc7,Marsa Maroc,Ningbo,New York,2026-05-18T07:43:49,2026-05-18T07:43:49,0.0,23059.0,Chemicals
2026-07-09T00:04:23,1267087a-ddee-4959-a42a-4b07772926a6,Marsa Maroc,Casablanca,Marseille,2026-07-18T00:04:23,2026-07-18T00:04:23,0.0,5064.6,Chemicals
2026-07-20T03:12:17,5f2b24da-fee0-4c9f-ab76-ec4594066c7b,Maersk,Agadir,Hamburg,2026-08-07T03:12:17,2026-08-07T03:12:17,0.0,7877.5,Food
2026-06-12T16:52:21,ef136c89-dce6-4ccb-85fc-82e56b248aff,Comanav,Tanger Med,Barcelona,2026-06-23T16:52:21,2026-06-23T16:52:21,0.0,13462.6,Electronics
2026-04-26T06:47:25,b693c91e-d8e6-488d-b1e0-b13e29dd1495,MSC,Busan,Los Angeles,2026-05-02T06:47:25,2026-05-02T06:47:25,0.0,5353.8,Food
2026-02-17T07:17:16,a6121d8c-22a0-4ab9-a6ae-27e5bc018761,CMA-CGM,Shenzhen,Hamburg,2026-03-16T07:17:16,2026-03-16T07:17:16,0.0,19501.4,Automotive
2026-08-15T18:21:40,a7070c11-18ae-4a2f-9f7f-45f51e737897,Evergreen,Tanger Med,Rotterdam,2026-09-09T18:21:40,2026-09-09T18:21:40,0.0,18293.2,Chemicals
2026-05-11T15:50:53,08e282a4-59bd-4973-8354-efccb7d5587f,CMA-CGM,Agadir,Hamburg,2026-05-20T15:50:53,2026-05-20T15:50:53,0.0,24175.8,Textiles
2026-08-25T16:06:45,57571f91-5654-43cb-a731-a168942a1436,MSC,Agadir,Hamburg,2026-09-03T16:06:45,2026-09-03T16:06:45,0.0,16178.4,Chemicals
2026-06-13T09:26:56,099c0e91-e855-4205-95b4-eccb4b65000f,Marsa Maroc,Agadir,Hamburg,2026-07-07T09:26:56,2026-07-07T09:26:56,0.0,13294.2,Food
2026-05-17T01:44:51,91f205cd-c4c7-4587-9547-898a086373aa,Maersk,Casablanca,Marseille,2026-05-31T01:44:51,2026-05-31T01:44:51,0.0,12105.2,Automotive
2026-02-21T01:31:12,471c4057-bbeb-436a-8072-906bedf0b106,MSC,Shenzhen,Hamburg,2026-03-02T01:31:12,2026-03-02T01:31:12,0.0,10957.1,Food
2026-02-13T22:49:58,a608cf07-76ba-4104-9695-7811a601e109,Maersk,Shenzhen,Hamburg,2026-03-05T22:49:58,2026-03-05T22:49:58,0.0,22731.3,Food
2026-03-14T13:33:59,46ed097a-c1ac-4d69-bab9-3d6c1b850d15,Maersk,Busan,Los Angeles,2026-04-04T13:33:59,2026-04-04T13:33:59,0.0,15374.8,Electronics
2026-04-02T21:17:26,d3e1016d-39eb-4ac5-a37d-49ef00612eda,Comanav,Ningbo,New York,2026-04-12T21:17:26,2026-04-14T06:53:26,33.6,1445.1,Electronics
2026-08-30T21:23:00,36157dea-685e-4e25-ac03-ba55d8c4c23e,Maersk,Busan,Los Angeles,2026-09-08T21:23:00,2026-09-08T21:23:00,0.0,9178.4,Food
2026-04-01T22:07:38,f57f5865-6196-4985-ab31-1a4b777c4063,Evergreen,Agadir,Hamburg,2026-04-27T22:07:38,2026-04-27T22:07:38,0.0,24066.8,Electronics
2026-03-05T23:37:52,69bf89c0-4a98-484a-8bd3-0a2f4875444a,Marsa Maroc,Busan,Los Angeles,2026-04-04T23:37:52,2026-04-07T10:37:52,59.0,17832.6,Textiles
2026-03-17T03:30:00,d79cb73d-9da3-4a47-a8eb-5b42f823b600,Comanav,Ningbo,New York,2026-03-30T03:30:00,2026-03-30T03:30:00,0.0,12222.7,Textiles
2026-03-27T08:05:44,e2de9f2e-9c03-4e62-8819-6c69ce685e55,Comanav,Busan,Los Angeles,2026-04-09T08:05:44,2026-04-09T08:05:44,0.0,5640.6,Automotive
2026-05-29T09:05:14,5dd2a536-6d36-4b83-92d2-4eb317aa90be,MSC,Casablanca,Marseille,2026-06-08T09:05:14,2026-06-11T03:59:14,66.9,16051.1,Food
2026-05-20T18:34:12,3accd2ca-8940-4d21-bb81-073c2b7cbcdd,CMA-CGM,Shanghai,Rotterdam,2026-05-29T18:34:12,2026-05-29T18:34:12,0.0,24764.5,Food
2026-07-30T09:13:48,8c97dda6-90e7-4439-8408-ee8cb6d7fed2,Marsa Maroc,Casablanca,Marseille,2026-08-25T09:13:48,2026-08-28T17:25:48,80.2,5011.2,Textiles
2026-06-06T23:07:36,09d4c2b8-0895-4af9-bd90-75fea3ea6144,Maersk,Singapore,Felixstowe,2026-06-23T23:07:36,2026-06-23T23:07:36,0.0,22266.5,Textiles
2026-05-17T13:49:25,a47e2a7f-0c74-45c7-be64-18a3772027ab,CMA-CGM,Agadir,Hamburg,2026-06-11T13:49:25,2026-06-11T13:49:25,0.0,10045.5,Chemicals
2026-08-03T07:22:43,9cf3f228-e641-4935-8454-ad06c4ff5b33,Maersk,Agadir,Hamburg,2026-08-28T07:22:43,2026-08-28T07:22:43,0.0,1857.8,Chemicals
2026-03-12T10:46:52,37a3837e-7db9-4924-860c-da904fc07632,CMA-CGM,Busan,Los Angeles,2026-03-20T10:46:52,2026-03-20T10:46:52,0.0,654.7,Textiles
2026-03-17T18:17:11,25f9825f-4ecf-4b79-8b6f-c1d5118d91a4,Comanav,Agadir,Hamburg,2026-04-08T18:17:11,2026-04-12T17:41:11,95.4,16503.4,Textiles
2026-04-11T20:20:19,83d4e14d-eab4-4d25-9b58-9e4adcbd9e77,Maersk,Casablanca,Marseille,2026-05-07T20:20:19,2026-05-07T20:20:19,0.0,19481.8,Automotive
2026-03-10T07:38:58,ed6c8534-2aae-4796-810a-0c8c04219aae,Marsa Maroc,Singapore,Felixstowe,2026-03-16T07:38:58,2026-03-16T07:38:58,0.0,7527.2,Chemicals
2026-05-24T20:16:56,96c5e4f6-ab03-4b23-b6ad-833e2281edcc,Evergreen,Agadir,Hamburg,2026-06-21T20:16:56,2026-06-21T20:16:56,0.0,9451.7,Electronics
2026-07-05T21:26:38,e4e7e60d-30e1-4f3a-9ffd-7a15449beed8,Marsa Maroc,Shenzhen,Hamburg,2026-07-18T21:26:38,2026-07-18T21:26:38,0.0,1603.3,Textiles
2026-06-23T10:38:29,e408a07f-a230-4875-b62d-c8726f042064,Evergreen,Shanghai,Rotterdam,2026-06-30T10:38:29,2026-07-05T03:50:29,113.2,16662.4,Textiles
2026-07-16T10:33:47,887db0f9-4303-4f20-b01b-ae8a939b7e14,COSCO,Tanger Med,Barcelona,2026-08-13T10:33:47,2026-08-13T10:33:47,0.0,2398.6,Textiles
2026-04-02T00:16:34,a5957519-7097-4910-8b24-f095a635d5de,COSCO,Shenzhen,Hamburg,2026-04-15T00:16:34,2026-04-15T00:16:34,0.0,23367.0,Electronics
2026-03-26T21:26:59,fca13027-038e-4f80-8cc0-02ba1e8cf716,Evergreen,Singapore,Felixstowe,2026-04-06T21:26:59,2026-04-06T21:26:59,0.0,11546.1,Chemicals
2026-03-08T19:43:02,73956aa4-41c4-46e8-a9ca-dd0ca38c7ce0,Comanav,Shenzhen,Hamburg,2026-03-18T19:43:02,2026-03-18T19:43:02,0.0,20184.0,Automotive
2026-02-22T18:09:09,f7f51f29-6a80-46aa-83e8-0cd730df9b30,CMA-CGM,Tanger Med,Rotterdam,2026-03-04T18:09:09,2026-03-04T18:09:09,0.0,4378.2,Electronics
2026-03-29T17:55:46,f22af3f9-0175-4d23-8350-e721d6b99206,Evergreen,Tanger Med,Barcelona,2026-04-23T17:55:46,2026-04-23T17:55:46,0.0,3830.9,Electronics
2026-04-29T05:17:22,921d66cc-129d-4f66-b354-707ea0f7dae0,CMA-CGM,Casablanca,Marseille,2026-05-06T05:17:22,2026-05-09T06:59:22,73.7,18921.5,Chemicals
2026-06-14T15:20:27,279f0e24-e917-4ef6-8576-3cd4a4130bb9,COSCO,Singapore,Felixstowe,2026-07-06T15:20:27,2026-07-06T15:20:27,0.0,11620.6,Electronics
2026-07-06T20:23:48,c1533c3d-5554-4911-9ad8-d3edb64e0e77,COSCO,Ningbo,New York,2026-07-17T20:23:48,2026-07-17T20:23:48,0.0,10945.9,Chemicals
2026-07-18T23:47:41,10c2688c-c014-455a-a626-36a52468c9a1,Maersk,Agadir,Hamburg,2026-08-17T23:47:41,2026-08-17T23:47:41,0.0,19377.0,Automotive
2026-05-27T04:49:29,a464b5c0-f36e-453f-8cc0-3610c93c4110,Marsa Maroc,Busan,Los Angeles,2026-06-13T04:49:29,2026-06-13T04:49:29,0.0,1193.8,Textiles
2026-03-13T02:22:08,40d52c02-1c1b-4e80-a5a2-742f131eee0a,Evergreen,Ningbo,New York,2026-04-06T02:22:08,2026-04-06T02:22:08,0.0,13845.1,Textiles
2026-06-28T17:05:24,4655dc1f-af1b-422f-84d5-5f20d07b9520,Comanav,Agadir,Hamburg,2026-07-23T17:05:24,2026-07-28T10:41:24,113.6,17281.0,Textiles
2026-06-18T02:24:26,f2f92cbc-2343-437b-8acd-2aad2f171bc4,Maersk,Agadir,Hamburg,2026-07-12T02:24:26,2026-07-12T02:24:26,0.0,19364.1,Textiles
2026-05-06T00:27:59,cebfa96e-c902-4182-8516-6c564f775b42,MSC,Shanghai,Rotterdam,2026-05-11T00:27:59,2026-05-14T13:03:59,84.6,19748.1,Textiles
2026-04-06T04:59:28,4001f4b0-59ae-4af2-a486-d1bd26a0f5ae,MSC,Casablanca,Marseille,2026-04-14T04:59:28,2026-04-14T04:59:28,0.0,4384.2,Food
2026-07-29T15:31:01,59cfb7a2-d4bc-47bf-a856-719f2933d3f1,CMA-CGM,Tanger Med,Barcelona,2026-08-03T15:31:01,2026-08-03T15:31:01,0.0,12414.1,Chemicals
2026-07-11T10:36:08,3957b270-668f-46aa-9711-315de183066d,CMA-CGM,Shanghai,Rotterdam,2026-08-03T10:36:08,2026-08-03T10:36:08,0.0,20088.8,Textiles
2026-07-29T07:14:56,2f3568f1-1420-4435-b52e-95fa9adb6b64,Maersk,Busan,Los Angeles,2026-08-25T07:14:56,2026-08-25T07:14:56,0.0,3936.9,Food
2026-05-31T13:40:04,1aaa22f8-e9db-45b1-a4d1-c730794706a7,COSCO,Busan,Los Angeles,2026-06-14T13:40:04,2026-06-14T13:40:04,0.0,16801.8,Chemicals
2026-07-14T19:07:44,9d94944b-dbe7-4249-b676-06618062ad43,COSCO,Busan,Los Angeles,2026-07-28T19:07:44,2026-07-28T19:07:44,0.0,15030.6,Textiles
2026-08-22T17:33:59,4d3d9da9-beb7-46d8-a53b-383efdb5af32,COSCO,Tanger Med,Barcelona,2026-09-02T17:33:59,2026-09-02T17:33:59,0.0,9015.2,Electronics
2026-07-27T18:54:00,c778c628-21a1-459d-bd5e-8d4d6738074a,Comanav,Shanghai,Rotterdam,2026-08-11T18:54:00,2026-08-11T18:54:00,0.0,10464.3,Textiles
2026-04-22T18:29:25,576d16b2-1743-47c1-b26b-15450fba2b2a,Marsa Maroc,Shenzhen,Hamburg,2026-05-04T18:29:25,2026-05-04T18:29:25,0.0,1422.1,Chemicals
2026-03-26T21:45:48,d1a9265f-227e-48fe-9c1b-054a2c9f96d5,Evergreen,Shanghai,Rotterdam,2026-04-13T21:45:48,2026-04-13T21:45:48,0.0,24090.7,Chemicals
2026-03-27T11:05:50,4777e233-7ebb-4d56-9e2b-eae055d9452b,Maersk,Tanger Med,Barcelona,2026-04-21T11:05:50,2026-04-21T11:05:50,0.0,9273.3,Food
2026-03-08T18:37:26,76e884a0-e42a-4b35-a474-1dc301a57019,MSC,Singapore,Felixstowe,2026-03-23T18:37:26,2026-03-23T18:37:26,0.0,17520.7,Food
2026-04-26T21:40:22,66776404-b906-49db-803c-2091a8931e3b,Marsa Maroc,Busan,Los Angeles,2026-05-01T21:40:22,2026-05-01T21:40:22,0.0,9069.2,Automotive
2026-03-22T06:40:34,4fb9953f-6f89-44cf-9857-c9a551344f07,MSC,Ningbo,New York,2026-04-10T06:40:34,2026-04-10T06:40:34,0.0,5556.1,Textiles
2026-07-25T13:39:33,307d2aff-ec32-4f69-9edc-eed58803c9e0,Maersk,Agadir,Hamburg,2026-08-09T13:39:33,2026-08-09T13:39:33,0.0,22946.0,Food
2026-08-12T10:51:20,384131ef-880b-4c65-81dc-040e4a4134a3,Comanav,Ningbo,New York,2026-09-04T10:51:20,2026-09-04T10:51:20,0.0,15487.2,Textiles
2026-07-23T03:58:24,a34986a0-12c3-40ca-871b-cdcc58cf1eff,COSCO,Shanghai,Rotterdam,2026-08-18T03:58:24,2026-08-18T03:58:24,0.0,7814.2,Textiles
2026-04-26T09:28:15,13a75724-dd4d-4e0b-be5f-b521f23c89fe,Comanav,Shanghai,Rotterdam,2026-05-10T09:28:15,2026-05-10T09:28:15,0.0,8031.1,Textiles
2026-07-12T11:32:01,3e7748dc-f1b5-453b-bcc4-e73fb654528f,Comanav,Tanger Med,Barcelona,2026-07-26T11:32:01,2026-07-26T11:32:01,0.0,10190.3,Food
2026-06-24T06:23:02,4fd0f4d9-3f2d-4c01-9b57-73d9c4c692ea,Comanav,Agadir,Hamburg,2026-07-18T06:23:02,2026-07-18T06:23:02,0.0,17789.3,Textiles
2026-02-21T04:35:12,5638753b-a156-4b75-8d12-801bc3d36211,Evergreen,Shanghai,Rotterdam,2026-03-12T04:35:12,2026-03-12T04:35:12,0.0,14585.5,Textiles
2026-04-15T17:47:45,13ce090a-2dfd-4669-ba56-e7dd18cda7ec,CMA-CGM,Singapore,Felixstowe,2026-04-20T17:47:45,2026-04-20T17:47:45,0.0,17062.5,Food
2026-08-23T14:37:43,15615779-59a0-4164-84cd-6fd5f2820e62,MSC,Casablanca,Marseille,2026-09-04T14:37:43,2026-09-04T14:37:43,0.0,8540.6,Chemicals
2026-08-09T13:38:02,299fe24c-9a91-49f4-bf2b-c7ae29c4264a,Evergreen,Casablanca,Marseille,2026-09-06T13:38:02,2026-09-06T13:38:02,0.0,23411.9,Food
2026-03-15T20:39:12,109c3692-c11a-401c-af0e-37acfb728766,Marsa Maroc,Ningbo,New York,2026-04-13T20:39:12,2026-04-16T23:33:12,74.9,23377.1,Electronics
2026-07-30T17:26:49,1fdb4921-4ae3-42a7-a1e6-3e4ac490111e,MSC,Agadir,Hamburg,2026-08-07T17:26:49,2026-08-12T17:14:49,119.8,19126.1,Chemicals
2026-07-23T03:30:31,9131406f-601e-4221-9883-b32b8ddcd46c,Maersk,Casablanca,Marseille,2026-08-19T03:30:31,2026-08-19T03:30:31,0.0,21580.3,Electronics
2026-03-04T20:29:35,fcb7035e-b338-4ee1-a9ee-d371e3f2d277,CMA-CGM,Busan,Los Angeles,2026-03-18T20:29:35,2026-03-21T16:29:35,68.0,5221.6,Chemicals
2026-03-05T14:20:05,42effd80-0629-4ad3-83e7-59720aa74456,CMA-CGM,Shenzhen,Hamburg,2026-03-25T14:20:05,2026-03-25T14:20:05,0.0,3731.8,Automotive
2026-06-05T14:24:31,e526b5ff-a5de-4d3b-8fc0-c11519575302,MSC,Tanger Med,Rotterdam,2026-06-10T14:24:31,2026-06-10T14:24:31,0.0,7314.4,Chemicals
2026-06-24T00:54:35,9b28015d-e9cd-42ba-8bf9-0009e2724803,COSCO,Shanghai,Rotterdam,2026-07-01T00:54:35,2026-07-01T00:54:35,0.0,15468.0,Food
2026-02-28T19:12:19,0363ec3d-2ef2-4e14-ba71-f3f3cd6cca63,Comanav,Tanger Med,Rotterdam,2026-03-05T19:12:19,2026-03-05T19:12:19,0.0,18563.8,Textiles
2026-04-27T23:41:26,84a4f13d-45d7-409a-b677-5f6ce37e9243,MSC,Tanger Med,Barcelona,2026-05-26T23:41:26,2026-05-26T23:41:26,0.0,18479.1,Chemicals
2026-06-23T09:11:25,bdb7eab0-409e-4e90-b497-aea41e664664,Comanav,Shenzhen,Hamburg,2026-07-10T09:11:25,2026-07-13T06:17:25,69.1,15075.2,Automotive
2026-03-22T23:43:15,3f85203e-528f-4520-9318-c66dd785c7f5,Evergreen,Shenzhen,Hamburg,2026-04-06T23:43:15,2026-04-06T23:43:15,0.0,21069.8,Electronics
2026-07-17T02:26:05,e7ce79f0-d9b4-4e12-ae43-1a201bd78f90,COSCO,Ningbo,New York,2026-08-16T02:26:05,2026-08-16T02:26:05,0.0,14554.8,Automotive
2026-05-09T12:54:19,af5a61e9-17ba-4846-b726-d619129fbeaa,CMA-CGM,Tanger Med,Barcelona,2026-06-05T12:54:19,2026-06-05T12:54:19,0.0,7809.4,Textiles
2026-08-18T03:54:36,9425159f-fdb2-4961-8b4d-87ecbf8e95f7,COSCO,Shenzhen,Hamburg,2026-09-04T03:54:36,2026-09-04T03:54:36,0.0,2275.7,Food
2026-07-07T06:37:07,ca72326e-27f5-41f8-8c33-19fab05061c3,CMA-CGM,Ningbo,New York,2026-07-13T06:37:07,2026-07-15T02:37:07,44.0,4997.4,Chemicals
2026-06-30T11:18:36,e9988356-1909-4da7-97d5-f610ef8699bf,Marsa Maroc,Casablanca,Marseille,2026-07-28T11:18:36,2026-07-28T11:18:36,0.0,21520.4,Automotive
2026-04-13T17:33:35,c5adc622-ea06-4195-ad4d-17e68dfb6f47,COSCO,Shanghai,Rotterdam,2026-04-27T17:33:35,2026-04-27T17:33:35,0.0,10461.1,Electronics
2026-03-10T04:35:35,6706641a-a3f9-4c6a-b84c-bac6efa512c5,CMA-CGM,Tanger Med,Rotterdam,2026-03-22T04:35:35,2026-03-22T04:35:35,0.0,17998.0,Chemicals
2026-02-06T12:32:16,548b372d-ff4d-4cd4-a2e3-932e414bf660,Marsa Maroc,Ningbo,New York,2026-03-05T12:32:16,2026-03-05T12:32:16,0.0,16621.8,Food
2026-04-08T22:40:08,32b887bc-202a-44bc-ba8f-2c0e83d97410,Maersk,Tanger Med,Rotterdam,2026-04-30T22:40:08,2026-04-30T22:40:08,0.0,24720.1,Textiles
2026-08-31T08:13:52,4b49fd10-acda-471e-9995-793c6c7c29aa,Evergreen,Casablanca,Marseille,2026-09-13T08:13:52,2026-09-13T08:13:52,0.0,14772.9,Electronics
2026-08-05T06:05:23,1a7b1a21-2673-41d6-b127-617d625b14be,Comanav,Casablanca,Marseille,2026-08-30T06:05:23,2026-08-30T06:05:23,0.0,16735.3,Chemicals
2026-09-02T13:30:59,93f206ef-62fa-4aa9-ad2c-06fe33dde90d,CMA-CGM,Busan,Los Angeles,2026-09-09T13:30:59,2026-09-09T13:30:59,0.0,5113.9,Electronics
2026-04-19T05:40:33,ceeebe05-23a8-4495-858f-75ab733d5004,MSC,Shanghai,Rotterdam,2026-05-04T05:40:33,2026-05-04T05:40:33,0.0,6095.3,Textiles
2026-03-20T01:47:40,f27710a8-8f81-4205-a3bf-80c0d0d2c7ed,MSC,Tanger Med,Rotterdam,2026-03-30T01:47:40,2026-03-30T01:47:40,0.0,15432.8,Textiles
2026-08-23T22:29:28,e91f67e0-bbf4-450d-a84e-d74bcf315daa,COSCO,Singapore,Felixstowe,2026-09-07T22:29:28,2026-09-07T22:29:28,0.0,18914.4,Automotive
2026-06-24T12:31:25,dfc2308f-1d74-4016-870c-d94562a0ced9,MSC,Agadir,Hamburg,2026-07-03T12:31:25,2026-07-03T12:31:25,0.0,4256.3,Automotive
2026-05-28T13:16:28,d2ba459a-ee11-4716-b8cc-6d46ea05c286,MSC,Tanger Med,Rotterdam,2026-06-02T13:16:28,2026-06-02T13:16:28,0.0,10331.2,Electronics
2026-07-02T12:09:48,fa428953-955e-47e5-99ea-2c770efd9ae0,MSC,Agadir,Hamburg,2026-07-07T12:09:48,2026-07-07T12:09:48,0.0,5876.8,Textiles
2026-05-29T00:36:44,0a157ad2-a5bb-43ce-899e-1f724295fe92,COSCO,Singapore,Felixstowe,2026-06-17T00:36:44,2026-06-17T00:36:44,0.0,17460.3,Chemicals
2026-03-15T13:18:09,43390e13-aff1-4905-9a4d-be00b229d965,CMA-CGM,Busan,Los Angeles,2026-03-20T13:18:09,2026-03-20T13:18:09,0.0,10958.3,Chemicals
2026-08-29T20:55:25,88798d0f-d010-413e-8f99-3daa6963b0e6,Comanav,Shenzhen,Hamburg,2026-09-13T20:55:25,2026-09-13T20:55:25,0.0,18835.6,Automotive
2026-05-10T11:46:30,11f171f3-eaea-4bfa-b3b0-4705650d3504,Marsa Maroc,Shanghai,Rotterdam,2026-05-26T11:46:30,2026-05-26T11:46:30,0.0,2416.9,Automotive
2026-07-03T01:09:29,ea1c71ee-bf94-471c-8adf-603ef76c15b3,Marsa Maroc,Agadir,Hamburg,2026-07-26T01:09:29,2026-07-26T01:09:29,0.0,6828.7,Chemicals
2026-07-30T14:48:50,7efe7c1c-f6af-49c2-940e-7de50e381772,MSC,Casablanca,Marseille,2026-08-04T14:48:50,2026-08-04T14:48:50,0.0,18060.1,Automotive
2026-05-09T06:21:31,7e529467-8392-45ef-9f49-d4f41a07291c,MSC,Tanger Med,Rotterdam,2026-05-31T06:21:31,2026-05-31T06:21:31,0.0,2168.5,Food
2026-03-12T14:45:15,6c2a5904-f76f-4e5d-8c80-9edf160d355b,Maersk,Tanger Med,Rotterdam,2026-03-31T14:45:15,2026-03-31T14:45:15,0.0,23961.5,Automotive
2026-08-10T07:04:18,bb3b31ad-b5c2-40e5-a788-d2851c3b9b49,Maersk,Shanghai,Rotterdam,2026-08-26T07:04:18,2026-08-26T07:04:18,0.0,20450.9,Chemicals
2026-07-29T12:08:25,2fc88018-d81d-4e03-a0f7-a985c993cf8c,Marsa Maroc,Shanghai,Rotterdam,2026-08-20T12:08:25,2026-08-20T12:08:25,0.0,19516.6,Electronics
2026-07-28T00:34:53,e005de8f-ae73-4e75-bafe-90fda67e6f1c,Marsa Maroc,Busan,Los Angeles,2026-08-22T00:34:53,2026-08-22T00:34:53,0.0,8367.3,Textiles
2026-03-11T04:24:16,0b4fe027-1696-402e-b824-3cd611904741,Maersk,Singapore,Felixstowe,2026-04-04T04:24:16,2026-04-04T04:24:16,0.0,15217.6,Automotive
2026-08-24T13:56:52,9e5b0cec-d00a-4528-b267-247e47951b4f,Maersk,Shanghai,Rotterdam,2026-09-10T13:56:52,2026-09-10T13:56:52,0.0,13769.8,Food
2026-07-22T14:58:36,1f910db7-35cd-4471-9ce0-f9f9112684ee,MSC,Busan,Los Angeles,2026-08-21T14:58:36,2026-08-21T14:58:36,0.0,15908.6,Textiles
2026-06-24T17:54:25,8fa50ac6-ab62-426c-b7b7-75f8f31ad8b8,Comanav,Ningbo,New York,2026-07-01T17:54:25,2026-07-01T17:54:25,0.0,8258.1,Electronics
2026-03-30T02:25:40,2782d922-8647-49f6-9c11-2cd131944414,COSCO,Shenzhen,Hamburg,2026-04-16T02:25:40,2026-04-16T02:25:40,0.0,7402.8,Textiles
2026-08-13T03:51:20,bf5780e0-2049-4ab2-835a-74a88020cac1,Marsa Maroc,Ningbo,New York,2026-09-10T03:51:20,2026-09-10T03:51:20,0.0,6561.4,Automotive
2026-02-12T21:37:13,a1e9be42-9484-4f8d-80d9-3171b38374ba,COSCO,Agadir,Hamburg,2026-03-07T21:37:13,2026-03-07T21:37:13,0.0,2369.6,Automotive
2026-04-02T20:42:18,86efa093-726b-4eed-b4b1-9b2a5bd2136b,MSC,Tanger Med,Barcelona,2026-04-09T20:42:18,2026-04-09T20:42:18,0.0,1655.1,Food
2026-07-29T16:19:48,4250b42e-8b33-48f4-9afd-9ccddd5a0b6e,Evergreen,Busan,Los Angeles,2026-08-04T16:19:48,2026-08-04T16:19:48,0.0,8993.1,Food
2026-07-11T03:16:25,6cb9e89f-521d-4e5d-aeb6-8779a3b380fc,Comanav,Singapore,Felixstowe,2026-08-08T03:16:25,2026-08-08T03:16:25,0.0,16905.4,Electronics
2026-03-08T21:58:40,6a69abd5-52f4-4d01-a0c7-300dc117d729,Comanav,Busan,Los Angeles,2026-03-14T21:58:40,2026-03-17T14:22:40,64.4,17492.9,Automotive
2026-02-21T01:34:54,40f36e2d-5a6f-4e54-bbe1-141260fd8724,CMA-CGM,Casablanca,Marseille,2026-03-01T01:34:54,2026-03-01T01:34:54,0.0,15675.9,Textiles
2026-03-12T07:12:28,d7e877e1-f94a-434e-b04e-3d56769451b6,MSC,Shenzhen,Hamburg,2026-04-05T07:12:28,2026-04-05T07:12:28,0.0,22200.9,Electronics
2026-06-17T07:03:31,42033038-adf6-494e-abc5-eca962541448,Maersk,Busan,Los Angeles,2026-06-27T07:03:31,2026-06-27T07:03:31,0.0,22680.2,Chemicals
2026-09-02T10:03:04,aee8afde-a50f-4d2b-8568-fec7da4fa7c7,MSC,Shanghai,Rotterdam,2026-09-14T10:03:04,2026-09-14T10:03:04,0.0,4953.8,Electronics
2026-05-06T07:59:36,5812255f-1b2c-4d18-8edc-a3560998dae4,Comanav,Shenzhen,Hamburg,2026-05-20T07:59:36,2026-05-20T07:59:36,0.0,3268.2,Automotive
2026-08-10T04:09:57,9ebfa715-7cf3-4ae2-ac44-2c48cdc2efa3,Marsa Maroc,Singapore,Felixstowe,2026-08-25T04:09:57,2026-08-25T04:09:57,0.0,6886.5,Chemicals
2026-06-13T08:59:29,c45f0969-1ebb-4753-bebe-a2fb787336cd,MSC,Agadir,Hamburg,2026-07-11T08:59:29,2026-07-11T08:59:29,0.0,17462.7,Automotive
2026-07-06T02:35:50,16ca18fd-a8e3-45e0-8b91-e1a422e9d7c6,CMA-CGM,Agadir,Hamburg,2026-07-20T02:35:50,2026-07-20T02:35:50,0.0,21991.6,Electronics
2026-03-01T01:52:53,8ce9e34f-4dc4-4b26-a247-c031f8ae1060,Evergreen,Shanghai,Rotterdam,2026-03-22T01:52:53,2026-03-22T01:52:53,0.0,15180.9,Textiles
2026-05-07T13:44:50,615ec1fa-1909-44b1-a8d6-3b4451693530,CMA-CGM,Tanger Med,Rotterdam,2026-05-26T13:44:50,2026-05-26T13:44:50,0.0,4572.1,Textiles
2026-08-03T11:52:26,a641c4e9-fa90-4f76-a3e2-fcbd0d9c6844,Comanav,Singapore,Felixstowe,2026-08-24T11:52:26,2026-08-24T11:52:26,0.0,2248.6,Textiles
2026-06-11T22:12:32,1398297e-5f3d-4947-ac1f-24cfa3deb026,Comanav,Agadir,Hamburg,2026-07-07T22:12:32,2026-07-07T22:12:32,0.0,6805.8,Automotive
2026-08-06T17:55:31,a860ef5e-a703-4c3c-9521-9631f0984636,COSCO,Singapore,Felixstowe,2026-08-31T17:55:31,2026-08-31T17:55:31,0.0,4419.0,Food
2026-07-08T02:09:02,e180200f-3ac1-42da-8c47-85eba41d7212,COSCO,Shenzhen,Hamburg,2026-07-20T02:09:02,2026-07-20T02:09:02,0.0,11582.6,Chemicals
2026-07-24T17:54:29,c986debc-7713-4a17-a223-2cf9288f4bec,CMA-CGM,Busan,Los Angeles,2026-08-23T17:54:29,2026-08-23T17:54:29,0.0,22845.2,Food
2026-03-27T06:46:29,eef7391e-dff6-453d-bbbb-ee5dc2e1d149,Maersk,Casablanca,Marseille,2026-04-14T06:46:29,2026-04-14T06:46:29,0.0,10284.5,Food
2026-03-08T20:10:43,1f25b4ee-39fa-451d-8088-ade694a2bf74,MSC,Tanger Med,Barcelona,2026-04-07T20:10:43,2026-04-07T20:10:43,0.0,1180.5,Textiles
2026-05-03T02:49:58,3f2ef51b-3e10-4e1d-a4e4-ebe69ad99623,MSC,Casablanca,Marseille,2026-05-26T02:49:58,2026-05-26T02:49:58,0.0,2247.7,Chemicals
2026-02-20T20:28:37,bcde74ec-afcc-481b-aa8f-45b16f1605d7,Maersk,Agadir,Hamburg,2026-03-01T20:28:37,2026-03-01T20:28:37,0.0,8237.2,Food
2026-06-23T13:40:44,8c6e600e-37fc-43e9-bb38-672950f3dcd6,MSC,Singapore,Felixstowe,2026-07-11T13:40:44,2026-07-11T13:40:44,0.0,16875.2,Automotive
2026-06-22T22:08:06,d9b17467-0b96-4b9f-9c37-8d863ee895c8,MSC,Singapore,Felixstowe,2026-07-16T22:08:06,2026-07-16T22:08:06,0.0,16770.0,Automotive
2026-06-05T09:29:02,ee6d7d0f-2ce6-4e98-a63c-c212bd208a33,COSCO,Tanger Med,Rotterdam,2026-06-22T09:29:02,2026-06-22T09:29:02,0.0,16749.5,Food
2026-06-29T04:54:38,5e888f50-a061-41a0-b520-f109e1ce5fc5,Maersk,Ningbo,New York,2026-07-24T04:54:38,2026-07-24T04:54:38,0.0,8821.2,Automotive
2026-04-03T06:59:42,11bb7add-fdc9-4fc3-bcc6-e340e25b3142,Marsa Maroc,Agadir,Hamburg,2026-04-11T06:59:42,2026-04-11T06:59:42,0.0,13688.6,Electronics
2026-02-23T18:40:58,d3e7c979-4a58-44a5-aef2-aad82166b742,CMA-CGM,Tanger Med,Rotterdam,2026-03-18T18:40:58,2026-03-18T18:40:58,0.0,21349.3,Automotive
2026-04-08T18:02:20,91a4e13a-bf95-459e-bdf6-ed702557bf20,Comanav,Tanger Med,Barcelona,2026-05-03T18:02:20,2026-05-03T18:02:20,0.0,21337.3,Electronics
2026-09-01T05:42:25,235e0dad-d49d-4bc1-906e-39cf7b90e559,Comanav,Casablanca,Marseille,2026-09-08T05:42:25,2026-09-08T05:42:25,0.0,7753.8,Electronics
2026-04-15T13:04:52,29a564cf-35b7-48e1-a560-0692d3763660,Evergreen,Shenzhen,Hamburg,2026-04-24T13:04:52,2026-04-27T11:46:52,70.7,13626.7,Chemicals
2026-07-29T22:07:14,df557e4d-cb59-411e-bba3-1b7201424335,Maersk,Shanghai,Rotterdam,2026-08-06T22:07:14,2026-08-06T22:07:14,0.0,3188.5,Textiles
2026-03-20T12:57:12,4f9df352-eb6d-4aca-90bc-351ddc01e457,Evergreen,Shanghai,Rotterdam,2026-04-11T12:57:12,2026-04-11T12:57:12,0.0,8077.9,Textiles
2026-05-12T18:08:53,8cb9bbe9-adae-46bb-9672-2f58fe8da14d,Comanav,Casablanca,Marseille,2026-06-07T18:08:53,2026-06-07T18:08:53,0.0,19968.0,Automotive
2026-04-27T02:07:13,bdce04d0-0fce-446e-96ea-f9ff428c44d5,COSCO,Ningbo,New York,2026-05-16T02:07:13,2026-05-16T02:07:13,0.0,12270.8,Textiles
2026-04-13T20:01:52,1ba0db1e-d416-43c9-a054-6c4f3ac182fb,CMA-CGM,Ningbo,New York,2026-05-12T20:01:52,2026-05-12T20:01:52,0.0,9999.1,Chemicals
2026-03-30T21:25:56,3a3ea744-75ee-4c14-8f90-f7db71b1f510,Comanav,Shanghai,Rotterdam,2026-04-16T21:25:56,2026-04-16T21:25:56,0.0,19489.2,Electronics
2026-07-22T14:03:38,aa9f07d0-93b3-4978-b3e9-627a6792b8b9,Marsa Maroc,Singapore,Felixstowe,2026-07-31T14:03:38,2026-07-31T14:03:38,0.0,16633.3,Electronics
2026-05-05T17:26:23,5930f574-49d7-4991-9b90-c120bf92faab,Marsa Maroc,Casablanca,Marseille,2026-05-23T17:26:23,2026-05-23T17:26:23,0.0,4886.6,Automotive
2026-08-11T11:58:39,5db5f01e-3864-48ff-a975-52be246cd395,Maersk,Casablanca,Marseille,2026-08-25T11:58:39,2026-08-25T11:58:39,0.0,1614.1,Automotive
2026-05-03T00:19:22,3bbed64c-0d08-48b1-a831-9273c6ce4053,Evergreen,Shanghai,Rotterdam,2026-05-14T00:19:22,2026-05-15T00:31:22,24.2,18452.1,Food
2026-06-20T05:46:08,124535b9-ccbc-47a1-801c-da89b8330557,Maersk,Tanger Med,Barcelona,2026-07-10T05:46:08,2026-07-10T05:46:08,0.0,11439.6,Chemicals
2026-03-15T20:26:58,fe67567b-e4d1-4bc9-91b3-8628ef675538,Evergreen,Shanghai,Rotterdam,2026-04-11T20:26:58,2026-04-11T20:26:58,0.0,16466.3,Food
2026-07-11T23:08:37,ebf19896-96d9-492a-9965-7af781bdbb89,Maersk,Agadir,Hamburg,2026-08-08T23:08:37,2026-08-08T23:08:37,0.0,1896.8,Chemicals
2026-03-14T01:24:53,817c4e0b-956d-490f-a5a0-5567326ecee7,COSCO,Singapore,Felixstowe,2026-03-19T01:24:53,2026-03-19T01:24:53,0.0,18755.6,Electronics
2026-04-01T20:29:09,983f2e24-5f70-4dc6-9a8b-cd516a1d1c4b,Maersk,Tanger Med,Rotterdam,2026-04-17T20:29:09,2026-04-21T17:17:09,92.8,13711.4,Automotive
2026-08-11T23:00:25,9913ed53-625c-472d-bfd3-a8a9653542f8,COSCO,Ningbo,New York,2026-08-22T23:00:25,2026-08-23T11:24:25,12.4,15979.3,Textiles
2026-08-13T15:09:50,240a51fe-bd2f-4dc0-8356-165859892e7d,CMA-CGM,Casablanca,Marseille,2026-08-25T15:09:50,2026-08-30T04:15:50,109.1,13970.9,Electronics
2026-08-16T19:27:43,54de72d0-f9bb-4ae2-92a7-f3ff71b56007,Evergreen,Shenzhen,Hamburg,2026-09-12T19:27:43,2026-09-12T19:27:43,0.0,10739.3,Food
2026-03-24T06:53:54,a17cc41d-2d6a-4cbb-87e1-6d629e206b9e,Marsa Maroc,Casablanca,Marseille,2026-04-22T06:53:54,2026-04-22T06:53:54,0.0,15480.9,Electronics
2026-08-19T17:25:11,dccbcd50-be10-4013-9f9d-85eb4aeaadbe,COSCO,Busan,Los Angeles,2026-09-10T17:25:11,2026-09-10T17:25:11,0.0,4518.3,Chemicals
2026-02-18T16:25:46,4305ee1f-aa74-41e9-9f90-b6eb6f9d33d7,MSC,Singapore,Felixstowe,2026-03-02T16:25:46,2026-03-02T16:25:46,0.0,14117.3,Automotive
2026-03-02T20:43:12,01f4f45c-ee93-4000-aaba-44202ead2306,Evergreen,Ningbo,New York,2026-03-19T20:43:12,2026-03-19T20:43:12,0.0,22127.7,Automotive
2026-07-27T02:05:06,8c498023-4fd6-4349-bb82-ee07bfc25158,Comanav,Agadir,Hamburg,2026-08-16T02:05:06,2026-08-16T02:05:06,0.0,18801.1,Food
2026-08-27T13:15:07,82e970d5-82c6-4b2d-b45f-897b91cc5df1,Marsa Maroc,Shenzhen,Hamburg,2026-09-04T13:15:07,2026-09-09T09:21:07,116.1,22869.7,Chemicals
2026-08-26T10:00:21,21ee344b-a516-48a1-855f-572446257a23,COSCO,Casablanca,Marseille,2026-09-14T10:00:21,2026-09-14T10:00:21,0.0,11134.3,Textiles
2026-05-01T19:38:47,81792e70-6604-446c-a480-3fef1a3c7fb7,Maersk,Tanger Med,Barcelona,2026-05-08T19:38:47,2026-05-08T19:38:47,0.0,16763.7,Automotive
2026-04-10T10:32:16,3d540ec7-092f-4db3-98ee-2b4a9b7d4333,MSC,Agadir,Hamburg,2026-05-07T10:32:16,2026-05-07T10:32:16,0.0,2929.2,Food
2026-04-07T20:36:17,ee3daed0-7817-4858-8f5f-191eb3e91402,Marsa Maroc,Ningbo,New York,2026-04-19T20:36:17,2026-04-19T20:36:17,0.0,5077.5,Food
2026-03-21T05:11:34,8b3a8ed3-94e4-474e-b674-3876077e42b6,Evergreen,Tanger Med,Barcelona,2026-04-10T05:11:34,2026-04-10T05:11:34,0.0,23478.4,Electronics
2026-07-09T10:52:54,9858f11c-0f42-48e5-9d4d-06c9918ed33f,COSCO,Singapore,Felixstowe,2026-07-29T10:52:54,2026-07-29T10:52:54,0.0,16440.7,Chemicals
2026-06-10T23:48:04,6b3d3066-1876-4850-a623-7c0f1199251b,Comanav,Shenzhen,Hamburg,2026-07-03T23:48:04,2026-07-03T23:48:04,0.0,16052.7,Food
2026-08-18T18:38:48,106e08a7-f000-4369-b1c9-d2f2e53c29b5,Maersk,Ningbo,New York,2026-09-12T18:38:48,2026-09-12T18:38:48,0.0,6560.4,Electronics
2026-07-04T09:18:56,a29cc10d-4a16-4ebb-a018-0b39cf49b658,COSCO,Casablanca,Marseille,2026-07-28T09:18:56,2026-07-28T09:18:56,0.0,10538.9,Chemicals
2026-08-02T14:14:17,1071a920-85dd-442d-9fed-051b20bd05a3,Marsa Maroc,Ningbo,New York,2026-08-10T14:14:17,2026-08-10T14:14:17,0.0,15038.8,Food
2026-05-24T09:45:11,2889bdcd-f218-444d-a6a5-0a398b6c949f,Marsa Maroc,Ningbo,New York,2026-06-05T09:45:11,2026-06-05T09:45:11,0.0,7823.3,Chemicals
2026-05-20T06:05:54,358a2e53-8bc2-4f0e-85bf-4bf0e06af205,Marsa Maroc,Casablanca,Marseille,2026-06-15T06:05:54,2026-06-15T06:05:54,0.0,18046.7,Automotive
2026-07-17T12:25:01,c702ea0f-72a3-4c18-89dc-84f6f11669de,COSCO,Singapore,Felixstowe,2026-08-02T12:25:01,2026-08-02T12:25:01,0.0,20638.4,Food
2026-07-02T03:40:32,b49c13fa-fa0a-4ef2-82d1-8af237cc1c7a,Comanav,Singapore,Felixstowe,2026-07-12T03:40:32,2026-07-12T03:40:32,0.0,9170.6,Electronics
2026-06-04T05:53:46,1becd13b-13a9-414d-933d-9c579d6a98ed,CMA-CGM,Casablanca,Marseille,2026-06-23T05:53:46,2026-06-23T05:53:46,0.0,15610.2,Food
2026-08-08T20:49:40,4c3f9dc5-e2d9-431a-8ec3-f0442ff3f258,CMA-CGM,Casablanca,Marseille,2026-08-23T20:49:40,2026-08-23T20:49:40,0.0,7184.3,Chemicals
2026-04-02T19:06:56,bf77db4c-3a69-4481-a8eb-5f4fc14011eb,Comanav,Tanger Med,Rotterdam,2026-04-21T19:06:56,2026-04-21T19:06:56,0.0,22221.6,Food
2026-04-10T15:55:51,2a3f82dc-d35c-4102-9d63-4cce773f210b,COSCO,Tanger Med,Rotterdam,2026-04-23T15:55:51,2026-04-23T15:55:51,0.0,3996.6,Food
2026-07-16T07:03:59,372a1c5e-b543-4f82-aa70-8fe772657710,COSCO,Singapore,Felixstowe,2026-08-08T07:03:59,2026-08-10T03:57:59,44.9,19229.5,Food
2026-06-20T02:04:20,3704d68f-3f90-4e03-94c5-99ef963d1269,COSCO,Singapore,Felixstowe,2026-06-25T02:04:20,2026-06-25T02:04:20,0.0,14054.5,Food
2026-06-04T21:51:38,8af58ad3-aeb8-44b9-90f7-141192f21d79,CMA-CGM,Busan,Los Angeles,2026-06-30T21:51:38,2026-06-30T21:51:38,0.0,6745.3,Textiles
2026-05-11T09:46:46,2e992d5d-6c86-4062-8d1e-0fa6cbc27695,COSCO,Shanghai,Rotterdam,2026-05-24T09:46:46,2026-05-24T09:46:46,0.0,12971.9,Food
2026-05-04T00:25:19,a2046bc5-c143-4ab8-bdfb-6aecfb8b7bd3,Comanav,Ningbo,New York,2026-05-18T00:25:19,2026-05-18T00:25:19,0.0,11820.1,Textiles
2026-04-26T10:39:50,15c64097-ac35-425b-98ea-d5bdc194410f,Evergreen,Busan,Los Angeles,2026-05-21T10:39:50,2026-05-21T10:39:50,0.0,10267.4,Food
2026-05-30T20:23:49,24ffa1bd-d1de-4fc0-a755-c234d40120de,Comanav,Ningbo,New York,2026-06-21T20:23:49,2026-06-21T20:23:49,0.0,9830.1,Food
2026-06-30T02:22:09,0291eb59-6d40-4e1c-bd02-00809c953c3f,Maersk,Ningbo,New York,2026-07-13T02:22:09,2026-07-13T02:22:09,0.0,742.0,Food
2026-03-27T12:35:24,55b47f4b-888e-43a4-a848-95936cc3bcfc,Marsa Maroc,Casablanca,Marseille,2026-04-21T12:35:24,2026-04-21T12:35:24,0.0,10165.2,Electronics
2026-05-01T01:20:04,751c85d9-cf5a-47b3-8465-de56d802e61d,MSC,Shenzhen,Hamburg,2026-05-09T01:20:04,2026-05-13T23:56:04,118.6,4518.6,Automotive
2026-08-26T16:37:38,12a90d70-1851-4410-9361-b1fcc8c06ec6,Maersk,Busan,Los Angeles,2026-09-12T16:37:38,2026-09-12T16:37:38,0.0,14045.5,Electronics
2026-06-12T04:48:44,e635c185-869d-4e73-8bf5-a667010990dc,Comanav,Tanger Med,Rotterdam,2026-07-04T04:48:44,2026-07-04T04:48:44,0.0,13598.7,Textiles
2026-04-06T19:39:17,1a55f062-2e8a-4cd4-98ca-daf7f79d1b43,Evergreen,Shenzhen,Hamburg,2026-04-14T19:39:17,2026-04-15T07:45:17,12.1,21992.9,Food
2026-06-19T19:05:39,b6a4b91a-2bd9-4fd5-bdbc-a03706e94441,MSC,Ningbo,New York,2026-07-15T19:05:39,2026-07-15T19:05:39,0.0,8582.1,Textiles
2026-08-22T13:22:19,100bfdad-e4f3-4199-bc05-d7e6421e1f7b,Evergreen,Ningbo,New York,2026-09-03T13:22:19,2026-09-03T13:22:19,0.0,18553.9,Textiles
2026-07-25T03:10:34,e87d5397-a331-4acc-a8fa-103eef0dfcbc,Evergreen,Tanger Med,Barcelona,2026-08-10T03:10:34,2026-08-10T03:10:34,0.0,21704.6,Electronics
2026-05-21T01:02:30,24fa283f-78d4-44fb-a4d0-55e795ca7bc1,COSCO,Casablanca,Marseille,2026-06-20T01:02:30,2026-06-20T01:02:30,0.0,811.8,Electronics
2026-07-17T00:55:34,2273395c-6041-4f43-8c02-a45bcf9066e8,Maersk,Agadir,Hamburg,2026-08-12T00:55:34,2026-08-12T00:55:34,0.0,10064.2,Chemicals
2026-02-04T23:01:47,927760a7-c8c1-49a0-9b29-e7b6b1792a25,Evergreen,Tanger Med,Barcelona,2026-03-05T23:01:47,2026-03-05T23:01:47,0.0,16303.7,Electronics
2026-03-28T08:22:36,48d8933f-c575-472f-91e5-3fb81b537740,COSCO,Shenzhen,Hamburg,2026-04-11T08:22:36,2026-04-11T08:22:36,0.0,6896.0,Food
2026-02-19T19:33:12,7f77b9ad-ac70-4399-80e6-74124b2346ec,Comanav,Agadir,Hamburg,2026-03-10T19:33:12,2026-03-14T07:21:12,83.8,22481.5,Textiles
2026-07-03T21:58:07,5f844f3f-d70a-4584-912f-f19f052be01a,COSCO,Singapore,Felixstowe,2026-07-26T21:58:07,2026-07-26T21:58:07,0.0,19148.7,Electronics
2026-04-06T10:32:35,7f24e2c7-491d-442c-bdea-b235ad7c7e48,Evergreen,Tanger Med,Barcelona,2026-04-26T10:32:35,2026-04-26T10:32:35,0.0,22015.6,Electronics
2026-02-24T14:36:05,e53a16cc-9062-4889-a491-9f28659e58d3,Maersk,Tanger Med,Rotterdam,2026-03-21T14:36:05,2026-03-21T14:36:05,0.0,10979.3,Electronics
2026-03-09T23:35:41,399bcdc9-20c8-4718-a725-e9f051a414d1,MSC,Tanger Med,Rotterdam,2026-03-22T23:35:41,2026-03-24T20:17:41,44.7,24238.8,Automotive
2026-04-27T15:13:32,a51d7de9-4486-4f60-a990-c8fa3d921a3f,COSCO,Tanger Med,Rotterdam,2026-05-17T15:13:32,2026-05-17T15:13:32,0.0,8902.1,Chemicals
2026-05-27T16:25:04,972d3d90-7d6d-4780-a565-2585e741d20f,COSCO,Ningbo,New York,2026-06-12T16:25:04,2026-06-12T16:25:04,0.0,23530.0,Chemicals
2026-04-03T12:01:35,15e4c9db-afc0-48c8-be7a-fc83099ba101,Comanav,Casablanca,Marseille,2026-05-02T12:01:35,2026-05-02T12:01:35,0.0,8428.4,Textiles
2026-05-31T07:27:01,04fd427f-9bc7-46b4-97b3-086d4b74fa77,Comanav,Singapore,Felixstowe,2026-06-20T07:27:01,2026-06-20T07:27:01,0.0,23344.8,Automotive
2026-05-27T07:23:52,22f159b1-3106-4d3a-aad9-d01f3735f9c9,Comanav,Casablanca,Marseille,2026-06-06T07:23:52,2026-06-06T07:23:52,0.0,693.9,Automotive
2026-04-01T20:48:41,9c014e08-77fa-4853-9a6f-4bbc645bc712,Marsa Maroc,Agadir,Hamburg,2026-04-26T20:48:41,2026-04-26T20:48:41,0.0,11269.6,Electronics
2026-03-11T02:11:16,2048cd7a-560d-48c6-896f-758c4edf2f51,COSCO,Shanghai,Rotterdam,2026-03-25T02:11:16,2026-03-25T02:11:16,0.0,10025.5,Food
2026-05-24T14:54:34,a185944f-f11d-4bc0-b40d-6a89ff364bce,Marsa Maroc,Shanghai,Rotterdam,2026-06-23T14:54:34,2026-06-23T14:54:34,0.0,15133.5,Food
2026-05-09T05:25:34,e8ad8491-ad8c-486c-8e93-a26b7e52b6cc,CMA-CGM,Singapore,Felixstowe,2026-05-19T05:25:34,2026-05-19T05:25:34,0.0,20690.2,Automotive
2026-02-26T13:07:02,8efa1e01-172f-4def-a2b6-3aed5af8e95d,MSC,Ningbo,New York,2026-03-13T13:07:02,2026-03-13T13:07:02,0.0,20845.7,Automotive
2026-06-20T07:09:45,ed370ada-4548-4d06-8d2b-396b9ca63f58,CMA-CGM,Shanghai,Rotterdam,2026-07-18T07:09:45,2026-07-18T07:09:45,0.0,2989.9,Food
2026-07-26T18:29:11,854c1b3d-1fb9-4d4c-bc70-aa31d6f25cfb,Maersk,Tanger Med,Rotterdam,2026-08-23T18:29:11,2026-08-23T18:29:11,0.0,3629.3,Automotive
2026-04-02T19:10:58,9844de51-d092-4e66-b489-4443a42a91c1,Comanav,Tanger Med,Barcelona,2026-04-09T19:10:58,2026-04-13T19:16:58,96.1,6302.3,Automotive
2026-05-17T02:41:46,adbaaf51-5b73-42cd-aa2d-58866d4c3418,COSCO,Busan,Los Angeles,2026-05-27T02:41:46,2026-05-27T02:41:46,0.0,7132.1,Food
2026-07-14T00:41:11,5d46b102-0fb9-4c45-adb5-c669c9cf6eeb,Evergreen,Agadir,Hamburg,2026-07-30T00:41:11,2026-07-30T00:41:11,0.0,17953.0,Textiles
2026-05-22T06:33:01,2865bfcf-ddfe-49b6-9c44-f41a4a7e194f,CMA-CGM,Ningbo,New York,2026-06-01T06:33:01,2026-06-01T06:33:01,0.0,16880.5,Automotive
2026-05-24T16:59:11,ce46253a-b8aa-4b40-9f7e-11602e09b7ea,MSC,Shenzhen,Hamburg,2026-06-20T16:59:11,2026-06-21T15:59:11,23.0,3333.6,Food
2026-03-03T05:53:03,008d8350-75c1-4b3b-95ed-cc0501568f7b,COSCO,Shenzhen,Hamburg,2026-03-19T05:53:03,2026-03-19T05:53:03,0.0,11491.4,Electronics
2026-07-06T04:36:28,abfa15b1-1a4c-4872-b5c8-cb8b1c200433,Maersk,Shenzhen,Hamburg,2026-07-27T04:36:28,2026-07-27T04:36:28,0.0,1655.5,Textiles
2026-07-10T12:16:16,08e76321-9426-44e2-9b8c-a24cab9ba800,CMA-CGM,Tanger Med,Barcelona,2026-07-29T12:16:16,2026-07-29T12:16:16,0.0,7096.5,Automotive
2026-07-29T18:40:43,ecb21725-c292-4aab-89a3-092d0258eaaa,Marsa Maroc,Shenzhen,Hamburg,2026-08-09T18:40:43,2026-08-09T18:40:43,0.0,3958.1,Chemicals
2026-06-02T10:08:46,c6ee037a-20af-4cd4-bc45-6bfcdb4be9da,Marsa Maroc,Ningbo,New York,2026-06-30T10:08:46,2026-07-02T06:02:46,43.9,20915.0,Chemicals
2026-02-26T21:28:22,29060757-152b-4d64-a7da-b95b6f7413f3,CMA-CGM,Tanger Med,Barcelona,2026-03-21T21:28:22,2026-03-21T21:28:22,0.0,20241.6,Food
2026-02-21T00:50:41,d17d21cb-f26b-438e-ab6d-413c79826d64,MSC,Busan,Los Angeles,2026-03-06T00:50:41,2026-03-06T00:50:41,0.0,22581.9,Automotive
2026-05-25T14:40:08,0617d23b-9802-40a6-8cfd-c54ef8ea662a,CMA-CGM,Tanger Med,Rotterdam,2026-06-06T14:40:08,2026-06-06T14:40:08,0.0,13590.7,Automotive
2026-04-27T20:54:36,1dfa282b-3f27-4ce3-bf8f-20f771333ba0,Maersk,Agadir,Hamburg,2026-05-18T20:54:36,2026-05-18T20:54:36,0.0,2537.1,Electronics
2026-07-26T01:39:15,e67fe954-6843-4267-940d-b1a47afa938a,MSC,Agadir,Hamburg,2026-08-20T01:39:15,2026-08-20T01:39:15,0.0,15221.4,Automotive
2026-05-06T14:15:51,2673fd20-089d-4124-a82a-15886d9d450b,Maersk,Singapore,Felixstowe,2026-05-27T14:15:51,2026-05-27T14:15:51,0.0,13606.2,Automotive
2026-07-05T19:35:44,536f468f-86dc-4fd3-9b84-cab9626643ca,Maersk,Ningbo,New York,2026-07-21T19:35:44,2026-07-21T19:35:44,0.0,12258.0,Chemicals
2026-05-02T07:13:28,3999590b-12d4-449a-8db5-54445ae039e6,Maersk,Agadir,Hamburg,2026-05-16T07:13:28,2026-05-16T07:13:28,0.0,11152.5,Textiles
2026-05-05T03:31:45,55165590-c8a6-4fd4-b47b-b24c96c82a85,CMA-CGM,Tanger Med,Barcelona,2026-05-15T03:31:45,2026-05-15T03:31:45,0.0,17442.0,Chemicals
2026-05-28T05:56:06,5c8808bc-5742-47b6-b94d-f3b591499352,Comanav,Shenzhen,Hamburg,2026-06-23T05:56:06,2026-06-23T05:56:06,0.0,8522.2,Automotive
2026-07-23T07:15:29,b39bfe47-1379-4f74-a12c-1863b8a9a6b9,Comanav,Busan,Los Angeles,2026-08-22T07:15:29,2026-08-23T00:39:29,17.4,13041.2,Electronics
2026-04-12T21:43:45,03966a18-5615-4068-b6dc-dbbf7b336a06,COSCO,Shenzhen,Hamburg,2026-05-08T21:43:45,2026-05-08T21:43:45,0.0,7667.2,Chemicals
2026-03-01T22:06:04,b81ce348-6531-4fb1-a631-d3a8d1aac407,Maersk,Busan,Los Angeles,2026-03-29T22:06:04,2026-03-29T22:06:04,0.0,18686.5,Automotive
2026-05-05T14:44:52,c71211c4-d143-48b5-aa76-65e6193af3b0,Evergreen,Singapore,Felixstowe,2026-05-12T14:44:52,2026-05-14T02:56:52,36.2,20434.0,Automotive
2026-04-12T11:53:16,b10dfa34-6cc0-43f8-84b0-1d95939c0c2f,COSCO,Shanghai,Rotterdam,2026-05-07T11:53:16,2026-05-09T04:11:16,40.3,22697.9,Electronics
2026-04-10T08:27:29,5e50b733-3c49-48e0-8f52-ddfc03396bf6,Marsa Maroc,Tanger Med,Rotterdam,2026-04-16T08:27:29,2026-04-16T08:27:29,0.0,13540.5,Food
2026-07-13T11:44:32,a6cd748b-c8d8-4fa5-a390-4896d0cff1c7,COSCO,Shenzhen,Hamburg,2026-07-25T11:44:32,2026-07-25T11:44:32,0.0,13516.6,Automotive
2026-03-08T18:44:18,d869cd84-9ade-418d-8634-4a63ac93e04f,MSC,Shenzhen,Hamburg,2026-03-16T18:44:18,2026-03-16T18:44:18,0.0,13737.4,Chemicals
2026-07-31T09:58:56,1887e78b-6343-4f0f-864e-738c7fa8f8b9,CMA-CGM,Ningbo,New York,2026-08-14T09:58:56,2026-08-14T09:58:56,0.0,7722.8,Textiles
2026-05-27T09:30:52,04c3da11-2cd2-499d-adb3-45e8b8f7a103,Comanav,Ningbo,New York,2026-06-17T09:30:52,2026-06-17T09:30:52,0.0,18901.5,Food
2026-05-26T14:53:29,cfc0ec8f-5289-46f3-842a-1c680afecad0,Evergreen,Busan,Los Angeles,2026-06-11T14:53:29,2026-06-11T14:53:29,0.0,14245.5,Textiles
2026-03-26T12:18:28,bb019991-cb1d-4193-8477-a1043f8e8833,CMA-CGM,Busan,Los Angeles,2026-04-20T12:18:28,2026-04-20T12:18:28,0.0,9039.0,Food
2026-04-04T11:57:56,e69f7eaf-ec71-4709-b555-918a69e0b926,Evergreen,Casablanca,Marseille,2026-05-02T11:57:56,2026-05-02T11:57:56,0.0,15012.2,Automotive
2026-05-20T00:55:22,671117ca-430c-4666-8386-e26fea5a0402,Maersk,Casablanca,Marseille,2026-06-08T00:55:22,2026-06-08T00:55:22,0.0,11837.6,Food
2026-02-22T04:36:59,52a491ce-1433-4c85-9891-954d38b40b1e,Comanav,Tanger Med,Barcelona,2026-03-03T04:36:59,2026-03-03T04:36:59,0.0,13741.0,Food
2026-06-18T09:04:06,9d6f06c4-4f9c-463a-97d3-4216f190293e,Maersk,Busan,Los Angeles,2026-07-07T09:04:06,2026-07-07T09:04:06,0.0,8540.1,Food
2026-08-16T02:31:23,550f32ed-7bcd-4541-ba42-b2c7f3b99892,CMA-CGM,Ningbo,New York,2026-08-29T02:31:23,2026-09-02T06:07:23,99.6,19852.7,Automotive
2026-04-01T02:53:37,c00a88c4-66f1-47f0-b891-a4ef2581f54e,COSCO,Singapore,Felixstowe,2026-04-30T02:53:37,2026-05-02T23:23:37,68.5,10084.9,Food
2026-03-06T12:16:23,79f91a81-e53c-4044-9a5b-d2a4f72e6bfe,Maersk,Tanger Med,Barcelona,2026-03-16T12:16:23,2026-03-16T12:16:23,0.0,16135.8,Automotive
2026-04-14T16:37:09,1753bc36-8117-4ee8-9daf-a7bb23dd8304,Evergreen,Ningbo,New York,2026-04-29T16:37:09,2026-04-29T16:37:09,0.0,21298.6,Electronics
2026-06-22T07:07:47,b3f12ef9-7bce-4e56-a311-ed01c6475490,Evergreen,Tanger Med,Barcelona,2026-07-04T07:07:47,2026-07-04T07:07:47,0.0,24653.1,Food
2026-03-05T18:00:25,0559b1ea-cf5f-490c-bb2b-cf3dd3608fc3,CMA-CGM,Tanger Med,Barcelona,2026-03-20T18:00:25,2026-03-20T18:00:25,0.0,22243.9,Electronics
2026-06-17T22:57:58,326d64ca-3566-4216-8f7f-01416aa1d247,Comanav,Casablanca,Marseille,2026-06-25T22:57:58,2026-06-25T22:57:58,0.0,14638.8,Textiles
2026-08-16T12:15:58,974f3934-ccd7-43e1-a87e-dbda7d2993a6,MSC,Shenzhen,Hamburg,2026-09-07T12:15:58,2026-09-12T04:09:58,111.9,14837.4,Automotive
2026-06-23T01:35:58,0414ab4e-87de-4074-9ded-831e6c197dc0,Maersk,Shenzhen,Hamburg,2026-07-18T01:35:58,2026-07-18T01:35:58,0.0,8170.5,Food
2026-03-24T07:17:53,b9968d40-4566-4211-b3e9-7dc561eafbde,Comanav,Ningbo,New York,2026-03-29T07:17:53,2026-03-29T07:17:53,0.0,11884.6,Electronics
2026-06-23T10:39:38,35c4110f-53b6-4b07-8fdf-b85004540381,MSC,Shenzhen,Hamburg,2026-07-02T10:39:38,2026-07-02T10:39:38,0.0,989.4,Electronics
2026-05-13T10:11:40,c7111164-b21e-413f-8868-4a7ffaa0cf89,Evergreen,Tanger Med,Barcelona,2026-05-25T10:11:40,2026-05-26T06:47:40,20.6,6591.2,Food
2026-04-18T09:47:03,cd93ba6f-5d7e-4c7b-849b-a4b86f02c741,Comanav,Casablanca,Marseille,2026-05-11T09:47:03,2026-05-13T06:59:03,45.2,16334.8,Textiles
2026-03-15T11:27:02,55fbf837-f4d7-4c6f-866f-baabb3136301,Maersk,Shenzhen,Hamburg,2026-03-27T11:27:02,2026-03-27T11:27:02,0.0,1535.4,Electronics
2026-08-22T04:14:57,dc49dba6-b0a6-4a21-9c21-8fcc08c58a12,CMA-CGM,Ningbo,New York,2026-09-13T04:14:57,2026-09-13T04:14:57,0.0,21461.8,Electronics
2026-04-16T21:26:26,f20a5ef5-77ea-4765-bcf4-9e9e922f6876,CMA-CGM,Tanger Med,Rotterdam,2026-05-01T21:26:26,2026-05-01T21:26:26,0.0,3822.9,Automotive
2026-07-23T12:45:36,852c3860-5bf9-4b36-94a8-2f80797be709,MSC,Busan,Los Angeles,2026-08-09T12:45:36,2026-08-09T12:45:36,0.0,8909.7,Food
2026-07-18T16:07:10,d1f99db6-f545-420c-b57f-e7d0e2bf58a0,MSC,Busan,Los Angeles,2026-08-04T16:07:10,2026-08-04T16:07:10,0.0,3926.6,Chemicals
2026-03-09T16:59:40,135cd62d-5932-40b6-b98b-5b8cf687bf0c,MSC,Tanger Med,Barcelona,2026-04-05T16:59:40,2026-04-05T16:59:40,0.0,18155.3,Chemicals
2026-06-28T16:40:17,a2d31614-f02c-44c2-8f60-a237dc635a0e,MSC,Agadir,Hamburg,2026-07-14T16:40:17,2026-07-14T16:40:17,0.0,15657.7,Electronics
2026-05-10T21:42:55,cdc0a831-8beb-4ca7-a210-e54a35c01422,Evergreen,Shenzhen,Hamburg,2026-05-25T21:42:55,2026-05-30T19:12:55,117.5,21118.1,Chemicals
2026-04-27T20:36:05,6d81b416-c330-4661-bfec-db927e081070,CMA-CGM,Tanger Med,Barcelona,2026-05-22T20:36:05,2026-05-25T09:12:05,60.6,6534.6,Textiles
2026-06-20T21:22:42,b183c2ff-1d02-4b30-bc95-868d30ec21e4,Comanav,Singapore,Felixstowe,2026-07-07T21:22:42,2026-07-07T21:22:42,0.0,12439.9,Automotive
2026-06-07T13:45:49,77736088-f89b-477e-b977-b4ab8c495f56,CMA-CGM,Shenzhen,Hamburg,2026-07-07T13:45:49,2026-07-08T12:39:49,22.9,7609.3,Chemicals
2026-07-10T02:52:46,da246c35-5603-426c-9fca-b3db899c2d23,Marsa Maroc,Tanger Med,Rotterdam,2026-07-19T02:52:46,2026-07-23T17:16:46,110.4,12052.7,Automotive
2026-06-13T00:18:40,7fb00875-b031-4294-9b4a-f10d2066ae93,Maersk,Busan,Los Angeles,2026-06-23T00:18:40,2026-06-23T00:18:40,0.0,10834.7,Chemicals
2026-05-09T20:03:27,29903e49-849a-411b-9103-534cd84b4ddf,Maersk,Singapore,Felixstowe,2026-05-24T20:03:27,2026-05-26T15:57:27,43.9,13270.4,Chemicals
2026-08-25T09:59:23,47fd817e-af88-4dbf-8a76-76fc5f4b55d4,CMA-CGM,Shanghai,Rotterdam,2026-09-01T09:59:23,2026-09-01T09:59:23,0.0,17232.5,Electronics
2026-02-08T10:03:23,997b925c-b4ba-49ad-a52e-ea7efcec8ba6,Maersk,Tanger Med,Rotterdam,2026-03-04T10:03:23,2026-03-06T23:57:23,61.9,23745.3,Automotive
2026-03-20T13:17:09,5326043e-290e-4196-8c2f-5ed030d86bce,Evergreen,Shenzhen,Hamburg,2026-04-14T13:17:09,2026-04-16T21:29:09,56.2,7007.2,Textiles
2026-07-02T09:01:18,9d1ca18e-0319-4b3c-b556-de1b6ad5d79f,Maersk,Tanger Med,Barcelona,2026-07-13T09:01:18,2026-07-13T09:01:18,0.0,13898.1,Automotive
2026-08-16T01:55:11,880b5023-ceb7-4b35-b8a5-0d2d4ffc4a23,MSC,Busan,Los Angeles,2026-08-21T01:55:11,2026-08-21T01:55:11,0.0,12421.9,Automotive
2026-05-12T08:12:16,b9578c38-6f57-4506-b8d8-b021e0cf7114,MSC,Singapore,Felixstowe,2026-06-02T08:12:16,2026-06-04T00:36:16,40.4,6849.5,Textiles
2026-05-13T16:38:01,0b1740a2-abe9-47a8-a9bb-8f32f884a6d3,Maersk,Busan,Los Angeles,2026-06-03T16:38:01,2026-06-03T16:38:01,0.0,6133.0,Textiles
2026-02-21T11:40:58,cce204fd-96aa-42d0-af61-4d5669ef7418,Maersk,Agadir,Hamburg,2026-03-16T11:40:58,2026-03-16T11:40:58,0.0,20033.6,Chemicals
2026-06-20T15:20:59,c38aa151-4e3d-4a5a-8156-e51ea3418ae8,COSCO,Busan,Los Angeles,2026-07-03T15:20:59,2026-07-03T15:20:59,0.0,21583.8,Food
2026-07-17T02:39:01,c9c08b95-2309-41a6-a032-9275cc64398b,Evergreen,Tanger Med,Rotterdam,2026-07-27T02:39:01,2026-07-27T02:39:01,0.0,13646.2,Textiles
2026-03-16T00:43:21,fdb51025-1ea2-490a-8e94-90eff3346cd0,COSCO,Ningbo,New York,2026-04-14T00:43:21,2026-04-14T00:43:21,0.0,8337.6,Textiles
2026-07-01T20:37:27,f20e9a79-af4e-468d-b11f-03327d0e0a2a,Comanav,Tanger Med,Barcelona,2026-07-28T20:37:27,2026-07-28T20:37:27,0.0,20870.1,Textiles
2026-05-20T15:35:50,a41ae7ea-b532-49e0-a9c3-065c6cb3026d,Marsa Maroc,Ningbo,New York,2026-06-08T15:35:50,2026-06-08T15:35:50,0.0,12528.5,Chemicals
2026-06-13T20:09:26,b4ab7a3d-dc94-4e20-84bf-579e425effa8,MSC,Shanghai,Rotterdam,2026-06-18T20:09:26,2026-06-18T20:09:26,0.0,10908.0,Food
2026-02-08T14:16:26,0d95e4e5-6e92-4bb2-918f-e81e3afff27d,Maersk,Ningbo,New York,2026-03-10T14:16:26,2026-03-10T14:16:26,0.0,9901.8,Textiles
2026-07-10T14:51:44,08bfe300-f5bb-4ae5-b9da-3421e1067587,MSC,Tanger Med,Rotterdam,2026-07-24T14:51:44,2026-07-27T18:39:44,75.8,19120.2,Electronics
2026-09-03T13:45:33,ed545c67-0784-4116-ab42-9a618b506262,COSCO,Ningbo,New York,2026-09-14T13:45:33,2026-09-14T13:45:33,0.0,11358.1,Textiles
2026-07-24T00:53:28,bd05fb68-a793-486c-987a-64ae5584df0a,MSC,Ningbo,New York,2026-08-21T00:53:28,2026-08-21T00:53:28,0.0,10415.2,Chemicals
2026-08-24T01:20:55,f8ec5f8e-d5cc-46be-9cb5-7eb2e46ac914,Maersk,Busan,Los Angeles,2026-09-06T01:20:55,2026-09-06T01:20:55,0.0,18077.8,Food
2026-03-10T00:43:37,892cda72-be0c-43f1-9ae6-2dac8291ba9e,Evergreen,Tanger Med,Rotterdam,2026-03-18T00:43:37,2026-03-20T02:25:37,49.7,13060.0,Chemicals
2026-06-02T02:57:53,cfcc004e-1b57-4410-aa69-b338038fdf75,MSC,Tanger Med,Rotterdam,2026-06-24T02:57:53,2026-06-24T02:57:53,0.0,3764.4,Textiles
2026-05-01T18:20:43,290e9487-7e5e-4d90-a3cf-834a3e2d5a67,Maersk,Casablanca,Marseille,2026-05-14T18:20:43,2026-05-14T18:20:43,0.0,21260.9,Automotive
2026-06-27T09:31:52,3cad618a-6845-44c0-b5f0-d004f005c077,Evergreen,Tanger Med,Barcelona,2026-07-03T09:31:52,2026-07-03T09:31:52,0.0,9224.4,Chemicals
2026-03-19T23:30:54,5e431a2a-5f4f-4a6f-a3a0-e26d39450c8e,Maersk,Casablanca,Marseille,2026-04-01T23:30:54,2026-04-01T23:30:54,0.0,2124.0,Electronics
2026-03-15T06:22:43,56b07bcf-ee92-4884-98c9-9591f4111f9f,Marsa Maroc,Busan,Los Angeles,2026-04-07T06:22:43,2026-04-08T23:46:43,41.4,14343.1,Automotive
2026-04-06T00:13:57,4c819ff4-3686-4901-aec1-f9c840efd2ba,CMA-CGM,Shanghai,Rotterdam,2026-05-05T00:13:57,2026-05-05T00:13:57,0.0,13995.5,Electronics
2026-02-11T20:19:33,6df270d9-143b-4ad4-a88d-05e23741e227,Evergreen,Tanger Med,Rotterdam,2026-03-03T20:19:33,2026-03-03T20:19:33,0.0,8084.4,Automotive
2026-03-13T10:14:29,00034b0a-ed36-4ec6-b65f-841c3a81f9f1,Comanav,Casablanca,Marseille,2026-03-26T10:14:29,2026-03-26T10:14:29,0.0,11907.6,Food
2026-05-12T20:37:32,b50d132a-f2aa-4588-ab31-55c7ef294ffe,COSCO,Ningbo,New York,2026-05-21T20:37:32,2026-05-21T20:37:32,0.0,24582.6,Food
2026-05-12T18:56:10,bd406ed4-5491-4798-8a14-049e45b8bcd5,MSC,Singapore,Felixstowe,2026-05-22T18:56:10,2026-05-22T18:56:10,0.0,2414.2,Chemicals
2026-08-03T17:55:07,31fff087-668e-4d00-ae2e-9794f7724c46,Comanav,Shanghai,Rotterdam,2026-08-12T17:55:07,2026-08-12T17:55:07,0.0,842.7,Automotive
2026-04-02T08:40:05,beac2800-857f-419d-8407-9df0c04158fc,COSCO,Casablanca,Marseille,2026-04-10T08:40:05,2026-04-10T08:40:05,0.0,20796.7,Electronics
2026-05-05T20:08:25,6d1af123-389e-4972-98cf-7b43702494ff,MSC,Tanger Med,Rotterdam,2026-05-19T20:08:25,2026-05-19T20:08:25,0.0,11074.7,Chemicals
2026-07-28T00:42:35,edf6d034-9591-410f-ab89-b42cad2a03c1,Maersk,Agadir,Hamburg,2026-08-17T00:42:35,2026-08-17T00:42:35,0.0,13880.8,Chemicals
2026-03-20T00:12:42,c7763117-12a1-4260-91fb-38e0c5a89ac0,Maersk,Casablanca,Marseille,2026-03-29T00:12:42,2026-03-29T00:12:42,0.0,1279.0,Textiles
2026-03-30T17:05:47,5cdb8ded-3cc3-4ecf-9e2d-a7e68e7391a1,COSCO,Agadir,Hamburg,2026-04-29T17:05:47,2026-04-29T17:05:47,0.0,3820.8,Food
2026-02-20T05:23:36,5332d267-c7e4-4f48-977e-816a7413be38,MSC,Shenzhen,Hamburg,2026-03-10T05:23:36,2026-03-13T08:23:36,75.0,744.4,Chemicals
2026-08-11T08:17:21,13021dc9-0682-4441-b599-1812e87ffe8f,Evergreen,Busan,Los Angeles,2026-08-26T08:17:21,2026-08-26T08:17:21,0.0,2846.6,Automotive
2026-06-07T19:48:41,131ebe94-3e58-4d72-8f95-9d71cd1f078e,CMA-CGM,Casablanca,Marseille,2026-07-07T19:48:41,2026-07-07T19:48:41,0.0,801.9,Chemicals
2026-02-24T17:07:33,f631ef21-b043-4dc1-aff0-38ac71d4ebb1,Evergreen,Agadir,Hamburg,2026-03-15T17:07:33,2026-03-15T17:07:33,0.0,18939.6,Electronics
2026-03-24T23:45:14,5c8dd1df-f15a-470e-9ef0-7bd5d46cd066,MSC,Busan,Los Angeles,2026-04-03T23:45:14,2026-04-03T23:45:14,0.0,5502.7,Chemicals
2026-03-08T10:43:16,ad5be5bd-bcc6-4fcb-8926-feb78b442a5f,Marsa Maroc,Tanger Med,Rotterdam,2026-03-29T10:43:16,2026-03-29T10:43:16,0.0,2351.5,Chemicals
2026-03-12T01:48:54,3c482285-43da-4220-9737-16bc1381d6da,MSC,Busan,Los Angeles,2026-03-22T01:48:54,2026-03-22T01:48:54,0.0,20204.5,Textiles
2026-04-12T03:00:25,99a0bf64-1292-4c43-96bc-1e5a11ac7801,Comanav,Shenzhen,Hamburg,2026-05-09T03:00:25,2026-05-09T03:00:25,0.0,18715.3,Electronics
2026-05-14T19:57:09,b195dd9b-1f8d-47c5-9bf3-274e023407de,Maersk,Busan,Los Angeles,2026-06-06T19:57:09,2026-06-06T19:57:09,0.0,20289.7,Electronics
2026-03-23T08:34:04,8ec0e770-a5dd-4d1d-beb1-e29b1826b67d,Comanav,Busan,Los Angeles,2026-03-28T08:34:04,2026-03-28T08:34:04,0.0,8006.6,Chemicals
2026-05-16T09:48:39,456a6091-6d1d-4ff2-a522-97b1a24f7892,MSC,Tanger Med,Rotterdam,2026-05-28T09:48:39,2026-05-28T09:48:39,0.0,7681.8,Automotive
2026-05-31T10:46:25,0ace6217-8a28-48cc-a723-de882b9175d7,CMA-CGM,Casablanca,Marseille,2026-06-09T10:46:25,2026-06-09T10:46:25,0.0,10234.1,Automotive
2026-07-26T07:24:46,833fff61-4b19-427f-9849-0f861a296e6e,MSC,Shenzhen,Hamburg,2026-08-06T07:24:46,2026-08-08T00:30:46,41.1,2515.9,Electronics
2026-07-01T16:43:33,127bccc3-5a98-451a-99b0-6bb6f628efde,CMA-CGM,Shanghai,Rotterdam,2026-07-29T16:43:33,2026-07-29T16:43:33,0.0,20047.0,Chemicals
2026-07-30T04:47:45,a0ce4e5f-335d-45ba-a302-952b08ae73d5,COSCO,Casablanca,Marseille,2026-08-23T04:47:45,2026-08-23T04:47:45,0.0,17022.9,Chemicals
2026-07-28T01:43:43,0e9dfdca-4cbc-4156-af86-834acbb34766,CMA-CGM,Shenzhen,Hamburg,2026-08-05T01:43:43,2026-08-05T01:43:43,0.0,3698.5,Chemicals
2026-07-28T04:05:09,341406dd-4209-42d8-96e6-204ba7ddd513,Marsa Maroc,Tanger Med,Barcelona,2026-08-16T04:05:09,2026-08-16T04:05:09,0.0,7852.6,Food
2026-06-22T21:06:04,a87aa161-eae7-4e37-841b-078a16e6456f,Marsa Maroc,Tanger Med,Rotterdam,2026-07-01T21:06:04,2026-07-01T21:06:04,0.0,8951.2,Textiles
2026-02-27T13:26:06,854839a7-7fcf-423d-a415-bdeff5bb29f8,CMA-CGM,Ningbo,New York,2026-03-07T13:26:06,2026-03-07T13:26:06,0.0,3719.6,Electronics
2026-07-08T06:25:13,c0c04eff-77f8-4f3a-b85c-bb14311a37d0,CMA-CGM,Tanger Med,Barcelona,2026-07-30T06:25:13,2026-07-30T06:25:13,0.0,21119.0,Automotive
2026-03-29T22:41:22,ae8afe40-aa82-44af-b941-321c492dcad3,Evergreen,Singapore,Felixstowe,2026-04-15T22:41:22,2026-04-19T14:35:22,87.9,18446.4,Food
2026-02-11T06:58:55,7e0f2b8b-3fc1-4caa-bfa8-1acf88859cb7,CMA-CGM,Singapore,Felixstowe,2026-03-03T06:58:55,2026-03-03T06:58:55,0.0,19883.5,Food
2026-03-14T13:25:01,b11c7dc1-831e-4256-bf5b-8a8fbe8ed9b1,MSC,Singapore,Felixstowe,2026-03-25T13:25:01,2026-03-25T13:25:01,0.0,24978.6,Electronics
2026-03-05T16:14:52,7d83cc6d-b50c-4b80-8618-3c8075a6344f,Evergreen,Ningbo,New York,2026-03-18T16:14:52,2026-03-18T16:14:52,0.0,6841.0,Food
2026-03-03T04:34:57,b1ff050d-137e-4d9d-b1fb-7c3110862ef5,COSCO,Agadir,Hamburg,2026-03-29T04:34:57,2026-03-29T04:34:57,0.0,2670.0,Food
2026-07-11T22:00:24,ed48030f-49b0-4e23-94e4-e4fbfb255838,Evergreen,Tanger Med,Barcelona,2026-07-17T22:00:24,2026-07-17T22:00:24,0.0,15682.9,Food
2026-08-25T06:46:48,385f2bdb-8037-48d0-aa9e-666e3f5d6baa,Maersk,Casablanca,Marseille,2026-09-12T06:46:48,2026-09-12T06:46:48,0.0,1733.6,Food
2026-03-13T05:15:17,22b5a00b-528f-411f-9776-222dc399329e,Comanav,Ningbo,New York,2026-04-11T05:15:17,2026-04-16T02:27:17,117.2,10129.4,Automotive
2026-06-06T13:28:22,97f483e8-3be9-4231-a068-b269aa027a80,Comanav,Agadir,Hamburg,2026-06-21T13:28:22,2026-06-23T07:34:22,42.1,7090.9,Chemicals
2026-06-20T00:47:31,5afb32da-c363-44e5-b35f-fb4fa4291446,COSCO,Shanghai,Rotterdam,2026-06-26T00:47:31,2026-06-26T00:47:31,0.0,3373.1,Food
2026-03-19T14:17:13,6ae35547-28c6-44da-85e4-25bf593509c3,COSCO,Ningbo,New York,2026-04-03T14:17:13,2026-04-03T14:17:13,0.0,5093.5,Electronics
2026-06-08T07:55:57,bdd429a0-bebf-41d4-a508-d654dfd32c0d,Maersk,Casablanca,Marseille,2026-06-18T07:55:57,2026-06-18T07:55:57,0.0,18307.9,Automotive
2026-08-02T23:26:14,bc1754a4-47c2-472e-8eff-9e302a25e23d,CMA-CGM,Tanger Med,Rotterdam,2026-08-17T23:26:14,2026-08-17T23:26:14,0.0,5599.4,Automotive
2026-07-22T03:01:55,bdcb5a32-bfd0-4430-bcd4-7a21fa5a2cca,Maersk,Tanger Med,Rotterdam,2026-07-27T03:01:55,2026-07-27T03:01:55,0.0,13215.4,Automotive
2026-07-05T10:43:20,cbac1a8d-d0f3-47f4-b8d6-6499bfd3e831,Marsa Maroc,Shanghai,Rotterdam,2026-08-01T10:43:20,2026-08-03T23:43:20,61.0,15046.7,Food
2026-02-19T23:15:19,35935364-2781-42db-8a12-660181795cec,Maersk,Tanger Med,Rotterdam,2026-03-12T23:15:19,2026-03-12T23:15:19,0.0,19318.9,Food
2026-08-19T01:53:07,6cb49ea9-bba7-428a-ae61-8aafb9f94985,Maersk,Tanger Med,Barcelona,2026-09-01T01:53:07,2026-09-01T01:53:07,0.0,20058.9,Electronics
2026-04-07T17:02:25,485b464c-c384-4abc-b1bf-1f72bc11378f,COSCO,Tanger Med,Barcelona,2026-04-30T17:02:25,2026-04-30T17:02:25,0.0,15880.5,Automotive
2026-05-05T09:17:49,230ab5b4-8d4e-4106-8ebf-1fa2c37fca4a,Marsa Maroc,Casablanca,Marseille,2026-05-25T09:17:49,2026-05-25T09:17:49,0.0,11690.3,Food
2026-03-30T23:10:02,d6e6210c-5afd-4325-a98d-4ec95b54774f,Comanav,Ningbo,New York,2026-04-22T23:10:02,2026-04-22T23:10:02,0.0,18630.3,Food
2026-07-25T20:18:53,3dc9fb56-4c32-417a-b653-b3dc83f0a0bf,COSCO,Tanger Med,Rotterdam,2026-07-30T20:18:53,2026-07-30T20:18:53,0.0,18459.9,Textiles
2026-06-16T13:23:54,f27e2047-cf98-4862-bd51-8f92a265ad10,Comanav,Ningbo,New York,2026-06-23T13:23:54,2026-06-27T22:59:54,105.6,13916.5,Chemicals
2026-04-13T22:52:52,550d07ca-972d-4218-8bc7-9f58f7d998d2,COSCO,Shanghai,Rotterdam,2026-04-25T22:52:52,2026-04-25T22:52:52,0.0,1064.9,Food
2026-05-29T18:05:16,2aa75345-30f4-42c1-94c7-929d6b0abd9f,CMA-CGM,Ningbo,New York,2026-06-24T18:05:16,2026-06-24T18:05:16,0.0,11146.8,Electronics
2026-07-16T21:49:42,1ae33e01-b07a-45fb-9eb3-373d68f5eb72,COSCO,Agadir,Hamburg,2026-07-23T21:49:42,2026-07-26T18:19:42,68.5,2586.5,Electronics
2026-02-17T07:55:38,18ed3fd5-8421-4a70-bb7e-af5c5a0fd17b,Marsa Maroc,Ningbo,New York,2026-03-05T07:55:38,2026-03-05T07:55:38,0.0,8578.3,Automotive
2026-04-19T21:41:59,f5d5b8a9-9e82-4e62-aacf-1c681fb92dfb,MSC,Shanghai,Rotterdam,2026-04-24T21:41:59,2026-04-24T21:41:59,0.0,6864.5,Electronics
2026-04-06T20:38:05,c289a8f8-79a7-4c37-b871-36674d2d9cb5,CMA-CGM,Tanger Med,Barcelona,2026-04-17T20:38:05,2026-04-17T20:38:05,0.0,6359.8,Chemicals
2026-02-26T05:21:14,bd33ed17-d333-4392-adc6-74c8235f163e,Maersk,Singapore,Felixstowe,2026-03-17T05:21:14,2026-03-17T05:21:14,0.0,23614.5,Food
2026-02-07T22:52:53,3f04686f-b746-4d75-b4af-daa64cf2eeec,CMA-CGM,Shanghai,Rotterdam,2026-03-02T22:52:53,2026-03-04T16:22:53,41.5,10408.3,Chemicals
2026-07-26T01:06:27,1b4e1695-7b18-43f3-9d1a-6e71c82b2c80,Marsa Maroc,Casablanca,Marseille,2026-08-01T01:06:27,2026-08-01T01:06:27,0.0,13988.1,Textiles
2026-03-25T01:26:23,b5fc6702-ceb8-47b1-9137-49b2948f1065,Comanav,Tanger Med,Rotterdam,2026-04-03T01:26:23,2026-04-03T01:26:23,0.0,13707.3,Electronics
2026-06-18T07:55:38,e4933a40-451c-4403-ba90-fcbb62d73d32,MSC,Ningbo,New York,2026-06-27T07:55:38,2026-06-27T07:55:38,0.0,13076.8,Food
2026-05-12T13:50:05,0b387f31-32e9-4747-a4d1-66efb07b0cda,Maersk,Shanghai,Rotterdam,2026-05-21T13:50:05,2026-05-23T20:02:05,54.2,1325.2,Textiles
2026-06-22T12:55:46,31b8c477-0d0e-4a9a-ae2a-0d3e5082a30f,Maersk,Ningbo,New York,2026-07-12T12:55:46,2026-07-12T12:55:46,0.0,8456.7,Automotive
2026-04-22T05:31:52,e080703d-4c59-4b2b-9382-2470dbe2f878,MSC,Busan,Los Angeles,2026-05-22T05:31:52,2026-05-25T14:19:52,80.8,5220.0,Textiles
2026-07-23T06:13:07,38d3b2db-8b5e-4c38-8503-5283314e035d,MSC,Casablanca,Marseille,2026-08-08T06:13:07,2026-08-08T20:07:07,13.9,7719.2,Automotive
2026-04-03T07:46:40,e1edb0b2-04a1-4274-b202-8d203c9a883d,Comanav,Tanger Med,Barcelona,2026-04-25T07:46:40,2026-04-28T07:22:40,71.6,8634.4,Food
2026-04-14T12:12:12,28eeac79-7475-4529-a74a-c4c429ed836e,Marsa Maroc,Tanger Med,Barcelona,2026-05-02T12:12:12,2026-05-05T20:06:12,79.9,19764.4,Textiles
2026-05-06T10:56:11,1659f47a-ff73-4c61-8d8e-14949c7a9eac,Evergreen,Shenzhen,Hamburg,2026-05-11T10:56:11,2026-05-11T10:56:11,0.0,21723.8,Chemicals
2026-05-19T17:53:34,57229a33-2865-44c4-b401-c46d5df6353a,Maersk,Tanger Med,Barcelona,2026-05-25T17:53:34,2026-05-25T17:53:34,0.0,4735.9,Electronics
2026-05-20T03:43:26,474b8aff-8e57-4b65-a54a-7889f15d5e33,COSCO,Shanghai,Rotterdam,2026-06-07T03:43:26,2026-06-07T03:43:26,0.0,2588.7,Food
2026-05-06T11:15:05,f8279a41-d2ec-4c03-a0e7-56f1ddfe64ea,Evergreen,Agadir,Hamburg,2026-05-15T11:15:05,2026-05-15T11:15:05,0.0,1225.8,Automotive
2026-03-22T12:21:34,c3b40731-c0b8-44e1-8c85-10900b6477c5,MSC,Agadir,Hamburg,2026-04-14T12:21:34,2026-04-14T12:21:34,0.0,23168.1,Chemicals
2026-05-03T10:22:44,6e2ea1ec-1815-40e5-85b1-3d986cdd16d7,CMA-CGM,Tanger Med,Barcelona,2026-05-10T10:22:44,2026-05-10T10:22:44,0.0,16544.2,Textiles
2026-03-06T02:56:08,a7964a9f-bf3f-49b5-95f1-70b989c0da6e,Marsa Maroc,Ningbo,New York,2026-03-22T02:56:08,2026-03-22T02:56:08,0.0,18518.0,Chemicals
2026-07-29T03:18:11,0c3e064f-4ebe-40f3-8029-a8b668e071f7,MSC,Shenzhen,Hamburg,2026-08-27T03:18:11,2026-08-31T18:00:11,110.7,18971.0,Textiles
2026-03-23T09:45:24,dca90644-2b0d-4968-b2e4-601f37e4a828,Marsa Maroc,Singapore,Felixstowe,2026-03-29T09:45:24,2026-03-31T06:45:24,45.0,4853.8,Automotive
2026-06-09T21:04:45,6f63af43-2bff-4b42-ab55-08ee6f0ea7ce,COSCO,Busan,Los Angeles,2026-06-21T21:04:45,2026-06-23T17:28:45,44.4,20717.8,Electronics
2026-03-20T03:51:59,038a902d-ab4c-4487-9e7b-723a39a6ea87,Evergreen,Tanger Med,Barcelona,2026-03-27T03:51:59,2026-03-27T03:51:59,0.0,667.7,Chemicals
2026-05-23T08:34:40,48be8619-b24e-4f8c-9d32-5d7631e75085,Marsa Maroc,Agadir,Hamburg,2026-06-06T08:34:40,2026-06-06T08:34:40,0.0,4148.1,Automotive
2026-03-21T03:18:45,e3bef813-b206-4399-aa8a-5c16048803df,Evergreen,Shenzhen,Hamburg,2026-04-08T03:18:45,2026-04-08T03:18:45,0.0,24979.7,Food
2026-05-01T16:03:55,5334d7ab-cc1b-4af0-8555-8600da749806,MSC,Casablanca,Marseille,2026-05-16T16:03:55,2026-05-16T16:03:55,0.0,18861.6,Automotive
2026-08-27T04:56:37,5e478485-63e5-4873-9dbf-f20caaea0a28,Marsa Maroc,Busan,Los Angeles,2026-09-06T04:56:37,2026-09-06T04:56:37,0.0,24678.2,Food
2026-06-19T11:45:15,c51de6ab-8206-4a0f-8347-ceb1c01186a8,Comanav,Singapore,Felixstowe,2026-07-07T11:45:15,2026-07-07T11:45:15,0.0,9992.0,Textiles
2026-07-08T16:46:14,b23ddf5a-3f60-4401-8feb-0cd24f2f3bc4,MSC,Singapore,Felixstowe,2026-07-17T16:46:14,2026-07-17T16:46:14,0.0,2376.4,Food
2026-03-28T19:03:06,f24b22be-aa63-4ae9-964d-05765b657fe3,COSCO,Busan,Los Angeles,2026-04-19T19:03:06,2026-04-19T19:03:06,0.0,21478.4,Textiles
2026-05-12T02:00:16,abf92bd8-76e8-4172-a7ed-32367f802de3,COSCO,Shanghai,Rotterdam,2026-05-31T02:00:16,2026-06-03T13:30:16,83.5,14665.4,Automotive
2026-04-02T20:29:15,3120697b-ad1f-431c-b688-d1383b3ade62,Maersk,Shenzhen,Hamburg,2026-04-08T20:29:15,2026-04-08T20:29:15,0.0,23349.9,Food
2026-05-27T17:40:14,b4dead77-44c9-452e-afad-5ed27eca8805,Evergreen,Shanghai,Rotterdam,2026-06-19T17:40:14,2026-06-19T17:40:14,0.0,7882.8,Automotive
2026-03-13T02:39:57,99910b97-3f50-429d-86e3-28f2c1c6fd92,MSC,Casablanca,Marseille,2026-03-28T02:39:57,2026-04-01T06:21:57,99.7,8036.2,Textiles
2026-04-16T03:32:14,9e91ebf7-09f2-41dd-bd75-fbd4a14b010b,Marsa Maroc,Singapore,Felixstowe,2026-05-15T03:32:14,2026-05-15T03:32:14,0.0,4232.8,Electronics
2026-06-17T09:58:46,153bef4b-b259-46f7-acf1-acc9fabbeca9,Maersk,Casablanca,Marseille,2026-07-02T09:58:46,2026-07-02T09:58:46,0.0,11104.2,Textiles
2026-08-20T16:33:17,aa69dc19-1d9f-4417-81ac-4b3539a8c29a,MSC,Shenzhen,Hamburg,2026-09-05T16:33:17,2026-09-05T16:33:17,0.0,19748.5,Electronics
2026-07-27T00:19:29,38b16dce-c598-4973-8d18-a1860d0642f5,Marsa Maroc,Singapore,Felixstowe,2026-08-23T00:19:29,2026-08-23T00:19:29,0.0,7434.8,Electronics
2026-06-10T12:24:26,e492a0f3-ec65-4700-857c-ba4e5d4e6370,Maersk,Tanger Med,Barcelona,2026-07-06T12:24:26,2026-07-06T12:24:26,0.0,12579.9,Automotive
2026-06-20T17:06:07,5d704fe3-34c8-41ee-8810-400a5ae19617,Evergreen,Ningbo,New York,2026-06-27T17:06:07,2026-06-27T17:06:07,0.0,11858.2,Electronics
2026-04-15T04:25:26,1c4cad61-fbc5-4889-a32f-879ea53bc291,MSC,Singapore,Felixstowe,2026-04-29T04:25:26,2026-04-29T04:25:26,0.0,17090.6,Textiles
2026-06-29T13:19:30,fb71c52d-72f6-484b-9d23-2c2a7a7d8717,Comanav,Ningbo,New York,2026-07-20T13:19:30,2026-07-24T07:31:30,90.2,13441.8,Textiles
2026-06-26T20:26:19,bce75cbf-2299-40c2-8d81-15d47840b67f,Evergreen,Singapore,Felixstowe,2026-07-01T20:26:19,2026-07-04T04:14:19,55.8,21721.2,Electronics
2026-08-06T08:06:51,17ee1599-4a25-42de-8bd0-82fe428d42c0,Comanav,Shenzhen,Hamburg,2026-08-14T08:06:51,2026-08-19T07:18:51,119.2,4952.7,Automotive
2026-04-24T11:50:03,d27cc7c9-18e6-4f2b-a9b3-6e4ea882dfc8,CMA-CGM,Shenzhen,Hamburg,2026-05-05T11:50:03,2026-05-05T11:50:03,0.0,7334.7,Automotive
2026-02-25T21:02:11,e112248a-700f-41dc-818b-bd4e48421322,Comanav,Agadir,Hamburg,2026-03-02T21:02:11,2026-03-02T21:02:11,0.0,10335.5,Textiles
2026-06-25T15:22:24,83fc0fdd-e484-46cc-8474-a38a2ae1f2ce,COSCO,Ningbo,New York,2026-06-30T15:22:24,2026-07-02T05:16:24,37.9,3985.8,Food
2026-05-29T14:31:06,e2293cab-e3a6-4bfd-9619-b1d7a0546c53,Maersk,Singapore,Felixstowe,2026-06-04T14:31:06,2026-06-04T14:31:06,0.0,2030.8,Automotive
2026-05-07T00:46:09,65fc2c73-8cec-4cea-92f3-02198db4b36b,Evergreen,Tanger Med,Barcelona,2026-05-26T00:46:09,2026-05-26T00:46:09,0.0,15009.6,Food
2026-08-10T08:58:15,3278ae7e-a8e0-483d-8e03-528397bacf7d,Maersk,Tanger Med,Rotterdam,2026-08-17T08:58:15,2026-08-17T08:58:15,0.0,1294.6,Electronics
2026-05-27T10:50:34,7af3aff3-38dd-4c2d-ac55-102b040c8d74,CMA-CGM,Agadir,Hamburg,2026-06-16T10:50:34,2026-06-16T10:50:34,0.0,6397.2,Chemicals
2026-06-29T14:39:08,a73fad10-3f78-43fd-8fac-082063aaecb3,Evergreen,Tanger Med,Barcelona,2026-07-18T14:39:08,2026-07-21T14:33:08,71.9,1616.9,Electronics
2026-03-24T03:49:15,fafb8894-afd7-4c2f-a013-325fa0011a83,MSC,Singapore,Felixstowe,2026-04-22T03:49:15,2026-04-24T06:07:15,50.3,18024.6,Electronics
2026-06-29T18:23:26,436e8202-0058-4430-8d15-52d5bdc7f204,CMA-CGM,Ningbo,New York,2026-07-07T18:23:26,2026-07-07T18:23:26,0.0,7479.9,Chemicals
2026-08-18T09:29:42,466d4dfe-fa57-40d4-add5-149c2a24261a,CMA-CGM,Ningbo,New York,2026-09-03T09:29:42,2026-09-06T17:23:42,79.9,2387.5,Chemicals
2026-08-12T18:03:34,e9971874-eb7c-441d-ba2c-f34222094a55,MSC,Shenzhen,Hamburg,2026-08-27T18:03:34,2026-08-27T18:03:34,0.0,17801.1,Electronics
2026-07-29T23:02:13,fb4e18a9-1d5f-48c0-b3fa-9ee81f133046,MSC,Busan,Los Angeles,2026-08-20T23:02:13,2026-08-20T23:02:13,0.0,21747.1,Chemicals
2026-07-13T07:42:50,d170bfcc-cd67-4bdc-b1b5-f79a2a226f5f,Marsa Maroc,Ningbo,New York,2026-07-18T07:42:50,2026-07-18T07:42:50,0.0,19595.0,Food
2026-06-15T15:12:12,4182726e-6d2f-41c2-8051-0c996e312450,Marsa Maroc,Tanger Med,Rotterdam,2026-06-27T15:12:12,2026-06-27T15:12:12,0.0,23664.6,Electronics
2026-08-15T02:54:08,c7ada07e-8e91-41ae-b354-ef9fe49a7d88,Maersk,Singapore,Felixstowe,2026-09-06T02:54:08,2026-09-06T02:54:08,0.0,3221.2,Food
2026-04-03T06:23:37,0bd3a881-c70f-4708-994f-e28b2ceb3fe3,Comanav,Busan,Los Angeles,2026-04-12T06:23:37,2026-04-12T06:23:37,0.0,5468.7,Food
2026-04-18T06:17:47,e2b7768e-37fb-4fef-b049-67673d5114e3,CMA-CGM,Singapore,Felixstowe,2026-05-08T06:17:47,2026-05-08T06:17:47,0.0,3455.1,Automotive
2026-03-20T20:03:00,fbdbf129-84a2-4bc7-9cd0-1c10be3b7245,CMA-CGM,Busan,Los Angeles,2026-04-01T20:03:00,2026-04-01T20:03:00,0.0,22018.5,Food
2026-06-07T23:31:48,95127a0a-fbf4-47bf-8615-1b94499fa497,Maersk,Tanger Med,Barcelona,2026-06-17T23:31:48,2026-06-17T23:31:48,0.0,13902.2,Food
2026-04-08T08:54:36,800e8e5e-bc05-45ac-947b-657f4242f7c3,Comanav,Shenzhen,Hamburg,2026-04-24T08:54:36,2026-04-24T08:54:36,0.0,24271.9,Electronics
2026-04-21T06:52:41,7017719c-fe88-4e7d-a407-994135b1e833,MSC,Tanger Med,Rotterdam,2026-05-16T06:52:41,2026-05-16T06:52:41,0.0,21769.1,Automotive
2026-05-25T05:31:29,d028cc6f-8d7d-4b12-b008-354b3a8c01ab,MSC,Casablanca,Marseille,2026-06-11T05:31:29,2026-06-12T11:01:29,29.5,20693.9,Chemicals
2026-03-13T16:40:51,17cc9eeb-066f-47e8-ae4e-7f20ebb983f6,Comanav,Tanger Med,Rotterdam,2026-03-30T16:40:51,2026-03-30T16:40:51,0.0,19203.7,Food
2026-03-11T06:46:42,35c99abc-3a1c-4065-8a6b-bfd553c5f321,Comanav,Shenzhen,Hamburg,2026-03-30T06:46:42,2026-03-30T06:46:42,0.0,16826.4,Electronics
2026-02-17T05:38:48,8659347e-0517-40ca-9104-65c5adf5f858,Comanav,Singapore,Felixstowe,2026-03-08T05:38:48,2026-03-08T05:38:48,0.0,9234.4,Chemicals
2026-08-21T23:14:40,d0c8d53e-fb18-4054-b168-129d08111776,MSC,Tanger Med,Barcelona,2026-09-13T23:14:40,2026-09-18T14:02:40,110.8,9434.6,Automotive
2026-03-07T02:45:04,cc744427-f89e-4262-a106-6a0f1b904539,CMA-CGM,Tanger Med,Barcelona,2026-03-13T02:45:04,2026-03-13T02:45:04,0.0,21048.9,Textiles
2026-07-29T08:07:36,45d8dbf5-5730-43f1-b300-bd2b67dc4e12,COSCO,Casablanca,Marseille,2026-08-05T08:07:36,2026-08-05T08:07:36,0.0,23229.7,Automotive
2026-05-16T15:04:23,0503d113-1e85-487b-b49b-035ac6e08d06,CMA-CGM,Agadir,Hamburg,2026-05-22T15:04:23,2026-05-27T10:10:23,115.1,16395.1,Textiles
2026-03-04T05:39:41,b78ffce3-f9f6-4356-98ec-b95e952c5df0,CMA-CGM,Casablanca,Marseille,2026-03-15T05:39:41,2026-03-15T05:39:41,0.0,17523.5,Food
2026-05-29T05:07:12,021bc180-1b60-474e-a66d-2dc56fc4edf8,Comanav,Ningbo,New York,2026-06-10T05:07:12,2026-06-10T05:07:12,0.0,7569.7,Textiles
2026-08-19T08:19:39,30a79c69-036b-496c-9cfe-9d1a686f169b,Maersk,Ningbo,New York,2026-08-31T08:19:39,2026-08-31T08:19:39,0.0,7885.0,Electronics
2026-03-28T17:21:35,a8bd1806-ae31-489c-ae1f-e25f2418e506,Evergreen,Singapore,Felixstowe,2026-04-27T17:21:35,2026-05-01T21:15:35,99.9,8251.6,Automotive
2026-07-13T01:40:36,3ed9b0ad-2472-464c-8fc8-b72c92ddcc85,MSC,Tanger Med,Rotterdam,2026-07-21T01:40:36,2026-07-21T01:40:36,0.0,2246.1,Chemicals
2026-07-01T10:20:59,74e6fb07-0e4a-415d-b6df-09dcd8074e0f,Comanav,Shenzhen,Hamburg,2026-07-31T10:20:59,2026-07-31T10:20:59,0.0,24734.5,Textiles
2026-04-26T17:22:07,20bbbc16-d6d1-4e58-afb0-f2282eb4bbae,Marsa Maroc,Singapore,Felixstowe,2026-05-26T17:22:07,2026-05-26T17:22:07,0.0,16859.8,Food
2026-06-08T00:18:31,7e95ce67-d620-4c06-a1a2-3a7ce7ecc486,MSC,Shenzhen,Hamburg,2026-06-22T00:18:31,2026-06-22T00:18:31,0.0,2790.1,Textiles
2026-04-13T23:51:49,81e756e9-c316-4ff9-a532-271c63b1a89a,Comanav,Tanger Med,Rotterdam,2026-04-21T23:51:49,2026-04-23T17:39:49,41.8,12717.4,Textiles
2026-08-07T11:19:42,97ed99cb-01ae-4f9c-8f15-532ccdc6b9d3,COSCO,Casablanca,Marseille,2026-08-28T11:19:42,2026-08-31T14:31:42,75.2,10899.9,Electronics
2026-08-30T14:48:23,3b470de9-211f-4359-af50-b94367a33ead,COSCO,Shenzhen,Hamburg,2026-09-11T14:48:23,2026-09-11T14:48:23,0.0,8363.3,Electronics
2026-03-07T04:01:28,7905f890-0b43-4740-b2d3-f30ab65bb557,Evergreen,Casablanca,Marseille,2026-04-05T04:01:28,2026-04-05T04:01:28,0.0,11501.5,Chemicals
2026-07-25T02:18:20,abb64e70-dcb6-4b97-83fe-8554a107fe4c,Comanav,Shenzhen,Hamburg,2026-08-02T02:18:20,2026-08-02T02:18:20,0.0,15010.7,Food
2026-07-12T07:28:22,4d396973-998f-4cb9-9824-526afbb62860,Evergreen,Busan,Los Angeles,2026-07-20T07:28:22,2026-07-20T07:28:22,0.0,6860.1,Chemicals
2026-08-17T00:32:17,e0b30243-6596-4336-a9ff-fdbbbc32ddbd,Comanav,Tanger Med,Rotterdam,2026-09-12T00:32:17,2026-09-14T14:26:17,61.9,6063.5,Chemicals
2026-02-19T02:43:17,99c36466-9d33-4dd0-b198-7184f4d25971,MSC,Tanger Med,Rotterdam,2026-03-05T02:43:17,2026-03-05T02:43:17,0.0,11160.7,Textiles
2026-05-03T18:31:49,64ef6e9e-596a-4aac-8c32-b8f11fb89aca,COSCO,Shanghai,Rotterdam,2026-06-01T18:31:49,2026-06-01T18:31:49,0.0,3963.0,Textiles
2026-04-26T09:46:26,0ecf5955-65a1-4d22-a5bd-1ff3780d7f6d,COSCO,Tanger Med,Barcelona,2026-05-04T09:46:26,2026-05-04T09:46:26,0.0,5487.6,Food
2026-04-08T12:20:58,de8d333d-b510-419f-be19-19eda8510f28,Maersk,Busan,Los Angeles,2026-04-24T12:20:58,2026-04-24T12:20:58,0.0,6957.6,Chemicals
2026-07-23T07:04:33,a738d5db-869d-4e34-9084-70cbac68026d,Marsa Maroc,Ningbo,New York,2026-08-21T07:04:33,2026-08-21T07:04:33,0.0,16782.2,Electronics
2026-04-11T20:03:37,61c59916-afe9-40ff-9dd9-4dbbf3842467,Maersk,Agadir,Hamburg,2026-05-01T20:03:37,2026-05-01T20:03:37,0.0,24478.2,Food
2026-04-29T13:45:14,788f7fec-5529-4748-8974-7a96fc766084,Comanav,Tanger Med,Rotterdam,2026-05-09T13:45:14,2026-05-11T09:45:14,44.0,2286.0,Textiles
2026-04-11T18:40:26,349e8b59-fa62-433c-a1a7-d3ddbdedd30a,Comanav,Ningbo,New York,2026-04-26T18:40:26,2026-04-26T18:40:26,0.0,16957.1,Chemicals
2026-08-12T18:34:42,4065b7e3-816e-42d5-9513-50eed731b9fd,MSC,Tanger Med,Rotterdam,2026-09-04T18:34:42,2026-09-04T18:34:42,0.0,6859.2,Chemicals
2026-07-09T08:13:00,c876ea74-f381-43c0-801a-37f27c307755,COSCO,Ningbo,New York,2026-07-18T08:13:00,2026-07-19T16:19:00,32.1,13146.8,Textiles
2026-02-26T16:44:24,35fa9b97-506a-4931-8c3f-30a98a19cc56,COSCO,Tanger Med,Rotterdam,2026-03-16T16:44:24,2026-03-16T16:44:24,0.0,3834.6,Chemicals
2026-05-13T23:32:31,e7d326cd-432b-4974-9967-c4df79e1ba03,Marsa Maroc,Singapore,Felixstowe,2026-05-24T23:32:31,2026-05-24T23:32:31,0.0,23667.1,Automotive
2026-08-09T09:09:15,1b640922-be68-46b7-88a3-d0a5236f8d19,MSC,Shenzhen,Hamburg,2026-09-06T09:09:15,2026-09-06T09:09:15,0.0,23060.7,Chemicals
2026-05-21T00:03:56,3bed4a23-f3bb-437a-bd56-581663adc62d,Marsa Maroc,Singapore,Felixstowe,2026-05-30T00:03:56,2026-05-30T00:03:56,0.0,3571.8,Food
2026-03-04T09:54:30,aa6c7550-1716-4e85-b43a-accd2db7cb0d,Marsa Maroc,Singapore,Felixstowe,2026-03-25T09:54:30,2026-03-28T15:30:30,77.6,10457.7,Electronics
2026-05-21T15:59:12,5cfec7f7-d40a-44c3-9164-21e0d95e5d82,Evergreen,Shanghai,Rotterdam,2026-06-11T15:59:12,2026-06-14T19:53:12,75.9,6227.0,Electronics
2026-07-06T11:23:07,21cb1c91-539a-46e6-ad9e-da7604c9b42b,Comanav,Shenzhen,Hamburg,2026-07-22T11:23:07,2026-07-22T11:23:07,0.0,6862.9,Textiles
2026-05-09T21:12:43,64cb1b16-2bb1-4c4c-9657-98050aa4db45,Marsa Maroc,Tanger Med,Rotterdam,2026-05-30T21:12:43,2026-06-03T02:24:43,77.2,4047.4,Automotive
2026-03-10T15:00:12,170539f7-11eb-4081-8ae2-2d829b367565,Marsa Maroc,Singapore,Felixstowe,2026-03-17T15:00:12,2026-03-19T14:24:12,47.4,21417.0,Chemicals
2026-05-15T07:16:26,f032218c-11d8-40dd-8990-d2a36cbbf4ae,Comanav,Shanghai,Rotterdam,2026-05-20T07:16:26,2026-05-20T07:16:26,0.0,17204.4,Textiles
2026-07-13T07:06:24,fa60415e-018d-4ad3-ae2c-5464d473d2e6,COSCO,Singapore,Felixstowe,2026-07-19T07:06:24,2026-07-19T07:06:24,0.0,12754.7,Chemicals
2026-07-14T17:17:23,b11457a8-e3c4-4c33-ae17-aa1845a68f28,Marsa Maroc,Busan,Los Angeles,2026-07-29T17:17:23,2026-07-29T17:17:23,0.0,4390.2,Electronics
2026-07-31T09:40:51,3c22e830-ebbe-40f7-b47a-3d15475f22d8,MSC,Tanger Med,Rotterdam,2026-08-30T09:40:51,2026-08-30T09:40:51,0.0,4105.5,Automotive
2026-08-07T13:35:02,a7831a55-8937-43d0-a149-ce107181168b,MSC,Busan,Los Angeles,2026-08-24T13:35:02,2026-08-24T13:35:02,0.0,3690.8,Automotive
2026-02-20T00:49:42,c3a77ddf-6034-4028-8418-6fa9e6222523,Maersk,Casablanca,Marseille,2026-03-19T00:49:42,2026-03-19T00:49:42,0.0,23620.5,Automotive
2026-03-08T11:56:19,0f8d8d1d-2e56-470c-a84d-b484153c0208,Maersk,Busan,Los Angeles,2026-03-16T11:56:19,2026-03-16T11:56:19,0.0,20980.0,Textiles
2026-06-10T20:33:42,96cdc01d-f7ab-4f71-aff5-bb3ae273fb7b,COSCO,Busan,Los Angeles,2026-07-04T20:33:42,2026-07-04T20:33:42,0.0,12549.6,Chemicals
2026-03-12T02:07:36,419f5c1f-f93b-4a49-ad28-7225cd5471ce,Maersk,Casablanca,Marseille,2026-04-10T02:07:36,2026-04-10T02:07:36,0.0,15611.3,Food
2026-06-01T05:09:39,8738c1f6-4d59-47bb-9eee-9c541b30c01f,Maersk,Shenzhen,Hamburg,2026-06-15T05:09:39,2026-06-15T05:09:39,0.0,14035.9,Food
2026-06-05T06:17:01,852e76bc-60e4-462f-a81a-fcd1cdc8ee30,MSC,Ningbo,New York,2026-06-11T06:17:01,2026-06-11T06:17:01,0.0,23529.9,Chemicals
2026-04-14T12:23:51,cef2e1a7-7b8e-4c12-85c3-186383b5efe5,MSC,Tanger Med,Rotterdam,2026-05-07T12:23:51,2026-05-08T19:47:51,31.4,1224.9,Automotive
2026-06-25T06:43:17,4ca02017-c3c2-4307-aa94-43f24405927d,Evergreen,Singapore,Felixstowe,2026-07-25T06:43:17,2026-07-25T06:43:17,0.0,2843.6,Textiles
2026-07-09T00:02:53,b1111d4c-9a74-4072-a5c4-3c697931d316,Marsa Maroc,Casablanca,Marseille,2026-07-26T00:02:53,2026-07-26T00:02:53,0.0,20806.2,Electronics
2026-07-15T20:48:45,107d4114-ab88-4886-a7bf-0acc264023fa,Evergreen,Singapore,Felixstowe,2026-07-20T20:48:45,2026-07-23T09:30:45,60.7,22146.7,Electronics
2026-03-24T05:29:52,68815eea-041a-4bbc-b466-936e661866ac,Comanav,Agadir,Hamburg,2026-03-31T05:29:52,2026-03-31T05:29:52,0.0,5253.4,Electronics
2026-06-01T16:57:19,0d38f092-5f08-49af-9d76-4ce39bed6e00,Marsa Maroc,Shenzhen,Hamburg,2026-06-06T16:57:19,2026-06-08T12:27:19,43.5,5358.0,Automotive
2026-07-06T03:38:18,3c6e8d2f-c770-4e81-8e6f-82a78eba94e0,Comanav,Singapore,Felixstowe,2026-07-25T03:38:18,2026-07-25T03:38:18,0.0,22962.1,Chemicals
2026-05-18T13:34:17,ad8213d6-44da-48a9-84b6-8610c403f67e,Comanav,Agadir,Hamburg,2026-05-26T13:34:17,2026-05-29T01:10:17,59.6,14298.4,Chemicals
2026-07-14T14:43:24,03f3e2e9-b974-47a5-b566-b25801702c06,MSC,Singapore,Felixstowe,2026-08-05T14:43:24,2026-08-05T14:43:24,0.0,5946.2,Food
2026-06-29T01:14:52,0fe71119-6e06-4aae-b4d8-59e94770e89b,Marsa Maroc,Tanger Med,Rotterdam,2026-07-16T01:14:52,2026-07-16T01:14:52,0.0,8464.9,Electronics
2026-06-18T23:56:03,5a5a6567-620d-42f6-9b0e-f68853e3b7be,CMA-CGM,Casablanca,Marseille,2026-07-12T23:56:03,2026-07-12T23:56:03,0.0,20531.8,Food
2026-08-10T01:52:43,02b957ad-01d6-4d65-9c28-955044cfcf60,Maersk,Shenzhen,Hamburg,2026-09-06T01:52:43,2026-09-06T01:52:43,0.0,18584.9,Automotive
2026-08-08T05:35:30,2fbde64b-394d-4796-aba0-755486f825a6,COSCO,Casablanca,Marseille,2026-09-04T05:35:30,2026-09-04T05:35:30,0.0,19073.7,Automotive
2026-02-24T13:29:41,0e94cff8-368f-4cc7-b479-369976f310bd,Comanav,Ningbo,New York,2026-03-03T13:29:41,2026-03-03T13:29:41,0.0,14528.5,Chemicals
2026-08-17T21:27:34,c2ad1b4a-e9d2-4c4e-bf81-af09985cd263,CMA-CGM,Agadir,Hamburg,2026-09-11T21:27:34,2026-09-11T21:27:34,0.0,24386.0,Food
2026-04-14T23:16:42,101206f1-d404-4bd0-a439-6dff40b0aa5f,Maersk,Singapore,Felixstowe,2026-04-23T23:16:42,2026-04-23T23:16:42,0.0,18103.9,Chemicals
2026-08-03T20:09:11,442e0aa8-0956-4c58-b163-a4f8835c494c,Marsa Maroc,Singapore,Felixstowe,2026-08-18T20:09:11,2026-08-18T20:09:11,0.0,11613.6,Automotive
2026-04-20T07:33:29,303c420e-991f-441a-8654-cf56ea59fdee,Marsa Maroc,Ningbo,New York,2026-05-04T07:33:29,2026-05-04T07:33:29,0.0,5532.5,Chemicals
2026-05-01T07:40:09,d80e61b0-19e7-4baa-89ef-f96861c59a5b,Evergreen,Shanghai,Rotterdam,2026-05-29T07:40:09,2026-05-29T07:40:09,0.0,9654.1,Chemicals
2026-03-08T22:30:51,e5870345-8db7-425c-8a9a-975d8c29f0cf,Evergreen,Tanger Med,Rotterdam,2026-03-30T22:30:51,2026-03-30T22:30:51,0.0,20493.6,Chemicals
2026-05-20T01:20:03,54250b3d-f85b-4a34-8ecb-8f3200f8291e,CMA-CGM,Busan,Los Angeles,2026-06-18T01:20:03,2026-06-18T01:20:03,0.0,21840.4,Automotive
2026-05-17T03:28:56,683c8007-0395-44e7-bd26-79a22608a6cc,Evergreen,Tanger Med,Rotterdam,2026-05-22T03:28:56,2026-05-22T03:28:56,0.0,23098.0,Food
2026-04-22T08:20:31,c5d811b7-cdab-423b-b065-8dda96d8b733,Evergreen,Casablanca,Marseille,2026-04-28T08:20:31,2026-04-28T08:20:31,0.0,19405.4,Textiles
2026-04-30T14:05:13,8a343e68-465c-453b-977b-3c3267f51380,Comanav,Shanghai,Rotterdam,2026-05-12T14:05:13,2026-05-12T14:05:13,0.0,7347.6,Food
2026-04-19T02:40:36,4639d95c-dd61-4ea8-9451-b97076799345,Evergreen,Tanger Med,Rotterdam,2026-05-01T02:40:36,2026-05-01T02:40:36,0.0,4343.5,Automotive
2026-07-09T16:09:45,ade9d686-e517-4616-a24f-2bcdfa60296f,MSC,Agadir,Hamburg,2026-07-19T16:09:45,2026-07-19T16:09:45,0.0,4610.4,Textiles
2026-04-06T22:55:03,36cf3a51-d7b2-4f8d-9aa2-757efeb59874,Maersk,Tanger Med,Barcelona,2026-04-15T22:55:03,2026-04-15T22:55:03,0.0,22693.8,Textiles
2026-05-23T10:59:00,845a133a-8c8a-4d01-afed-61595a187501,Comanav,Shenzhen,Hamburg,2026-05-29T10:59:00,2026-05-29T10:59:00,0.0,22176.0,Automotive
2026-07-25T00:28:46,8eb1b1f4-97d2-4deb-9e34-d8fdca86b837,CMA-CGM,Shenzhen,Hamburg,2026-08-09T00:28:46,2026-08-09T00:28:46,0.0,17232.3,Electronics
2026-06-20T05:55:04,83a21b80-be21-4cca-8702-4aff21ba1366,Comanav,Agadir,Hamburg,2026-07-07T05:55:04,2026-07-07T05:55:04,0.0,20422.4,Food
2026-03-15T00:23:35,e3449434-753a-47dc-93df-2d3ff3c4235a,Marsa Maroc,Shanghai,Rotterdam,2026-04-14T00:23:35,2026-04-14T00:23:35,0.0,5244.2,Automotive
2026-08-21T00:03:37,6e241939-a6fd-4d3b-a2c8-d2128c506c99,MSC,Agadir,Hamburg,2026-09-04T00:03:37,2026-09-06T06:39:37,54.6,4498.7,Chemicals
2026-08-03T22:52:33,90126961-a278-4aa9-ad70-c6d04ab05b0b,Maersk,Casablanca,Marseille,2026-09-02T22:52:33,2026-09-02T22:52:33,0.0,8997.1,Food
2026-08-25T00:48:03,cb1dd85d-eb42-4a37-b0cc-5bf3943158a0,Maersk,Agadir,Hamburg,2026-09-03T00:48:03,2026-09-03T00:48:03,0.0,19822.2,Textiles
2026-04-28T19:54:11,56df051d-46c2-4da5-83b0-803079d3ea71,MSC,Tanger Med,Barcelona,2026-05-21T19:54:11,2026-05-21T19:54:11,0.0,19611.9,Food
2026-04-08T14:55:26,20f5dc25-7893-4d65-9775-d497a23ae8fb,CMA-CGM,Singapore,Felixstowe,2026-05-02T14:55:26,2026-05-02T14:55:26,0.0,3780.5,Electronics
2026-07-26T13:51:29,40efea3f-fb7d-4e32-bb99-28e08e9824c0,MSC,Tanger Med,Barcelona,2026-08-07T13:51:29,2026-08-09T21:15:29,55.4,2343.7,Chemicals
2026-02-21T17:12:44,040a22f1-4a12-44b6-b1e5-9766a164f845,Evergreen,Shanghai,Rotterdam,2026-03-09T17:12:44,2026-03-09T17:12:44,0.0,2106.4,Electronics
2026-05-10T15:10:18,d1fec317-cc98-404f-9126-761c362135b3,MSC,Singapore,Felixstowe,2026-06-03T15:10:18,2026-06-03T15:10:18,0.0,7070.9,Electronics
2026-03-02T18:08:03,9f1e1ae2-1272-4c6d-8e9f-09d2263be684,COSCO,Agadir,Hamburg,2026-03-17T18:08:03,2026-03-17T18:08:03,0.0,20022.3,Food
2026-04-02T15:58:32,40e34db6-8461-4d6e-a11f-ada527e8c2ce,MSC,Casablanca,Marseille,2026-04-19T15:58:32,2026-04-19T15:58:32,0.0,17723.3,Electronics
2026-04-20T13:49:56,967f75e2-4cda-43f5-8074-9d99b39f292e,CMA-CGM,Busan,Los Angeles,2026-05-02T13:49:56,2026-05-02T13:49:56,0.0,3638.7,Chemicals
2026-04-07T07:43:08,582dcc04-403c-4e45-8c13-d64fd1c1141c,COSCO,Shanghai,Rotterdam,2026-04-22T07:43:08,2026-04-22T07:43:08,0.0,21399.7,Chemicals
2026-03-08T05:17:07,ba1e59b3-665a-4023-a7ce-bcd3d163ce08,COSCO,Shanghai,Rotterdam,2026-03-16T05:17:07,2026-03-17T08:35:07,27.3,1122.4,Food
2026-04-08T00:52:55,f5c6f39a-eaf2-4c2b-a27e-ac75f445ca2a,Maersk,Singapore,Felixstowe,2026-04-27T00:52:55,2026-04-27T00:52:55,0.0,6099.9,Electronics
2026-02-22T17:08:15,4aa28e81-de25-4d47-8349-4be052b1a672,Marsa Maroc,Casablanca,Marseille,2026-03-22T17:08:15,2026-03-27T06:38:15,109.5,8227.4,Automotive
2026-04-23T14:24:50,e52f5b88-01f7-49ae-8b4a-a7f67f18672a,Maersk,Shanghai,Rotterdam,2026-05-04T14:24:50,2026-05-04T14:24:50,0.0,3094.4,Textiles
2026-05-25T07:09:15,db8a170d-7dba-4a12-9bb7-23b17b5e58d3,Comanav,Agadir,Hamburg,2026-06-09T07:09:15,2026-06-09T07:09:15,0.0,8286.0,Textiles
2026-04-10T22:04:17,29f2d7d2-f33f-4617-8a9a-38c4d25fdcb7,Marsa Maroc,Agadir,Hamburg,2026-05-09T22:04:17,2026-05-09T22:04:17,0.0,14756.2,Electronics
2026-07-10T11:07:36,7897d4f4-0bdf-474e-a545-aea2407a063d,MSC,Shanghai,Rotterdam,2026-08-05T11:07:36,2026-08-08T07:01:36,67.9,11319.6,Food
2026-02-27T05:33:04,5fec8912-ea62-4f30-a39a-c3db25f6abee,Marsa Maroc,Busan,Los Angeles,2026-03-08T05:33:04,2026-03-08T05:33:04,0.0,15333.9,Automotive
2026-05-22T01:59:18,0a8df487-d8a4-480a-8bc2-f6e180da7cb9,Marsa Maroc,Shenzhen,Hamburg,2026-06-19T01:59:18,2026-06-19T01:59:18,0.0,3716.7,Electronics
2026-03-22T07:14:02,892e8fcd-a730-45e3-8e82-33d5cde48884,Evergreen,Ningbo,New York,2026-04-03T07:14:02,2026-04-03T07:14:02,0.0,6732.1,Textiles
2026-05-16T02:47:49,2bfcf8ca-0287-4da3-89ba-640591c61ab4,Comanav,Ningbo,New York,2026-05-24T02:47:49,2026-05-24T02:47:49,0.0,18530.9,Electronics
2026-07-31T10:52:43,16232f56-4f30-473a-8744-eed7bcb05480,Comanav,Shanghai,Rotterdam,2026-08-22T10:52:43,2026-08-22T10:52:43,0.0,1515.5,Chemicals
2026-08-08T01:53:30,f9785998-7971-4358-97e9-832ac7ab0dd3,Comanav,Singapore,Felixstowe,2026-08-31T01:53:30,2026-08-31T01:53:30,0.0,5619.8,Automotive
2026-08-12T01:28:29,a04edda2-57bc-40cf-a6d0-3dce41a46419,Evergreen,Casablanca,Marseille,2026-09-04T01:28:29,2026-09-06T11:52:29,58.4,2834.2,Food
2026-04-21T05:47:51,32bd8666-5c88-4bc8-8842-708191e0a21f,MSC,Tanger Med,Rotterdam,2026-05-06T05:47:51,2026-05-06T05:47:51,0.0,13801.1,Textiles
2026-05-19T04:37:08,c94fee89-a532-4ba1-a557-5faad76cd4a6,CMA-CGM,Singapore,Felixstowe,2026-05-25T04:37:08,2026-05-27T04:37:08,48.0,12834.7,Textiles
2026-07-27T12:37:28,e9d8806a-26ce-41d0-ad2f-162aa7c7c4b7,Evergreen,Ningbo,New York,2026-08-07T12:37:28,2026-08-10T11:07:28,70.5,24330.2,Textiles
2026-03-26T10:10:24,7233abd8-6014-4085-9e66-ddc842b421c7,Marsa Maroc,Singapore,Felixstowe,2026-04-25T10:10:24,2026-04-25T10:10:24,0.0,10411.0,Automotive
2026-04-19T15:16:59,a52333f0-a132-4894-9314-5c30a1f9b07d,Marsa Maroc,Tanger Med,Rotterdam,2026-05-10T15:16:59,2026-05-10T15:16:59,0.0,12315.2,Food
2026-05-28T17:30:41,b43904da-d73f-4a30-889f-d32bb41c4f94,CMA-CGM,Casablanca,Marseille,2026-06-11T17:30:41,2026-06-16T02:36:41,105.1,16122.4,Textiles
2026-04-05T03:16:46,02080f4d-df01-4564-951a-2c0e5edfd686,Maersk,Shenzhen,Hamburg,2026-05-05T03:16:46,2026-05-05T03:16:46,0.0,4634.9,Automotive
2026-06-26T01:55:39,ed66fdfa-78c4-4e5b-bd95-37b05cefe421,MSC,Casablanca,Marseille,2026-07-12T01:55:39,2026-07-12T01:55:39,0.0,3104.1,Automotive
2026-07-25T02:38:53,cc13979e-ef9a-49d8-b9ef-9ab821e4e68b,Marsa Maroc,Shenzhen,Hamburg,2026-08-24T02:38:53,2026-08-24T02:38:53,0.0,16072.9,Automotive
2026-03-17T17:39:44,dbcc3701-de39-4d32-9771-cdc1a587c152,COSCO,Shanghai,Rotterdam,2026-03-27T17:39:44,2026-03-27T17:39:44,0.0,5123.2,Textiles
2026-05-24T06:01:11,3755284d-4a67-4adc-88f6-f79212986b3f,Marsa Maroc,Casablanca,Marseille,2026-05-29T06:01:11,2026-05-29T06:01:11,0.0,23671.2,Automotive
2026-07-18T21:11:07,b1ceb8ac-ccf2-409f-b79c-063c376d53d8,CMA-CGM,Agadir,Hamburg,2026-07-25T21:11:07,2026-07-25T21:11:07,0.0,14548.2,Food
2026-07-23T16:45:54,14b00232-2899-4ff8-82a8-970a95007c88,Comanav,Tanger Med,Rotterdam,2026-07-28T16:45:54,2026-07-28T16:45:54,0.0,16550.5,Chemicals
2026-03-25T08:18:58,e68b417b-7cc5-46d5-8233-8be63c4ecde5,Comanav,Casablanca,Marseille,2026-04-21T08:18:58,2026-04-21T08:18:58,0.0,3792.3,Chemicals
2026-03-28T03:56:48,4f92ab7a-3969-47cb-9356-5d48bcf0231e,CMA-CGM,Tanger Med,Rotterdam,2026-04-12T03:56:48,2026-04-12T03:56:48,0.0,1789.1,Food
2026-02-24T10:22:29,3be93d27-fae4-4d22-a87d-67fbec995249,COSCO,Shenzhen,Hamburg,2026-03-07T10:22:29,2026-03-07T10:22:29,0.0,12191.7,Textiles
2026-04-21T14:01:30,7998b25e-7077-494d-8855-fb9ae7f32eb2,Maersk,Tanger Med,Rotterdam,2026-05-18T14:01:30,2026-05-18T14:01:30,0.0,2334.3,Electronics
2026-08-27T20:58:17,24e21875-6a6d-4020-abcf-e2634bdbad07,MSC,Agadir,Hamburg,2026-09-12T20:58:17,2026-09-12T20:58:17,0.0,13699.2,Automotive
2026-07-28T00:46:23,84e1b95f-3364-4205-b87e-b1367f5386f5,MSC,Casablanca,Marseille,2026-08-11T00:46:23,2026-08-11T22:52:23,22.1,23766.1,Automotive
2026-04-23T02:00:40,87ba9540-0ea1-4eb0-b936-0c15e6f2cd0c,Comanav,Singapore,Felixstowe,2026-04-28T02:00:40,2026-04-28T02:00:40,0.0,10786.9,Electronics
2026-03-19T09:34:04,68be48d3-ce46-4c62-abc5-dde067d5b044,MSC,Ningbo,New York,2026-04-07T09:34:04,2026-04-07T09:34:04,0.0,1413.2,Chemicals
2026-04-30T21:41:40,8c1bef68-789d-4476-b8af-5e4cb111377c,COSCO,Shanghai,Rotterdam,2026-05-08T21:41:40,2026-05-12T18:29:40,92.8,20858.4,Electronics
2026-08-23T19:25:20,316ae94f-d075-4a3d-b3b9-ad1368788990,COSCO,Busan,Los Angeles,2026-09-01T19:25:20,2026-09-01T19:25:20,0.0,5850.5,Food
2026-03-11T03:50:49,0aaea1dd-00b4-4371-964f-bf76a6246ce8,Maersk,Shenzhen,Hamburg,2026-03-16T03:50:49,2026-03-16T03:50:49,0.0,6092.6,Automotive
2026-08-25T11:22:05,b4d5cfa0-f077-45e3-b42f-4ab6886e43d5,CMA-CGM,Agadir,Hamburg,2026-09-12T11:22:05,2026-09-12T11:22:05,0.0,20741.0,Automotive
2026-04-07T15:19:56,80e49a35-7ec2-4fe8-b286-8a7325b8e281,Marsa Maroc,Agadir,Hamburg,2026-04-15T15:19:56,2026-04-15T15:19:56,0.0,21750.0,Automotive
2026-04-01T04:35:36,c9fc25d5-7089-4506-a1ed-70991f3204f3,Maersk,Singapore,Felixstowe,2026-04-06T04:35:36,2026-04-06T04:35:36,0.0,19917.8,Textiles
2026-08-28T06:48:40,17a69d82-0353-4597-8416-c874a428addf,Marsa Maroc,Shanghai,Rotterdam,2026-09-04T06:48:40,2026-09-06T03:12:40,44.4,23497.9,Electronics
2026-04-07T14:45:10,3c472f03-6b7b-4eff-a270-5678c6a8ca31,CMA-CGM,Singapore,Felixstowe,2026-04-20T14:45:10,2026-04-22T09:51:10,43.1,22927.1,Automotive
2026-02-10T11:11:12,f00a3a70-9ab7-4077-a551-37f9eb447344,MSC,Busan,Los Angeles,2026-03-01T11:11:12,2026-03-01T11:11:12,0.0,22421.6,Food
2026-07-28T13:50:30,66089979-1255-4a35-b134-753c9808cac9,COSCO,Shenzhen,Hamburg,2026-08-15T13:50:30,2026-08-19T11:02:30,93.2,10838.8,Automotive
2026-07-28T09:03:33,6fd898ee-43c4-45ac-b4a7-233177524dbe,Evergreen,Shanghai,Rotterdam,2026-08-11T09:03:33,2026-08-11T09:03:33,0.0,24379.6,Textiles
2026-07-15T20:10:04,4a2c959f-9fcf-447c-892a-111d70188f03,Comanav,Singapore,Felixstowe,2026-07-22T20:10:04,2026-07-22T20:10:04,0.0,21529.5,Electronics
2026-02-26T20:52:26,2e3b3336-7d1d-444c-945b-a6ee1b4eaf22,Evergreen,Ningbo,New York,2026-03-17T20:52:26,2026-03-17T20:52:26,0.0,2620.3,Chemicals
2026-07-31T14:09:43,aab2225b-966e-4479-a1cb-6e4858395cc0,MSC,Agadir,Hamburg,2026-08-14T14:09:43,2026-08-14T14:09:43,0.0,1508.8,Automotive
2026-05-17T02:58:00,82c66fd2-66ab-413c-a8c9-32d5a9d7cdfe,Evergreen,Shanghai,Rotterdam,2026-05-29T02:58:00,2026-05-29T02:58:00,0.0,7031.9,Textiles
2026-08-15T05:42:58,7af94c4b-e33e-4287-bc11-50416276b74d,Comanav,Tanger Med,Barcelona,2026-09-04T05:42:58,2026-09-04T05:42:58,0.0,7082.4,Chemicals
2026-07-16T01:22:54,47f42fe4-cb5c-44a0-bf96-4251a7dedaf8,Comanav,Shenzhen,Hamburg,2026-07-27T01:22:54,2026-07-27T01:22:54,0.0,10023.7,Textiles
2026-06-16T03:03:46,455f2d85-6fd2-4050-a8c8-00ad99ce5585,Evergreen,Busan,Los Angeles,2026-07-15T03:03:46,2026-07-16T08:57:46,29.9,21916.6,Food
2026-03-26T22:47:15,cb9bfcd6-d52e-4085-a1e7-eb3cef5cff54,Marsa Maroc,Shenzhen,Hamburg,2026-04-07T22:47:15,2026-04-07T22:47:15,0.0,19146.1,Chemicals
2026-08-07T05:50:55,56b58085-5afb-4411-ab18-16f7071dd139,Evergreen,Ningbo,New York,2026-08-13T05:50:55,2026-08-13T05:50:55,0.0,11956.5,Automotive
2026-03-24T23:52:51,0efb220d-59cb-44fc-a36b-c921788f3337,COSCO,Ningbo,New York,2026-04-21T23:52:51,2026-04-21T23:52:51,0.0,2048.9,Electronics
2026-05-23T20:16:47,08787689-acbb-4b68-b7fa-7b5c0da60b90,Evergreen,Tanger Med,Rotterdam,2026-06-07T20:16:47,2026-06-07T20:16:47,0.0,21922.7,Textiles
2026-08-20T07:16:43,5339af9e-5215-4ede-95b6-890e11a0f9a7,Marsa Maroc,Busan,Los Angeles,2026-09-02T07:16:43,2026-09-02T07:16:43,0.0,10075.0,Textiles
2026-05-01T07:10:37,6a5921d9-534d-457f-a72b-bdfa4c8321c7,CMA-CGM,Agadir,Hamburg,2026-05-30T07:10:37,2026-05-30T07:10:37,0.0,892.1,Electronics
2026-03-11T13:14:11,f1b26cac-cc51-4149-9b16-f78eb76f9ba8,COSCO,Agadir,Hamburg,2026-04-02T13:14:11,2026-04-02T13:14:11,0.0,16963.1,Electronics
2026-05-25T00:14:12,6b14ba03-f7df-4d97-bcd3-ca5670ffc68b,COSCO,Shanghai,Rotterdam,2026-06-19T00:14:12,2026-06-19T00:14:12,0.0,18557.5,Textiles
2026-07-16T16:51:48,c8843ae0-d5f7-4491-983d-bace4a29caf7,COSCO,Agadir,Hamburg,2026-08-06T16:51:48,2026-08-09T13:15:48,68.4,7257.3,Chemicals
2026-05-12T02:54:59,3959fa8c-4d05-41e8-b917-0a04f27e9cbe,COSCO,Tanger Med,Rotterdam,2026-06-09T02:54:59,2026-06-09T02:54:59,0.0,13784.7,Chemicals
2026-04-30T09:48:12,2115974c-b2dd-49a0-8307-f2209a4667c9,COSCO,Shenzhen,Hamburg,2026-05-13T09:48:12,2026-05-17T17:30:12,103.7,3718.7,Chemicals
2026-02-09T02:58:44,d0bf5a9c-4ee1-4545-bf78-b25ecf56da6d,COSCO,Agadir,Hamburg,2026-03-03T02:58:44,2026-03-07T16:16:44,109.3,19662.6,Textiles
2026-02-24T18:18:28,4e10b4b5-c7fa-415a-9b23-c8d320ed29e5,Marsa Maroc,Shanghai,Rotterdam,2026-03-03T18:18:28,2026-03-03T18:18:28,0.0,20503.7,Food
2026-04-06T18:14:31,5177c906-e450-405c-a2b0-5055dfdbe4c8,Maersk,Tanger Med,Rotterdam,2026-04-15T18:14:31,2026-04-15T18:14:31,0.0,23150.3,Automotive
2026-02-02T19:03:12,a7932948-02f6-4146-bb70-c285fad97cca,Maersk,Tanger Med,Barcelona,2026-03-03T19:03:12,2026-03-03T19:03:12,0.0,8695.8,Chemicals
2026-07-19T15:31:54,60d8f17e-0496-4f2b-a27a-d9321a7c8517,COSCO,Ningbo,New York,2026-07-24T15:31:54,2026-07-24T15:31:54,0.0,6286.6,Chemicals
2026-05-04T18:38:27,b5da5b2e-32ec-47ee-b694-63ef38ce606c,Maersk,Singapore,Felixstowe,2026-05-19T18:38:27,2026-05-21T07:14:27,36.6,6575.5,Textiles
2026-06-10T16:25:02,a738cf41-cfd7-4c77-987f-1cd1c5217c9f,Evergreen,Singapore,Felixstowe,2026-07-01T16:25:02,2026-07-01T16:25:02,0.0,1162.7,Chemicals
2026-07-26T18:42:44,b5400343-f627-485e-beb8-0e14b85dac43,Marsa Maroc,Busan,Los Angeles,2026-08-06T18:42:44,2026-08-06T18:42:44,0.0,10411.5,Electronics
2026-07-09T16:35:57,4de5af75-7304-400c-92e2-2e53ae85666e,MSC,Ningbo,New York,2026-07-19T16:35:57,2026-07-19T16:35:57,0.0,10805.4,Chemicals
2026-04-04T09:25:39,4a5e1450-c5d8-46ce-86d3-12a5234d6ee6,Comanav,Shanghai,Rotterdam,2026-04-11T09:25:39,2026-04-11T09:25:39,0.0,19391.9,Chemicals
2026-04-09T02:38:27,a105fde3-6be3-47ae-bd56-0ee92fc6e925,Marsa Maroc,Ningbo,New York,2026-04-30T02:38:27,2026-04-30T02:38:27,0.0,5841.7,Textiles
2026-07-24T11:16:30,f7b15506-a8de-44f9-8775-592b8e895640,COSCO,Tanger Med,Rotterdam,2026-08-13T11:16:30,2026-08-13T11:16:30,0.0,14529.7,Automotive
2026-05-28T12:01:42,626705b3-748f-4267-8018-e98155a34602,Marsa Maroc,Shanghai,Rotterdam,2026-06-07T12:01:42,2026-06-07T12:01:42,0.0,17493.2,Food
2026-06-05T11:31:10,649443c1-01dc-4a76-b553-04e48c0b0581,COSCO,Busan,Los Angeles,2026-06-10T11:31:10,2026-06-10T11:31:10,0.0,8215.4,Textiles
2026-07-17T11:52:47,83f5a90a-797a-493d-b6dc-d235b83257ea,Comanav,Tanger Med,Rotterdam,2026-08-12T11:52:47,2026-08-12T11:52:47,0.0,14489.5,Automotive
2026-07-02T00:02:59,a2383cb3-acbd-4df8-82bf-95868265442f,Marsa Maroc,Tanger Med,Barcelona,2026-07-21T00:02:59,2026-07-21T00:02:59,0.0,16373.8,Food
2026-05-20T00:24:37,438071af-16e4-4a0d-8998-947ded82c333,Comanav,Singapore,Felixstowe,2026-06-16T00:24:37,2026-06-16T00:24:37,0.0,13854.1,Chemicals
2026-07-15T08:32:28,4fd675e2-5ed3-4148-b101-1d6380b38d82,Maersk,Busan,Los Angeles,2026-08-02T08:32:28,2026-08-02T08:32:28,0.0,5077.1,Electronics
2026-04-20T02:33:45,e3b8dab5-611d-48e7-a9c1-fedc91071920,COSCO,Tanger Med,Barcelona,2026-05-19T02:33:45,2026-05-19T02:33:45,0.0,23307.8,Electronics
2026-07-09T11:33:56,28319e6d-4418-4a0a-ad08-674ff8d2ecf3,MSC,Busan,Los Angeles,2026-08-08T11:33:56,2026-08-08T11:33:56,0.0,4844.1,Food
2026-08-12T08:55:31,cec94393-8ae1-4263-a7ef-6f8fcf56f03a,Marsa Maroc,Tanger Med,Barcelona,2026-09-04T08:55:31,2026-09-04T08:55:31,0.0,23297.0,Chemicals
2026-04-30T09:47:14,fe571a2e-6862-49d1-bf1d-dd5036342cd5,Evergreen,Tanger Med,Barcelona,2026-05-09T09:47:14,2026-05-09T09:47:14,0.0,8410.0,Automotive
2026-07-15T18:38:05,dc3495a2-5982-4e58-8be8-bd4b55781ea9,COSCO,Agadir,Hamburg,2026-07-22T18:38:05,2026-07-22T18:38:05,0.0,22903.3,Electronics
2026-08-21T20:58:17,f04017b5-412e-410a-a1e0-098aa9927a40,COSCO,Ningbo,New York,2026-09-04T20:58:17,2026-09-04T20:58:17,0.0,4704.6,Food
2026-06-02T13:22:44,ff3bce9d-0793-4214-9a0a-33773f9b176a,MSC,Shanghai,Rotterdam,2026-06-07T13:22:44,2026-06-07T13:22:44,0.0,17538.7,Food
2026-06-02T02:12:50,92c5f08f-e5a9-4a02-8de1-984cc80bd07b,Maersk,Agadir,Hamburg,2026-06-28T02:12:50,2026-06-28T02:12:50,0.0,23962.2,Textiles
2026-06-28T17:38:00,887deee3-9ca0-40a7-8f85-ff45ef6b5bf7,Maersk,Tanger Med,Rotterdam,2026-07-12T17:38:00,2026-07-12T17:38:00,0.0,14356.7,Chemicals
2026-07-16T14:50:17,06a90e1f-e082-408c-81c0-7150e858ad01,Maersk,Busan,Los Angeles,2026-08-02T14:50:17,2026-08-02T14:50:17,0.0,2056.0,Textiles
2026-04-12T14:53:30,549bc1dd-ed71-4675-9f16-0c847bb98e43,COSCO,Ningbo,New York,2026-04-23T14:53:30,2026-04-23T14:53:30,0.0,6832.4,Food
2026-04-03T05:57:35,d9c6f31d-6336-478e-9283-f44e1f1c119e,MSC,Ningbo,New York,2026-04-16T05:57:35,2026-04-16T05:57:35,0.0,22855.3,Textiles
2026-05-23T05:37:25,7fcda513-4b17-43cb-bdea-df68ac252d00,Comanav,Agadir,Hamburg,2026-05-29T05:37:25,2026-05-29T05:37:25,0.0,19678.8,Electronics
2026-07-30T10:33:57,cfbfc0de-b781-42e0-8534-c4e1db7936c9,Marsa Maroc,Busan,Los Angeles,2026-08-21T10:33:57,2026-08-21T10:33:57,0.0,12051.2,Electronics
2026-04-15T20:02:23,af821012-e5cb-4f93-bfc8-7dcadd3adfb5,Marsa Maroc,Singapore,Felixstowe,2026-05-02T20:02:23,2026-05-04T13:20:23,41.3,5934.0,Electronics
2026-03-18T22:39:52,64c18895-1b7f-4e82-bf19-de34e5bbe34e,Marsa Maroc,Shenzhen,Hamburg,2026-04-08T22:39:52,2026-04-08T22:39:52,0.0,19012.3,Electronics
2026-04-28T06:53:41,bd0826aa-0ee4-40d1-b5e7-57566fb2ffa1,COSCO,Tanger Med,Barcelona,2026-05-23T06:53:41,2026-05-27T18:11:41,107.3,14732.5,Automotive
2026-08-30T10:06:18,ed5dd9e2-9605-4a77-b63b-19fe7334541a,Maersk,Ningbo,New York,2026-09-14T10:06:18,2026-09-14T10:06:18,0.0,23517.3,Electronics
2026-07-28T13:29:53,8ee61041-6cde-4173-a6cc-205ffde0d612,COSCO,Tanger Med,Barcelona,2026-08-03T13:29:53,2026-08-08T11:05:53,117.6,10600.5,Textiles
2026-07-04T10:28:09,6efeb764-ad7c-419c-92b5-ef3e2fc2fc49,COSCO,Tanger Med,Rotterdam,2026-07-10T10:28:09,2026-07-10T10:28:09,0.0,13072.8,Food
2026-02-24T05:10:02,3f6eb0f6-6ffc-4350-aaeb-00324e8e4de4,Evergreen,Tanger Med,Rotterdam,2026-03-21T05:10:02,2026-03-26T00:58:02,115.8,2107.0,Automotive
2026-04-11T10:11:12,4f07f4d4-f4e5-4c38-95d5-503a56ebf032,MSC,Singapore,Felixstowe,2026-05-02T10:11:12,2026-05-02T10:11:12,0.0,23673.8,Food
2026-07-01T02:42:32,d773901d-da76-45f7-a676-fe048a3f1be3,Marsa Maroc,Casablanca,Marseille,2026-07-30T02:42:32,2026-07-30T02:42:32,0.0,7829.1,Food
2026-02-26T01:18:44,63f4efa4-33d4-4b2e-a258-1980f21b2e59,Comanav,Shenzhen,Hamburg,2026-03-03T01:18:44,2026-03-03T01:18:44,0.0,971.4,Automotive
2026-03-10T09:00:25,bf899cdc-44e0-49f9-905e-216328eb027d,Evergreen,Ningbo,New York,2026-04-05T09:00:25,2026-04-05T09:00:25,0.0,8802.5,Food
2026-04-01T10:33:33,572e9788-e113-4cff-98b3-51fab107cdc0,Marsa Maroc,Casablanca,Marseille,2026-04-26T10:33:33,2026-04-26T10:33:33,0.0,7252.4,Electronics
2026-08-26T04:16:13,3402c04c-79e1-4f37-ad1e-ef211c1bc28c,Evergreen,Singapore,Felixstowe,2026-08-31T04:16:13,2026-08-31T04:16:13,0.0,15012.2,Electronics
2026-08-09T02:00:42,0b2ddf54-1695-45fe-871f-946e9d7bc096,Comanav,Singapore,Felixstowe,2026-08-17T02:00:42,2026-08-17T02:00:42,0.0,12070.1,Chemicals
2026-03-13T05:31:50,5ddc6696-755d-448d-820f-60c16af5d9da,Maersk,Casablanca,Marseille,2026-04-04T05:31:50,2026-04-04T05:31:50,0.0,3770.0,Electronics
2026-03-17T21:16:23,aba87f5b-1f1a-4eb6-80f8-03f87d641da9,Evergreen,Agadir,Hamburg,2026-03-25T21:16:23,2026-03-25T21:16:23,0.0,16072.3,Automotive
2026-05-16T04:11:42,9b9f2e79-357b-49df-9546-64bb80498a00,MSC,Singapore,Felixstowe,2026-06-11T04:11:42,2026-06-12T20:47:42,40.6,7098.4,Textiles
2026-05-01T03:02:54,182822b3-f149-444a-9912-783ec8169943,Marsa Maroc,Singapore,Felixstowe,2026-05-26T03:02:54,2026-05-26T03:02:54,0.0,6700.5,Food
2026-07-16T00:26:02,4fed927b-6ae2-4d9f-af7e-94b44010e8a7,Maersk,Busan,Los Angeles,2026-07-23T00:26:02,2026-07-23T00:26:02,0.0,18526.7,Textiles
2026-03-22T02:01:27,2f0418f9-4446-47b6-8a97-410d078f1667,CMA-CGM,Casablanca,Marseille,2026-04-01T02:01:27,2026-04-01T02:01:27,0.0,9661.4,Chemicals
2026-03-08T15:54:18,c3a0b071-7fbd-45d9-a27b-cb5f8e57b2e4,Evergreen,Tanger Med,Rotterdam,2026-03-15T15:54:18,2026-03-16T20:48:18,28.9,5959.3,Textiles
2026-07-18T06:10:40,c61261b1-f336-48ed-8a90-01babc7605c4,Maersk,Agadir,Hamburg,2026-07-28T06:10:40,2026-07-28T06:10:40,0.0,7023.4,Chemicals
2026-07-07T14:16:50,cee7e91b-15a5-4051-9544-b575bd5398c1,Comanav,Singapore,Felixstowe,2026-08-03T14:16:50,2026-08-03T14:16:50,0.0,15446.1,Chemicals
2026-05-22T06:05:12,6597b023-b8c4-4340-946e-8571c425716a,MSC,Tanger Med,Rotterdam,2026-06-20T06:05:12,2026-06-20T06:05:12,0.0,9698.1,Automotive
2026-03-07T07:35:39,ca13035e-0625-4f37-89fc-d5680d876a48,Maersk,Shanghai,Rotterdam,2026-03-23T07:35:39,2026-03-23T07:35:39,0.0,17610.8,Chemicals
2026-04-09T01:38:43,322f8ff5-cb5a-4345-b3e6-a57af688b8e1,Evergreen,Shanghai,Rotterdam,2026-05-08T01:38:43,2026-05-08T01:38:43,0.0,13553.3,Chemicals
2026-08-26T23:50:50,a85d6c09-b928-4b6e-a236-2a8c9a14c655,Comanav,Shenzhen,Hamburg,2026-09-08T23:50:50,2026-09-08T23:50:50,0.0,24287.0,Chemicals
2026-07-28T11:30:57,179bf76b-84b6-4d05-8866-9a1c5a329e95,Comanav,Shanghai,Rotterdam,2026-08-18T11:30:57,2026-08-18T11:30:57,0.0,3412.0,Food
2026-02-21T03:49:41,e1eef8a1-f9a3-4764-9ba2-084d506cc272,COSCO,Busan,Los Angeles,2026-03-05T03:49:41,2026-03-05T03:49:41,0.0,7272.9,Chemicals
2026-05-07T08:02:51,f90370ed-8a26-4fa2-8242-41d2b0341908,MSC,Singapore,Felixstowe,2026-05-18T08:02:51,2026-05-19T20:56:51,36.9,1441.8,Chemicals
2026-05-22T01:46:26,3d13ca9b-5125-4575-8d29-04ef89c849b8,Evergreen,Busan,Los Angeles,2026-06-20T01:46:26,2026-06-20T01:46:26,0.0,13459.0,Textiles
2026-04-29T15:10:08,c087532b-e6a7-45cb-9673-dfc0f94bd6eb,MSC,Tanger Med,Barcelona,2026-05-15T15:10:08,2026-05-15T15:10:08,0.0,14390.2,Chemicals
2026-02-14T01:15:42,a9bc4add-2e2d-4058-b7b4-f89e5788ee4c,MSC,Casablanca,Marseille,2026-03-14T01:15:42,2026-03-14T01:15:42,0.0,6786.0,Food
2026-05-19T23:19:47,84175238-2327-40e2-bccd-9e8925c2a832,COSCO,Ningbo,New York,2026-05-29T23:19:47,2026-05-29T23:19:47,0.0,10562.9,Food
2026-04-18T19:41:42,ff071f81-55dc-4ccc-8523-2c4bf0fb53d7,Maersk,Casablanca,Marseille,2026-05-05T19:41:42,2026-05-05T19:41:42,0.0,2280.5,Chemicals
2026-03-04T00:06:50,1f7f716a-8c0b-442b-b22f-98b84a35ed84,MSC,Singapore,Felixstowe,2026-03-15T00:06:50,2026-03-17T04:48:50,52.7,24639.0,Food
2026-06-20T17:01:11,5020e680-f113-4ec6-b2ed-010253ee9330,Evergreen,Casablanca,Marseille,2026-07-18T17:01:11,2026-07-18T17:01:11,0.0,23808.1,Food
2026-05-17T22:02:00,32db49bf-c6d6-4a39-8e93-b39edd42010a,MSC,Agadir,Hamburg,2026-06-01T22:02:00,2026-06-01T22:02:00,0.0,18502.7,Chemicals
2026-02-10T02:40:39,0f8da559-a6df-4762-8fee-493fae38bfc2,Evergreen,Ningbo,New York,2026-03-01T02:40:39,2026-03-01T02:40:39,0.0,11548.0,Automotive
2026-04-13T03:29:29,1e2a7f33-9a8e-4567-a06e-73cc110eb624,Comanav,Shenzhen,Hamburg,2026-05-01T03:29:29,2026-05-01T03:29:29,0.0,3474.7,Textiles
2026-03-28T17:26:01,3770aa25-f7ac-4f33-9536-4b23e17f470b,MSC,Ningbo,New York,2026-04-03T17:26:01,2026-04-03T17:26:01,0.0,21739.9,Textiles
2026-06-01T03:55:04,9327df44-426e-43f2-a5c8-c9a38c319ef2,Maersk,Agadir,Hamburg,2026-06-16T03:55:04,2026-06-16T03:55:04,0.0,13433.1,Automotive
2026-07-25T02:59:30,7502c15f-d6a9-43c0-a1a4-0de0e4b6cfdb,MSC,Tanger Med,Barcelona,2026-08-03T02:59:30,2026-08-03T02:59:30,0.0,1218.6,Electronics
2026-07-10T03:23:18,0943515b-bcd8-4a3b-9776-df23f3e536df,CMA-CGM,Shanghai,Rotterdam,2026-07-16T03:23:18,2026-07-16T03:23:18,0.0,16626.5,Chemicals
2026-07-08T11:00:02,60c1f996-86fb-4f46-a82f-c307a90d1f82,MSC,Singapore,Felixstowe,2026-08-01T11:00:02,2026-08-01T11:00:02,0.0,23625.4,Textiles
2026-07-30T11:04:36,ad53854d-a0cd-4e8b-93e8-37611ea9af79,Comanav,Agadir,Hamburg,2026-08-05T11:04:36,2026-08-09T06:04:36,91.0,14318.6,Automotive
2026-05-12T19:01:41,b8a00c8f-e494-4457-bca0-14a6e482b5ba,Maersk,Shanghai,Rotterdam,2026-05-17T19:01:41,2026-05-17T19:01:41,0.0,20382.4,Chemicals
2026-02-09T23:13:34,f79cef1a-561c-4546-91e3-eb858860f3dd,MSC,Shenzhen,Hamburg,2026-03-06T23:13:34,2026-03-09T14:01:34,62.8,1312.7,Food
2026-03-02T15:33:30,28401dab-639b-4786-bef3-d595cce99953,COSCO,Ningbo,New York,2026-03-27T15:33:30,2026-03-27T15:33:30,0.0,16948.4,Textiles
2026-03-06T00:24:24,9f315ee7-b28e-4c0a-838b-d5ef26d7d334,Marsa Maroc,Casablanca,Marseille,2026-04-05T00:24:24,2026-04-05T00:24:24,0.0,17583.7,Textiles
2026-05-26T11:40:27,fd0cc171-2ac1-43c3-a96c-10355f81854e,CMA-CGM,Tanger Med,Rotterdam,2026-06-19T11:40:27,2026-06-22T21:46:27,82.1,1862.5,Automotive
2026-07-02T04:28:58,901e489b-6624-4102-9eac-d76f6a44e35c,CMA-CGM,Agadir,Hamburg,2026-07-14T04:28:58,2026-07-14T04:28:58,0.0,23346.0,Chemicals
2026-06-13T22:42:09,1d405978-6d8f-4d9a-82f6-5d9c64b98921,Evergreen,Singapore,Felixstowe,2026-07-13T22:42:09,2026-07-13T22:42:09,0.0,23610.3,Food
2026-05-24T09:14:23,f8cb6931-862e-4148-99f1-e8d47139a2d5,MSC,Singapore,Felixstowe,2026-06-16T09:14:23,2026-06-20T14:32:23,101.3,13857.4,Electronics
2026-05-05T21:13:37,1dede403-11f1-46d8-ad73-9bdcc56e6f2e,COSCO,Shenzhen,Hamburg,2026-05-27T21:13:37,2026-05-27T21:13:37,0.0,605.7,Chemicals
2026-04-20T13:06:22,31e8a41d-0129-449f-92db-8a5816b79dac,MSC,Shenzhen,Hamburg,2026-05-15T13:06:22,2026-05-18T01:30:22,60.4,10508.0,Electronics
2026-08-01T14:39:40,8272ae2e-d051-4671-9c9c-f0af4ae73a00,COSCO,Ningbo,New York,2026-08-24T14:39:40,2026-08-24T14:39:40,0.0,12267.2,Textiles
2026-07-23T21:08:49,f63ca310-2ab7-4cdb-b988-82375b9a8c89,CMA-CGM,Tanger Med,Rotterdam,2026-08-04T21:08:49,2026-08-04T21:08:49,0.0,8030.2,Textiles
2026-02-20T19:21:16,58c81bf3-9d4c-4ec6-ad0f-a7148d9bb08d,Marsa Maroc,Tanger Med,Barcelona,2026-03-02T19:21:16,2026-03-02T19:21:16,0.0,24126.9,Automotive
2026-05-17T09:41:54,78ab60ca-6ca1-4a07-8ad8-dee7c1b772d9,Marsa Maroc,Busan,Los Angeles,2026-06-10T09:41:54,2026-06-10T09:41:54,0.0,10415.3,Electronics
2026-04-17T23:26:32,92bea733-4ece-45fa-8ef6-1ded74e0f368,COSCO,Tanger Med,Rotterdam,2026-05-07T23:26:32,2026-05-07T23:26:32,0.0,16237.9,Electronics
2026-07-31T02:46:11,46940de4-9eb1-4abb-a6f3-f4e18ffdac02,CMA-CGM,Busan,Los Angeles,2026-08-06T02:46:11,2026-08-06T02:46:11,0.0,2610.9,Food
2026-09-04T14:28:51,48f79945-9d38-4775-8b8a-55bac5456cdf,Maersk,Casablanca,Marseille,2026-09-13T14:28:51,2026-09-13T14:28:51,0.0,20916.5,Food
2026-03-31T08:19:31,0c350c42-ea82-4250-a04b-b484319b4753,Evergreen,Tanger Med,Barcelona,2026-04-11T08:19:31,2026-04-11T08:19:31,0.0,5237.7,Chemicals
2026-03-15T02:41:10,2918fb0d-b0f2-4522-8150-de4300df4b98,MSC,Tanger Med,Rotterdam,2026-03-29T02:41:10,2026-03-29T02:41:10,0.0,20353.9,Textiles
2026-08-24T09:52:35,dd51b31d-e622-4423-b5fa-079e7899403c,Comanav,Shanghai,Rotterdam,2026-09-12T09:52:35,2026-09-12T09:52:35,0.0,15418.9,Textiles
2026-06-18T06:37:32,aa2f6394-9433-4b75-a6fd-d849b7f61e84,COSCO,Busan,Los Angeles,2026-06-23T06:37:32,2026-06-23T06:37:32,0.0,23989.8,Chemicals
2026-06-29T00:42:42,32566ad7-35b6-44f1-98e7-f8cc16b55b93,Comanav,Casablanca,Marseille,2026-07-11T00:42:42,2026-07-11T00:42:42,0.0,2109.4,Electronics
2026-03-31T10:36:10,fa303c4d-6083-4ca3-b888-5591c0f9b93f,COSCO,Busan,Los Angeles,2026-04-15T10:36:10,2026-04-15T10:36:10,0.0,19047.9,Electronics
2026-06-03T01:52:35,84c66eed-bb91-45a5-9a83-d772218a53b4,Marsa Maroc,Busan,Los Angeles,2026-06-09T01:52:35,2026-06-12T16:10:35,86.3,21406.6,Textiles
2026-05-10T03:29:15,863da3b4-073d-437b-ade9-2d026e1a26d7,COSCO,Tanger Med,Barcelona,2026-06-06T03:29:15,2026-06-06T03:29:15,0.0,16606.5,Food
2026-08-06T22:54:10,808224c2-11c1-4e16-ac15-15c1f32f9d30,Maersk,Shenzhen,Hamburg,2026-08-19T22:54:10,2026-08-19T22:54:10,0.0,5218.3,Textiles
2026-07-18T10:38:34,762045f5-9174-43d2-81d3-17a5531e1724,Evergreen,Tanger Med,Rotterdam,2026-07-25T10:38:34,2026-07-25T10:38:34,0.0,9173.4,Electronics
2026-08-13T19:45:26,bbbf8757-a6fe-4006-a951-a2f34c61bc28,CMA-CGM,Shenzhen,Hamburg,2026-09-04T19:45:26,2026-09-04T19:45:26,0.0,18358.5,Electronics
2026-05-15T11:28:15,c10906a8-eefa-4737-a262-db52def4c2bf,Comanav,Shenzhen,Hamburg,2026-06-03T11:28:15,2026-06-03T11:28:15,0.0,18098.7,Food
2026-06-24T21:52:03,dedfc898-85d3-4b07-8ca2-837d8a9fa144,Marsa Maroc,Singapore,Felixstowe,2026-07-10T21:52:03,2026-07-10T21:52:03,0.0,16826.9,Chemicals
2026-08-06T04:46:38,9f100f97-517d-4810-b34b-82c305080834,Marsa Maroc,Tanger Med,Rotterdam,2026-08-26T04:46:38,2026-08-26T04:46:38,0.0,566.0,Textiles
2026-08-14T22:13:32,99739536-b49b-420c-a176-00de0c2ecf53,Evergreen,Tanger Med,Rotterdam,2026-08-26T22:13:32,2026-08-31T00:43:32,98.5,18062.2,Textiles
2026-02-17T14:55:37,40e09972-1c05-4c00-90ed-cac50301ab5e,Maersk,Shanghai,Rotterdam,2026-03-11T14:55:37,2026-03-11T14:55:37,0.0,950.2,Automotive
2026-08-25T04:17:15,b19def76-905f-4edd-9b7d-6328cdaf38fe,MSC,Ningbo,New York,2026-09-04T04:17:15,2026-09-04T04:17:15,0.0,13720.9,Automotive
2026-03-17T03:41:56,5446bf62-bf04-4a53-9deb-e132837907cf,COSCO,Singapore,Felixstowe,2026-04-15T03:41:56,2026-04-15T03:41:56,0.0,23524.4,Electronics
2026-05-24T03:03:15,c4993f86-4ca5-4884-8105-def27e1ea5f0,Evergreen,Agadir,Hamburg,2026-06-09T03:03:15,2026-06-12T01:51:15,70.8,10283.8,Textiles
2026-03-08T05:39:04,424929e3-a4be-45a1-80fd-a3b2fc456c27,Marsa Maroc,Tanger Med,Rotterdam,2026-03-27T05:39:04,2026-03-27T05:39:04,0.0,805.0,Chemicals
2026-07-03T14:46:23,bb91ecd0-62f6-47d2-972b-6a5cccd6c3ff,MSC,Shenzhen,Hamburg,2026-07-27T14:46:23,2026-07-27T14:46:23,0.0,2718.3,Chemicals
2026-05-07T14:06:43,c984dc9e-7f5e-4cf1-ad6b-d828404dc384,Marsa Maroc,Shanghai,Rotterdam,2026-05-25T14:06:43,2026-05-25T14:06:43,0.0,5562.8,Automotive
2026-05-01T07:06:15,9273f4a9-7ba1-4d69-98ba-dba689670823,CMA-CGM,Agadir,Hamburg,2026-05-29T07:06:15,2026-05-29T07:06:15,0.0,5402.1,Automotive
2026-06-18T14:49:24,4debc44c-8df6-4ef3-b43b-31bc0eb7e247,CMA-CGM,Busan,Los Angeles,2026-07-01T14:49:24,2026-07-04T09:07:24,66.3,12927.1,Electronics
2026-08-02T04:05:19,16e169e2-902b-4935-aaab-4cf9f8ce5513,COSCO,Singapore,Felixstowe,2026-08-08T04:05:19,2026-08-08T04:05:19,0.0,24141.4,Food
2026-06-22T03:05:44,93200679-34ba-44a0-ab5d-4c063361eb97,Maersk,Busan,Los Angeles,2026-07-16T03:05:44,2026-07-16T03:05:44,0.0,24486.7,Electronics
2026-02-04T18:37:36,be55f018-7f29-46c3-9aaf-27dccc832194,Evergreen,Tanger Med,Barcelona,2026-03-04T18:37:36,2026-03-08T02:37:36,80.0,24487.5,Automotive
2026-05-31T06:35:49,7471d469-d49b-496d-9ddf-2c69c04d8a9c,Maersk,Tanger Med,Barcelona,2026-06-11T06:35:49,2026-06-11T06:35:49,0.0,22806.5,Chemicals
2026-05-28T09:55:43,45ebd921-6ab3-487f-85b4-0b2450eeba4b,Maersk,Singapore,Felixstowe,2026-06-05T09:55:43,2026-06-05T09:55:43,0.0,7254.1,Textiles
2026-06-05T13:43:58,541ff3fd-e9c3-4e91-87ec-dd143d7ef1ee,Maersk,Ningbo,New York,2026-06-20T13:43:58,2026-06-20T13:43:58,0.0,10283.8,Automotive
2026-03-13T02:54:38,a4721e84-d44c-4c49-9020-429945cc84e6,Maersk,Tanger Med,Barcelona,2026-04-06T02:54:38,2026-04-06T02:54:38,0.0,1292.5,Chemicals
2026-07-28T22:18:10,30d038d9-b013-477f-88f6-09558965d077,MSC,Casablanca,Marseille,2026-08-02T22:18:10,2026-08-02T22:18:10,0.0,15215.2,Chemicals
2026-06-21T19:36:16,1b03f9f2-26f5-427e-ad2c-f06265a7b2a6,COSCO,Tanger Med,Rotterdam,2026-07-11T19:36:16,2026-07-13T22:48:16,51.2,7323.6,Chemicals
2026-03-08T12:38:23,de4cba86-e442-4ce4-992e-526e8e309d8a,Comanav,Tanger Med,Rotterdam,2026-03-30T12:38:23,2026-03-30T12:38:23,0.0,17133.3,Automotive
2026-04-20T07:36:27,891f5a4e-af89-41f8-b458-6d634084bf47,Maersk,Agadir,Hamburg,2026-05-09T07:36:27,2026-05-09T07:36:27,0.0,7587.2,Electronics
2026-08-21T01:49:07,f5a9d58e-aac7-418b-8691-889b7dc0aae6,Marsa Maroc,Shenzhen,Hamburg,2026-09-02T01:49:07,2026-09-02T01:49:07,0.0,10820.0,Chemicals
2026-06-21T21:30:22,2e89bcef-91b7-41ce-8808-55a4cea6ed81,COSCO,Singapore,Felixstowe,2026-06-30T21:30:22,2026-07-02T04:54:22,31.4,8504.6,Food
2026-06-30T07:12:44,0e1ceed1-85d0-46da-b893-c994a4202684,Maersk,Singapore,Felixstowe,2026-07-16T07:12:44,2026-07-16T07:12:44,0.0,833.4,Chemicals
2026-05-02T21:11:02,dcc18daf-6f29-408f-b62c-5e098f787463,Marsa Maroc,Tanger Med,Barcelona,2026-05-24T21:11:02,2026-05-24T21:11:02,0.0,3678.6,Chemicals
2026-06-08T11:58:05,c94d8181-ba7b-4799-b1ce-01c2b297b606,COSCO,Ningbo,New York,2026-06-13T11:58:05,2026-06-13T11:58:05,0.0,10012.4,Chemicals
2026-05-04T23:40:28,55cad68a-9fbd-4e51-a0d3-dc0e23a48222,CMA-CGM,Tanger Med,Rotterdam,2026-05-10T23:40:28,2026-05-10T23:40:28,0.0,1517.5,Chemicals
2026-05-08T20:29:22,4bd4adaa-49b7-4b6c-a733-da7a5de25c76,COSCO,Agadir,Hamburg,2026-05-13T20:29:22,2026-05-13T20:29:22,0.0,3667.0,Food
2026-08-16T19:00:39,c7f78d9a-7705-49a4-847e-6fade0fc5cc9,Marsa Maroc,Tanger Med,Barcelona,2026-09-10T19:00:39,2026-09-10T19:00:39,0.0,21016.8,Food
2026-05-09T13:01:37,58001453-43e0-42cd-b847-6e400651f353,Evergreen,Ningbo,New York,2026-05-17T13:01:37,2026-05-17T13:01:37,0.0,5800.7,Electronics
2026-05-25T05:03:59,291e32b9-ed4d-4ef4-83df-8cba4e942dee,MSC,Tanger Med,Barcelona,2026-05-31T05:03:59,2026-05-31T05:03:59,0.0,6312.8,Electronics
2026-05-25T00:07:48,87264853-96f9-497a-bbab-3624fd054716,CMA-CGM,Casablanca,Marseille,2026-06-03T00:07:48,2026-06-03T00:07:48,0.0,6926.2,Automotive
2026-05-24T01:45:26,6614c388-2223-41d8-8fa8-0e68eb77e9e6,Comanav,Agadir,Hamburg,2026-06-12T01:45:26,2026-06-12T01:45:26,0.0,14426.4,Food
2026-05-12T07:18:59,f02aefd1-bd20-4fb8-97c8-b925447af401,MSC,Shenzhen,Hamburg,2026-05-20T07:18:59,2026-05-20T07:18:59,0.0,20697.3,Chemicals
2026-05-05T00:22:08,e74bcc6e-16d2-420c-abb9-1f24fcee887e,Maersk,Tanger Med,Rotterdam,2026-05-29T00:22:08,2026-05-29T00:22:08,0.0,11044.4,Automotive
2026-04-28T17:55:16,18e932c7-7a57-49c1-8074-829640b82b7f,CMA-CGM,Busan,Los Angeles,2026-05-18T17:55:16,2026-05-22T05:25:16,83.5,6815.8,Textiles
2026-05-21T23:19:48,5408e5b5-d158-4d9b-8a49-4443604726f4,Maersk,Casablanca,Marseille,2026-06-05T23:19:48,2026-06-05T23:19:48,0.0,14142.5,Food
2026-07-03T06:24:56,94b6d072-3da8-462d-8b5a-d3df8e56b892,Marsa Maroc,Shanghai,Rotterdam,2026-07-17T06:24:56,2026-07-18T18:42:56,36.3,2718.8,Food
2026-04-08T13:59:02,d879ccbc-531c-40cc-a130-c7f1ac00ebf3,Marsa Maroc,Tanger Med,Rotterdam,2026-04-30T13:59:02,2026-04-30T13:59:02,0.0,13926.6,Chemicals
2026-03-26T10:24:58,60edd939-ba47-4828-9380-478231d9a2c1,Marsa Maroc,Shenzhen,Hamburg,2026-04-11T10:24:58,2026-04-11T10:24:58,0.0,7443.1,Textiles
2026-03-30T13:20:54,589707ff-511d-4ea2-aba2-1c166852b370,COSCO,Shenzhen,Hamburg,2026-04-16T13:20:54,2026-04-16T13:20:54,0.0,4612.9,Textiles
2026-03-11T11:33:25,86eda467-c7bd-4f6f-9312-8b41025f4e41,Maersk,Casablanca,Marseille,2026-03-31T11:33:25,2026-03-31T11:33:25,0.0,1782.2,Chemicals
2026-08-27T07:58:09,a46b5d33-e985-4284-bd5b-b2c71a5795ad,Maersk,Singapore,Felixstowe,2026-09-08T07:58:09,2026-09-10T16:04:09,56.1,20366.1,Automotive
2026-02-13T13:44:13,d7f9a6d6-bf27-4108-b696-fa1a0eea9c8b,Evergreen,Shanghai,Rotterdam,2026-03-03T13:44:13,2026-03-03T13:44:13,0.0,756.9,Chemicals
2026-02-27T09:55:15,bb587c08-31fb-486f-ae8f-6aef07d25930,Comanav,Casablanca,Marseille,2026-03-17T09:55:15,2026-03-19T17:49:15,55.9,3711.5,Textiles
2026-08-14T07:17:16,21b10af3-a240-45a7-b189-c296b8e49b7a,CMA-CGM,Tanger Med,Barcelona,2026-09-04T07:17:16,2026-09-04T07:17:16,0.0,2239.7,Automotive
2026-07-04T03:48:08,d1e4e33d-ce65-44bd-bb41-15d064992331,Maersk,Tanger Med,Rotterdam,2026-07-23T03:48:08,2026-07-23T03:48:08,0.0,18283.0,Electronics
2026-06-01T11:53:55,11772998-ec7f-452b-86ed-906c5f145bb9,COSCO,Singapore,Felixstowe,2026-07-01T11:53:55,2026-07-01T11:53:55,0.0,10869.5,Textiles
2026-08-16T04:56:41,44b16599-4daf-451d-a81d-4a11a2b91959,COSCO,Ningbo,New York,2026-09-08T04:56:41,2026-09-08T04:56:41,0.0,3659.2,Textiles
2026-06-04T16:41:50,75597d2e-f703-48a4-87c2-4de3c9e948da,Maersk,Shanghai,Rotterdam,2026-06-15T16:41:50,2026-06-15T16:41:50,0.0,8496.7,Chemicals
2026-08-11T14:38:14,a1afaba1-a016-4693-92fd-17d3f482147a,Maersk,Shanghai,Rotterdam,2026-09-07T14:38:14,2026-09-07T14:38:14,0.0,6973.3,Textiles
2026-04-15T00:29:21,ddc19cbf-6915-4d2d-8bf1-922550990a10,Maersk,Agadir,Hamburg,2026-05-11T00:29:21,2026-05-11T00:29:21,0.0,17512.7,Chemicals
2026-05-20T20:16:27,9e5e0a76-a6c4-410a-a5cc-4d5aaf9df66c,CMA-CGM,Tanger Med,Rotterdam,2026-06-17T20:16:27,2026-06-17T20:16:27,0.0,14530.4,Electronics
2026-07-10T12:30:20,8da76dc6-a563-4dc2-aec7-c54310daa639,Marsa Maroc,Ningbo,New York,2026-08-02T12:30:20,2026-08-02T12:30:20,0.0,11150.8,Textiles
2026-05-15T06:03:17,5a851a11-dfef-408b-b8e5-800c8bc6f1be,Evergreen,Singapore,Felixstowe,2026-05-26T06:03:17,2026-05-26T06:03:17,0.0,10014.4,Electronics
2026-04-08T19:20:20,f2a7bd0f-175a-4b00-a18d-11cb4777c207,MSC,Ningbo,New York,2026-04-19T19:20:20,2026-04-23T12:26:20,89.1,12625.0,Food
2026-02-28T00:41:51,7239c695-e267-40c2-a3e6-d53fcfa0c7af,COSCO,Busan,Los Angeles,2026-03-22T00:41:51,2026-03-24T05:05:51,52.4,11983.3,Automotive
2026-07-16T08:17:05,b82e1919-4da3-4a51-91cf-9d7fae1501da,Marsa Maroc,Agadir,Hamburg,2026-08-12T08:17:05,2026-08-12T08:17:05,0.0,12114.2,Electronics
2026-08-21T18:15:58,1cbf820a-a370-4811-b4c2-b23e8cd3f14e,CMA-CGM,Ningbo,New York,2026-09-02T18:15:58,2026-09-06T21:15:58,99.0,2956.4,Automotive
2026-02-17T15:30:21,482932de-21a0-4550-815c-90ab876151c0,Maersk,Casablanca,Marseille,2026-03-13T15:30:21,2026-03-13T15:30:21,0.0,12477.3,Automotive
2026-09-03T03:24:30,cec449ce-c392-43aa-be25-c024a0802334,Comanav,Agadir,Hamburg,2026-09-12T03:24:30,2026-09-12T03:24:30,0.0,15290.8,Chemicals
2026-06-17T20:58:03,6d2eb1a9-0f98-40ee-95c8-c2058c378196,Comanav,Agadir,Hamburg,2026-07-13T20:58:03,2026-07-13T20:58:03,0.0,14355.3,Chemicals
2026-07-25T21:42:27,44f8fea4-d9bc-4a36-8e3e-891b7e2d7eef,CMA-CGM,Shanghai,Rotterdam,2026-07-31T21:42:27,2026-07-31T21:42:27,0.0,14236.4,Automotive
2026-04-08T21:15:26,5ceeb3ba-3356-4d8c-bf6f-c637089a810d,MSC,Shenzhen,Hamburg,2026-05-07T21:15:26,2026-05-07T21:15:26,0.0,10172.2,Chemicals
2026-08-02T13:22:33,a1f8d06d-7c7d-4b1d-b4c8-412ed19ac5a1,Evergreen,Singapore,Felixstowe,2026-08-25T13:22:33,2026-08-25T13:22:33,0.0,6828.0,Chemicals
2026-03-23T17:54:45,54ae7f9c-6716-4fe1-a749-d58d1ca4f6d9,MSC,Busan,Los Angeles,2026-04-16T17:54:45,2026-04-17T23:06:45,29.2,18162.8,Textiles
2026-08-17T16:10:07,99046c2a-b075-4393-aef6-4f0e4673f9cb,Maersk,Casablanca,Marseille,2026-08-26T16:10:07,2026-08-26T16:10:07,0.0,4967.8,Food
2026-06-04T14:04:58,85e68b68-1112-4e52-b59c-61e89592fb90,CMA-CGM,Tanger Med,Barcelona,2026-07-01T14:04:58,2026-07-02T09:04:58,19.0,15612.8,Automotive
2026-02-19T06:28:01,387bd633-4316-4e88-aec9-f4c7c6bdee0e,Evergreen,Casablanca,Marseille,2026-03-04T06:28:01,2026-03-04T06:28:01,0.0,5704.2,Textiles
2026-02-26T14:10:12,e1322c14-822e-4a5b-8673-a34b66e20f99,Marsa Maroc,Busan,Los Angeles,2026-03-05T14:10:12,2026-03-05T14:10:12,0.0,13369.1,Food
2026-04-25T20:21:16,e965f388-628d-4289-b4ed-9a5b2b533822,Comanav,Tanger Med,Rotterdam,2026-05-21T20:21:16,2026-05-21T20:21:16,0.0,20587.0,Electronics
2026-07-13T08:31:31,82e9d5f3-3fe7-4567-9e28-8d298b5d0bd0,Comanav,Shenzhen,Hamburg,2026-07-26T08:31:31,2026-07-26T08:31:31,0.0,3607.5,Chemicals
2026-03-25T03:02:16,ad91b6cb-9a08-431e-a773-cff8116b08a4,COSCO,Tanger Med,Rotterdam,2026-04-09T03:02:16,2026-04-09T03:02:16,0.0,17398.3,Food
2026-06-13T09:17:06,bf1d931d-3103-43b3-a12e-b66cbea6ae44,MSC,Tanger Med,Barcelona,2026-07-05T09:17:06,2026-07-06T10:41:06,25.4,592.6,Chemicals
2026-07-08T10:22:40,8c30019f-3327-4aaa-b9bd-ebc5425c4e9f,MSC,Shanghai,Rotterdam,2026-07-19T10:22:40,2026-07-19T10:22:40,0.0,5015.5,Chemicals
2026-05-20T20:35:11,9da04da8-342e-430e-886a-7a276cd029e3,MSC,Casablanca,Marseille,2026-06-09T20:35:11,2026-06-09T20:35:11,0.0,11938.1,Automotive
2026-04-14T16:23:13,1ae9cfd0-9cc6-4426-afd4-c08858c01626,COSCO,Tanger Med,Barcelona,2026-05-12T16:23:13,2026-05-12T16:23:13,0.0,24022.2,Chemicals
2026-05-14T01:55:50,6ec0c3e7-ad50-4b39-ba64-9c510b4485fb,CMA-CGM,Singapore,Felixstowe,2026-06-11T01:55:50,2026-06-11T01:55:50,0.0,23175.1,Chemicals
2026-05-10T02:17:49,098698a4-a70d-4090-b172-1daaabe10124,MSC,Tanger Med,Rotterdam,2026-06-01T02:17:49,2026-06-01T02:17:49,0.0,6332.0,Electronics
2026-05-29T15:04:00,cccfe75d-1544-492c-b8f0-d74fc429b595,Evergreen,Shenzhen,Hamburg,2026-06-13T15:04:00,2026-06-13T15:04:00,0.0,12833.9,Textiles
2026-08-17T01:15:25,6a982f4c-63d5-4179-bbac-1f65008c7bfb,Marsa Maroc,Casablanca,Marseille,2026-08-31T01:15:25,2026-08-31T01:15:25,0.0,20690.2,Chemicals
2026-07-06T05:53:26,9e499406-b4d4-4257-aa52-6bb211f6b2eb,Marsa Maroc,Shanghai,Rotterdam,2026-07-12T05:53:26,2026-07-12T05:53:26,0.0,12653.4,Electronics
2026-06-21T02:39:37,9b39d343-20af-40da-ab8f-e96fafc53e18,COSCO,Singapore,Felixstowe,2026-07-21T02:39:37,2026-07-21T02:39:37,0.0,12905.3,Chemicals
2026-05-02T10:11:58,b61ff595-321b-46c5-8c7c-6f0942ed1574,COSCO,Busan,Los Angeles,2026-05-11T10:11:58,2026-05-11T10:11:58,0.0,23187.1,Chemicals
2026-09-04T16:52:24,7c10979d-9b47-497c-a834-d502029b1bcf,Maersk,Casablanca,Marseille,2026-09-10T16:52:24,2026-09-10T16:52:24,0.0,10418.5,Food
2026-07-13T15:26:02,09616b6d-8948-4594-a647-aab458d1d47a,Marsa Maroc,Shenzhen,Hamburg,2026-08-12T15:26:02,2026-08-12T15:26:02,0.0,10386.7,Textiles
2026-05-14T18:18:17,5af123a1-0b52-4d75-93d0-caed6cabd415,Marsa Maroc,Singapore,Felixstowe,2026-05-21T18:18:17,2026-05-21T18:18:17,0.0,11471.5,Textiles
2026-07-18T18:13:45,c8cfc321-8f0e-4b95-a180-30356e12fcaf,Marsa Maroc,Busan,Los Angeles,2026-08-10T18:13:45,2026-08-10T18:13:45,0.0,13306.6,Automotive
2026-06-30T14:10:38,95b42ae7-40da-4218-b7d4-d9824a5fa9be,Marsa Maroc,Busan,Los Angeles,2026-07-23T14:10:38,2026-07-27T06:40:38,88.5,21131.8,Food
2026-06-26T18:46:24,075f07c1-1ecf-4346-bee2-89db23ca2d2b,CMA-CGM,Tanger Med,Barcelona,2026-07-20T18:46:24,2026-07-23T13:28:24,66.7,1342.4,Food
2026-07-19T13:47:37,f3453ea5-e440-48d4-b89e-6c90494212f8,Comanav,Shenzhen,Hamburg,2026-08-03T13:47:37,2026-08-03T13:47:37,0.0,7411.3,Automotive
2026-05-30T14:20:10,5c231211-a6e0-4f1f-8c9e-ee7ae0013b47,Comanav,Casablanca,Marseille,2026-06-17T14:20:10,2026-06-17T14:20:10,0.0,11194.7,Automotive
2026-07-26T01:05:55,1f286e9d-d09a-4698-a368-92b7a032a1d1,MSC,Casablanca,Marseille,2026-08-23T01:05:55,2026-08-23T01:05:55,0.0,14966.7,Chemicals
2026-05-01T20:41:20,de10d46a-da3b-45f1-b23b-78ef5b6134e7,MSC,Tanger Med,Barcelona,2026-05-09T20:41:20,2026-05-09T20:41:20,0.0,13927.3,Food
2026-04-12T22:18:20,90bc89de-2ebc-4e53-a20b-2e775a0f8160,Marsa Maroc,Tanger Med,Barcelona,2026-04-20T22:18:20,2026-04-20T22:18:20,0.0,7563.8,Textiles
2026-05-23T18:23:47,439c5ebf-2689-405f-b42a-ec8c50cc8657,CMA-CGM,Agadir,Hamburg,2026-05-28T18:23:47,2026-05-28T18:23:47,0.0,2294.2,Chemicals
2026-03-12T18:51:12,14d0a1ab-8908-4f85-851a-d9924591bcdc,Marsa Maroc,Singapore,Felixstowe,2026-04-08T18:51:12,2026-04-13T05:27:12,106.6,3868.0,Automotive
2026-05-30T20:06:28,0cf06202-91c5-4cfd-95d2-cdb9d7abddae,Marsa Maroc,Ningbo,New York,2026-06-13T20:06:28,2026-06-15T16:30:28,44.4,20754.4,Automotive
2026-05-04T13:51:48,a82bc66a-d480-40ad-bcd4-35bdac02e210,COSCO,Shenzhen,Hamburg,2026-05-31T13:51:48,2026-05-31T13:51:48,0.0,12848.4,Chemicals
2026-07-25T20:34:14,3fe0b562-fbf1-4868-b0f5-c4981721009e,Comanav,Tanger Med,Barcelona,2026-08-15T20:34:14,2026-08-15T20:34:14,0.0,13395.7,Automotive
2026-07-05T22:05:25,23f9213a-2eb2-4a6f-b0e3-0e0cddeb35bb,COSCO,Agadir,Hamburg,2026-07-26T22:05:25,2026-07-26T22:05:25,0.0,16398.8,Electronics
2026-04-24T03:26:29,8bf90299-cfbe-4bfe-b13f-66f09c170a13,Marsa Maroc,Shenzhen,Hamburg,2026-05-16T03:26:29,2026-05-17T22:44:29,43.3,10004.4,Electronics
2026-04-19T15:21:43,d7e093aa-10c8-4707-8b8c-e877aa70582c,Marsa Maroc,Singapore,Felixstowe,2026-04-26T15:21:43,2026-04-28T00:57:43,33.6,18221.7,Food
2026-04-14T01:53:20,a1a97135-323a-417a-ae3f-57c58450365d,COSCO,Shenzhen,Hamburg,2026-04-28T01:53:20,2026-04-28T01:53:20,0.0,24498.8,Food
2026-08-18T16:33:30,feade99e-d7fc-463d-bddf-89655f75899a,Comanav,Ningbo,New York,2026-08-31T16:33:30,2026-08-31T16:33:30,0.0,18949.4,Textiles
2026-02-06T18:48:17,8949a142-eced-4a30-bedc-b419b51dce2b,COSCO,Ningbo,New York,2026-03-04T18:48:17,2026-03-04T18:48:17,0.0,7098.8,Chemicals
2026-04-16T14:05:56,3f6ee259-b1ef-44d5-8e79-9ec761f62fc2,Marsa Maroc,Agadir,Hamburg,2026-05-08T14:05:56,2026-05-08T14:05:56,0.0,590.8,Food
2026-07-31T16:51:26,effd424a-4b3c-41a8-b2a4-e45d5f0e5368,MSC,Busan,Los Angeles,2026-08-11T16:51:26,2026-08-11T16:51:26,0.0,3423.6,Food
2026-09-02T00:35:21,749d9c17-d136-443e-bdd0-69bb71fcbcf3,Evergreen,Tanger Med,Rotterdam,2026-09-11T00:35:21,2026-09-11T00:35:21,0.0,9912.7,Automotive
2026-04-04T05:22:00,2de6b1c4-79dc-4c8f-955c-a88b1e36429e,Maersk,Tanger Med,Rotterdam,2026-04-22T05:22:00,2026-04-22T05:22:00,0.0,22571.3,Chemicals
2026-06-18T14:47:28,e40f96ed-68db-4f55-b60e-476ab8339a61,COSCO,Ningbo,New York,2026-07-01T14:47:28,2026-07-01T14:47:28,0.0,16805.0,Food
2026-08-21T23:37:44,33f4110d-0aea-4ebd-ab80-461ff5cc43db,CMA-CGM,Singapore,Felixstowe,2026-09-05T23:37:44,2026-09-05T23:37:44,0.0,9282.6,Chemicals
2026-06-15T12:31:16,fccfaee0-b949-40d2-a469-0531d3932335,Maersk,Shenzhen,Hamburg,2026-06-25T12:31:16,2026-06-25T12:31:16,0.0,11058.4,Electronics
2026-05-20T11:14:51,2f3a69be-68d6-4d8d-8bfe-efe6f540a3f6,Maersk,Tanger Med,Rotterdam,2026-06-06T11:14:51,2026-06-06T11:14:51,0.0,8770.7,Chemicals
2026-03-10T12:40:58,269b98e7-bfa4-408c-abbd-af35bc18c216,Comanav,Ningbo,New York,2026-03-19T12:40:58,2026-03-19T12:40:58,0.0,1908.5,Electronics
2026-07-17T17:22:29,4ee30bdc-4b4e-42af-8fb1-690eb19bd8a1,COSCO,Singapore,Felixstowe,2026-08-02T17:22:29,2026-08-02T17:22:29,0.0,3109.5,Automotive
2026-03-25T10:30:43,3f59914c-41d8-415a-b212-8fdc2fee6659,Comanav,Shanghai,Rotterdam,2026-04-08T10:30:43,2026-04-08T10:30:43,0.0,19361.1,Food
2026-04-28T10:27:24,5b289bfa-b4e3-4cc1-9c22-c7fca8a30c65,CMA-CGM,Busan,Los Angeles,2026-05-03T10:27:24,2026-05-03T10:27:24,0.0,21276.7,Automotive
2026-03-06T07:34:46,80c6332d-b0b6-4bbf-b002-5a33bd64dd29,Evergreen,Agadir,Hamburg,2026-03-24T07:34:46,2026-03-29T07:22:46,119.8,916.2,Automotive
2026-05-03T16:18:03,d5e90cde-efd5-4299-bd5d-eb2ce5009d3f,Comanav,Shenzhen,Hamburg,2026-05-23T16:18:03,2026-05-27T11:12:03,90.9,11589.6,Automotive
2026-06-01T18:09:05,7f546f26-43b7-48d6-a049-7b3e06fac8a6,MSC,Singapore,Felixstowe,2026-06-07T18:09:05,2026-06-09T14:21:05,44.2,23446.9,Automotive
2026-08-08T01:40:09,e87ca74d-2500-4982-9a3a-3c0d5e9d9d08,Evergreen,Agadir,Hamburg,2026-09-02T01:40:09,2026-09-02T01:40:09,0.0,4747.3,Textiles
2026-03-14T09:35:55,7cbcbf80-7e01-42a1-90b4-64fa4d69c644,Evergreen,Tanger Med,Rotterdam,2026-04-07T09:35:55,2026-04-07T09:35:55,0.0,5971.8,Food
2026-08-15T16:57:02,7a329623-2186-4419-ab5a-7905101aa2e4,Marsa Maroc,Shanghai,Rotterdam,2026-08-22T16:57:02,2026-08-22T16:57:02,0.0,16865.3,Electronics
2026-07-01T23:13:30,ff0c398d-fea9-4bd7-9b73-d6dd7ca26fdd,Marsa Maroc,Singapore,Felixstowe,2026-07-08T23:13:30,2026-07-08T23:13:30,0.0,12152.9,Chemicals
2026-05-27T21:13:25,d4fe579f-0954-440b-91cc-ac4c947b27c9,MSC,Busan,Los Angeles,2026-06-09T21:13:25,2026-06-09T21:13:25,0.0,4245.0,Textiles
2026-07-03T04:24:35,d324a52c-fcaa-4ff6-a59e-25a0259760f6,MSC,Tanger Med,Barcelona,2026-07-19T04:24:35,2026-07-19T04:24:35,0.0,7122.4,Electronics
2026-07-12T22:18:02,1cd1f61e-31dc-4b80-bab7-1469e04cd7a5,CMA-CGM,Shanghai,Rotterdam,2026-07-18T22:18:02,2026-07-18T22:18:02,0.0,9171.5,Chemicals
2026-05-19T02:04:34,30644146-c20c-45a4-a5fa-28828e6a53ec,CMA-CGM,Busan,Los Angeles,2026-06-09T02:04:34,2026-06-09T15:34:34,13.5,8385.8,Automotive
2026-07-07T15:37:11,11204609-4b24-43f8-b806-4d35ed1f074a,Marsa Maroc,Shanghai,Rotterdam,2026-07-12T15:37:11,2026-07-15T18:43:11,75.1,15884.5,Food
2026-02-10T16:52:43,d4fb9725-68a4-4d5c-916a-e86a95b558d5,MSC,Tanger Med,Rotterdam,2026-03-08T16:52:43,2026-03-09T04:58:43,12.1,18072.1,Textiles
2026-07-13T21:53:23,69ab2434-70d1-4cdc-a654-e5f265223e96,MSC,Shanghai,Rotterdam,2026-08-07T21:53:23,2026-08-12T06:23:23,104.5,20135.1,Electronics
2026-03-24T02:00:55,02834104-cb89-47b6-ae6f-ea2355f96fc2,Evergreen,Shenzhen,Hamburg,2026-04-17T02:00:55,2026-04-18T05:06:55,27.1,13254.3,Food
2026-07-04T08:24:01,b67f99ac-4946-426f-a9ba-5115cdf1db8d,COSCO,Tanger Med,Rotterdam,2026-07-15T08:24:01,2026-07-16T13:00:01,28.6,6070.3,Food
2026-04-28T06:25:26,43341e55-929a-428c-9cb3-50ab996e4783,Marsa Maroc,Busan,Los Angeles,2026-05-17T06:25:26,2026-05-17T06:25:26,0.0,13548.5,Chemicals
2026-04-21T18:49:11,ba0286ea-e61f-4f58-9f51-89a7ed06257b,Evergreen,Shenzhen,Hamburg,2026-05-07T18:49:11,2026-05-08T19:07:11,24.3,8064.7,Food
2026-06-06T12:44:44,b7c27eca-6e98-4bc4-a691-953a3e43a82e,Marsa Maroc,Singapore,Felixstowe,2026-06-19T12:44:44,2026-06-23T02:56:44,86.2,18180.0,Automotive
2026-06-25T21:51:22,c2fc5568-bd89-48ea-a7be-45cb67a9302e,Evergreen,Tanger Med,Rotterdam,2026-07-16T21:51:22,2026-07-16T21:51:22,0.0,3663.8,Food
2026-06-10T06:03:39,dfcb8646-3464-4fb5-b7da-389b61b5b8c4,Comanav,Shenzhen,Hamburg,2026-07-05T06:03:39,2026-07-05T06:03:39,0.0,10212.6,Food
2026-08-14T07:46:15,d10e97fb-bd88-43eb-8de3-4905e1216fe8,Maersk,Shanghai,Rotterdam,2026-09-06T07:46:15,2026-09-06T07:46:15,0.0,6495.0,Automotive
2026-08-16T13:41:26,507e0782-bfe2-44bb-aadd-6471df94cbda,COSCO,Casablanca,Marseille,2026-08-21T13:41:26,2026-08-21T13:41:26,0.0,9334.6,Food
2026-03-07T10:48:39,7414596d-acad-4ace-b599-97fc79b0b564,Marsa Maroc,Singapore,Felixstowe,2026-03-31T10:48:39,2026-03-31T10:48:39,0.0,4560.8,Chemicals
2026-07-05T23:50:20,d83c4fd7-32ff-4027-b167-8ceb1101c727,CMA-CGM,Busan,Los Angeles,2026-07-26T23:50:20,2026-07-26T23:50:20,0.0,21308.0,Chemicals
2026-06-15T06:35:35,feda8550-8c83-4913-992d-51ff4f1f784d,Marsa Maroc,Agadir,Hamburg,2026-06-20T06:35:35,2026-06-20T06:35:35,0.0,4953.9,Food
2026-08-03T02:28:57,0d2ab1c3-3c04-45d2-a7c2-3a5fc0be2a1a,Marsa Maroc,Agadir,Hamburg,2026-08-28T02:28:57,2026-08-28T23:46:57,21.3,2760.7,Food
2026-04-04T06:05:03,021231ba-7a2c-4083-a31e-e2e00a3cb285,COSCO,Tanger Med,Barcelona,2026-04-26T06:05:03,2026-04-26T06:05:03,0.0,7725.1,Automotive
2026-04-19T01:55:01,d3870433-7c5d-4420-8f52-3f5e2a589c96,Comanav,Singapore,Felixstowe,2026-05-05T01:55:01,2026-05-08T02:43:01,72.8,10650.8,Food
2026-07-01T00:41:13,1ab2cb5c-fee8-4917-a493-515d00cd6215,COSCO,Tanger Med,Rotterdam,2026-07-10T00:41:13,2026-07-10T00:41:13,0.0,11774.1,Automotive
2026-07-22T19:36:52,62bcd852-39b0-4c00-97d0-ed86ebdd8e2b,Marsa Maroc,Agadir,Hamburg,2026-08-11T19:36:52,2026-08-11T19:36:52,0.0,15804.5,Food
2026-07-26T04:45:18,c29eb5e0-02f6-4d70-96f1-54e46bc4aeec,MSC,Tanger Med,Rotterdam,2026-08-05T04:45:18,2026-08-05T04:45:18,0.0,17143.1,Food
2026-03-01T16:58:30,63af6b88-89b4-446c-8478-9bfbb4160c27,Maersk,Tanger Med,Rotterdam,2026-03-28T16:58:30,2026-03-28T16:58:30,0.0,19191.3,Chemicals
2026-03-18T17:22:35,16aa2600-957e-4329-a573-2ebdb8eb4902,Comanav,Shenzhen,Hamburg,2026-03-31T17:22:35,2026-04-04T10:34:35,89.2,15878.3,Chemicals
2026-04-10T21:56:40,97ba22cd-ca46-49b5-9e9b-30e261022cb6,Marsa Maroc,Tanger Med,Rotterdam,2026-05-02T21:56:40,2026-05-02T21:56:40,0.0,11917.4,Chemicals
2026-06-29T10:49:18,52660a4d-a314-4ef4-99a7-5117045b4e63,Marsa Maroc,Shenzhen,Hamburg,2026-07-12T10:49:18,2026-07-12T10:49:18,0.0,19881.0,Chemicals
2026-05-13T15:08:43,1fb71b75-00cc-4f04-9017-08511d3fc4ac,CMA-CGM,Busan,Los Angeles,2026-05-28T15:08:43,2026-05-28T15:08:43,0.0,13358.4,Food
2026-06-04T17:51:52,5461d427-482e-4826-98cd-67afdf4bcf43,Evergreen,Ningbo,New York,2026-06-30T17:51:52,2026-06-30T17:51:52,0.0,11584.6,Automotive
2026-06-25T01:31:09,8fd02203-7276-4ec8-b339-8417721db3e3,Evergreen,Busan,Los Angeles,2026-07-02T01:31:09,2026-07-02T01:31:09,0.0,2087.6,Chemicals
2026-05-30T03:38:16,1d5b3726-ce2b-4fb5-834d-0a49a008251c,Evergreen,Tanger Med,Rotterdam,2026-06-22T03:38:16,2026-06-22T03:38:16,0.0,12993.2,Food
2026-05-26T21:01:24,255dd91b-9e26-459f-8926-98a547f0d1dd,MSC,Singapore,Felixstowe,2026-06-12T21:01:24,2026-06-14T07:43:24,34.7,6957.6,Food
2026-07-21T13:54:38,cd02a4ff-7464-49da-a2d4-ee8de41ee17e,COSCO,Busan,Los Angeles,2026-08-01T13:54:38,2026-08-01T13:54:38,0.0,21600.5,Electronics
2026-06-07T08:12:55,619260e2-4fd0-4c78-9f16-cc868a3f999e,COSCO,Busan,Los Angeles,2026-06-14T08:12:55,2026-06-14T08:12:55,0.0,15045.1,Electronics
2026-07-26T18:45:12,ef6546b1-bc34-4592-b1c3-f048d93656a7,Maersk,Casablanca,Marseille,2026-08-20T18:45:12,2026-08-20T18:45:12,0.0,15264.4,Textiles
2026-06-20T00:56:29,8a773126-44c6-4fea-9787-314c2460e0a9,Evergreen,Tanger Med,Barcelona,2026-07-20T00:56:29,2026-07-20T00:56:29,0.0,4289.8,Food
2026-07-28T20:59:40,94b7935a-f3ec-4112-b007-38b44432e189,Evergreen,Ningbo,New York,2026-08-22T20:59:40,2026-08-22T20:59:40,0.0,16563.7,Electronics
2026-07-30T18:39:27,00524a88-50d9-4ced-b818-f5d1859167d3,Comanav,Ningbo,New York,2026-08-08T18:39:27,2026-08-09T09:33:27,14.9,20774.2,Electronics
2026-04-07T23:31:04,f4f829fe-eae1-44d3-8c77-d9076f1d744b,COSCO,Singapore,Felixstowe,2026-05-04T23:31:04,2026-05-04T23:31:04,0.0,24160.2,Electronics
2026-04-22T09:56:36,6355cb9e-32cc-4800-b692-84b46ab5a9f4,Maersk,Tanger Med,Barcelona,2026-05-11T09:56:36,2026-05-11T09:56:36,0.0,5876.4,Automotive
2026-02-20T23:19:04,50756c57-e62e-4a8a-9bf9-6c566b2931c7,MSC,Ningbo,New York,2026-03-09T23:19:04,2026-03-09T23:19:04,0.0,22389.9,Automotive
2026-03-28T13:27:23,55f53b49-baf0-49df-8433-d347caec7c4a,Marsa Maroc,Shanghai,Rotterdam,2026-04-18T13:27:23,2026-04-18T13:27:23,0.0,21313.7,Textiles
2026-05-19T02:53:02,9ba136aa-ff0e-4345-a864-8aae98077eed,Maersk,Busan,Los Angeles,2026-05-31T02:53:02,2026-05-31T02:53:02,0.0,1583.8,Chemicals
2026-05-16T17:31:12,c1716ba4-c3f2-4600-bb40-aedd531e7122,COSCO,Shenzhen,Hamburg,2026-06-06T17:31:12,2026-06-06T17:31:12,0.0,21625.2,Automotive
2026-03-16T02:15:26,02cb4a19-81d1-4eb8-931f-c2f60f51d23d,CMA-CGM,Agadir,Hamburg,2026-04-01T02:15:26,2026-04-01T02:15:26,0.0,825.1,Chemicals
2026-04-23T18:40:06,f09991ca-35b7-4ce5-a396-44cd289e4547,MSC,Busan,Los Angeles,2026-05-21T18:40:06,2026-05-21T18:40:06,0.0,4684.8,Automotive
2026-04-19T19:43:05,af4adc72-d522-48f2-aff7-18d0fcd7fe91,CMA-CGM,Tanger Med,Barcelona,2026-05-04T19:43:05,2026-05-04T19:43:05,0.0,1546.3,Textiles
2026-07-27T04:43:59,d4cf7894-a427-41fb-9fc8-12c924874e4f,Marsa Maroc,Busan,Los Angeles,2026-08-02T04:43:59,2026-08-02T04:43:59,0.0,16270.8,Food
2026-03-17T00:06:59,9cf2f9f0-76bf-45d3-90da-25062fb60560,Evergreen,Busan,Los Angeles,2026-04-10T00:06:59,2026-04-10T00:06:59,0.0,18609.2,Food
2026-03-25T02:37:30,102ab2eb-0fab-44d1-a0ba-88364f3526db,Marsa Maroc,Shanghai,Rotterdam,2026-04-07T02:37:30,2026-04-07T02:37:30,0.0,8123.9,Food
2026-03-17T18:35:17,5437dcd1-febb-46a4-b173-ea094eabed0d,MSC,Ningbo,New York,2026-03-25T18:35:17,2026-03-27T16:11:17,45.6,8059.9,Chemicals
2026-08-04T18:24:40,fdedadc9-e58f-4180-9fa8-b567a00494f0,Marsa Maroc,Tanger Med,Rotterdam,2026-08-31T18:24:40,2026-08-31T18:24:40,0.0,4233.4,Automotive
2026-03-15T21:41:22,d4b2f75e-27ed-49ab-acd1-cd4ad8359352,Comanav,Shenzhen,Hamburg,2026-03-21T21:41:22,2026-03-21T21:41:22,0.0,13626.0,Chemicals
2026-02-14T05:44:19,3de999c1-802a-4c5e-aa56-26231fac9ef8,CMA-CGM,Tanger Med,Barcelona,2026-03-11T05:44:19,2026-03-11T05:44:19,0.0,20568.8,Food
2026-07-27T04:25:29,86701eb0-d9ef-4cd5-9055-0766226aea77,Marsa Maroc,Tanger Med,Barcelona,2026-08-02T04:25:29,2026-08-02T04:25:29,0.0,11228.8,Chemicals
2026-03-27T07:57:26,a8108ec5-8ee0-4f99-95d3-84466e85a87c,Evergreen,Busan,Los Angeles,2026-04-02T07:57:26,2026-04-03T11:15:26,27.3,16150.8,Textiles
2026-03-23T08:40:58,9d9a8976-3fa1-4fbf-933c-38843491218e,CMA-CGM,Shanghai,Rotterdam,2026-04-10T08:40:58,2026-04-10T08:40:58,0.0,6953.4,Chemicals
2026-05-12T22:13:56,7ee55fff-5f32-4256-92ba-19a37ea787c4,Maersk,Shanghai,Rotterdam,2026-06-10T22:13:56,2026-06-15T02:43:56,100.5,10869.8,Chemicals
2026-04-25T07:15:43,ceb33596-732e-42c7-8b3d-6835feb5515f,Comanav,Shanghai,Rotterdam,2026-04-30T07:15:43,2026-04-30T07:15:43,0.0,5839.3,Automotive
2026-03-22T17:50:16,7e03b9c5-033e-4798-be2d-e51782c92a46,COSCO,Shenzhen,Hamburg,2026-04-02T17:50:16,2026-04-02T17:50:16,0.0,12897.8,Automotive
2026-07-07T09:37:48,b4719e44-ce88-4f77-b58b-735e020ee5b0,CMA-CGM,Tanger Med,Barcelona,2026-07-30T09:37:48,2026-08-01T13:07:48,51.5,17807.3,Automotive
2026-06-10T03:32:36,90f1f7d9-56e3-440d-8916-f7d14fef0717,Marsa Maroc,Casablanca,Marseille,2026-06-29T03:32:36,2026-06-29T03:32:36,0.0,12971.6,Food
2026-05-23T01:45:08,2c7a7702-b63e-4104-ab33-326c2dad45a4,Marsa Maroc,Agadir,Hamburg,2026-05-29T01:45:08,2026-05-29T01:45:08,0.0,20831.7,Textiles
2026-05-09T01:54:09,a594e41f-6d78-4bc1-8a43-00ea5dfc0010,CMA-CGM,Ningbo,New York,2026-06-05T01:54:09,2026-06-05T01:54:09,0.0,16242.1,Automotive
2026-06-05T08:42:20,c8221311-1f64-4f24-a358-c065c17314b4,MSC,Agadir,Hamburg,2026-06-19T08:42:20,2026-06-19T08:42:20,0.0,21436.1,Textiles
2026-08-04T02:33:16,65c6e416-96bf-4f48-94eb-4810664bab92,Evergreen,Tanger Med,Barcelona,2026-08-20T02:33:16,2026-08-20T02:33:16,0.0,6730.1,Automotive
2026-04-02T02:14:33,4b8afc1e-647c-4c00-a5f9-28e89d38e1e0,Comanav,Singapore,Felixstowe,2026-04-19T02:14:33,2026-04-19T02:14:33,0.0,11930.8,Automotive
2026-03-21T23:35:28,425382f2-ac3e-4a32-8e93-edd69a6e3ff6,CMA-CGM,Shanghai,Rotterdam,2026-04-20T23:35:28,2026-04-20T23:35:28,0.0,12038.1,Textiles
2026-04-08T06:10:54,092451c5-9631-41b1-bcd5-72088e66a8a1,MSC,Singapore,Felixstowe,2026-05-06T06:10:54,2026-05-06T06:10:54,0.0,18703.8,Food
2026-02-26T02:18:13,42469ba2-a89e-4a38-94ad-dc71640d6413,Evergreen,Shenzhen,Hamburg,2026-03-12T02:18:13,2026-03-12T02:18:13,0.0,23078.7,Chemicals
2026-02-18T15:40:05,2f29fcb6-2500-4e4b-b3d3-3e49595b6167,Marsa Maroc,Shanghai,Rotterdam,2026-03-14T15:40:05,2026-03-14T15:40:05,0.0,2059.2,Electronics
2026-07-07T14:00:05,151e2376-7955-4b8c-b2f1-d0b2e233eaca,Maersk,Shenzhen,Hamburg,2026-07-17T14:00:05,2026-07-18T10:18:05,20.3,16777.9,Chemicals
2026-06-10T07:05:45,9c73a844-d62d-47f4-8937-949a221683ab,Maersk,Ningbo,New York,2026-07-05T07:05:45,2026-07-05T07:05:45,0.0,7523.6,Electronics
2026-08-03T22:05:01,3336c4b9-44b1-4b53-98bc-25dc86ec5843,Comanav,Agadir,Hamburg,2026-09-01T22:05:01,2026-09-01T22:05:01,0.0,7199.7,Chemicals
2026-08-23T10:33:31,1531b0df-e9e1-453f-b8fb-9b91b9a08a96,Marsa Maroc,Singapore,Felixstowe,2026-08-29T10:33:31,2026-08-29T10:33:31,0.0,6751.1,Food
2026-05-25T19:05:11,93c02a59-dee7-47fe-9231-aa1965e3210a,Marsa Maroc,Agadir,Hamburg,2026-06-14T19:05:11,2026-06-14T19:05:11,0.0,7551.1,Automotive
2026-08-03T18:15:19,eaa753d6-568a-4db0-a358-5467e7be8668,Evergreen,Casablanca,Marseille,2026-08-20T18:15:19,2026-08-20T18:15:19,0.0,16104.6,Automotive
2026-04-17T11:21:43,daf1b0df-b93a-4ac8-8cde-5f83d30f0b94,Comanav,Agadir,Hamburg,2026-04-22T11:21:43,2026-04-24T21:15:43,57.9,21392.2,Textiles
2026-04-10T18:06:03,455c38ee-50cd-412b-966c-24cc3d8e90a5,Evergreen,Tanger Med,Rotterdam,2026-05-08T18:06:03,2026-05-08T18:06:03,0.0,9919.5,Automotive
2026-08-14T07:17:35,4933f3af-1ff0-4882-b477-ca0fd2774000,Evergreen,Tanger Med,Barcelona,2026-08-25T07:17:35,2026-08-25T07:17:35,0.0,11584.3,Electronics
2026-07-29T22:16:58,39a15804-f36c-472f-9ce8-31eda8c1b4bf,COSCO,Singapore,Felixstowe,2026-08-16T22:16:58,2026-08-16T22:16:58,0.0,2410.0,Automotive
2026-06-12T06:15:09,f2fc71b2-44ce-40ae-9217-deb3cca02d47,Marsa Maroc,Shenzhen,Hamburg,2026-06-29T06:15:09,2026-07-01T00:15:09,42.0,20377.0,Electronics
2026-07-04T19:50:35,103167e4-1750-4858-829a-6a49d21f2d4d,Comanav,Casablanca,Marseille,2026-07-13T19:50:35,2026-07-13T19:50:35,0.0,17624.2,Automotive
2026-08-12T01:19:08,95742002-b987-4b10-8db2-f7398c7f9b20,Evergreen,Shanghai,Rotterdam,2026-09-04T01:19:08,2026-09-04T01:19:08,0.0,2273.1,Automotive
2026-05-06T04:59:25,644fcb01-b519-4f64-9126-aed7e786fecc,COSCO,Busan,Los Angeles,2026-05-28T04:59:25,2026-05-28T04:59:25,0.0,10813.9,Textiles
2026-03-15T18:42:14,4d87f1ba-f0e6-4963-8565-ae6a97555396,Maersk,Tanger Med,Rotterdam,2026-04-04T18:42:14,2026-04-04T18:42:14,0.0,15549.6,Textiles
2026-08-05T14:26:11,f24fca93-76ef-4c3f-a767-2b71e861e5dc,Marsa Maroc,Casablanca,Marseille,2026-08-19T14:26:11,2026-08-19T14:26:11,0.0,10388.3,Textiles
2026-06-04T13:32:22,45bc6bb1-6aea-4c7c-9e9f-f2d8a02d44c5,Maersk,Shanghai,Rotterdam,2026-06-28T13:32:22,2026-06-28T13:32:22,0.0,6510.2,Textiles
2026-07-07T01:20:51,6e9c3f23-1885-41fd-9d04-a192b645a674,COSCO,Tanger Med,Barcelona,2026-07-21T01:20:51,2026-07-25T15:26:51,110.1,11139.9,Textiles
2026-07-09T02:01:04,59d4360e-f9c6-4f49-8d06-86c208ece36a,Comanav,Casablanca,Marseille,2026-08-08T02:01:04,2026-08-08T02:01:04,0.0,1787.4,Food
2026-05-20T21:34:37,e99b79a3-ab93-41ac-9204-238ed73caf78,MSC,Singapore,Felixstowe,2026-06-09T21:34:37,2026-06-09T21:34:37,0.0,9800.4,Electronics
2026-04-05T11:23:33,f363537d-fb2a-408d-8a2d-66d4eed37c11,Marsa Maroc,Shenzhen,Hamburg,2026-04-30T11:23:33,2026-04-30T11:23:33,0.0,15502.3,Textiles
2026-05-28T21:30:16,694b060e-6dce-45ad-a597-620ab24c673c,Evergreen,Shenzhen,Hamburg,2026-06-26T21:30:16,2026-06-26T21:30:16,0.0,4976.3,Chemicals
2026-02-20T02:23:14,2f17c9ab-9dda-439d-b571-d28543aaca97,Comanav,Singapore,Felixstowe,2026-03-05T02:23:14,2026-03-06T22:41:14,44.3,1602.0,Automotive
2026-02-24T00:51:38,5dc9fab9-1f1e-461b-9c78-d052487de81d,CMA-CGM,Ningbo,New York,2026-03-01T00:51:38,2026-03-04T21:03:38,92.2,8695.8,Electronics
2026-03-23T22:24:44,18609846-6da2-4fe3-9012-302134bfb365,Comanav,Agadir,Hamburg,2026-04-22T22:24:44,2026-04-26T22:36:44,96.2,23171.3,Textiles
2026-06-22T13:14:23,75c52cbb-c3c5-4bb8-8e9e-8b7831dc7cd6,COSCO,Ningbo,New York,2026-07-12T13:14:23,2026-07-12T13:14:23,0.0,13569.4,Food
2026-06-15T08:49:04,4edb92de-4b99-476b-8b2a-b45489624fae,Evergreen,Agadir,Hamburg,2026-06-20T08:49:04,2026-06-20T08:49:04,0.0,18998.2,Automotive
2026-08-14T05:14:30,d8403921-b4b4-4900-9827-4adc040d2232,CMA-CGM,Tanger Med,Barcelona,2026-08-30T05:14:30,2026-08-30T05:14:30,0.0,18414.8,Electronics
2026-02-12T05:31:15,9c84b2d9-3619-4e96-bf2e-94483f05cf52,Marsa Maroc,Shenzhen,Hamburg,2026-03-04T05:31:15,2026-03-04T05:31:15,0.0,20821.7,Automotive
2026-08-31T01:08:07,0026a7f1-e093-4ebe-8bb8-176fbd33ef99,Maersk,Shenzhen,Hamburg,2026-09-08T01:08:07,2026-09-08T01:08:07,0.0,19650.9,Chemicals
2026-08-14T06:35:14,ce53581c-5a0f-4f68-b6b9-c3ffd8286d30,Evergreen,Ningbo,New York,2026-09-02T06:35:14,2026-09-02T06:35:14,0.0,8262.0,Electronics
2026-05-29T08:34:20,046e9963-208f-45fb-8fbe-91042107d765,Comanav,Casablanca,Marseille,2026-06-25T08:34:20,2026-06-25T08:34:20,0.0,842.1,Textiles
2026-02-13T13:07:19,bf544b9c-7276-4171-b3db-d6592a379f28,MSC,Shanghai,Rotterdam,2026-03-04T13:07:19,2026-03-04T13:07:19,0.0,11168.4,Electronics
2026-08-09T03:56:52,79b2b57f-941e-43e5-9a29-23c1c22fa1a4,MSC,Ningbo,New York,2026-08-15T03:56:52,2026-08-15T03:56:52,0.0,20207.6,Food
2026-06-14T18:14:11,53637d55-feaf-4299-8219-2d076186e6e3,Maersk,Tanger Med,Rotterdam,2026-06-22T18:14:11,2026-06-22T18:14:11,0.0,13629.9,Automotive
2026-05-18T19:05:01,4b5713a1-8bd1-4f0a-beba-69519a11e417,CMA-CGM,Tanger Med,Barcelona,2026-05-29T19:05:01,2026-05-29T19:05:01,0.0,8452.0,Electronics
2026-02-13T19:16:35,4f3113c1-78ea-4970-82ab-457681ec3761,MSC,Shanghai,Rotterdam,2026-03-03T19:16:35,2026-03-03T19:16:35,0.0,10607.5,Electronics
2026-06-24T02:36:48,c48057d4-860e-454f-afe3-f86b94f0244d,COSCO,Tanger Med,Rotterdam,2026-07-24T02:36:48,2026-07-24T02:36:48,0.0,13945.4,Electronics
2026-04-17T05:36:32,317b70ef-2d77-480a-a014-4b3c241863c2,Evergreen,Tanger Med,Rotterdam,2026-05-13T05:36:32,2026-05-13T05:36:32,0.0,13350.4,Chemicals
2026-07-23T21:39:23,0b598607-b912-4c61-9707-837225e084bb,MSC,Shanghai,Rotterdam,2026-08-07T21:39:23,2026-08-07T21:39:23,0.0,21054.3,Chemicals
2026-08-12T18:07:35,c193edb1-66e1-4ee7-b615-03017e06b5a9,Marsa Maroc,Ningbo,New York,2026-08-17T18:07:35,2026-08-17T18:07:35,0.0,10981.4,Food
2026-07-02T07:21:21,6d527c30-a0c5-4fd8-a3e9-f23405e3d1dd,MSC,Agadir,Hamburg,2026-08-01T07:21:21,2026-08-01T07:21:21,0.0,9621.0,Textiles
2026-05-09T01:12:02,f59f4868-7b16-4d6b-931c-167ab14e3509,Marsa Maroc,Casablanca,Marseille,2026-06-06T01:12:02,2026-06-06T01:12:02,0.0,10404.0,Electronics
2026-04-27T09:46:55,879bb4a7-2764-4992-ad76-76ee66e31282,MSC,Casablanca,Marseille,2026-05-03T09:46:55,2026-05-03T09:46:55,0.0,12804.0,Textiles
2026-07-25T08:29:02,248bcb13-eae5-4fe1-8bb0-1fd42bb814c2,Marsa Maroc,Shenzhen,Hamburg,2026-07-30T08:29:02,2026-07-30T08:29:02,0.0,22930.1,Automotive
2026-06-27T22:33:09,0fbd2190-7a7f-467e-b672-cdb06ba5a829,CMA-CGM,Casablanca,Marseille,2026-07-25T22:33:09,2026-07-25T22:33:09,0.0,7587.3,Automotive
2026-05-07T16:04:13,39fc249f-85e3-4f9e-b4ef-300e0663894d,COSCO,Tanger Med,Rotterdam,2026-05-25T16:04:13,2026-05-25T16:04:13,0.0,3025.9,Electronics
2026-05-14T03:09:13,8be9d442-327c-4fd5-9ca7-5bd0095ffe2c,CMA-CGM,Shanghai,Rotterdam,2026-06-11T03:09:13,2026-06-11T03:09:13,0.0,3970.9,Electronics
2026-03-19T18:17:17,34893255-7361-414c-b1cf-dbcad2617b0e,COSCO,Singapore,Felixstowe,2026-03-31T18:17:17,2026-03-31T18:17:17,0.0,18634.6,Automotive
2026-08-02T23:33:22,bcd7b0aa-05c9-48ab-bb46-7c7ca267ede6,MSC,Casablanca,Marseille,2026-08-11T23:33:22,2026-08-11T23:33:22,0.0,1271.9,Textiles
2026-05-10T00:52:40,6a07e183-2208-4d62-8d37-94ba330b1adb,Comanav,Agadir,Hamburg,2026-06-02T00:52:40,2026-06-02T00:52:40,0.0,16788.6,Electronics
2026-06-05T13:57:59,01e5cffb-585d-4045-b156-64856e91a5a7,COSCO,Shenzhen,Hamburg,2026-06-14T13:57:59,2026-06-14T13:57:59,0.0,2842.3,Food
2026-06-12T13:22:50,673c6b24-3279-4373-b749-b5ba66856b87,Comanav,Tanger Med,Rotterdam,2026-06-19T13:22:50,2026-06-19T13:22:50,0.0,5589.5,Food
2026-06-01T09:36:10,33bb4343-dde7-4b9f-b173-59dac06ca9c5,MSC,Shanghai,Rotterdam,2026-06-13T09:36:10,2026-06-13T09:36:10,0.0,5214.9,Automotive
2026-07-18T08:32:35,8cb619a5-a28b-4660-ad08-e6197192677d,MSC,Shenzhen,Hamburg,2026-08-08T08:32:35,2026-08-08T08:32:35,0.0,24335.0,Automotive
2026-04-15T00:17:34,52f27ba8-fc3a-415f-8773-16e8462faa60,MSC,Casablanca,Marseille,2026-05-13T00:17:34,2026-05-13T00:17:34,0.0,8720.6,Chemicals
2026-03-18T14:07:49,7067360d-e242-4f78-a77c-22edc4b4fa5a,CMA-CGM,Shanghai,Rotterdam,2026-03-27T14:07:49,2026-03-27T14:07:49,0.0,5048.9,Chemicals
2026-04-10T20:09:29,fe94bb65-b05e-494c-b58e-b25440e26f0c,Comanav,Shanghai,Rotterdam,2026-05-10T20:09:29,2026-05-10T20:09:29,0.0,11346.6,Electronics
2026-03-31T01:25:41,4280271e-3d57-4bb7-b48a-0eb8c98b75c6,CMA-CGM,Casablanca,Marseille,2026-04-23T01:25:41,2026-04-23T01:25:41,0.0,11020.3,Textiles
2026-06-15T11:13:25,fef964e4-4308-4fa0-a678-3148e356d9d3,Marsa Maroc,Casablanca,Marseille,2026-06-21T11:13:25,2026-06-21T11:13:25,0.0,14791.9,Textiles
2026-03-14T20:35:44,628f46fe-03ff-4d28-b392-f5f22f9ef0be,COSCO,Agadir,Hamburg,2026-04-12T20:35:44,2026-04-12T20:35:44,0.0,16915.5,Automotive
2026-08-01T20:06:16,fcd366c4-669e-4728-9b30-186c7d1bb6cf,Marsa Maroc,Shanghai,Rotterdam,2026-08-24T20:06:16,2026-08-24T20:06:16,0.0,15814.6,Automotive
2026-08-11T20:05:47,a0037acc-685c-44ef-8caa-6b2cb9c55233,Comanav,Busan,Los Angeles,2026-08-23T20:05:47,2026-08-23T20:05:47,0.0,20953.6,Electronics
2026-06-04T16:28:26,0c4061eb-094f-4fb7-b4a8-a90a2c8d6573,Marsa Maroc,Shenzhen,Hamburg,2026-06-14T16:28:26,2026-06-19T14:28:26,118.0,10405.0,Textiles
2026-08-19T01:44:06,c733e2a4-543a-40ee-acda-ca087713e662,CMA-CGM,Tanger Med,Barcelona,2026-09-08T01:44:06,2026-09-08T01:44:06,0.0,10057.1,Automotive
2026-04-30T22:19:28,4e55b3f7-446d-4146-9a88-7f3ca3b43a30,Comanav,Shenzhen,Hamburg,2026-05-12T22:19:28,2026-05-15T17:31:28,67.2,15679.9,Chemicals
2026-06-25T12:36:58,c3c66122-849e-49b8-85b5-57c723527ff5,CMA-CGM,Singapore,Felixstowe,2026-07-03T12:36:58,2026-07-03T12:36:58,0.0,19677.5,Textiles
2026-02-19T12:46:41,82907d63-554c-4186-b899-8d645570fd67,MSC,Agadir,Hamburg,2026-03-08T12:46:41,2026-03-12T04:10:41,87.4,4401.7,Chemicals
2026-04-12T02:08:03,c7cb33c4-f326-4ca9-9a5c-c09d333eb3c9,Comanav,Shanghai,Rotterdam,2026-04-29T02:08:03,2026-04-29T02:08:03,0.0,8285.6,Automotive
2026-02-26T06:36:15,9bfd50b8-535e-4a2c-ae63-2642f002bf3b,MSC,Shenzhen,Hamburg,2026-03-20T06:36:15,2026-03-20T06:36:15,0.0,17390.3,Chemicals
2026-02-12T14:16:29,5a00e6b8-31a4-46eb-bc6a-102f6ab5efb8,Comanav,Casablanca,Marseille,2026-03-09T14:16:29,2026-03-12T16:34:29,74.3,22261.5,Automotive
2026-05-01T05:03:50,d763c246-8248-40bd-b8f7-ed563b8ba029,CMA-CGM,Casablanca,Marseille,2026-05-12T05:03:50,2026-05-15T21:27:50,88.4,24752.2,Chemicals
2026-04-01T17:15:28,c13e872e-101d-4935-90e8-c6ebee408886,CMA-CGM,Casablanca,Marseille,2026-04-09T17:15:28,2026-04-09T17:15:28,0.0,2504.0,Chemicals
2026-05-21T13:29:53,abf76f89-cd54-4ecd-8843-a5b1d64e487d,MSC,Singapore,Felixstowe,2026-06-18T13:29:53,2026-06-18T13:29:53,0.0,23314.9,Textiles
2026-05-18T13:04:49,2df5ef95-aaf8-4625-9aed-85e4a90c84d5,MSC,Shanghai,Rotterdam,2026-06-13T13:04:49,2026-06-13T13:04:49,0.0,13939.0,Food
2026-03-23T13:26:59,74c96779-5342-4dbe-80a2-cacc0c5062e6,MSC,Singapore,Felixstowe,2026-04-18T13:26:59,2026-04-18T13:26:59,0.0,10617.5,Electronics
2026-07-27T06:20:21,7d181021-4774-42f6-afb7-8df1840fee55,Marsa Maroc,Singapore,Felixstowe,2026-08-18T06:20:21,2026-08-18T06:20:21,0.0,14354.9,Food
2026-02-08T04:28:03,28037bdd-dd23-494c-b2d5-924602c84b5e,Evergreen,Agadir,Hamburg,2026-03-04T04:28:03,2026-03-04T04:28:03,0.0,19093.5,Electronics
2026-05-14T09:57:04,96e48fc3-8be4-4d38-b555-bf7b0de54a43,Maersk,Singapore,Felixstowe,2026-05-30T09:57:04,2026-05-30T09:57:04,0.0,17008.4,Food
2026-03-19T00:41:48,f618195e-4760-41d9-81af-c648902956d6,Maersk,Tanger Med,Barcelona,2026-04-05T00:41:48,2026-04-07T20:17:48,67.6,5320.0,Chemicals
2026-04-16T12:28:25,316a4185-78ba-48ea-ab14-c71ced07a546,Maersk,Tanger Med,Barcelona,2026-04-28T12:28:25,2026-04-28T12:28:25,0.0,20256.9,Chemicals
2026-02-28T17:14:43,3dca2232-ca3a-44bf-aa56-ec3bb81efd06,COSCO,Casablanca,Marseille,2026-03-06T17:14:43,2026-03-06T17:14:43,0.0,4568.1,Electronics
2026-08-17T16:29:41,077cefb2-41bf-427e-bc89-bcf4d570a1ad,CMA-CGM,Tanger Med,Barcelona,2026-09-08T16:29:41,2026-09-08T16:29:41,0.0,20455.7,Food
2026-05-15T08:20:22,d993a400-ff0b-42ae-a952-a86f504bd5e0,Evergreen,Tanger Med,Rotterdam,2026-05-24T08:20:22,2026-05-24T08:20:22,0.0,7239.9,Automotive
2026-07-03T18:51:31,689b0474-2c76-45c4-8028-bd2907597ae1,MSC,Tanger Med,Barcelona,2026-07-11T18:51:31,2026-07-14T01:51:31,55.0,5313.3,Textiles
2026-08-01T04:56:56,d7455be5-9d0b-48e1-a73b-1373fe127085,COSCO,Busan,Los Angeles,2026-08-11T04:56:56,2026-08-11T04:56:56,0.0,7310.3,Automotive
2026-06-03T00:06:18,55958198-e83b-4140-89a3-d423c751e64e,COSCO,Casablanca,Marseille,2026-06-30T00:06:18,2026-06-30T00:06:18,0.0,18891.0,Automotive
2026-09-02T13:23:06,0e1ead17-4109-4329-a84d-388e9f514ae0,Evergreen,Agadir,Hamburg,2026-09-10T13:23:06,2026-09-10T13:23:06,0.0,18827.3,Food
2026-07-12T05:40:18,70b280fc-76e6-4789-ba60-894fe8c41661,Maersk,Shanghai,Rotterdam,2026-07-23T05:40:18,2026-07-23T05:40:18,0.0,14530.1,Food
2026-08-20T01:51:08,b504173a-2919-4124-9a37-315c237928a5,Marsa Maroc,Tanger Med,Barcelona,2026-08-28T01:51:08,2026-08-28T01:51:08,0.0,10633.5,Chemicals
2026-02-22T07:48:41,2cfb08e2-f755-4a6d-b02c-f93baab16207,Evergreen,Shanghai,Rotterdam,2026-03-13T07:48:41,2026-03-13T07:48:41,0.0,10545.0,Electronics
2026-06-15T06:08:25,b95e1251-1200-4b5b-bad3-6087ee2d9dfb,Marsa Maroc,Singapore,Felixstowe,2026-07-07T06:08:25,2026-07-07T06:08:25,0.0,8551.6,Food
2026-03-24T03:44:00,76bb524b-d26c-409e-b1ab-bea66b278865,Maersk,Tanger Med,Barcelona,2026-04-01T03:44:00,2026-04-02T03:20:00,23.6,9072.7,Food
2026-04-09T17:38:14,c13bc117-4c03-49c4-84f2-888fd196ff75,Maersk,Tanger Med,Rotterdam,2026-04-26T17:38:14,2026-04-26T17:38:14,0.0,6549.0,Food
2026-02-27T18:18:54,a9348271-40a8-48d1-a095-103f961e4923,Marsa Maroc,Shanghai,Rotterdam,2026-03-22T18:18:54,2026-03-22T18:18:54,0.0,18981.6,Automotive
2026-05-30T11:59:36,4437146c-e5f2-43df-b722-23234dad7873,MSC,Agadir,Hamburg,2026-06-12T11:59:36,2026-06-13T23:17:36,35.3,22982.2,Chemicals
2026-07-01T09:38:09,3be6f885-d8f3-4746-afa4-5e4a0c32d9c1,Marsa Maroc,Busan,Los Angeles,2026-07-31T09:38:09,2026-07-31T09:38:09,0.0,17298.5,Food
2026-03-22T17:21:12,529c2594-bf1d-472a-a146-2442a8c1fa56,CMA-CGM,Tanger Med,Barcelona,2026-03-28T17:21:12,2026-03-28T17:21:12,0.0,13864.6,Textiles
2026-08-24T14:05:08,02f352e6-52c6-4104-8812-5b0c78c0e46e,Marsa Maroc,Tanger Med,Barcelona,2026-08-30T14:05:08,2026-09-03T23:29:08,105.4,12593.8,Automotive
2026-04-27T12:40:10,df3c5529-38a2-405c-b95d-fd135161f00e,Maersk,Tanger Med,Rotterdam,2026-05-10T12:40:10,2026-05-11T10:28:10,21.8,10311.2,Textiles
2026-05-09T15:21:43,ef890e90-d1f4-4b61-849d-b08082812a03,Comanav,Tanger Med,Barcelona,2026-05-14T15:21:43,2026-05-14T15:21:43,0.0,8133.0,Automotive
2026-05-16T02:54:34,671ba1c0-44df-4879-8a36-9d7db9bd0c5e,MSC,Tanger Med,Rotterdam,2026-06-06T02:54:34,2026-06-06T02:54:34,0.0,22101.7,Chemicals
2026-07-05T04:33:33,67107a47-9789-4696-8776-dedad43d9f8d,COSCO,Tanger Med,Barcelona,2026-07-27T04:33:33,2026-07-31T01:21:33,92.8,2272.7,Food
2026-02-19T21:35:05,5e97fa77-0bcc-4c4b-b450-60c8c821f224,MSC,Tanger Med,Rotterdam,2026-03-05T21:35:05,2026-03-05T21:35:05,0.0,23891.9,Automotive
2026-03-20T08:45:50,3e5d9413-319a-4e57-8eba-5e7bdc6e7c69,Evergreen,Shanghai,Rotterdam,2026-04-17T08:45:50,2026-04-19T05:27:50,44.7,6897.8,Automotive
2026-05-21T16:29:50,d9bd7762-def3-4be5-a2e4-9dd6df87e80e,MSC,Tanger Med,Rotterdam,2026-06-05T16:29:50,2026-06-05T16:29:50,0.0,10923.9,Chemicals
2026-07-05T10:34:34,ec19b5be-7a16-4212-ba3f-9ca1d22e62a3,COSCO,Tanger Med,Barcelona,2026-07-28T10:34:34,2026-07-28T10:34:34,0.0,23059.1,Chemicals
2026-08-05T00:41:42,55e9e4f5-4d14-4d5a-897f-b1215be8e118,Maersk,Tanger Med,Rotterdam,2026-08-20T00:41:42,2026-08-20T00:41:42,0.0,2922.6,Electronics
2026-05-24T23:43:06,6731360a-96de-452b-b458-3c0e1b5c2ffa,Maersk,Busan,Los Angeles,2026-06-04T23:43:06,2026-06-04T23:43:06,0.0,19675.9,Electronics
2026-03-09T00:20:18,e4e5187b-19f6-4faa-a56e-e30e85a98a7a,Comanav,Shanghai,Rotterdam,2026-03-14T00:20:18,2026-03-15T21:08:18,44.8,11866.3,Electronics
2026-04-25T08:29:27,e5762138-d124-42ec-a300-9855747bc6a4,Evergreen,Casablanca,Marseille,2026-05-17T08:29:27,2026-05-18T05:59:27,21.5,2754.4,Automotive
2026-08-01T23:17:24,758b5fb5-b8cc-434c-a37c-83c0eb907469,COSCO,Ningbo,New York,2026-08-26T23:17:24,2026-08-26T23:17:24,0.0,3849.6,Chemicals
2026-03-13T11:46:24,73b048a4-1941-412d-9640-fd118563847a,Comanav,Tanger Med,Barcelona,2026-04-06T11:46:24,2026-04-06T11:46:24,0.0,11185.4,Food
2026-05-03T22:52:05,515a02d6-74c6-428c-a163-8537506bbe8f,COSCO,Shenzhen,Hamburg,2026-05-20T22:52:05,2026-05-20T22:52:05,0.0,11003.2,Food
2026-08-09T15:03:12,a486514e-5fdd-4141-a88e-06608547992b,MSC,Tanger Med,Barcelona,2026-08-31T15:03:12,2026-08-31T15:03:12,0.0,2452.4,Chemicals
2026-07-22T02:53:19,1b0d4a6c-58f7-40e3-a014-69dc336f5b0b,Evergreen,Shanghai,Rotterdam,2026-07-30T02:53:19,2026-07-30T02:53:19,0.0,9784.3,Food
2026-06-18T05:04:12,942fc632-6ec6-4fb8-a741-a82975ae4e6c,MSC,Shanghai,Rotterdam,2026-06-30T05:04:12,2026-06-30T05:04:12,0.0,3414.8,Textiles
2026-06-07T11:10:01,4876ee9e-767e-48d7-bd27-791910a50651,Maersk,Tanger Med,Rotterdam,2026-07-04T11:10:01,2026-07-04T11:10:01,0.0,23042.0,Automotive
2026-04-13T14:21:56,ab10dab4-e0c0-4bab-bdc6-3aa43cc8fcbd,Maersk,Shenzhen,Hamburg,2026-05-01T14:21:56,2026-05-01T14:21:56,0.0,11116.9,Automotive
2026-02-27T09:12:04,8ba52976-621e-4e0e-9836-0d6886ef6e46,Maersk,Singapore,Felixstowe,2026-03-17T09:12:04,2026-03-17T09:12:04,0.0,20446.6,Textiles
2026-04-07T10:26:29,f8234866-f683-4d7b-8ae0-909ab592f947,CMA-CGM,Casablanca,Marseille,2026-04-17T10:26:29,2026-04-17T10:26:29,0.0,12672.8,Textiles
2026-05-29T09:02:45,cafbd5c3-9e95-4097-bfcd-3d12d73e350e,Maersk,Tanger Med,Barcelona,2026-06-07T09:02:45,2026-06-07T09:02:45,0.0,7433.4,Electronics
2026-08-12T21:23:05,d612bd1c-b6cf-463f-bc81-429491e03d52,Evergreen,Busan,Los Angeles,2026-09-03T21:23:05,2026-09-03T21:23:05,0.0,15532.8,Food
2026-06-07T01:08:23,cb59670c-6f98-4ce5-8e72-8e6163364f05,CMA-CGM,Ningbo,New York,2026-06-25T01:08:23,2026-06-25T01:08:23,0.0,7417.0,Food
2026-05-12T04:14:18,ab5d5117-3fd2-4813-a60f-0699cd16ee63,Maersk,Agadir,Hamburg,2026-05-17T04:14:18,2026-05-17T04:14:18,0.0,14975.8,Textiles
2026-07-02T23:25:11,c72c7d8f-6f98-4214-950a-b5d2a1b9d48d,COSCO,Singapore,Felixstowe,2026-07-18T23:25:11,2026-07-23T14:25:11,111.0,5601.1,Textiles
2026-03-12T05:29:26,99f8611b-a7cb-4b44-b1fa-0614c0a4cfbf,CMA-CGM,Ningbo,New York,2026-03-21T05:29:26,2026-03-22T13:23:26,31.9,16134.7,Electronics
2026-05-07T13:56:00,5a1ebe3f-2128-4c7c-bc51-e9400473d579,MSC,Busan,Los Angeles,2026-05-24T13:56:00,2026-05-24T13:56:00,0.0,19130.3,Textiles
2026-04-08T20:34:10,2703d26c-eccd-4d33-a7ef-095e687be7e5,CMA-CGM,Singapore,Felixstowe,2026-04-13T20:34:10,2026-04-13T20:34:10,0.0,21912.1,Chemicals
2026-05-25T15:21:39,35d67c33-a3a6-4fef-b099-3cfb6a596673,Marsa Maroc,Tanger Med,Rotterdam,2026-05-31T15:21:39,2026-05-31T15:21:39,0.0,21546.0,Textiles
2026-08-04T14:40:47,d046aa91-d312-4af0-8985-f099f462c5d3,Comanav,Tanger Med,Barcelona,2026-08-16T14:40:47,2026-08-16T14:40:47,0.0,20551.1,Food
2026-06-25T00:41:05,8930891b-71d4-4295-aebc-2174bda3c344,Comanav,Singapore,Felixstowe,2026-07-05T00:41:05,2026-07-05T00:41:05,0.0,19792.6,Food
2026-02-04T20:26:28,f874c435-8815-46a7-a3dc-a25560ceec9d,Comanav,Busan,Los Angeles,2026-03-06T20:26:28,2026-03-06T20:26:28,0.0,626.1,Chemicals
2026-04-10T23:54:41,4ae67b61-d88c-49c0-b586-2800609d660b,Evergreen,Singapore,Felixstowe,2026-05-04T23:54:41,2026-05-04T23:54:41,0.0,7162.6,Electronics
2026-05-25T05:26:20,722c3e5f-df6e-4aff-afd0-2da25e485564,MSC,Busan,Los Angeles,2026-06-16T05:26:20,2026-06-16T05:26:20,0.0,12057.0,Automotive
2026-03-19T11:12:54,039f155d-e7f7-43d9-80f2-82872f942c27,Evergreen,Agadir,Hamburg,2026-04-16T11:12:54,2026-04-16T11:12:54,0.0,9103.8,Automotive
2026-07-23T17:12:02,ad428fc3-792a-40ce-a51f-2cfd75fe98e6,MSC,Casablanca,Marseille,2026-08-01T17:12:02,2026-08-01T17:12:02,0.0,4934.0,Food
2026-05-29T09:45:24,bd83a7db-8512-4a0a-95ad-6e2e99bd5bda,CMA-CGM,Casablanca,Marseille,2026-06-03T09:45:24,2026-06-03T09:45:24,0.0,12040.5,Automotive
2026-02-16T11:13:56,13efe976-cbec-4988-8d1a-7ad79512695c,MSC,Ningbo,New York,2026-03-04T11:13:56,2026-03-07T15:01:56,75.8,7780.4,Electronics
2026-03-11T07:24:23,64bfd3f3-3b34-437f-9003-b7313fac2ac9,Maersk,Shanghai,Rotterdam,2026-03-17T07:24:23,2026-03-17T07:24:23,0.0,14079.0,Chemicals
2026-08-16T13:50:37,ea3246fe-5145-45b3-a53b-4c2c25ef3daf,MSC,Tanger Med,Barcelona,2026-09-01T13:50:37,2026-09-02T12:50:37,23.0,3328.8,Automotive
2026-04-25T04:37:46,9d7b30d3-34f7-4f8e-a474-efda078266f8,Marsa Maroc,Shenzhen,Hamburg,2026-04-30T04:37:46,2026-04-30T04:37:46,0.0,23669.5,Textiles
2026-06-24T05:41:11,8ad511c8-6fab-4eac-a08c-5ec04324f712,CMA-CGM,Agadir,Hamburg,2026-07-23T05:41:11,2026-07-27T21:53:11,112.2,4535.9,Food
2026-03-30T18:00:47,e72b8eda-209e-48fa-96b8-78d3739d9a3d,Comanav,Casablanca,Marseille,2026-04-04T18:00:47,2026-04-07T05:12:47,59.2,3382.7,Textiles
2026-05-30T14:15:34,d8c2939c-93b8-4941-bb23-bdbd09639129,Evergreen,Busan,Los Angeles,2026-06-05T14:15:34,2026-06-05T14:15:34,0.0,11876.9,Automotive
2026-04-09T05:51:22,bdcfc5ae-3fc0-41e9-8f60-3e2def33cd66,MSC,Tanger Med,Rotterdam,2026-05-01T05:51:22,2026-05-01T05:51:22,0.0,2283.3,Textiles
2026-08-28T03:35:05,e2ca17ea-34a7-45ad-9c53-1dd6b8b663fc,Evergreen,Tanger Med,Barcelona,2026-09-11T03:35:05,2026-09-14T20:29:05,88.9,8571.0,Textiles
2026-03-21T11:55:27,c28587ba-7879-4700-9303-2bbaf26f25fd,Evergreen,Tanger Med,Barcelona,2026-04-05T11:55:27,2026-04-06T13:31:27,25.6,19171.8,Electronics
2026-06-20T10:19:21,a8c8443a-acca-4b56-ae78-7214a0959c21,CMA-CGM,Shanghai,Rotterdam,2026-07-10T10:19:21,2026-07-10T10:19:21,0.0,20096.8,Textiles
2026-03-18T07:43:42,ca4aa833-71b3-439c-8c34-b6fc9c754977,Evergreen,Casablanca,Marseille,2026-03-24T07:43:42,2026-03-24T07:43:42,0.0,16218.2,Food
2026-03-07T05:08:40,bf9028c0-bb05-486e-b450-0d4c50311291,Maersk,Agadir,Hamburg,2026-03-24T05:08:40,2026-03-24T05:08:40,0.0,8936.6,Food
2026-07-05T01:39:53,2ee0c5a3-673a-4ab5-9e1d-153d7ef2c98a,Marsa Maroc,Tanger Med,Rotterdam,2026-07-17T01:39:53,2026-07-17T01:39:53,0.0,14837.0,Electronics
2026-04-17T18:37:25,ccebe934-d01f-4e5b-9585-0ac6964a408b,Maersk,Casablanca,Marseille,2026-04-29T18:37:25,2026-04-29T18:37:25,0.0,15703.8,Chemicals
2026-03-14T16:57:46,d0261ffb-47ee-4f22-8f77-eb65d4c574c6,MSC,Shanghai,Rotterdam,2026-04-11T16:57:46,2026-04-11T16:57:46,0.0,14604.9,Textiles
2026-04-03T20:47:48,2e0fafbe-0fed-4094-840a-14fce14078f3,Evergreen,Shenzhen,Hamburg,2026-04-18T20:47:48,2026-04-23T11:35:48,110.8,19714.1,Food
2026-08-08T11:01:30,fe839890-54e7-4d92-be06-1d88087526aa,Marsa Maroc,Shanghai,Rotterdam,2026-09-06T11:01:30,2026-09-06T11:01:30,0.0,19109.2,Automotive
2026-05-12T08:41:05,6eea6dfc-9354-4f98-b3df-b98661232b0a,Comanav,Tanger Med,Rotterdam,2026-05-30T08:41:05,2026-05-30T08:41:05,0.0,11033.2,Electronics
2026-06-23T00:13:35,e80a3da1-80b5-4e75-9e4d-f0141b29f1da,CMA-CGM,Shanghai,Rotterdam,2026-07-02T00:13:35,2026-07-02T00:13:35,0.0,20124.6,Chemicals
2026-07-06T21:14:09,e7486cfe-5f6b-4223-9895-0feb98158d52,COSCO,Tanger Med,Rotterdam,2026-07-13T21:14:09,2026-07-13T21:14:09,0.0,10018.4,Chemicals
2026-08-06T09:09:23,62d3111b-eb5c-4f61-9b57-5f32fc879480,MSC,Busan,Los Angeles,2026-08-18T09:09:23,2026-08-18T09:09:23,0.0,7197.5,Chemicals
2026-04-27T22:34:01,c350c23b-b2c1-4fa5-8941-76700c594c33,Maersk,Tanger Med,Rotterdam,2026-05-14T22:34:01,2026-05-14T22:34:01,0.0,11381.9,Electronics
2026-02-11T07:01:22,389f33b1-8a53-4b87-b142-8e7e93056827,COSCO,Agadir,Hamburg,2026-03-09T07:01:22,2026-03-09T07:01:22,0.0,7821.6,Food
2026-07-09T17:03:42,76b546c7-1b30-4e46-92eb-100c2e807f7e,MSC,Tanger Med,Rotterdam,2026-07-25T17:03:42,2026-07-25T17:03:42,0.0,1002.1,Textiles
2026-06-20T02:21:46,2f94b6a3-85ae-4569-a59d-92fd3e3f13cf,COSCO,Agadir,Hamburg,2026-07-18T02:21:46,2026-07-18T02:21:46,0.0,15537.6,Food
2026-04-09T07:47:41,f7de8968-ffbc-46f0-9308-1dbd9ffe9faf,CMA-CGM,Singapore,Felixstowe,2026-04-22T07:47:41,2026-04-22T07:47:41,0.0,19459.9,Chemicals
2026-05-07T08:39:29,504ea98f-1113-435d-aeb9-f904d844a4e0,CMA-CGM,Casablanca,Marseille,2026-06-06T08:39:29,2026-06-06T21:39:29,13.0,7408.6,Automotive
2026-03-07T08:03:35,be11cb48-6500-4f5b-9668-e9088a0be35d,Marsa Maroc,Agadir,Hamburg,2026-03-16T08:03:35,2026-03-17T14:51:35,30.8,7886.3,Electronics
2026-08-29T11:20:37,ccad7819-e742-4f46-a95b-81d45e0a5f8a,CMA-CGM,Tanger Med,Rotterdam,2026-09-05T11:20:37,2026-09-05T11:20:37,0.0,3587.5,Electronics
2026-08-05T21:47:44,0d365cce-07f8-4689-a199-b65ca84d72fb,CMA-CGM,Shenzhen,Hamburg,2026-08-17T21:47:44,2026-08-20T04:47:44,55.0,3146.3,Food
2026-06-04T10:56:20,bd0901f4-06fb-4609-af04-22468b8c09ea,CMA-CGM,Shenzhen,Hamburg,2026-06-23T10:56:20,2026-06-23T10:56:20,0.0,23938.9,Electronics
2026-08-18T07:59:18,bd6d98fd-a563-4199-9480-0e248563f4f8,MSC,Singapore,Felixstowe,2026-09-07T07:59:18,2026-09-07T07:59:18,0.0,9781.2,Automotive
2026-04-27T16:50:20,44a18a78-4475-4be6-a586-95ce0422b024,MSC,Shanghai,Rotterdam,2026-05-13T16:50:20,2026-05-13T16:50:20,0.0,6359.5,Automotive
2026-05-03T11:29:13,f7bd6aad-c10d-46d2-86e5-c2938d966fec,Marsa Maroc,Agadir,Hamburg,2026-05-12T11:29:13,2026-05-12T11:29:13,0.0,8779.5,Food
2026-07-04T00:28:10,0a47d9d2-c69d-40ca-a581-ab5911452188,CMA-CGM,Shanghai,Rotterdam,2026-07-14T00:28:10,2026-07-18T08:04:10,103.6,8392.9,Food
2026-06-17T16:55:27,d2d7d996-62d2-46e7-b714-ca309be1c0bc,Evergreen,Casablanca,Marseille,2026-07-04T16:55:27,2026-07-04T16:55:27,0.0,7348.6,Automotive
2026-08-19T21:45:18,d81cb42c-5d55-4020-8291-6f3eb5019b74,COSCO,Singapore,Felixstowe,2026-08-29T21:45:18,2026-09-02T12:15:18,86.5,15202.3,Chemicals
2026-05-26T22:12:35,84ed8a75-cfeb-4cc3-a7aa-b6d964ab0945,Maersk,Casablanca,Marseille,2026-06-15T22:12:35,2026-06-15T22:12:35,0.0,4345.9,Automotive
2026-04-18T06:30:32,982d38c4-83fa-4480-b09c-84f388edeb2d,Maersk,Casablanca,Marseille,2026-05-02T06:30:32,2026-05-02T06:30:32,0.0,11868.3,Automotive
2026-03-01T17:58:34,678c2204-967c-4fa5-bceb-f48f3c9f2d09,CMA-CGM,Tanger Med,Barcelona,2026-03-27T17:58:34,2026-03-27T17:58:34,0.0,4814.3,Chemicals
2026-04-19T04:56:31,30e2d050-b45d-4133-a223-1bbd94bde0c2,Evergreen,Singapore,Felixstowe,2026-04-30T04:56:31,2026-04-30T04:56:31,0.0,24767.7,Electronics
2026-08-13T12:33:51,3830ebef-3949-4899-91c2-310827ae7886,MSC,Singapore,Felixstowe,2026-08-22T12:33:51,2026-08-22T12:33:51,0.0,18912.3,Automotive
2026-06-11T19:52:08,0960b760-8246-4e74-81e9-fa9c22876a9e,Comanav,Tanger Med,Barcelona,2026-06-23T19:52:08,2026-06-23T19:52:08,0.0,12752.7,Textiles
2026-05-26T06:35:35,c58803c1-6667-4547-8cb3-de5e43c3ea2e,Comanav,Ningbo,New York,2026-06-11T06:35:35,2026-06-11T06:35:35,0.0,4205.0,Chemicals
2026-06-28T13:44:18,64d93e0e-8e2f-46c8-874c-d38d2d45df91,Marsa Maroc,Tanger Med,Barcelona,2026-07-21T13:44:18,2026-07-21T13:44:18,0.0,14623.1,Automotive
2026-07-31T08:19:22,6601a386-8f87-41d2-a0c5-9c8d8d2afc97,CMA-CGM,Agadir,Hamburg,2026-08-24T08:19:22,2026-08-24T08:19:22,0.0,15302.8,Electronics
2026-02-23T06:42:33,db5d634a-0a9e-4896-b509-181781ef9c91,Maersk,Tanger Med,Rotterdam,2026-03-01T06:42:33,2026-03-01T06:42:33,0.0,5003.3,Food
2026-09-05T11:52:04,c33e01f4-3503-4b89-9a29-d413d7f6ad8e,COSCO,Shenzhen,Hamburg,2026-09-13T11:52:04,2026-09-13T11:52:04,0.0,5013.0,Textiles
2026-06-29T04:56:31,798b31bf-60dd-4f9f-9b36-8599634e26de,Marsa Maroc,Singapore,Felixstowe,2026-07-26T04:56:31,2026-07-26T04:56:31,0.0,17650.3,Electronics
2026-04-26T01:18:17,9db2d5f4-794e-4735-9155-94816f7fccc7,Marsa Maroc,Ningbo,New York,2026-05-12T01:18:17,2026-05-12T01:18:17,0.0,15192.7,Electronics
2026-02-12T06:28:54,4a2eb44a-3308-4dbf-b89a-6b33d4a4b98a,Evergreen,Busan,Los Angeles,2026-03-08T06:28:54,2026-03-09T09:52:54,27.4,511.5,Textiles
2026-06-22T09:25:36,f0ad0c3f-2a29-40c3-af0d-aa8ffc5e1f7f,MSC,Agadir,Hamburg,2026-07-20T09:25:36,2026-07-20T09:25:36,0.0,24078.1,Chemicals
2026-05-10T17:39:07,1a162e71-a4e4-4d66-8898-ca022ffffc2a,Comanav,Busan,Los Angeles,2026-06-01T17:39:07,2026-06-01T17:39:07,0.0,7479.2,Chemicals
2026-06-05T13:05:08,1b0af00d-22b2-42fb-b8e6-0477b4c6b823,COSCO,Shanghai,Rotterdam,2026-07-03T13:05:08,2026-07-03T13:05:08,0.0,6504.0,Electronics
2026-03-11T14:23:16,b9967165-7a75-4d52-b120-930c41fba034,Evergreen,Tanger Med,Barcelona,2026-03-25T14:23:16,2026-03-27T16:29:16,50.1,17103.1,Electronics
2026-07-10T11:40:35,882bd628-7b08-4867-9644-d64123670fed,Marsa Maroc,Tanger Med,Barcelona,2026-07-29T11:40:35,2026-07-31T21:52:35,58.2,10807.6,Chemicals
2026-04-27T17:42:41,6e4c6cd3-5d8b-49f5-8f88-9448cdfec8f2,Maersk,Shenzhen,Hamburg,2026-05-13T17:42:41,2026-05-13T17:42:41,0.0,12037.8,Chemicals
2026-09-05T05:29:39,817990c1-ca33-466b-8edf-c7b2be353e14,MSC,Tanger Med,Barcelona,2026-09-10T05:29:39,2026-09-10T05:29:39,0.0,4423.0,Electronics
2026-04-07T20:36:35,9d575d69-6339-42df-8346-512f370944eb,COSCO,Shenzhen,Hamburg,2026-04-29T20:36:35,2026-04-29T20:36:35,0.0,16723.4,Food
2026-06-09T22:57:15,9c15dd31-073e-4d3b-b498-35f7b9f36d4e,MSC,Tanger Med,Rotterdam,2026-06-18T22:57:15,2026-06-18T22:57:15,0.0,17041.7,Chemicals
2026-06-12T06:51:01,f5befbac-fd7a-4de4-8c31-4355870000b5,Marsa Maroc,Busan,Los Angeles,2026-07-04T06:51:01,2026-07-04T06:51:01,0.0,11324.1,Chemicals
2026-07-20T03:39:18,2326e642-6265-474b-812e-ec4f4a3d46c8,Marsa Maroc,Busan,Los Angeles,2026-08-07T03:39:18,2026-08-07T03:39:18,0.0,6528.8,Automotive
2026-06-14T01:28:54,1e77e131-fd5b-400a-8fb2-74de3fdba038,Marsa Maroc,Agadir,Hamburg,2026-07-04T01:28:54,2026-07-04T01:28:54,0.0,9215.5,Automotive
2026-04-03T21:36:01,11db3176-210f-45b1-a443-ea276fb3a12b,Comanav,Tanger Med,Barcelona,2026-04-12T21:36:01,2026-04-12T21:36:01,0.0,16076.1,Textiles
2026-03-20T09:10:25,c3355aab-7949-4080-9f44-e89feb13bee2,CMA-CGM,Ningbo,New York,2026-04-07T09:10:25,2026-04-07T09:10:25,0.0,12700.5,Electronics
2026-03-17T21:30:04,8c2ba3ce-7a3d-4516-89f3-a3541b4e6e32,Comanav,Shanghai,Rotterdam,2026-03-26T21:30:04,2026-03-26T21:30:04,0.0,5217.8,Electronics
2026-03-06T00:02:01,597fcf98-f1bc-4d8f-8fe9-580043f3dbca,Marsa Maroc,Tanger Med,Rotterdam,2026-03-18T00:02:01,2026-03-18T00:02:01,0.0,8748.0,Automotive
2026-03-24T09:35:01,a480743a-47a0-4480-9e10-dc2b19888473,Evergreen,Ningbo,New York,2026-04-20T09:35:01,2026-04-20T09:35:01,0.0,6460.6,Electronics
2026-04-26T09:02:03,cd36e504-2495-4acd-ba29-efd4f70c8ba2,MSC,Agadir,Hamburg,2026-05-09T09:02:03,2026-05-09T09:02:03,0.0,15186.2,Food
2026-02-17T03:29:33,60c59a2f-66b1-4d6a-82f6-76f476abdca3,COSCO,Singapore,Felixstowe,2026-03-13T03:29:33,2026-03-13T03:29:33,0.0,24287.0,Food
2026-04-28T11:30:47,48e6df26-72c2-4d6f-acf8-06c35aa2376f,Maersk,Shanghai,Rotterdam,2026-05-18T11:30:47,2026-05-18T11:30:47,0.0,5441.8,Chemicals
2026-03-19T13:49:35,48c97201-b3eb-48c4-8492-20017e77e417,CMA-CGM,Singapore,Felixstowe,2026-04-11T13:49:35,2026-04-11T13:49:35,0.0,24643.1,Automotive
2026-08-30T11:58:44,25ec6cae-511c-49b4-b18b-0b4ec924e93b,MSC,Ningbo,New York,2026-09-05T11:58:44,2026-09-05T11:58:44,0.0,19584.1,Electronics
2026-04-28T09:59:47,3316ad7c-a76a-4a6a-8d05-58a55923d4be,Comanav,Singapore,Felixstowe,2026-05-14T09:59:47,2026-05-14T09:59:47,0.0,10985.3,Textiles
2026-03-20T08:27:00,0dcddc2e-9b26-4fc0-8120-62ecd20c83c3,COSCO,Casablanca,Marseille,2026-04-08T08:27:00,2026-04-12T19:09:00,106.7,21851.9,Textiles
2026-03-04T08:33:26,c8e06a8c-8946-4bd4-8ec9-a2f27a978b21,Comanav,Tanger Med,Barcelona,2026-03-13T08:33:26,2026-03-13T08:33:26,0.0,24838.9,Textiles
2026-06-29T22:00:12,efe9b467-2f02-473b-bb57-677f8c387f91,MSC,Shenzhen,Hamburg,2026-07-29T22:00:12,2026-08-01T14:48:12,64.8,20943.4,Chemicals
2026-08-21T06:17:19,3eaf31f3-bd14-4ea8-a8cd-fc3be357b7de,Comanav,Shenzhen,Hamburg,2026-09-07T06:17:19,2026-09-07T06:17:19,0.0,24447.0,Textiles
2026-05-18T09:31:12,69746e8c-fa63-4509-86ad-cba7e1bafbbf,COSCO,Ningbo,New York,2026-06-08T09:31:12,2026-06-08T09:31:12,0.0,10933.6,Automotive
2026-02-18T01:30:40,f6cf0a88-3b98-459a-ab88-2fc1d95cb034,Comanav,Shanghai,Rotterdam,2026-03-20T01:30:40,2026-03-20T01:30:40,0.0,17849.9,Electronics
2026-07-03T06:40:01,11651dc7-922e-42fb-81c5-eb692a0b766a,CMA-CGM,Tanger Med,Rotterdam,2026-07-21T06:40:01,2026-07-21T06:40:01,0.0,8215.1,Chemicals
2026-05-07T17:17:07,faab678f-bc97-4426-86de-5d87824a7a2c,Evergreen,Casablanca,Marseille,2026-05-25T17:17:07,2026-05-25T17:17:07,0.0,13578.9,Textiles
2026-03-02T12:35:35,8e24c93a-ef28-498b-b5f4-a4a1f3cba134,MSC,Tanger Med,Barcelona,2026-03-28T12:35:35,2026-03-28T12:35:35,0.0,10831.7,Automotive
2026-02-07T01:58:16,715cbdb9-9cac-4933-a17f-554e2d8cc60c,COSCO,Busan,Los Angeles,2026-03-06T01:58:16,2026-03-06T01:58:16,0.0,15133.3,Automotive
2026-05-16T01:34:48,6796ac0b-10e0-4606-bba6-6db2a740ddbb,Marsa Maroc,Shenzhen,Hamburg,2026-05-21T01:34:48,2026-05-21T01:34:48,0.0,14815.5,Automotive
2026-08-25T20:13:52,8703253c-b2f4-4767-a075-d0c492ce0049,Marsa Maroc,Shanghai,Rotterdam,2026-09-07T20:13:52,2026-09-08T16:07:52,19.9,14600.4,Textiles
2026-03-02T01:15:05,e83be43a-b73e-4780-9b27-b8d562bf7fc1,Comanav,Singapore,Felixstowe,2026-04-01T01:15:05,2026-04-01T01:15:05,0.0,22575.3,Automotive
2026-08-18T18:37:38,5f4f96e1-af63-4007-9c47-a1711319e910,Comanav,Casablanca,Marseille,2026-08-29T18:37:38,2026-08-29T18:37:38,0.0,12589.0,Food
2026-03-08T13:46:00,4b702a3b-5fea-4a63-93b5-37d4d6e41140,CMA-CGM,Tanger Med,Rotterdam,2026-03-24T13:46:00,2026-03-28T07:52:00,90.1,11859.2,Automotive
2026-06-28T04:04:28,bac96d45-03bd-4a3c-9b14-b59ab7b8712c,Maersk,Shenzhen,Hamburg,2026-07-19T04:04:28,2026-07-19T04:04:28,0.0,16558.3,Chemicals
2026-07-28T12:57:53,4c8a6d14-6897-4d74-a485-5d30091ca8ec,MSC,Tanger Med,Rotterdam,2026-08-09T12:57:53,2026-08-09T12:57:53,0.0,13477.6,Electronics
2026-06-30T07:58:08,685dee3f-42be-4839-823e-358c10341822,COSCO,Shanghai,Rotterdam,2026-07-22T07:58:08,2026-07-22T07:58:08,0.0,23697.4,Automotive
2026-03-04T15:23:44,b1eb9b7a-5847-4f99-9d0c-be4e9d26e8ef,MSC,Agadir,Hamburg,2026-03-23T15:23:44,2026-03-23T15:23:44,0.0,22080.4,Electronics
2026-06-05T05:34:52,306b1afd-1155-43b1-bcac-047961ddd49a,CMA-CGM,Shanghai,Rotterdam,2026-06-12T05:34:52,2026-06-12T05:34:52,0.0,10170.3,Chemicals
2026-02-27T18:54:53,1b189779-80a1-4172-9f56-f76ffee73a27,Maersk,Busan,Los Angeles,2026-03-16T18:54:53,2026-03-16T18:54:53,0.0,15938.4,Automotive
2026-03-17T08:03:53,2b7325a4-8e4a-423b-98cb-21a0f7b9c52c,COSCO,Ningbo,New York,2026-03-28T08:03:53,2026-03-28T08:03:53,0.0,2150.4,Automotive
2026-06-21T00:35:44,27830587-6a6f-4be7-9f75-560463c74625,Maersk,Casablanca,Marseille,2026-06-27T00:35:44,2026-06-30T18:23:44,89.8,13190.8,Food
2026-03-14T06:24:37,723b1d9d-ad1a-4f7f-b5ac-482fe60b714b,MSC,Shanghai,Rotterdam,2026-03-31T06:24:37,2026-03-31T06:24:37,0.0,19444.3,Food
2026-04-24T20:20:03,7c577b93-4d43-4c84-87a7-b8c391286a0c,MSC,Agadir,Hamburg,2026-05-23T20:20:03,2026-05-23T20:20:03,0.0,21303.3,Food
2026-03-08T17:13:01,7fc9e100-1c62-429e-a9ac-03113405a01a,Maersk,Singapore,Felixstowe,2026-04-07T17:13:01,2026-04-07T17:13:01,0.0,23493.4,Food
2026-03-12T07:29:11,337731e8-0d22-40f8-845a-d87d8307e85b,COSCO,Singapore,Felixstowe,2026-04-09T07:29:11,2026-04-09T07:29:11,0.0,2602.0,Automotive
2026-05-14T17:14:37,cb76263c-8825-422c-b477-8df2c00bf1ab,Maersk,Singapore,Felixstowe,2026-05-29T17:14:37,2026-05-29T17:14:37,0.0,6703.3,Textiles
2026-07-19T15:32:45,95ab8655-d068-4d73-b836-ee7d0cc43a52,Evergreen,Singapore,Felixstowe,2026-07-28T15:32:45,2026-07-28T15:32:45,0.0,24641.6,Chemicals
2026-04-16T13:53:56,8a324357-619a-4508-95db-517a4aac7d1c,Evergreen,Shanghai,Rotterdam,2026-05-13T13:53:56,2026-05-14T14:11:56,24.3,5101.0,Textiles
2026-05-08T00:00:13,071a9174-3f93-4da8-b14c-da67651000c3,Comanav,Shenzhen,Hamburg,2026-05-15T00:00:13,2026-05-19T16:30:13,112.5,9667.9,Electronics
2026-05-21T14:38:22,63a2ef35-e486-45de-932c-192092e227b0,Maersk,Tanger Med,Barcelona,2026-06-05T14:38:22,2026-06-05T14:38:22,0.0,3188.2,Textiles
2026-04-12T11:26:57,e4787d1f-5b51-48ee-9f8a-cc676fc7a2aa,Marsa Maroc,Ningbo,New York,2026-05-09T11:26:57,2026-05-12T20:50:57,81.4,13751.9,Electronics
2026-07-12T05:48:03,c21e86e3-d126-4a77-8df4-4127b6d2c30d,Evergreen,Agadir,Hamburg,2026-08-09T05:48:03,2026-08-09T05:48:03,0.0,16153.6,Electronics
2026-03-16T23:27:48,f1957b15-434d-47b2-94c3-f7e14ed62b6d,CMA-CGM,Shanghai,Rotterdam,2026-04-10T23:27:48,2026-04-10T23:27:48,0.0,7405.2,Textiles
2026-07-02T00:27:37,ad0525bd-b56b-444f-b86d-d444eaa1283c,Maersk,Agadir,Hamburg,2026-07-18T00:27:37,2026-07-18T00:27:37,0.0,22393.8,Textiles
2026-08-15T03:35:08,258b6d1c-ad79-4a0b-8f7e-27af17a47603,Marsa Maroc,Tanger Med,Barcelona,2026-08-26T03:35:08,2026-08-27T12:11:08,32.6,16040.5,Electronics
2026-07-19T20:37:38,1b4cad12-4e21-43de-9761-2a14ea189084,Evergreen,Shanghai,Rotterdam,2026-08-13T20:37:38,2026-08-13T20:37:38,0.0,8102.2,Textiles
2026-04-04T10:18:16,65f704cc-a576-4323-a28c-e62484f0c842,Evergreen,Shenzhen,Hamburg,2026-04-10T10:18:16,2026-04-10T10:18:16,0.0,15799.4,Electronics
2026-04-13T18:46:31,b3c3d03b-26e5-43a1-a760-388582e186e6,COSCO,Tanger Med,Barcelona,2026-05-04T18:46:31,2026-05-06T23:58:31,53.2,11460.8,Chemicals
2026-04-27T01:25:03,7eb2852c-1dc8-4fd0-9d36-7cf154388780,Evergreen,Busan,Los Angeles,2026-05-10T01:25:03,2026-05-10T01:25:03,0.0,24070.6,Food
2026-07-15T22:47:02,a9673b03-763d-4e83-bbd4-5e09e3fd916f,MSC,Tanger Med,Rotterdam,2026-08-03T22:47:02,2026-08-03T22:47:02,0.0,16597.9,Chemicals
2026-08-22T00:04:39,6787c5a3-05b9-4036-95d5-3fd3d2d7b969,Marsa Maroc,Ningbo,New York,2026-09-13T00:04:39,2026-09-13T00:04:39,0.0,5503.0,Electronics
2026-07-02T01:50:52,37ed2aae-b1be-4f3e-96d7-17eb89dd9c7b,Maersk,Singapore,Felixstowe,2026-07-10T01:50:52,2026-07-10T01:50:52,0.0,23232.2,Chemicals
2026-04-23T10:18:41,49e09162-ab53-4e07-9bbb-059d59ef204e,COSCO,Ningbo,New York,2026-05-01T10:18:41,2026-05-01T10:18:41,0.0,14496.5,Chemicals
2026-07-28T01:10:21,a14a2d75-dc79-4809-b709-b2f04d6de4cc,CMA-CGM,Busan,Los Angeles,2026-08-20T01:10:21,2026-08-20T01:10:21,0.0,13272.2,Automotive
2026-07-08T19:53:54,0b424bfc-d12b-4438-9eec-3b9ad7b47bc4,COSCO,Casablanca,Marseille,2026-07-15T19:53:54,2026-07-15T19:53:54,0.0,1521.3,Textiles
2026-06-09T09:27:26,5ac33414-99a3-4019-ba4e-825a04b9c4d7,CMA-CGM,Tanger Med,Rotterdam,2026-07-01T09:27:26,2026-07-01T09:27:26,0.0,5145.0,Textiles
2026-06-12T01:59:44,f2e25567-0d68-4ba5-894a-73b0a7ebd7b8,Maersk,Ningbo,New York,2026-07-05T01:59:44,2026-07-05T01:59:44,0.0,8515.2,Automotive
2026-07-11T08:40:37,0323085c-199e-43a7-859f-ccd8de12854a,CMA-CGM,Ningbo,New York,2026-07-23T08:40:37,2026-07-23T08:40:37,0.0,6365.7,Automotive
2026-07-25T03:19:04,e6cc103f-272e-4289-af74-288b5adc250b,MSC,Ningbo,New York,2026-08-08T03:19:04,2026-08-08T03:19:04,0.0,10304.4,Automotive
2026-07-17T05:22:18,20c05875-3e7f-414c-8096-80c0308042a7,COSCO,Tanger Med,Barcelona,2026-08-15T05:22:18,2026-08-15T05:22:18,0.0,8711.2,Electronics
2026-06-19T14:46:51,bac2c057-dfd8-4ca3-8acf-6fe2bd5e3576,Marsa Maroc,Tanger Med,Barcelona,2026-07-04T14:46:51,2026-07-04T14:46:51,0.0,7058.3,Chemicals
2026-05-13T11:41:48,28c2c9a4-7351-4007-9b01-e11d8ce91df7,Evergreen,Singapore,Felixstowe,2026-06-02T11:41:48,2026-06-02T11:41:48,0.0,5596.4,Automotive
2026-04-23T01:57:17,f41ece19-ac3d-4d87-9dbd-5bdc4473eb1d,MSC,Tanger Med,Rotterdam,2026-05-23T01:57:17,2026-05-23T01:57:17,0.0,5510.5,Chemicals
2026-06-25T15:50:28,ed3ed30a-cd17-484d-bd58-1d9c31a2984f,COSCO,Casablanca,Marseille,2026-07-24T15:50:28,2026-07-24T15:50:28,0.0,15016.9,Automotive
2026-05-31T16:16:56,7bd757c7-437d-472b-8e77-e0f6c93f1526,CMA-CGM,Shanghai,Rotterdam,2026-06-07T16:16:56,2026-06-07T16:16:56,0.0,20369.7,Electronics
2026-07-09T19:31:22,226e9008-59dc-47c2-8abc-205117b3beec,CMA-CGM,Casablanca,Marseille,2026-07-18T19:31:22,2026-07-20T23:31:22,52.0,7845.7,Electronics
2026-07-24T16:42:21,65339870-583a-4a7e-a4ab-af08c8abdadb,Maersk,Agadir,Hamburg,2026-08-23T16:42:21,2026-08-23T16:42:21,0.0,20545.5,Electronics
2026-08-01T19:00:01,673ef234-1828-4d5c-9493-e234c7f333ad,Evergreen,Ningbo,New York,2026-08-21T19:00:01,2026-08-21T19:00:01,0.0,18190.5,Electronics
2026-07-21T05:09:08,06f2e3bf-7132-4218-a00a-dcbfcbe73790,Comanav,Busan,Los Angeles,2026-08-02T05:09:08,2026-08-02T05:09:08,0.0,18018.1,Automotive
2026-02-09T01:49:24,91f6d863-b5b5-4858-833d-73f0adfe5f66,Comanav,Busan,Los Angeles,2026-03-01T01:49:24,2026-03-01T01:49:24,0.0,23036.4,Electronics
2026-02-21T11:04:53,e1ccbd46-c796-49cb-b586-500ea7f5b9fd,Comanav,Tanger Med,Barcelona,2026-03-14T11:04:53,2026-03-14T11:04:53,0.0,8316.5,Chemicals
2026-06-08T11:33:57,3dcec402-f272-4553-9f52-c91063513d06,COSCO,Ningbo,New York,2026-06-19T11:33:57,2026-06-19T11:33:57,0.0,15262.2,Electronics
2026-02-26T07:56:59,41474475-f6c8-47b4-90fd-20e72ccd31df,Maersk,Busan,Los Angeles,2026-03-07T07:56:59,2026-03-07T07:56:59,0.0,20768.4,Textiles
2026-04-08T11:05:24,e9ae9690-d804-4861-9364-232a347dd64d,MSC,Casablanca,Marseille,2026-04-22T11:05:24,2026-04-22T11:05:24,0.0,12477.1,Electronics
2026-05-31T05:22:05,9996222a-3917-4383-a095-b1b642324fb1,Marsa Maroc,Shenzhen,Hamburg,2026-06-26T05:22:05,2026-06-26T05:22:05,0.0,20630.4,Chemicals
2026-02-02T13:13:33,fdd4ec33-3337-40ea-be00-2df5136a4905,Maersk,Busan,Los Angeles,2026-03-03T13:13:33,2026-03-03T13:13:33,0.0,23234.0,Chemicals
2026-06-02T15:18:55,9eed1fa6-d73d-4dea-b475-a64b619f652a,Marsa Maroc,Tanger Med,Barcelona,2026-06-25T15:18:55,2026-06-25T15:18:55,0.0,12131.1,Chemicals
2026-05-02T04:08:02,de7f1736-0d43-4ddb-bd99-11d3da111987,Marsa Maroc,Shenzhen,Hamburg,2026-05-26T04:08:02,2026-05-26T04:08:02,0.0,19411.1,Chemicals
2026-05-09T10:17:37,55830adb-869d-4440-8ceb-036f0840037b,COSCO,Busan,Los Angeles,2026-05-23T10:17:37,2026-05-23T10:17:37,0.0,15430.3,Chemicals
2026-06-19T07:07:27,c0e211ad-9bfb-4524-aecd-886052d1e320,Comanav,Ningbo,New York,2026-07-01T07:07:27,2026-07-01T07:07:27,0.0,19585.0,Electronics
2026-02-10T10:16:17,a85313b8-55d9-43f9-92ae-3f1d484078e0,Evergreen,Tanger Med,Rotterdam,2026-03-09T10:16:17,2026-03-09T10:16:17,0.0,4456.2,Textiles
2026-05-30T04:06:24,2b3d0dd2-8aed-43a9-ac8c-6dd6ab3c4f90,Marsa Maroc,Casablanca,Marseille,2026-06-16T04:06:24,2026-06-16T04:06:24,0.0,9431.0,Chemicals
2026-04-20T02:02:46,31d32e33-1444-4be3-b84b-5f40bbab2560,Marsa Maroc,Agadir,Hamburg,2026-04-30T02:02:46,2026-04-30T02:02:46,0.0,2662.0,Electronics
2026-03-13T14:49:11,3d8464a8-8f5d-40ae-acfd-effc7343ba96,MSC,Shanghai,Rotterdam,2026-04-06T14:49:11,2026-04-06T14:49:11,0.0,11737.0,Textiles
2026-02-17T15:43:40,48312c4e-20bf-4aa6-9fb8-b706f2eafd42,COSCO,Shanghai,Rotterdam,2026-03-15T15:43:40,2026-03-15T15:43:40,0.0,1726.7,Electronics
2026-07-27T18:57:27,e6b2fab4-d5cd-4a92-bb3c-1b95f97f9c83,COSCO,Shenzhen,Hamburg,2026-08-26T18:57:27,2026-08-26T18:57:27,0.0,3300.1,Textiles
2026-06-20T02:57:06,0bdf64ff-b691-4f22-8552-5b78ca7fd810,Marsa Maroc,Tanger Med,Rotterdam,2026-07-17T02:57:06,2026-07-17T02:57:06,0.0,2196.4,Automotive
2026-04-25T15:01:25,b83cd351-2914-4011-b142-932e6bef0646,Maersk,Singapore,Felixstowe,2026-04-30T15:01:25,2026-04-30T15:01:25,0.0,3796.5,Textiles
2026-03-27T18:03:28,225cd833-e751-4204-9f84-1e425ccadae3,Evergreen,Ningbo,New York,2026-04-23T18:03:28,2026-04-23T18:03:28,0.0,6910.5,Chemicals
2026-05-23T21:52:07,e14b5d94-5c5e-4756-a932-9d1b61ef2bf1,Evergreen,Shenzhen,Hamburg,2026-06-11T21:52:07,2026-06-16T13:04:07,111.2,5481.0,Textiles
2026-06-30T13:27:37,fd7b9718-cdcf-4e80-9f6e-2f333f7f6062,Evergreen,Shanghai,Rotterdam,2026-07-21T13:27:37,2026-07-21T13:27:37,0.0,9274.8,Electronics
2026-05-23T00:50:06,426ff13a-3858-4fb5-817c-9193b94d1f49,Maersk,Casablanca,Marseille,2026-06-06T00:50:06,2026-06-06T00:50:06,0.0,12063.8,Electronics
2026-05-18T11:39:46,d2cf7a15-19fb-4cdf-8c82-c1fe6dfdebec,COSCO,Shanghai,Rotterdam,2026-05-30T11:39:46,2026-06-03T04:27:46,88.8,23141.1,Chemicals
2026-05-27T12:21:56,ec7191d8-0b55-4ca9-a089-3dcca78a8449,Marsa Maroc,Shanghai,Rotterdam,2026-06-08T12:21:56,2026-06-08T12:21:56,0.0,1062.2,Automotive
2026-05-29T15:01:17,5c233ba3-9b2f-4694-bbdd-2672c30d84dd,COSCO,Tanger Med,Barcelona,2026-06-25T15:01:17,2026-06-25T15:01:17,0.0,16606.3,Chemicals
2026-03-07T16:37:04,53b5bc26-0ab6-49fe-a3b6-0dba65f705e7,MSC,Shenzhen,Hamburg,2026-04-05T16:37:04,2026-04-05T16:37:04,0.0,8104.3,Food
2026-07-11T06:23:23,6fbcd5a7-892b-42ea-a14c-3b3e37320aca,CMA-CGM,Shenzhen,Hamburg,2026-08-03T06:23:23,2026-08-08T05:11:23,118.8,12702.5,Automotive
2026-05-18T10:39:44,47cd391e-e3c1-4aae-985c-5696e4653f44,Maersk,Shanghai,Rotterdam,2026-05-24T10:39:44,2026-05-24T10:39:44,0.0,17385.5,Automotive
2026-03-13T23:34:14,e6201a61-2fc1-48c6-a3cf-022ff6133490,Evergreen,Tanger Med,Rotterdam,2026-03-30T23:34:14,2026-03-30T23:34:14,0.0,2615.8,Chemicals
2026-06-28T02:20:57,76c89042-0602-4626-b20d-d2a1241a2114,CMA-CGM,Tanger Med,Rotterdam,2026-07-05T02:20:57,2026-07-05T02:20:57,0.0,14207.2,Textiles
2026-08-26T09:32:06,903f8723-96a7-4252-939e-bdcdbe7b95f2,MSC,Shanghai,Rotterdam,2026-09-04T09:32:06,2026-09-04T09:32:06,0.0,3306.3,Automotive
2026-04-10T03:34:04,99ccec01-9e82-4b24-940f-1fdf8536cac1,Marsa Maroc,Tanger Med,Rotterdam,2026-05-07T03:34:04,2026-05-07T03:34:04,0.0,24714.6,Textiles
2026-08-12T15:03:57,7166bab6-cedd-45ca-84e2-3d6a881c2ff5,Comanav,Singapore,Felixstowe,2026-09-06T15:03:57,2026-09-08T20:15:57,53.2,17962.8,Automotive
2026-04-01T00:51:26,641cf80d-da06-4fec-9f12-4cb5a98740f8,Maersk,Tanger Med,Rotterdam,2026-04-07T00:51:26,2026-04-07T00:51:26,0.0,1424.0,Electronics
2026-06-01T15:52:05,c7121f85-2ad4-4dca-b934-14a9f2dfc588,Comanav,Ningbo,New York,2026-06-25T15:52:05,2026-06-25T15:52:05,0.0,2116.2,Chemicals
2026-02-15T12:19:42,29cb4a07-7aa7-4cfb-80ce-4505c0337035,Maersk,Ningbo,New York,2026-03-15T12:19:42,2026-03-15T12:19:42,0.0,23542.6,Food
2026-07-06T04:16:03,31ab3496-935d-4a25-ba8a-ff14ee8af77c,MSC,Tanger Med,Rotterdam,2026-07-27T04:16:03,2026-07-27T04:16:03,0.0,23734.7,Textiles
2026-03-16T11:27:44,d446d342-7a97-4509-9a25-2496d34eb4c3,Maersk,Shanghai,Rotterdam,2026-03-31T11:27:44,2026-03-31T11:27:44,0.0,23611.5,Automotive
2026-02-22T17:14:14,c4023d5e-c337-4d58-a511-ee2ed757ad08,Evergreen,Tanger Med,Rotterdam,2026-03-22T17:14:14,2026-03-22T17:14:14,0.0,23124.8,Automotive
2026-06-20T20:44:14,bb6009f8-100a-429a-8863-3769194dbd5a,COSCO,Busan,Los Angeles,2026-07-08T20:44:14,2026-07-08T20:44:14,0.0,19372.7,Chemicals
2026-06-19T02:56:40,5724ca9c-07d0-42ed-ba52-0aacd7f47bb7,Evergreen,Casablanca,Marseille,2026-07-14T02:56:40,2026-07-14T02:56:40,0.0,19827.3,Electronics
2026-07-21T16:00:37,db4d095b-9e17-4126-a837-468289de4695,MSC,Casablanca,Marseille,2026-08-16T16:00:37,2026-08-16T16:00:37,0.0,13237.9,Textiles
2026-07-21T18:15:49,f799c791-fd92-4818-929d-f78f17e371a9,Comanav,Shanghai,Rotterdam,2026-08-09T18:15:49,2026-08-14T16:15:49,118.0,19343.0,Electronics
2026-04-04T19:31:08,2021e54d-07ab-4d97-90e5-928daa45381f,Marsa Maroc,Shenzhen,Hamburg,2026-04-16T19:31:08,2026-04-16T19:31:08,0.0,20791.1,Electronics
2026-05-02T01:09:42,c6c947e6-5feb-4d8c-85d9-5a21fb4f86f1,CMA-CGM,Tanger Med,Rotterdam,2026-05-28T01:09:42,2026-05-28T01:09:42,0.0,5696.2,Automotive
2026-02-09T10:34:34,0f264e7d-a136-493e-afaf-0b0788149d2d,Comanav,Tanger Med,Rotterdam,2026-03-05T10:34:34,2026-03-05T10:34:34,0.0,23281.8,Food
2026-07-06T13:02:12,afcb0709-e03b-4963-8aaa-c26b0905d58b,Evergreen,Busan,Los Angeles,2026-07-27T13:02:12,2026-07-27T13:02:12,0.0,3917.9,Food
2026-03-08T00:30:32,a8745d4d-5c52-46c6-8cbd-a0cf893f0301,Marsa Maroc,Tanger Med,Barcelona,2026-03-22T00:30:32,2026-03-22T00:30:32,0.0,10843.7,Automotive
2026-05-30T08:47:13,d8150126-adde-47ce-8894-7da4f6cc7a37,COSCO,Busan,Los Angeles,2026-06-27T08:47:13,2026-06-30T18:41:13,81.9,19058.0,Electronics
2026-02-24T23:50:47,d4261bff-c0d4-4ec1-87f1-97fef4368a48,Comanav,Singapore,Felixstowe,2026-03-16T23:50:47,2026-03-16T23:50:47,0.0,17406.9,Electronics
2026-06-13T00:14:45,11143d3f-f68e-408c-bf52-0f325ff3c999,COSCO,Ningbo,New York,2026-07-03T00:14:45,2026-07-03T00:14:45,0.0,22499.6,Food
2026-04-17T02:11:12,f8df135b-8fb1-4c99-801a-1384ab99496e,Comanav,Ningbo,New York,2026-04-28T02:11:12,2026-04-28T02:11:12,0.0,6286.6,Food
2026-06-09T22:17:29,95565aaf-94ad-4edc-9026-dd034959e419,Marsa Maroc,Ningbo,New York,2026-07-05T22:17:29,2026-07-05T22:17:29,0.0,2650.6,Chemicals
2026-08-26T02:43:20,f742e533-51d0-4efb-9e45-dfe4d7efd27d,COSCO,Casablanca,Marseille,2026-09-12T02:43:20,2026-09-12T02:43:20,0.0,4393.4,Chemicals
2026-05-06T17:58:43,ee6cf7ad-75b7-4aa1-b495-047712993c6b,COSCO,Singapore,Felixstowe,2026-05-25T17:58:43,2026-05-25T17:58:43,0.0,17432.7,Electronics
2026-04-04T11:54:14,0e4a08f9-8797-4e06-8fc5-a60283e6ff69,COSCO,Agadir,Hamburg,2026-04-29T11:54:14,2026-04-29T11:54:14,0.0,23765.3,Textiles
2026-02-26T14:52:43,69ebfccf-ca90-4b8d-b73e-78c88e8dae15,MSC,Casablanca,Marseille,2026-03-20T14:52:43,2026-03-23T19:52:43,77.0,22353.8,Food
2026-07-17T13:55:55,6aa889df-8699-4693-a808-8c5ff1fd9a40,COSCO,Tanger Med,Rotterdam,2026-07-31T13:55:55,2026-07-31T13:55:55,0.0,6425.0,Textiles
2026-08-12T01:26:39,78ead99a-56a9-4354-a123-cdab5ea5dc43,Maersk,Ningbo,New York,2026-08-21T01:26:39,2026-08-21T01:26:39,0.0,15750.9,Chemicals
2026-08-26T00:25:06,db2663b3-f842-408f-bf60-ffea6b607489,MSC,Busan,Los Angeles,2026-09-13T00:25:06,2026-09-13T00:25:06,0.0,15279.9,Chemicals
2026-03-30T23:38:02,bee31fa1-ffd9-45bd-8d52-77a14d58ff31,CMA-CGM,Singapore,Felixstowe,2026-04-04T23:38:02,2026-04-04T23:38:02,0.0,5105.0,Food
2026-05-04T05:59:17,b186d34a-1173-4a55-8971-b55802fa8ebd,Marsa Maroc,Shenzhen,Hamburg,2026-05-26T05:59:17,2026-05-26T05:59:17,0.0,1218.5,Electronics
2026-07-17T17:55:56,bc8d01b2-9075-416b-adeb-53bcb5510e9a,Maersk,Shanghai,Rotterdam,2026-08-15T17:55:56,2026-08-15T17:55:56,0.0,22352.6,Chemicals
2026-05-30T12:58:24,4a098087-7cfc-489c-b358-0d1b77f734e5,COSCO,Shenzhen,Hamburg,2026-06-21T12:58:24,2026-06-21T12:58:24,0.0,14505.6,Automotive
2026-07-15T03:21:04,70a36af8-8139-4947-8b1b-1c7398efc832,Comanav,Shenzhen,Hamburg,2026-08-01T03:21:04,2026-08-01T03:21:04,0.0,2773.9,Food
2026-04-02T11:34:32,7f0a83a9-1a59-4145-9700-7284db7bf14a,Maersk,Busan,Los Angeles,2026-04-27T11:34:32,2026-04-27T11:34:32,0.0,24436.4,Food
2026-04-15T08:05:28,377ea739-ef53-4abb-ac9b-a50ec5590dc4,Maersk,Singapore,Felixstowe,2026-04-21T08:05:28,2026-04-21T08:05:28,0.0,9346.0,Electronics
2026-06-15T13:18:52,fe9ae7ce-7ea0-4593-8052-f8d3e1407112,Marsa Maroc,Tanger Med,Rotterdam,2026-07-09T13:18:52,2026-07-09T13:18:52,0.0,7109.4,Automotive
2026-03-11T01:22:34,dcddf762-9306-47c7-9a88-1f45e22856ff,COSCO,Ningbo,New York,2026-04-02T01:22:34,2026-04-04T18:28:34,65.1,16166.6,Electronics
2026-08-27T19:17:12,d7b24030-d45d-4c62-aebb-34aceeb92933,Marsa Maroc,Agadir,Hamburg,2026-09-01T19:17:12,2026-09-01T19:17:12,0.0,14946.4,Electronics
2026-02-20T03:36:45,f9bb5b71-a193-4992-bb27-3262e71c0831,Maersk,Tanger Med,Barcelona,2026-03-20T03:36:45,2026-03-20T03:36:45,0.0,8827.4,Electronics
2026-07-13T00:43:57,0adff0ef-3f1c-4889-8274-1a64fa0f809b,Marsa Maroc,Tanger Med,Barcelona,2026-08-03T00:43:57,2026-08-03T00:43:57,0.0,15826.3,Chemicals
2026-05-18T23:13:03,b0987f9a-d1b9-4689-842a-811c7514da8f,MSC,Shanghai,Rotterdam,2026-06-10T23:13:03,2026-06-10T23:13:03,0.0,1062.5,Food
2026-03-24T00:59:37,ed6ac4e6-57fa-42a5-ae70-2dfdd69bcdbe,MSC,Shenzhen,Hamburg,2026-04-03T00:59:37,2026-04-03T00:59:37,0.0,21349.1,Chemicals
2026-07-25T18:32:28,a42cf2bf-452b-4e0b-a1e5-2401ebff22cf,Comanav,Agadir,Hamburg,2026-08-02T18:32:28,2026-08-02T18:32:28,0.0,884.1,Automotive
2026-08-12T21:19:49,1520069b-5b86-4b8c-bc32-55ed4d7c6a30,Maersk,Tanger Med,Rotterdam,2026-09-11T21:19:49,2026-09-15T06:19:49,81.0,985.4,Automotive
2026-08-06T17:45:02,ceebd9ea-1c8a-4338-86c6-6d7c93c4bcd1,Comanav,Shanghai,Rotterdam,2026-08-16T17:45:02,2026-08-20T04:03:02,82.3,10875.1,Textiles
2026-04-08T15:11:04,064a8edd-9123-4dfe-93d4-45d9c46bb45f,CMA-CGM,Busan,Los Angeles,2026-04-20T15:11:04,2026-04-20T15:11:04,0.0,19918.8,Textiles
2026-03-23T09:05:11,861e5c73-0bb6-4ca0-9c4e-20f798eab690,Marsa Maroc,Tanger Med,Rotterdam,2026-04-22T09:05:11,2026-04-22T09:05:11,0.0,22161.2,Electronics
2026-08-17T18:31:21,bcfd6e66-06e6-46bd-ba32-656a59fe1bd9,CMA-CGM,Shanghai,Rotterdam,2026-09-03T18:31:21,2026-09-08T14:19:21,115.8,9503.2,Chemicals
2026-05-10T22:30:19,22302e75-6be6-4618-8907-57e877f88f0d,CMA-CGM,Busan,Los Angeles,2026-05-16T22:30:19,2026-05-16T22:30:19,0.0,13797.4,Chemicals
2026-08-12T11:11:42,559a397b-873d-42f9-83f1-07f44e54663b,CMA-CGM,Agadir,Hamburg,2026-09-06T11:11:42,2026-09-06T11:11:42,0.0,23523.7,Automotive
2026-07-04T12:38:17,729d1c9d-787d-420a-8bb9-cb117b09051c,CMA-CGM,Shanghai,Rotterdam,2026-08-01T12:38:17,2026-08-01T12:38:17,0.0,9830.0,Chemicals
2026-04-20T03:46:40,b612566b-f5a9-48d1-8ff4-56b90b953e31,Evergreen,Ningbo,New York,2026-05-16T03:46:40,2026-05-18T05:58:40,50.2,21913.0,Automotive
2026-05-24T15:10:39,5a35b1bd-3f71-4d78-84f8-f07ddd7dddb2,Evergreen,Shanghai,Rotterdam,2026-06-04T15:10:39,2026-06-07T15:46:39,72.6,21475.7,Textiles
2026-05-09T02:32:25,73d53547-eff1-46e1-8548-324846a8576c,COSCO,Ningbo,New York,2026-06-03T02:32:25,2026-06-03T02:32:25,0.0,10704.0,Chemicals
2026-03-11T19:46:13,30eb7300-1057-4116-bdca-7e70e6049f76,COSCO,Agadir,Hamburg,2026-03-28T19:46:13,2026-03-31T15:40:13,67.9,6388.3,Electronics
2026-05-27T09:41:45,38c2d1c2-609b-4c0c-94e0-6617de63bd60,COSCO,Busan,Los Angeles,2026-06-12T09:41:45,2026-06-12T09:41:45,0.0,612.1,Food
2026-08-05T00:30:11,29328619-3fcf-48e4-ac33-8e07c274a9eb,MSC,Shanghai,Rotterdam,2026-08-15T00:30:11,2026-08-15T00:30:11,0.0,16435.9,Food
2026-06-08T14:24:53,2d814505-048b-4fdc-8c70-406325cf37ca,MSC,Ningbo,New York,2026-07-04T14:24:53,2026-07-06T05:36:53,39.2,6474.4,Chemicals
2026-03-13T19:04:57,2302cb96-985c-482b-8a57-5e415418bef9,Comanav,Shenzhen,Hamburg,2026-04-04T19:04:57,2026-04-04T19:04:57,0.0,1082.6,Textiles
2026-04-07T16:51:15,826e82a8-2609-4c3c-b9b4-0c45b5450c9d,Comanav,Shenzhen,Hamburg,2026-04-13T16:51:15,2026-04-13T16:51:15,0.0,18157.9,Food
2026-07-26T14:51:50,9e6afb99-b65e-4922-80aa-a5e8bf19f59a,Evergreen,Casablanca,Marseille,2026-08-08T14:51:50,2026-08-08T14:51:50,0.0,4547.0,Electronics
2026-08-01T11:41:04,0c4cbe2e-61f7-4fb4-90ef-407e8e3c086b,COSCO,Tanger Med,Rotterdam,2026-08-12T11:41:04,2026-08-12T11:41:04,0.0,22985.3,Food
2026-07-14T20:32:28,a09008ae-8c59-40d6-bace-98c001993993,Evergreen,Agadir,Hamburg,2026-07-20T20:32:28,2026-07-20T20:32:28,0.0,11447.5,Chemicals
2026-06-21T06:27:52,53f396a1-9d0f-4071-922e-d11b24e619e8,Comanav,Casablanca,Marseille,2026-07-14T06:27:52,2026-07-14T06:27:52,0.0,16055.9,Textiles
2026-04-21T23:29:35,ee214517-70c9-4db7-b2ba-a5a55cdb1d40,MSC,Tanger Med,Rotterdam,2026-05-13T23:29:35,2026-05-14T18:23:35,18.9,3873.8,Food
2026-06-17T13:29:53,4bb50632-5ea0-40a8-b055-bf73d7e2a0f1,Maersk,Shenzhen,Hamburg,2026-07-03T13:29:53,2026-07-03T13:29:53,0.0,3750.1,Electronics
2026-07-07T19:12:17,4af954ed-a54b-486f-8ac2-33f48d5aa524,CMA-CGM,Shanghai,Rotterdam,2026-07-12T19:12:17,2026-07-12T19:12:17,0.0,24005.8,Electronics
2026-02-23T09:37:26,8dfcf632-e16d-4d57-8332-88f20fd4bcc0,MSC,Shanghai,Rotterdam,2026-03-10T09:37:26,2026-03-10T09:37:26,0.0,2085.9,Chemicals
2026-06-01T09:07:03,d67db172-bd7e-4d18-a462-54d49fd8d4eb,Comanav,Shanghai,Rotterdam,2026-06-27T09:07:03,2026-06-27T09:07:03,0.0,17271.4,Automotive
2026-04-06T17:34:24,6d5e1805-e1d9-4c37-a4b1-6103f307c391,Evergreen,Busan,Los Angeles,2026-05-05T17:34:24,2026-05-05T17:34:24,0.0,2427.4,Electronics
2026-07-02T19:35:35,098025d2-8d91-4c48-8ae1-ffab65ce841b,MSC,Tanger Med,Barcelona,2026-07-14T19:35:35,2026-07-14T19:35:35,0.0,14614.6,Textiles
2026-08-03T17:41:48,4c805098-c88c-4145-88ae-d64fe7b407a3,COSCO,Casablanca,Marseille,2026-08-19T17:41:48,2026-08-19T17:41:48,0.0,11787.6,Textiles
2026-04-08T15:07:36,a1e49251-ab2e-420c-a1f1-97267140fb31,Evergreen,Casablanca,Marseille,2026-04-26T15:07:36,2026-04-28T20:13:36,53.1,4987.9,Textiles
2026-08-13T01:25:00,3fe65d13-8190-44f8-8b88-7344ff08e882,Marsa Maroc,Tanger Med,Barcelona,2026-08-19T01:25:00,2026-08-19T01:25:00,0.0,12649.8,Food
2026-02-19T10:17:20,0171090a-2e31-4817-874d-a5951870cb9d,Evergreen,Agadir,Hamburg,2026-03-18T10:17:20,2026-03-18T10:17:20,0.0,9039.8,Textiles
2026-05-05T16:16:50,6d66c27e-0701-4a07-9d39-57f8bb8d7ee5,CMA-CGM,Tanger Med,Barcelona,2026-05-30T16:16:50,2026-05-30T16:16:50,0.0,24431.6,Food
2026-05-05T13:12:03,75dc32d7-5fa2-4488-9323-e4dd182a6bce,Evergreen,Tanger Med,Barcelona,2026-05-17T13:12:03,2026-05-17T13:12:03,0.0,2420.6,Textiles
2026-07-08T04:15:44,59edc604-05ce-4a0b-a03f-f17c3a448cb5,Comanav,Shenzhen,Hamburg,2026-07-24T04:15:44,2026-07-24T04:15:44,0.0,17264.4,Chemicals
2026-04-12T13:56:36,c92869d7-d822-42f8-93be-deed4a63c51c,Comanav,Tanger Med,Rotterdam,2026-04-30T13:56:36,2026-04-30T13:56:36,0.0,5068.7,Electronics
2026-03-23T07:50:54,4b398718-0113-44b5-9e11-56844f71c297,COSCO,Singapore,Felixstowe,2026-04-03T07:50:54,2026-04-03T07:50:54,0.0,6629.4,Electronics
2026-04-06T15:22:49,29071882-4d86-4eee-9751-a569e0cc6349,Comanav,Casablanca,Marseille,2026-04-13T15:22:49,2026-04-13T15:22:49,0.0,20846.2,Textiles
2026-02-22T04:19:52,b04d7357-9e73-4753-af0d-3f35ca031027,Marsa Maroc,Singapore,Felixstowe,2026-03-22T04:19:52,2026-03-22T04:19:52,0.0,18805.5,Chemicals
2026-05-24T09:22:27,35e88021-2287-402e-9a5a-3e003461e125,Maersk,Shanghai,Rotterdam,2026-06-03T09:22:27,2026-06-03T09:22:27,0.0,1204.3,Textiles
2026-04-06T08:27:00,884cdc9b-51d5-4162-8de5-46531e9b0a8e,Maersk,Ningbo,New York,2026-04-27T08:27:00,2026-04-30T19:09:00,82.7,10110.2,Electronics
2026-05-28T17:25:09,a07dcfc5-7ac1-4a42-a849-c1d670b9e0a4,COSCO,Tanger Med,Rotterdam,2026-06-20T17:25:09,2026-06-20T17:25:09,0.0,15285.9,Chemicals
2026-02-04T08:00:12,c546801d-2e30-4ccf-91de-c4cbf00ab418,Maersk,Agadir,Hamburg,2026-03-06T08:00:12,2026-03-06T08:00:12,0.0,23112.2,Food
2026-06-24T07:31:15,15ce0c48-7254-48dc-849c-09c6528bb6c3,Maersk,Shenzhen,Hamburg,2026-07-12T07:31:15,2026-07-12T07:31:15,0.0,23555.1,Textiles
2026-03-17T05:11:09,2ce0d52d-5f5a-407d-9aaf-8f952b618d90,Maersk,Shenzhen,Hamburg,2026-04-13T05:11:09,2026-04-13T05:11:09,0.0,15580.9,Food
2026-06-18T11:54:22,c7a27bb3-6504-4fe5-93ed-a7272ed90495,MSC,Ningbo,New York,2026-06-27T11:54:22,2026-07-01T03:54:22,88.0,10759.9,Automotive
2026-07-24T18:52:40,1d96d2ad-9fb8-4992-b683-ec75821ecdee,MSC,Tanger Med,Barcelona,2026-08-22T18:52:40,2026-08-22T18:52:40,0.0,19650.3,Food
2026-08-24T23:48:43,640aca08-8e22-43d4-971d-ad26b30e1ad2,Evergreen,Ningbo,New York,2026-08-30T23:48:43,2026-08-30T23:48:43,0.0,8931.8,Electronics
2026-02-28T20:01:40,90b64e90-1692-4c41-8a3d-c96a2464b414,Marsa Maroc,Shanghai,Rotterdam,2026-03-09T20:01:40,2026-03-09T20:01:40,0.0,9547.8,Automotive
2026-06-21T21:18:54,77e86d5d-8411-4cf5-a0a4-ffee6d84fdce,CMA-CGM,Singapore,Felixstowe,2026-07-07T21:18:54,2026-07-07T21:18:54,0.0,17148.3,Food
2026-04-23T04:06:36,5394d146-22b5-4763-af6d-8ff2396a0a78,Comanav,Casablanca,Marseille,2026-05-21T04:06:36,2026-05-21T04:06:36,0.0,6534.8,Automotive
2026-04-23T06:49:15,717045fd-7863-4f60-a703-eb92c45fbc0a,CMA-CGM,Busan,Los Angeles,2026-05-22T06:49:15,2026-05-22T06:49:15,0.0,9775.6,Automotive
2026-04-22T03:33:58,6e08a107-918d-4078-b9ac-c88c989063e9,Maersk,Tanger Med,Barcelona,2026-05-19T03:33:58,2026-05-19T03:33:58,0.0,14966.5,Textiles
2026-06-02T10:52:02,b6e9c1e8-aa56-42c7-9d0f-5c193d7d444e,MSC,Shanghai,Rotterdam,2026-06-09T10:52:02,2026-06-09T10:52:02,0.0,17827.6,Textiles
2026-08-11T14:07:54,2160ad1a-d377-484c-a9c2-ba48846f4e85,COSCO,Agadir,Hamburg,2026-09-04T14:07:54,2026-09-04T14:07:54,0.0,22926.1,Electronics
2026-03-30T21:27:12,d160e571-e598-4e04-8c98-9f3bf2122203,Marsa Maroc,Tanger Med,Rotterdam,2026-04-24T21:27:12,2026-04-28T09:15:12,83.8,14838.8,Chemicals
2026-02-11T03:23:36,c76415b7-83ed-4fca-b52d-1ded9fb94c7a,Marsa Maroc,Tanger Med,Barcelona,2026-03-08T03:23:36,2026-03-08T03:23:36,0.0,887.1,Automotive
2026-07-06T06:13:42,ec7cd13b-316e-495c-a555-892a1f5ba443,Marsa Maroc,Tanger Med,Barcelona,2026-07-25T06:13:42,2026-07-25T06:13:42,0.0,10050.8,Textiles
2026-03-06T21:16:54,0fa9d5d4-f5d7-44f9-912d-e953ff541ea9,COSCO,Tanger Med,Barcelona,2026-03-17T21:16:54,2026-03-20T16:16:54,67.0,21125.4,Automotive
2026-06-02T05:01:32,a466b17c-41e9-40f2-baa6-2e732d1db161,Marsa Maroc,Tanger Med,Barcelona,2026-06-08T05:01:32,2026-06-08T05:01:32,0.0,12484.7,Food
2026-04-28T03:29:39,b6d893dc-be3f-4338-8dac-6ab8871c69db,MSC,Casablanca,Marseille,2026-05-06T03:29:39,2026-05-06T03:29:39,0.0,6531.5,Food
2026-03-09T08:15:58,2141765a-0298-4a43-89e1-c8895cc74624,Comanav,Tanger Med,Barcelona,2026-03-24T08:15:58,2026-03-24T08:15:58,0.0,17145.2,Chemicals
2026-05-21T07:11:53,ba5ed7f6-645d-49a5-9022-191bd9065e9e,Maersk,Busan,Los Angeles,2026-06-19T07:11:53,2026-06-19T07:11:53,0.0,3854.3,Food
2026-05-12T22:37:22,663322ea-43b0-4b77-9936-b453b29e33b5,COSCO,Busan,Los Angeles,2026-05-17T22:37:22,2026-05-17T22:37:22,0.0,7654.4,Food
2026-06-03T08:31:35,08b481e9-95e3-4cf2-bca3-2b9bb471b295,CMA-CGM,Tanger Med,Barcelona,2026-06-14T08:31:35,2026-06-14T08:31:35,0.0,7217.0,Electronics
2026-03-11T14:47:25,6fccb952-693f-44c0-b79a-6037879a0107,Comanav,Tanger Med,Rotterdam,2026-03-21T14:47:25,2026-03-21T14:47:25,0.0,19514.8,Chemicals
2026-08-06T13:44:56,5540f460-f901-41f8-827a-74a323b3bf75,MSC,Ningbo,New York,2026-08-28T13:44:56,2026-08-28T13:44:56,0.0,15516.5,Automotive
2026-02-16T05:40:48,87d717b9-f327-4fc9-94a6-26219b615997,Marsa Maroc,Shanghai,Rotterdam,2026-03-04T05:40:48,2026-03-05T12:04:48,30.4,8247.1,Chemicals
2026-03-09T20:44:11,28b5b1ab-fddb-49c6-aeb6-a951110f31e4,Comanav,Busan,Los Angeles,2026-03-26T20:44:11,2026-03-26T20:44:11,0.0,16390.1,Electronics
2026-07-05T22:26:07,217fdf1b-ce44-4315-93c8-85266ac3ac95,Maersk,Shanghai,Rotterdam,2026-07-29T22:26:07,2026-07-29T22:26:07,0.0,19822.6,Textiles
2026-05-18T08:47:45,1c4f8987-0368-4023-8d78-f130f9affbfb,Marsa Maroc,Singapore,Felixstowe,2026-06-14T08:47:45,2026-06-14T08:47:45,0.0,9025.6,Electronics
2026-06-20T21:29:08,74907b30-24b7-4e33-86d7-eeca2d5c545d,Marsa Maroc,Ningbo,New York,2026-07-18T21:29:08,2026-07-18T21:29:08,0.0,19825.8,Food
2026-04-05T21:37:15,d4f00555-58c9-452a-9264-e33bf7a79e89,Maersk,Ningbo,New York,2026-04-11T21:37:15,2026-04-11T21:37:15,0.0,6467.9,Food
2026-02-26T09:49:22,07df45bc-25ed-4871-9468-a9d3cfcc1d5b,COSCO,Casablanca,Marseille,2026-03-08T09:49:22,2026-03-08T09:49:22,0.0,21848.0,Textiles
2026-06-10T14:15:22,f7703750-d762-47c9-8b64-52d58165a6b2,MSC,Tanger Med,Barcelona,2026-06-22T14:15:22,2026-06-22T14:15:22,0.0,1972.6,Food
2026-07-20T02:39:27,9dfdff3f-0d85-4138-bcc8-908d06f0ad8f,MSC,Shanghai,Rotterdam,2026-07-29T02:39:27,2026-07-29T02:39:27,0.0,6258.0,Food
2026-04-29T18:38:51,4df1345a-3a4c-4056-bf85-7f860964b872,CMA-CGM,Casablanca,Marseille,2026-05-29T18:38:51,2026-05-29T18:38:51,0.0,1272.4,Food
2026-06-28T20:23:32,1ebbf890-357f-4a31-953a-1bfe46499ed5,Marsa Maroc,Agadir,Hamburg,2026-07-26T20:23:32,2026-07-26T20:23:32,0.0,18930.4,Chemicals
2026-08-17T11:56:21,56914aff-9c09-4869-8b10-319e615dca8d,Maersk,Ningbo,New York,2026-09-14T11:56:21,2026-09-14T11:56:21,0.0,10571.3,Chemicals
2026-03-17T16:22:25,040bfa36-56f4-4a5a-b7c9-b49f842ad61c,MSC,Tanger Med,Rotterdam,2026-04-08T16:22:25,2026-04-08T16:22:25,0.0,16855.3,Electronics
2026-06-03T12:15:45,ef3f09d0-b5a2-4a8e-a3e1-580f158fabb8,MSC,Busan,Los Angeles,2026-07-01T12:15:45,2026-07-01T12:15:45,0.0,809.4,Food
2026-08-16T05:22:43,cc494e35-1ac1-417a-9aaa-b3b511b55759,Marsa Maroc,Shanghai,Rotterdam,2026-09-05T05:22:43,2026-09-05T05:22:43,0.0,5012.6,Electronics
2026-03-26T04:24:43,d5f472fd-e69d-4b0b-afca-df4bfa0d273b,CMA-CGM,Tanger Med,Rotterdam,2026-04-04T04:24:43,2026-04-04T04:24:43,0.0,17619.4,Electronics
2026-05-07T09:32:09,e406ca80-106a-45fc-ae37-abe14cdd8dc6,COSCO,Tanger Med,Rotterdam,2026-05-12T09:32:09,2026-05-12T09:32:09,0.0,11125.7,Textiles
2026-04-17T05:39:04,2d517d5d-dfd0-4f23-a4be-263020411b11,CMA-CGM,Ningbo,New York,2026-05-17T05:39:04,2026-05-17T05:39:04,0.0,16528.2,Food
2026-09-01T10:24:13,07e42c6c-25a3-4100-a7ea-e6248f5f3218,Maersk,Shenzhen,Hamburg,2026-09-11T10:24:13,2026-09-11T10:24:13,0.0,657.3,Textiles
2026-08-17T20:44:28,7704b7c8-5930-4678-b389-dd680b594028,Comanav,Tanger Med,Barcelona,2026-08-25T20:44:28,2026-08-28T23:50:28,75.1,2472.3,Textiles
2026-02-24T08:17:13,bebddd0e-1b72-4514-b1c4-b8b33f7b93c1,CMA-CGM,Shanghai,Rotterdam,2026-03-09T08:17:13,2026-03-11T17:41:13,57.4,12079.0,Food
2026-03-01T10:31:09,705db966-6510-43e5-9070-d9fee17b946e,CMA-CGM,Singapore,Felixstowe,2026-03-16T10:31:09,2026-03-16T10:31:09,0.0,3314.7,Automotive
2026-05-16T01:51:42,e174d00b-2eb6-4c17-a2c6-5e1c36f17522,COSCO,Busan,Los Angeles,2026-06-05T01:51:42,2026-06-05T01:51:42,0.0,11260.2,Electronics
2026-06-09T10:07:49,ce6d5728-195b-460a-ae3f-b8196c52d729,Evergreen,Ningbo,New York,2026-06-27T10:07:49,2026-06-27T10:07:49,0.0,21238.2,Automotive
2026-06-30T13:05:39,51a27cc5-c5fb-45f5-9314-095fffcd77bb,COSCO,Shenzhen,Hamburg,2026-07-08T13:05:39,2026-07-08T13:05:39,0.0,10342.3,Chemicals
2026-08-26T06:30:18,15580b5a-8a90-41a0-9019-b22c7b0ee51c,Evergreen,Busan,Los Angeles,2026-09-07T06:30:18,2026-09-09T10:42:18,52.2,12613.3,Chemicals
2026-07-09T18:45:07,6bcaee56-39f7-458e-aa3f-4ae5e03b58fa,MSC,Tanger Med,Barcelona,2026-07-31T18:45:07,2026-08-03T15:27:07,68.7,18812.3,Electronics
2026-04-21T23:23:42,53f4e162-5d7a-4dec-a9c8-b4836fbb6bbc,Marsa Maroc,Casablanca,Marseille,2026-04-30T23:23:42,2026-04-30T23:23:42,0.0,16554.3,Textiles
2026-02-22T03:14:29,6b0a5095-b58a-4f86-bdae-926800a190e5,Maersk,Singapore,Felixstowe,2026-03-08T03:14:29,2026-03-08T03:14:29,0.0,10079.1,Chemicals
2026-06-25T16:13:22,85dca8e4-b106-45ba-8f60-0f05688f3535,COSCO,Casablanca,Marseille,2026-07-13T16:13:22,2026-07-13T16:13:22,0.0,5851.1,Textiles
2026-06-15T16:04:03,dd76c560-1a73-4a53-b24f-086a24f59158,Maersk,Tanger Med,Barcelona,2026-07-15T16:04:03,2026-07-15T16:04:03,0.0,19588.8,Textiles
2026-06-21T00:21:51,4d496a61-9a48-4d78-aa4d-62f4445be0bc,Marsa Maroc,Casablanca,Marseille,2026-07-17T00:21:51,2026-07-17T00:21:51,0.0,5046.4,Food
2026-06-02T09:53:04,3be156e1-9cbc-4a78-9613-cdd69485e505,Maersk,Agadir,Hamburg,2026-06-26T09:53:04,2026-06-26T09:53:04,0.0,13530.7,Chemicals
2026-05-18T17:35:16,82598624-656c-45a3-b581-f906c492ca50,COSCO,Agadir,Hamburg,2026-05-31T17:35:16,2026-05-31T17:35:16,0.0,21122.1,Chemicals
2026-08-20T16:00:08,a5a3b786-eda1-42e4-91db-047165b590cd,COSCO,Shenzhen,Hamburg,2026-09-11T16:00:08,2026-09-13T21:48:08,53.8,13007.6,Chemicals
2026-05-30T03:22:18,684df47c-4883-4e3c-9c1b-3c2a2c6d0699,MSC,Tanger Med,Rotterdam,2026-06-16T03:22:18,2026-06-16T03:22:18,0.0,19595.5,Automotive
2026-03-12T01:58:20,d9967c2a-109c-41de-bec4-3611613ccdc5,Maersk,Tanger Med,Rotterdam,2026-03-25T01:58:20,2026-03-25T01:58:20,0.0,12417.3,Food
2026-05-12T01:44:44,305161b1-1622-4cca-b3e4-91b8b8e7207b,COSCO,Agadir,Hamburg,2026-06-09T01:44:44,2026-06-09T01:44:44,0.0,21152.0,Textiles
2026-07-20T08:41:29,a62f3fb0-3a69-488b-9af3-2da9a762b83f,Marsa Maroc,Casablanca,Marseille,2026-07-29T08:41:29,2026-07-29T08:41:29,0.0,17820.2,Food
2026-02-15T10:38:31,bd8126e3-7978-4759-85b4-bf28bb11a80a,Marsa Maroc,Tanger Med,Barcelona,2026-03-12T10:38:31,2026-03-12T10:38:31,0.0,23408.5,Chemicals
2026-06-05T19:35:45,0768f3bd-22a1-4536-9c4a-f2a877c0a1e9,Evergreen,Shenzhen,Hamburg,2026-06-17T19:35:45,2026-06-17T19:35:45,0.0,1570.2,Textiles
2026-04-29T14:34:59,3df43619-d474-49a3-8bd2-80e5d2277249,COSCO,Tanger Med,Rotterdam,2026-05-27T14:34:59,2026-05-28T18:16:59,27.7,2807.6,Food
2026-04-19T22:01:21,9809fdfe-3605-47fc-9a73-1b920ca487de,MSC,Busan,Los Angeles,2026-04-28T22:01:21,2026-04-28T22:01:21,0.0,7378.8,Electronics
2026-07-06T17:40:40,77ae6823-0d77-4393-a386-aeee754b026e,MSC,Ningbo,New York,2026-07-11T17:40:40,2026-07-11T17:40:40,0.0,3298.2,Food
2026-07-25T13:35:44,8c813ccf-35ea-4fb8-a40e-23a750241a1e,Marsa Maroc,Singapore,Felixstowe,2026-07-31T13:35:44,2026-08-03T05:29:44,63.9,17090.1,Food
2026-04-10T07:21:44,42f5741f-670e-4ccc-9cb6-067b76aafb92,Marsa Maroc,Ningbo,New York,2026-04-23T07:21:44,2026-04-25T22:51:44,63.5,7479.1,Food
2026-03-11T02:18:31,00707d3f-6d68-4268-80b9-f717cc1b226f,Evergreen,Busan,Los Angeles,2026-04-04T02:18:31,2026-04-04T02:18:31,0.0,4450.1,Automotive
2026-07-19T10:25:42,7644e530-e2c8-4d9b-8b18-1a196e9b66f0,COSCO,Tanger Med,Barcelona,2026-07-27T10:25:42,2026-07-27T10:25:42,0.0,13884.0,Chemicals
2026-05-12T07:46:56,83b5e114-2cb6-4b3e-971b-10919862f5dc,COSCO,Shenzhen,Hamburg,2026-05-28T07:46:56,2026-05-28T07:46:56,0.0,2825.6,Food
2026-08-02T01:49:43,202ca7ae-5bc9-4b75-bed6-f6c44e019c77,Marsa Maroc,Ningbo,New York,2026-08-10T01:49:43,2026-08-14T14:07:43,108.3,730.6,Electronics
2026-05-08T08:19:30,9295ef4f-2016-4eb6-9587-84d26e3b4af4,MSC,Busan,Los Angeles,2026-06-02T08:19:30,2026-06-02T08:19:30,0.0,21426.8,Textiles
2026-04-17T07:43:31,b9e82987-2c5c-4fb9-a869-05ff53794f13,Comanav,Singapore,Felixstowe,2026-04-29T07:43:31,2026-04-29T07:43:31,0.0,10494.4,Electronics
2026-07-25T14:56:30,7eb98903-1277-470c-b52d-4b7d73f2b1a6,Evergreen,Casablanca,Marseille,2026-08-13T14:56:30,2026-08-15T18:32:30,51.6,9133.8,Automotive
2026-06-12T07:37:06,a58b18bd-43ba-4f14-882b-da39e3ac5745,Maersk,Singapore,Felixstowe,2026-06-30T07:37:06,2026-06-30T07:37:06,0.0,15415.7,Automotive
2026-06-15T21:09:22,75ea052c-d2d0-4a4f-b0a2-3ce4b073e8a2,Evergreen,Busan,Los Angeles,2026-07-06T21:09:22,2026-07-06T21:09:22,0.0,14562.0,Automotive
2026-07-26T10:33:36,30c6a17c-17a7-45ca-a46e-37e54cfc4b3b,Comanav,Ningbo,New York,2026-08-22T10:33:36,2026-08-22T10:33:36,0.0,16382.6,Food
2026-03-31T04:12:19,b102d423-015e-43b4-a62a-b332a51878ec,COSCO,Tanger Med,Rotterdam,2026-04-21T04:12:19,2026-04-22T10:12:19,30.0,1660.3,Automotive
2026-05-13T07:07:02,16924cb9-52de-4795-a294-0d3410e87139,COSCO,Tanger Med,Rotterdam,2026-05-20T07:07:02,2026-05-20T07:07:02,0.0,12596.9,Automotive
2026-04-06T19:37:36,6dcf1f21-7c84-4b68-96ab-8f69da89da51,Maersk,Casablanca,Marseille,2026-04-23T19:37:36,2026-04-23T19:37:36,0.0,24599.9,Automotive
2026-04-18T13:40:04,75f4f8d1-5560-4c51-acbc-26a101e18e1a,Maersk,Singapore,Felixstowe,2026-05-18T13:40:04,2026-05-18T13:40:04,0.0,2383.6,Food
2026-04-10T15:16:30,d106e388-f1f0-44b6-9093-12ac7000b0f2,CMA-CGM,Ningbo,New York,2026-04-23T15:16:30,2026-04-23T15:16:30,0.0,18980.7,Electronics
2026-06-05T00:04:25,9c48c24e-40d2-4424-b77c-cceba905f781,Marsa Maroc,Shanghai,Rotterdam,2026-06-29T00:04:25,2026-06-30T14:16:25,38.2,16977.6,Food
2026-04-08T12:38:40,8f4cd5c8-7d35-4421-bab7-f9d5b0434860,Marsa Maroc,Shenzhen,Hamburg,2026-04-22T12:38:40,2026-04-22T12:38:40,0.0,19524.9,Food
2026-07-19T00:29:23,0e2408f7-9ee0-47e4-9ccb-765cbd52bf29,CMA-CGM,Agadir,Hamburg,2026-08-15T00:29:23,2026-08-15T00:29:23,0.0,24208.3,Automotive
2026-04-18T08:55:06,90e15bf3-a6bb-40a5-9589-e192ad68a416,Comanav,Ningbo,New York,2026-04-26T08:55:06,2026-04-26T08:55:06,0.0,21340.0,Automotive
2026-04-16T09:06:48,d990beed-a63f-4612-aa4d-805e3206d8cf,MSC,Casablanca,Marseille,2026-05-01T09:06:48,2026-05-01T09:06:48,0.0,22353.4,Electronics
2026-06-19T07:16:45,d6b3ef77-abe7-4db0-ba7f-89ca16e57aab,Comanav,Busan,Los Angeles,2026-07-02T07:16:45,2026-07-02T07:16:45,0.0,15204.9,Automotive
2026-03-20T08:04:21,4726ff50-12c4-498e-9d0b-f4b5ec111281,Evergreen,Shenzhen,Hamburg,2026-03-27T08:04:21,2026-03-27T08:04:21,0.0,21154.5,Textiles
2026-03-28T23:26:58,fe844358-ecee-447e-bb45-91d0cf1725ec,Comanav,Busan,Los Angeles,2026-04-15T23:26:58,2026-04-20T13:08:58,109.7,3104.2,Automotive
2026-04-11T12:15:52,4ba5eb82-1761-4a5b-ba79-ce20aae32db8,COSCO,Agadir,Hamburg,2026-05-11T12:15:52,2026-05-11T12:15:52,0.0,17557.2,Chemicals
2026-06-08T08:13:26,604e95fe-bdfa-4e5d-a8fe-9507dd39e577,Evergreen,Agadir,Hamburg,2026-07-02T08:13:26,2026-07-02T08:13:26,0.0,6826.1,Automotive
2026-04-11T12:22:15,baa36782-6a7c-4d36-8b8b-810acab95336,CMA-CGM,Ningbo,New York,2026-04-26T12:22:15,2026-04-26T12:22:15,0.0,8191.8,Automotive
2026-02-28T10:48:16,88beb3cd-f37e-4e6b-a33c-297207bc0f66,Evergreen,Tanger Med,Rotterdam,2026-03-12T10:48:16,2026-03-12T10:48:16,0.0,19409.4,Chemicals
2026-06-06T18:22:56,b01235db-19a2-47b9-8b98-6e178c5718cd,Evergreen,Singapore,Felixstowe,2026-07-02T18:22:56,2026-07-02T18:22:56,0.0,19491.7,Food
2026-07-16T19:08:02,35e4d9db-5e7e-42f2-b60e-5020dd396545,Marsa Maroc,Tanger Med,Rotterdam,2026-08-08T19:08:02,2026-08-08T19:08:02,0.0,16709.2,Textiles
2026-07-29T17:08:39,d339d3ed-5ef4-414c-b243-e555ded60eb3,COSCO,Ningbo,New York,2026-08-07T17:08:39,2026-08-07T17:08:39,0.0,22909.3,Electronics
2026-06-02T19:24:33,ca087271-a4c5-42d2-ad15-5285e5b70867,Marsa Maroc,Ningbo,New York,2026-06-26T19:24:33,2026-06-26T19:24:33,0.0,4808.1,Electronics
2026-07-26T01:06:03,84b28aa3-0885-4c9a-a211-f872277c6ab8,COSCO,Busan,Los Angeles,2026-08-20T01:06:03,2026-08-20T01:06:03,0.0,5110.5,Electronics
2026-05-25T07:57:54,6e5f5596-1250-48e8-b21b-3cdc301412d8,COSCO,Singapore,Felixstowe,2026-06-15T07:57:54,2026-06-15T07:57:54,0.0,21994.9,Automotive
2026-04-11T00:20:32,dcd065b9-8cd8-4b33-8573-813e3b742d05,MSC,Busan,Los Angeles,2026-04-29T00:20:32,2026-04-29T00:20:32,0.0,12216.4,Automotive
2026-04-16T23:40:05,c239fcef-d31d-4c03-a9c1-cf4f2d7c9054,COSCO,Tanger Med,Barcelona,2026-05-12T23:40:05,2026-05-12T23:40:05,0.0,7696.5,Electronics
2026-04-02T11:10:54,f5404e94-eda7-47d0-a57f-52722cbf86d4,CMA-CGM,Casablanca,Marseille,2026-04-11T11:10:54,2026-04-11T11:10:54,0.0,16335.3,Textiles
2026-03-28T02:05:47,6d66e8a0-0590-41c8-a492-21db145d97f4,Marsa Maroc,Tanger Med,Barcelona,2026-04-21T02:05:47,2026-04-21T02:05:47,0.0,19901.9,Automotive
2026-04-15T17:57:43,e7997f33-bb0c-40bb-8107-08eaacb51e59,COSCO,Tanger Med,Rotterdam,2026-05-11T17:57:43,2026-05-13T01:57:43,32.0,6249.9,Textiles
2026-03-03T04:11:06,cdbadd76-e39e-40c7-834e-362ac1af35eb,Maersk,Shanghai,Rotterdam,2026-03-11T04:11:06,2026-03-12T02:59:06,22.8,19877.1,Textiles
2026-05-29T15:20:23,5416ceb8-c68d-4841-891d-ff98ffaeea07,MSC,Shanghai,Rotterdam,2026-06-12T15:20:23,2026-06-12T15:20:23,0.0,14042.3,Textiles
2026-05-03T16:14:59,abff729d-f422-472c-a728-beb8cf06b610,Marsa Maroc,Casablanca,Marseille,2026-05-29T16:14:59,2026-05-29T16:14:59,0.0,17481.6,Automotive
2026-05-03T04:05:53,c37fd9b3-e4a2-48bb-be18-f1d2d5f49a4d,Maersk,Shenzhen,Hamburg,2026-05-30T04:05:53,2026-05-30T04:05:53,0.0,11260.8,Textiles
2026-05-03T16:15:33,4f499e8a-67dc-4ba5-bce7-b3eb14a3c491,Maersk,Tanger Med,Barcelona,2026-05-29T16:15:33,2026-05-29T16:15:33,0.0,10932.0,Electronics
2026-02-26T03:07:30,7dbcfdf5-42e4-4a08-a226-988a31ee3411,COSCO,Shenzhen,Hamburg,2026-03-11T03:07:30,2026-03-11T03:07:30,0.0,20166.3,Textiles
2026-06-28T12:33:30,37d56990-cec9-48bb-812d-d19fc1e6ef83,CMA-CGM,Tanger Med,Barcelona,2026-07-18T12:33:30,2026-07-18T12:33:30,0.0,15714.4,Food
2026-03-12T20:45:52,23d405ef-bd3d-4ce5-a119-48129427e7b7,MSC,Tanger Med,Barcelona,2026-03-31T20:45:52,2026-03-31T20:45:52,0.0,8120.6,Automotive
2026-08-18T02:15:16,83484fa7-ad27-4c4c-8d2a-4490ae469ea6,Comanav,Shanghai,Rotterdam,2026-09-02T02:15:16,2026-09-05T16:09:16,85.9,15777.9,Food
2026-04-15T01:46:40,c13851d1-c292-4726-91c4-9b8f10fc1498,COSCO,Casablanca,Marseille,2026-04-22T01:46:40,2026-04-22T01:46:40,0.0,20634.3,Electronics
2026-09-01T02:00:16,9311cd1a-39a6-4da3-8682-ff9de2c478de,Marsa Maroc,Tanger Med,Rotterdam,2026-09-12T02:00:16,2026-09-12T02:00:16,0.0,8328.4,Textiles
2026-08-07T01:11:32,7342d410-7813-4fb0-8695-45028f3ebca2,Marsa Maroc,Casablanca,Marseille,2026-08-30T01:11:32,2026-08-30T01:11:32,0.0,4798.0,Automotive
2026-07-07T05:33:15,b411b214-4312-4553-a4b2-ce9f32e4c588,COSCO,Agadir,Hamburg,2026-07-24T05:33:15,2026-07-24T05:33:15,0.0,11103.2,Chemicals
2026-05-01T10:47:06,3aa6c3e4-ff12-4365-b5fd-8ad46a9f5047,Comanav,Casablanca,Marseille,2026-05-11T10:47:06,2026-05-11T10:47:06,0.0,6226.3,Food
2026-07-06T11:23:29,881705eb-1588-4828-a142-5e4cdb3a0347,Maersk,Singapore,Felixstowe,2026-07-29T11:23:29,2026-07-29T11:23:29,0.0,20951.7,Food
2026-08-12T20:36:17,eb90e79b-4dd1-43c5-9df8-13a9ec18cbdd,Evergreen,Agadir,Hamburg,2026-09-07T20:36:17,2026-09-07T20:36:17,0.0,15717.2,Automotive
2026-08-19T00:34:24,219e549a-8545-493e-be39-32afbc165216,MSC,Shanghai,Rotterdam,2026-09-01T00:34:24,2026-09-01T00:34:24,0.0,21537.2,Textiles
2026-04-05T09:42:41,0b20d6bb-3635-4f4d-8991-be49a96a01d5,COSCO,Tanger Med,Rotterdam,2026-04-23T09:42:41,2026-04-23T09:42:41,0.0,13053.5,Automotive
2026-04-22T14:35:58,d376b12f-2a44-49ac-8398-1c2a59a74112,COSCO,Shanghai,Rotterdam,2026-05-03T14:35:58,2026-05-03T14:35:58,0.0,7847.7,Food
2026-05-03T01:18:43,02edaf50-7cc0-4c81-8ffc-29f403dd3acc,Evergreen,Ningbo,New York,2026-05-15T01:18:43,2026-05-16T17:06:43,39.8,12079.7,Electronics
2026-05-09T21:01:04,70b8bee6-ee4c-4062-98d0-eb6ec146e6e5,COSCO,Ningbo,New York,2026-05-27T21:01:04,2026-05-29T12:31:04,39.5,1413.4,Chemicals
2026-02-27T12:24:04,419ad427-6f9c-487a-90c8-4579361c9ca5,Comanav,Shenzhen,Hamburg,2026-03-13T12:24:04,2026-03-13T12:24:04,0.0,6602.7,Food
2026-07-13T16:19:37,fe77409d-1f2b-4f64-897b-ba6054943fb1,COSCO,Casablanca,Marseille,2026-08-06T16:19:37,2026-08-09T16:13:37,71.9,8916.4,Chemicals
2026-02-19T19:56:34,f0ab13a3-b2e3-466b-acf8-3e8d8635d296,MSC,Shanghai,Rotterdam,2026-03-06T19:56:34,2026-03-07T10:14:34,14.3,21618.2,Automotive
2026-05-23T19:15:55,b549ea79-7bee-46fa-8216-f21be0005b86,Marsa Maroc,Ningbo,New York,2026-06-13T19:15:55,2026-06-13T19:15:55,0.0,24723.1,Food
2026-07-14T09:50:57,65de2b05-f1dd-4405-b4be-5bd1b14b8a41,COSCO,Shanghai,Rotterdam,2026-08-08T09:50:57,2026-08-10T00:44:57,38.9,10959.5,Food
2026-05-11T10:21:20,db0fe75d-4381-4935-a605-315c705555b1,CMA-CGM,Singapore,Felixstowe,2026-05-26T10:21:20,2026-05-26T10:21:20,0.0,15223.0,Chemicals
2026-05-12T18:32:45,62aaf32c-fed4-48b4-bc53-8c601545e9de,CMA-CGM,Singapore,Felixstowe,2026-05-18T18:32:45,2026-05-18T18:32:45,0.0,3552.7,Food
2026-05-14T10:39:25,2638b1a8-ea0d-4b48-85bc-c615be6258a2,MSC,Ningbo,New York,2026-05-19T10:39:25,2026-05-19T10:39:25,0.0,15002.0,Food
2026-03-17T16:26:06,f8776ebc-20a9-4fe0-8605-dd827ddd26e0,CMA-CGM,Shenzhen,Hamburg,2026-03-26T16:26:06,2026-03-26T16:26:06,0.0,23763.7,Automotive
2026-04-10T18:29:18,06a907e2-7819-4170-8bed-dce0ee4a1f83,CMA-CGM,Shanghai,Rotterdam,2026-05-08T18:29:18,2026-05-08T18:29:18,0.0,16303.9,Chemicals
2026-07-31T14:26:05,bb48bc0f-6b4e-477d-8e35-53c75d543d40,COSCO,Ningbo,New York,2026-08-18T14:26:05,2026-08-18T14:26:05,0.0,13702.9,Food
2026-09-02T06:35:55,84dea9f0-31f0-4587-b81f-25542bbcfd6e,COSCO,Shanghai,Rotterdam,2026-09-07T06:35:55,2026-09-07T06:35:55,0.0,3109.0,Electronics
2026-06-29T04:14:48,fa2ac477-6fb6-44c9-b77b-b47c660d2070,Evergreen,Singapore,Felixstowe,2026-07-05T04:14:48,2026-07-05T04:14:48,0.0,6891.1,Chemicals
2026-08-20T16:37:40,8c33f998-7fa9-4db0-baea-92f85032873e,Maersk,Tanger Med,Barcelona,2026-08-25T16:37:40,2026-08-27T03:49:40,35.2,13328.2,Chemicals
2026-05-18T20:11:31,d5fa9952-cfb9-49f3-921a-a68ee3962e8e,CMA-CGM,Tanger Med,Barcelona,2026-06-04T20:11:31,2026-06-04T20:11:31,0.0,9283.2,Chemicals
2026-07-20T01:06:28,c3f302e6-6314-4a88-8009-f1b7864fbcb7,Maersk,Shenzhen,Hamburg,2026-08-14T01:06:28,2026-08-14T01:06:28,0.0,13799.1,Food
2026-07-10T05:37:54,35f7523f-509e-4771-8276-ec0f4d3ecfc9,Maersk,Singapore,Felixstowe,2026-08-05T05:37:54,2026-08-05T05:37:54,0.0,12539.2,Textiles
2026-02-17T05:50:56,bda0fd2c-c74e-4bee-83ba-0bab5c8d983e,Evergreen,Shanghai,Rotterdam,2026-03-17T05:50:56,2026-03-17T05:50:56,0.0,5508.0,Automotive
2026-07-01T17:20:39,1261f12e-cbf9-4ade-962a-24f336589963,Evergreen,Shenzhen,Hamburg,2026-07-26T17:20:39,2026-07-29T19:32:39,74.2,8527.8,Textiles
2026-06-25T12:24:57,4216acf2-3efb-4bb2-b1e3-df681f4d237b,Comanav,Shenzhen,Hamburg,2026-06-30T12:24:57,2026-06-30T12:24:57,0.0,19647.7,Chemicals
2026-07-17T01:45:03,b565e833-c113-4ed8-9521-f5e8c0f5d3cf,COSCO,Agadir,Hamburg,2026-08-01T01:45:03,2026-08-01T01:45:03,0.0,3825.0,Textiles
2026-02-21T22:57:27,de79e4b9-5fc8-4ea3-92e3-fa26c07b2eb6,Comanav,Casablanca,Marseille,2026-03-15T22:57:27,2026-03-15T22:57:27,0.0,12054.9,Food
2026-03-13T10:54:06,d6c29934-c598-4f69-8df2-65e8cbb7cc17,CMA-CGM,Casablanca,Marseille,2026-04-12T10:54:06,2026-04-12T10:54:06,0.0,7866.2,Electronics
2026-08-17T09:18:23,9f57550a-d4b0-4dcd-9643-44665ca1e62e,CMA-CGM,Casablanca,Marseille,2026-08-23T09:18:23,2026-08-26T23:00:23,85.7,6397.6,Textiles
2026-07-28T10:37:14,dae555b4-a227-4519-95f3-bf51e872bd8c,COSCO,Busan,Los Angeles,2026-08-25T10:37:14,2026-08-25T10:37:14,0.0,9721.6,Textiles
2026-03-10T11:20:41,da8a1960-0817-469e-a95f-44750e3446f6,Comanav,Ningbo,New York,2026-03-17T11:20:41,2026-03-17T11:20:41,0.0,19134.5,Automotive
2026-05-21T10:17:30,e92863d8-696f-4056-b806-32aaf209585f,Marsa Maroc,Ningbo,New York,2026-06-04T10:17:30,2026-06-04T10:17:30,0.0,19089.2,Chemicals
2026-07-26T15:21:48,9304c162-2e29-4881-9a38-5c8cfee0752c,Comanav,Ningbo,New York,2026-08-01T15:21:48,2026-08-01T15:21:48,0.0,5298.6,Food
2026-03-11T05:51:05,3b322734-d244-4395-9071-02e30f3a3601,MSC,Shenzhen,Hamburg,2026-03-16T05:51:05,2026-03-16T05:51:05,0.0,2572.2,Electronics
2026-07-07T10:48:34,bc39e0c3-4475-4c1e-9a1d-a3e793dfeb02,COSCO,Casablanca,Marseille,2026-07-29T10:48:34,2026-07-29T10:48:34,0.0,15226.5,Electronics
2026-02-19T03:28:00,ee172899-f6b2-4d20-a7e9-713c45f22818,Maersk,Agadir,Hamburg,2026-03-20T03:28:00,2026-03-20T03:28:00,0.0,23056.2,Textiles
2026-04-16T17:32:00,3f763b30-4367-4de0-b28c-0635975b7883,Comanav,Casablanca,Marseille,2026-05-13T17:32:00,2026-05-13T17:32:00,0.0,9081.8,Chemicals
2026-06-11T01:59:18,3822a134-c73a-45db-b265-d3699049b63d,Maersk,Busan,Los Angeles,2026-06-22T01:59:18,2026-06-22T01:59:18,0.0,10666.4,Electronics
2026-07-31T16:56:20,d062f4b3-bc65-436a-b5a4-b468e874fd05,Marsa Maroc,Agadir,Hamburg,2026-08-18T16:56:20,2026-08-18T16:56:20,0.0,7949.1,Textiles
2026-07-09T14:00:02,f0583977-ba6e-45ec-8a76-2102e7ae6b64,Marsa Maroc,Agadir,Hamburg,2026-08-02T14:00:02,2026-08-02T14:00:02,0.0,12962.4,Food
2026-05-30T06:39:01,36cbf7ee-102b-4fb6-aeaf-79c5f8ecfc17,Marsa Maroc,Singapore,Felixstowe,2026-06-27T06:39:01,2026-06-27T06:39:01,0.0,6199.4,Food
2026-06-11T00:55:01,f1911e7d-9a97-443e-9551-6bdf508df5c9,Marsa Maroc,Tanger Med,Barcelona,2026-06-20T00:55:01,2026-06-20T00:55:01,0.0,9584.2,Chemicals
2026-07-31T04:04:02,45890284-14c4-40d6-bf62-bf07cccc5220,COSCO,Tanger Med,Barcelona,2026-08-27T04:04:02,2026-08-31T17:28:02,109.4,11488.1,Automotive
2026-04-20T15:46:03,c4bec60c-0f3d-4ea8-954d-8c21dd98fb95,COSCO,Tanger Med,Barcelona,2026-05-04T15:46:03,2026-05-04T15:46:03,0.0,9254.5,Chemicals
2026-07-17T01:37:58,6c14224a-4e33-419c-aa6b-3d6a214504ca,MSC,Singapore,Felixstowe,2026-08-12T01:37:58,2026-08-12T01:37:58,0.0,3829.7,Automotive
2026-06-01T08:11:26,3e9b170e-3041-49ce-ab9f-b9a0bbdbee26,COSCO,Singapore,Felixstowe,2026-06-23T08:11:26,2026-06-23T08:11:26,0.0,1507.9,Food
2026-03-02T04:24:42,2e9827f4-1795-4cfe-8328-ca2f8d006a5f,Evergreen,Ningbo,New York,2026-03-22T04:24:42,2026-03-23T21:00:42,40.6,12647.0,Textiles
2026-04-11T05:46:09,72c918d7-2834-436b-a8a0-21c8e3423392,Marsa Maroc,Shanghai,Rotterdam,2026-04-25T05:46:09,2026-04-25T05:46:09,0.0,23553.3,Food
2026-08-05T00:52:08,ddecf78e-d7a3-4036-9107-3367ca299fc4,MSC,Shenzhen,Hamburg,2026-08-28T00:52:08,2026-08-28T00:52:08,0.0,5161.3,Chemicals
2026-08-18T10:07:52,f89d0193-5d5e-4b5d-8fa7-40639203fb3e,Comanav,Shanghai,Rotterdam,2026-08-23T10:07:52,2026-08-27T10:49:52,96.7,12166.9,Chemicals
2026-03-16T02:58:09,ad08aa33-3bd7-4e7d-beb2-f913437bb4ae,Evergreen,Singapore,Felixstowe,2026-04-05T02:58:09,2026-04-05T02:58:09,0.0,6995.9,Automotive
2026-08-22T10:28:07,23c87f6b-b023-4f14-9c74-3099c3fc10e2,Comanav,Tanger Med,Rotterdam,2026-09-11T10:28:07,2026-09-11T10:28:07,0.0,9189.9,Textiles
2026-04-02T22:50:08,92334b53-d04f-4d16-a103-eac048e89c9d,CMA-CGM,Busan,Los Angeles,2026-04-13T22:50:08,2026-04-13T22:50:08,0.0,2362.8,Chemicals
2026-04-10T19:35:26,5c5562ba-34af-4c83-9611-21c60012e5a1,Marsa Maroc,Agadir,Hamburg,2026-05-09T19:35:26,2026-05-09T19:35:26,0.0,15738.8,Electronics
2026-03-26T13:08:58,3c47a4b4-964d-4c9c-ae87-9e8f40bc5bae,Marsa Maroc,Tanger Med,Rotterdam,2026-04-22T13:08:58,2026-04-22T13:08:58,0.0,21352.1,Electronics
2026-07-14T15:38:50,2d8ad4d6-1cbd-49ba-8259-057071066ee1,CMA-CGM,Singapore,Felixstowe,2026-07-31T15:38:50,2026-07-31T15:38:50,0.0,12902.9,Automotive
2026-07-26T14:39:07,85a9bc18-5566-4390-a275-faccce3eebe6,Marsa Maroc,Shanghai,Rotterdam,2026-08-08T14:39:07,2026-08-08T14:39:07,0.0,13370.7,Textiles
2026-06-22T14:52:27,a85fc10e-e25c-402a-b8f1-a4d359cfcb1b,CMA-CGM,Singapore,Felixstowe,2026-07-04T14:52:27,2026-07-04T14:52:27,0.0,4917.2,Automotive
2026-08-05T02:33:38,24949d85-2e7e-4ffe-a0af-7fc0cbf3f95f,COSCO,Casablanca,Marseille,2026-08-23T02:33:38,2026-08-26T10:45:38,80.2,22927.8,Electronics
2026-02-19T16:11:51,e97be114-514f-40c5-91a1-fe7d1d67738d,CMA-CGM,Tanger Med,Rotterdam,2026-03-10T16:11:51,2026-03-10T16:11:51,0.0,24988.7,Electronics
2026-04-11T11:16:09,c340e18b-df08-4683-acc1-88e027faee09,Maersk,Tanger Med,Barcelona,2026-05-09T11:16:09,2026-05-09T11:16:09,0.0,8037.8,Textiles
2026-08-17T04:36:39,bcd97013-12e0-4df0-852b-56549172665f,Maersk,Singapore,Felixstowe,2026-08-24T04:36:39,2026-08-24T04:36:39,0.0,19251.9,Food
2026-05-03T10:08:33,3cb67663-7c39-4cf9-9c97-18bf56db2840,Comanav,Singapore,Felixstowe,2026-05-18T10:08:33,2026-05-19T07:32:33,21.4,2994.2,Textiles
2026-07-27T13:57:16,25359a5b-6c8a-4a55-bf36-3730bfdf89d1,MSC,Ningbo,New York,2026-08-24T13:57:16,2026-08-28T15:03:16,97.1,7278.7,Chemicals
2026-03-08T00:32:07,612708de-a682-498b-aae7-02140be08396,CMA-CGM,Tanger Med,Barcelona,2026-04-05T00:32:07,2026-04-05T00:32:07,0.0,11492.6,Electronics
2026-05-08T02:56:09,91000907-5f15-49e4-885f-045524e8f58a,Marsa Maroc,Ningbo,New York,2026-06-06T02:56:09,2026-06-06T02:56:09,0.0,13022.5,Electronics
2026-06-15T20:35:45,492a5d12-a64e-4756-8e1f-6f5f7bfb24ed,Marsa Maroc,Shanghai,Rotterdam,2026-07-04T20:35:45,2026-07-04T20:35:45,0.0,10584.4,Chemicals
2026-04-06T16:32:06,709c38d6-c6ff-43b2-83e2-db48dc7767ae,MSC,Ningbo,New York,2026-05-03T16:32:06,2026-05-03T16:32:06,0.0,18639.2,Automotive
2026-04-02T23:30:56,f47980b0-119f-4cce-a916-73fc7643b7bb,COSCO,Shenzhen,Hamburg,2026-04-17T23:30:56,2026-04-21T02:48:56,75.3,911.0,Food
2026-03-09T09:57:50,f7b38222-bcf8-4b52-b8b5-4e182c13514d,CMA-CGM,Tanger Med,Barcelona,2026-04-05T09:57:50,2026-04-05T09:57:50,0.0,6200.4,Automotive
2026-04-04T08:05:39,e6d4273d-dd98-4996-9988-9fa6f8bc07e8,Marsa Maroc,Tanger Med,Rotterdam,2026-04-14T08:05:39,2026-04-14T08:05:39,0.0,5055.4,Chemicals
2026-08-17T12:41:48,fd5380d7-7973-4a60-a21b-04aca70228fc,Comanav,Shanghai,Rotterdam,2026-08-22T12:41:48,2026-08-22T12:41:48,0.0,21035.3,Automotive
2026-07-09T22:52:39,f03f6913-97eb-4f22-b697-9c911368ab51,COSCO,Ningbo,New York,2026-07-19T22:52:39,2026-07-20T18:04:39,19.2,1842.5,Electronics
2026-03-12T03:06:52,0e0018fd-b451-4474-87f6-7ac0d503c71c,Maersk,Agadir,Hamburg,2026-04-03T03:06:52,2026-04-03T03:06:52,0.0,1289.7,Chemicals
2026-07-16T03:57:13,30f0f9a9-3808-40b8-ac41-4fe986438cca,COSCO,Shanghai,Rotterdam,2026-07-28T03:57:13,2026-07-28T03:57:13,0.0,14974.1,Electronics
2026-04-04T02:22:22,cf114c32-f67d-4e60-ae10-8dd91d40766f,COSCO,Shanghai,Rotterdam,2026-05-02T02:22:22,2026-05-02T02:22:22,0.0,8819.8,Textiles
2026-07-12T01:32:26,fdb27920-cbf2-4170-9b60-16deae1ffe73,CMA-CGM,Busan,Los Angeles,2026-07-26T01:32:26,2026-07-26T01:32:26,0.0,565.2,Textiles
2026-07-18T19:30:52,e7864f08-30fc-4585-bc78-69ebb229c315,CMA-CGM,Shanghai,Rotterdam,2026-07-26T19:30:52,2026-07-26T19:30:52,0.0,22481.2,Automotive
2026-02-25T01:14:03,11808301-080d-40f3-a532-a0964971b8cb,Comanav,Agadir,Hamburg,2026-03-18T01:14:03,2026-03-18T01:14:03,0.0,6028.7,Textiles
2026-04-08T08:45:48,9a3aa394-15b5-4bc4-8bcd-f2db76dfbc83,Evergreen,Tanger Med,Barcelona,2026-05-06T08:45:48,2026-05-06T08:45:48,0.0,18992.2,Chemicals
2026-06-19T04:13:35,4d91fff6-98fd-414a-8cc8-6cf3bddf1836,CMA-CGM,Singapore,Felixstowe,2026-07-09T04:13:35,2026-07-09T04:13:35,0.0,2840.0,Electronics
2026-04-21T06:56:15,2a607487-aa0f-4e15-a925-14c2e38302f4,CMA-CGM,Agadir,Hamburg,2026-04-28T06:56:15,2026-04-28T06:56:15,0.0,5103.5,Automotive
2026-04-16T23:06:21,06ba6eb6-22d2-45d7-a001-9db5a9b94639,Evergreen,Shenzhen,Hamburg,2026-05-02T23:06:21,2026-05-02T23:06:21,0.0,22567.2,Chemicals
2026-04-19T03:50:18,4806ac9e-287d-41b9-9726-62f51c09573e,Evergreen,Shenzhen,Hamburg,2026-04-26T03:50:18,2026-04-26T03:50:18,0.0,23796.2,Food
2026-04-14T11:09:32,58e315af-1a8d-4483-a1bb-92f5500ca1f1,CMA-CGM,Ningbo,New York,2026-05-09T11:09:32,2026-05-09T11:09:32,0.0,3413.7,Food
2026-02-24T22:14:54,a4d30cac-ef1f-4210-8fb3-dbc8079bfb16,CMA-CGM,Shenzhen,Hamburg,2026-03-20T22:14:54,2026-03-20T22:14:54,0.0,1918.2,Food
2026-07-14T22:47:05,b7cdf8b9-cecc-4ce4-bf67-336f03ce8679,CMA-CGM,Ningbo,New York,2026-08-10T22:47:05,2026-08-15T00:29:05,97.7,2361.4,Automotive
2026-06-13T15:20:52,2ca66167-c129-4fd8-b263-c7559dbd9157,COSCO,Ningbo,New York,2026-06-28T15:20:52,2026-06-28T15:20:52,0.0,13211.3,Electronics
2026-06-13T04:55:10,dcb01214-a416-42bc-8c43-3f2b799d2b8e,COSCO,Singapore,Felixstowe,2026-06-29T04:55:10,2026-06-29T04:55:10,0.0,4856.5,Food
2026-08-13T07:25:41,710e8548-ee04-4556-845d-ed21d8015771,Comanav,Agadir,Hamburg,2026-08-21T07:25:41,2026-08-21T07:25:41,0.0,8120.7,Food
2026-05-25T03:37:46,79abcc78-e1c8-4f81-baad-6b00d038733b,Evergreen,Tanger Med,Barcelona,2026-06-21T03:37:46,2026-06-24T22:43:46,91.1,24822.4,Food
2026-04-27T04:12:32,91844605-b922-467d-aaca-e8aef1ea9e75,Comanav,Tanger Med,Barcelona,2026-05-10T04:12:32,2026-05-11T12:36:32,32.4,3614.8,Food
2026-04-05T15:40:56,86491710-5057-4eeb-a162-cdc1b2dbf7b2,CMA-CGM,Casablanca,Marseille,2026-04-15T15:40:56,2026-04-15T15:40:56,0.0,15402.5,Textiles
2026-04-09T02:19:51,0ef79219-36f7-48e5-9158-454afee73a89,Marsa Maroc,Busan,Los Angeles,2026-04-21T02:19:51,2026-04-25T09:49:51,103.5,21090.2,Electronics
2026-04-27T18:42:53,0ca67ea9-c95c-48f3-91c0-18c1dbd7a27e,Maersk,Casablanca,Marseille,2026-05-18T18:42:53,2026-05-18T18:42:53,0.0,12068.5,Automotive
2026-02-23T08:55:44,af631efb-b7d2-496f-bf84-3686522dba4b,Maersk,Shanghai,Rotterdam,2026-03-02T08:55:44,2026-03-02T08:55:44,0.0,10338.6,Automotive
2026-05-23T07:09:55,9685ccde-d711-46b6-8051-08f59ffe1421,Maersk,Agadir,Hamburg,2026-06-07T07:09:55,2026-06-09T09:39:55,50.5,5296.5,Electronics
2026-02-21T17:47:04,35fa4cd6-c568-4b75-af8c-c96b043b5898,CMA-CGM,Tanger Med,Barcelona,2026-03-05T17:47:04,2026-03-05T17:47:04,0.0,1942.7,Textiles
2026-08-07T02:51:33,a902dc0a-0ff0-4d9d-b5e8-0330b16f17f6,Maersk,Shanghai,Rotterdam,2026-08-26T02:51:33,2026-08-26T02:51:33,0.0,2654.8,Electronics
2026-08-13T06:13:31,2b7a9673-266b-403e-8de3-119f49043aa4,Evergreen,Tanger Med,Rotterdam,2026-09-10T06:13:31,2026-09-10T06:13:31,0.0,15540.8,Textiles
2026-08-22T15:40:57,3e071249-c8bd-4931-8c21-d3df9003ccae,CMA-CGM,Shenzhen,Hamburg,2026-09-10T15:40:57,2026-09-10T15:40:57,0.0,21065.6,Chemicals
2026-02-01T05:35:56,01e7ec00-5993-41ed-975b-fc37daf178d4,Marsa Maroc,Agadir,Hamburg,2026-03-03T05:35:56,2026-03-03T05:35:56,0.0,24704.9,Textiles
2026-08-17T15:26:38,a44b5683-2ea2-46d1-bb1c-8005987a6e4d,Comanav,Tanger Med,Barcelona,2026-09-08T15:26:38,2026-09-08T15:26:38,0.0,5002.2,Food
2026-05-14T09:11:13,c4b4b1ec-1bd7-4437-aad6-02b17c377bfa,MSC,Tanger Med,Barcelona,2026-06-01T09:11:13,2026-06-05T17:47:13,104.6,15149.8,Textiles
2026-05-06T05:24:38,849a2d5f-1a0c-404c-92fa-eb9156676c4f,Maersk,Casablanca,Marseille,2026-05-24T05:24:38,2026-05-24T05:24:38,0.0,2509.8,Food
2026-08-14T17:57:25,a0bad504-1434-4bcb-810b-79393accaa59,Maersk,Tanger Med,Barcelona,2026-09-01T17:57:25,2026-09-06T09:03:25,111.1,18831.2,Chemicals
2026-08-18T05:08:57,8c2de00f-9ad1-4734-9442-accbbff34897,Maersk,Tanger Med,Barcelona,2026-08-24T05:08:57,2026-08-28T17:02:57,107.9,21320.6,Food
2026-07-12T06:53:16,2bcbfb18-9e04-4636-aa17-0349247d557c,MSC,Casablanca,Marseille,2026-08-07T06:53:16,2026-08-07T06:53:16,0.0,20101.5,Electronics
2026-08-10T14:34:36,8ac33cba-e7ec-45e6-8615-bcab89267ecc,Evergreen,Singapore,Felixstowe,2026-08-19T14:34:36,2026-08-19T14:34:36,0.0,12834.7,Automotive
2026-03-24T20:06:26,68cbb2ce-7b84-44de-ae8d-a7ad5026b17e,Marsa Maroc,Casablanca,Marseille,2026-03-31T20:06:26,2026-03-31T20:06:26,0.0,12730.9,Chemicals
2026-02-01T13:15:54,7e459c01-434a-454b-bea2-e4ea7d75791c,Marsa Maroc,Casablanca,Marseille,2026-03-03T13:15:54,2026-03-03T13:15:54,0.0,15647.9,Chemicals
2026-05-14T00:53:31,5cdaa99d-12ee-4c4d-a253-4d1d38106b8c,Maersk,Casablanca,Marseille,2026-06-04T00:53:31,2026-06-04T00:53:31,0.0,7139.3,Food
2026-06-12T00:12:01,53ffa2c3-68b9-43b2-ab1e-0b45de8115eb,Marsa Maroc,Tanger Med,Barcelona,2026-06-17T00:12:01,2026-06-17T00:12:01,0.0,14433.2,Automotive
2026-05-11T15:19:21,2bde4644-5003-49d1-a8c2-956b411fe081,COSCO,Shenzhen,Hamburg,2026-05-20T15:19:21,2026-05-20T15:19:21,0.0,14006.1,Chemicals
2026-03-08T23:57:22,ab118162-2e30-4034-82cc-94f221a6e372,Marsa Maroc,Tanger Med,Rotterdam,2026-03-19T23:57:22,2026-03-19T23:57:22,0.0,1247.4,Chemicals
2026-04-26T18:50:00,ce8408fc-6b36-4af2-8abd-acde89d68e00,Evergreen,Shanghai,Rotterdam,2026-05-11T18:50:00,2026-05-11T18:50:00,0.0,18507.9,Textiles
2026-04-08T13:50:51,dbef7f34-38e4-47a0-99ff-c96d8fff9e96,Evergreen,Agadir,Hamburg,2026-04-27T13:50:51,2026-04-28T17:26:51,27.6,9066.4,Textiles
2026-02-23T09:13:59,1ca4a643-f197-4897-838f-c0f430cf3dba,MSC,Shenzhen,Hamburg,2026-03-22T09:13:59,2026-03-22T09:13:59,0.0,8614.0,Food
2026-07-05T13:06:02,55222db9-5509-465b-97ab-73b661933cd8,Marsa Maroc,Tanger Med,Rotterdam,2026-07-14T13:06:02,2026-07-19T07:30:02,114.4,10286.1,Chemicals
2026-02-21T06:15:54,8191284f-fbc6-491b-b60e-54e205ebd935,CMA-CGM,Tanger Med,Rotterdam,2026-03-15T06:15:54,2026-03-15T06:15:54,0.0,19886.7,Automotive
