shipment_id,carrier,origin_city,dest_city,planned_eta,actual_eta,delay_hours,weight_kg,commodity
42079ef9-af4e-44a9-b6b4-3d6c3ef2d6ee,Maersk,Tanger Med,Barcelona,2026-04-13T05:40:50,2026-04-13T05:40:50,0.0,6499.9,Automotive
ef33b186-707c-4b71-8939-94a5b742af00,Marsa Maroc,Tanger Med,Barcelona,2026-03-10T17:07:01,2026-03-10T17:07:01,0.0,13861.5,Food
9daf3982-83e1-42a8-a675-1fe7993157c3,Maersk,Singapore,Felixstowe,2026-06-15T19:27:32,2026-06-15T19:27:32,0.0,5856.6,Food
16d38cb9-296c-4dde-bedf-924d4deebff6,Evergreen,Tanger Med,Rotterdam,2026-06-04T02:33:27,2026-06-04T02:33:27,0.0,16422.2,Food
6366138f-af94-4032-a4a7-1942d7f2c3b8,MSC,Singapore,Felixstowe,2026-05-26T16:28:29,2026-05-26T16:28:29,0.0,7315.7,Electronics
e667dc36-d26f-4443-819a-a38bea21a2f5,Marsa Maroc,Casablanca,Marseille,2026-04-24T04:35:15,2026-04-24T04:35:15,0.0,7307.8,Automotive
d4e0ad36-2b4c-41f1-9047-94f29579e537,Maersk,Shenzhen,Hamburg,2026-04-09T19:19:27,2026-04-09T19:19:27,0.0,2869.6,Textiles
ae3fd718-fbe3-4ce3-9bc3-584f1f648e76,Comanav,Shanghai,Rotterdam,2026-04-03T18:19:43,2026-04-03T18:19:43,0.0,11755.9,Electronics
b1200bf1-a922-4f6f-8d69-80ededeeee31,Maersk,Singapore,Felixstowe,2026-08-11T20:35:47,2026-08-11T20:35:47,0.0,20820.4,Food
e0fd1a17-84c3-4d6a-86ec-2fff7321f403,Evergreen,Shenzhen,Hamburg,2026-03-13T08:14:09,2026-03-13T08:14:09,0.0,2204.1,Automotive
94c811d4-761b-4724-884a-c1554827834f,Maersk,Shanghai,Rotterdam,2026-03-12T13:43:48,2026-03-12T13:43:48,0.0,21728.8,Chemicals
f0e4e468-c003-4d78-840f-e61742260909,COSCO,Shanghai,Rotterdam,2026-04-06T09:18:10,2026-04-06T09:18:10,0.0,9438.4,Textiles
c3f4b7a3-8245-40c9-9b5f-cede56846fc1,MSC,Shenzhen,Hamburg,2026-05-24T21:51:13,2026-05-24T21:51:13,0.0,17694.6,Electronics
fe7b72ae-885f-4123-86da-e4ff018cf9d2,Evergreen,Casablanca,Marseille,2026-05-30T08:33:24,2026-05-30T08:33:24,0.0,4503.4,Chemicals
e65bc2c6-500c-45c0-a180-7ca1ef0e9b13,Marsa Maroc,Shanghai,Rotterdam,2026-09-13T06:15:09,2026-09-13T06:15:09,0.0,5880.6,Textiles
5e5a753a-f216-4cdb-b6fe-d1c1499e18f6,MSC,Tanger Med,Rotterdam,2026-03-11T07:19:59,2026-03-15T10:13:59,98.9,10328.5,Electronics
88f1d54b-a5a9-449e-8e1b-3619ea78cef8,Evergreen,Agadir,Hamburg,2026-05-17T05:18:04,2026-05-19T03:18:04,46.0,16558.2,Chemicals
dbdeef0a-2e2d-4f0d-9f68-5becf801bcac,MSC,Busan,Los Angeles,2026-08-10T22:12:29,2026-08-10T22:12:29,0.0,6542.4,Food
ff2720dd-fe7c-4e34-b8b5-f6da954b30d3,CMA-CGM,Ningbo,New York,2026-05-25T14:39:19,2026-05-25T14:39:19,0.0,10996.6,Food
e60912d6-b26e-4906-951f-77c31e8791dd,CMA-CGM,Singapore,Felixstowe,2026-08-22T10:55:54,2026-08-22T10:55:54,0.0,24939.7,Food
ef5acaac-7587-4df5-8a4e-b17bcd8d8fee,Maersk,Busan,Los Angeles,2026-06-17T00:55:31,2026-06-17T00:55:31,0.0,21597.0,Automotive
07a57c2c-b3e7-4708-9acd-c8b470e2fb2e,Comanav,Casablanca,Marseille,2026-03-03T12:34:22,2026-03-03T12:34:22,0.0,15112.0,Chemicals
d438fb3c-12ba-4f44-9769-4dcb5cc6eeae,Evergreen,Singapore,Felixstowe,2026-05-02T00:07:57,2026-05-04T21:13:57,69.1,24291.4,Electronics
d34c2afe-0f9d-4c76-a85f-f26bc8da3242,Marsa Maroc,Tanger Med,Barcelona,2026-08-12T03:03:06,2026-08-16T00:09:06,93.1,19330.7,Textiles
99180b17-c411-46e4-9b35-676326841d12,CMA-CGM,Tanger Med,Barcelona,2026-07-11T03:21:52,2026-07-11T03:21:52,0.0,11616.2,Textiles
4c139e68-8382-4790-bd52-6fa49c7ee28b,Comanav,Ningbo,New York,2026-06-16T21:56:55,2026-06-16T21:56:55,0.0,22859.4,Textiles
0b873e0f-709c-4c4c-8c62-fa0204fd7a82,Evergreen,Ningbo,New York,2026-04-30T09:10:26,2026-04-30T09:10:26,0.0,9660.9,Automotive
1578e37c-5d46-4d4c-9d08-fcfc9e0830be,Comanav,Ningbo,New York,2026-05-23T14:52:10,2026-05-28T06:04:10,111.2,15174.1,Chemicals
6df5fd98-05a2-4468-8f9f-3e3f2cc4f964,Maersk,Tanger Med,Rotterdam,2026-07-09T17:17:18,2026-07-14T04:11:18,106.9,20875.8,Textiles
48507a7c-3498-411d-8159-43ea35618b7b,Maersk,Agadir,Hamburg,2026-04-09T16:40:07,2026-04-09T16:40:07,0.0,14400.2,Electronics
0f9d5773-d178-4f3d-b211-98ccf382ce07,Marsa Maroc,Tanger Med,Barcelona,2026-04-06T00:27:14,2026-04-06T00:27:14,0.0,2195.7,Food
77b3c38a-191e-464f-914c-a89e6331b85a,MSC,Casablanca,Marseille,2026-07-26T13:10:44,2026-07-26T13:10:44,0.0,23697.8,Automotive
98e3527e-47f5-4ada-83c9-9ad01418fa6f,Evergreen,Shanghai,Rotterdam,2026-04-07T13:27:43,2026-04-09T23:09:43,57.7,5689.1,Food
7cf9debe-9568-4653-8d47-42e7fcd91952,Marsa Maroc,Agadir,Hamburg,2026-07-18T09:55:49,2026-07-18T09:55:49,0.0,24881.2,Textiles
8474cfa2-1f11-4730-aa0a-f9151611f247,Evergreen,Busan,Los Angeles,2026-07-12T13:53:58,2026-07-12T13:53:58,0.0,6573.7,Electronics
d428a1e0-0e7a-45fc-8913-0cc10ef9c641,Maersk,Shenzhen,Hamburg,2026-06-11T17:30:47,2026-06-11T17:30:47,0.0,6137.8,Automotive
1e8104be-e74e-4f6a-87ac-5d1a19240d7f,Maersk,Tanger Med,Rotterdam,2026-03-17T20:59:14,2026-03-17T20:59:14,0.0,1942.4,Electronics
db43b89c-e50c-40ce-be40-3391bb3dae65,Comanav,Tanger Med,Rotterdam,2026-08-26T10:09:00,2026-08-26T10:09:00,0.0,13096.8,Textiles
a33b790b-96c4-4028-b977-2d4aa7f7ab21,MSC,Busan,Los Angeles,2026-04-18T11:27:50,2026-04-18T11:27:50,0.0,18222.1,Food
5899fa26-fb1c-4f55-8478-5f9c1bafaaf3,MSC,Busan,Los Angeles,2026-07-26T00:11:46,2026-07-26T00:11:46,0.0,20283.7,Automotive
2ac8366d-4195-47ec-86a9-a505d8ab40b7,Maersk,Tanger Med,Barcelona,2026-03-31T14:28:15,2026-03-31T14:28:15,0.0,9180.3,Chemicals
6a6e5326-2990-4abc-ae9c-b20eb40a86ac,Comanav,Busan,Los Angeles,2026-06-22T20:37:10,2026-06-22T20:37:10,0.0,16997.4,Electronics
7333ca76-8219-43de-ae87-276f69f5ff06,COSCO,Tanger Med,Rotterdam,2026-07-19T10:40:57,2026-07-19T10:40:57,0.0,20114.5,Electronics
b681efdd-8a31-49a2-9488-048b1c56d21e,MSC,Agadir,Hamburg,2026-05-14T16:15:34,2026-05-14T16:15:34,0.0,11491.0,Chemicals
22e1c2f8-c529-4ebb-b05c-47e1dd6a16da,CMA-CGM,Casablanca,Marseille,2026-03-28T00:18:03,2026-03-28T00:18:03,0.0,21924.9,Electronics
aaaca708-9ce8-4cb5-b1cf-23e167507c6d,Comanav,Busan,Los Angeles,2026-03-18T19:06:51,2026-03-21T18:30:51,71.4,1739.4,Food
fbb80a41-135c-43dd-8d08-2ebd55f21295,Maersk,Tanger Med,Rotterdam,2026-05-28T12:09:57,2026-06-01T19:51:57,103.7,4574.6,Chemicals
d8e3f72b-d563-4e2b-a2d3-3d5791fe334a,MSC,Busan,Los Angeles,2026-06-21T09:17:28,2026-06-25T22:47:28,109.5,4533.6,Electronics
4709c844-93b2-4e41-ba30-bc01bba50a00,CMA-CGM,Singapore,Felixstowe,2026-03-31T23:42:54,2026-04-05T00:30:54,96.8,7488.6,Food
2818022f-767c-4923-bdbe-2a719abfd2cc,MSC,Busan,Los Angeles,2026-05-30T09:46:05,2026-05-30T09:46:05,0.0,5833.7,Electronics
5efe7764-e7a0-4506-a076-b16b191536ac,Maersk,Ningbo,New York,2026-04-09T05:24:05,2026-04-09T05:24:05,0.0,1900.5,Food
60724615-337d-41eb-add1-e4c4de1063f9,Evergreen,Busan,Los Angeles,2026-07-26T15:01:59,2026-07-29T12:25:59,69.4,1893.5,Food
726cb006-5494-4ea0-b55c-02141fa2c018,Comanav,Tanger Med,Barcelona,2026-06-16T22:54:06,2026-06-16T22:54:06,0.0,15078.4,Automotive
5b9a5d02-668f-4381-89e6-dfe4fc77ebbc,Maersk,Singapore,Felixstowe,2026-08-24T02:05:25,2026-08-27T03:35:25,73.5,14683.5,Electronics
f1ba1351-4e9f-4b0b-b9b8-becc2cadd5c3,COSCO,Tanger Med,Barcelona,2026-07-20T16:28:56,2026-07-20T16:28:56,0.0,14348.1,Textiles
22162d00-41a8-430d-9808-d665e2455f92,MSC,Shanghai,Rotterdam,2026-05-03T04:02:45,2026-05-03T04:02:45,0.0,8197.5,Textiles
96ab9256-1703-41a1-834d-89ab6ed3dd33,MSC,Singapore,Felixstowe,2026-07-22T18:20:12,2026-07-22T18:20:12,0.0,7849.9,Textiles
15745b4e-1838-4d28-b3c1-1b757248fb62,Maersk,Tanger Med,Barcelona,2026-07-16T23:21:46,2026-07-16T23:21:46,0.0,24962.1,Electronics
6b7759ad-4b73-4cd6-959a-a207403a9849,Evergreen,Tanger Med,Barcelona,2026-05-21T08:44:49,2026-05-21T08:44:49,0.0,6997.4,Textiles
334aad96-a9ae-45ca-8a3a-3f7b71773033,MSC,Tanger Med,Barcelona,2026-06-12T16:24:49,2026-06-12T16:24:49,0.0,4364.8,Food
0982b543-3049-4107-b4a6-23107c9537f1,Evergreen,Shanghai,Rotterdam,2026-03-28T17:31:10,2026-04-01T20:43:10,99.2,13459.0,Food
4a98be69-3070-4e07-a794-62dd4cf4bd61,Marsa Maroc,Shanghai,Rotterdam,2026-05-06T11:07:40,2026-05-06T11:07:40,0.0,22014.1,Textiles
d35037c1-8229-489a-a6a5-93a9cc5d9c54,Maersk,Tanger Med,Barcelona,2026-06-04T01:48:11,2026-06-04T01:48:11,0.0,4308.5,Textiles
f0ebf615-5bf7-40f5-9fe9-0c8ad6d07199,Marsa Maroc,Agadir,Hamburg,2026-05-03T11:01:17,2026-05-03T11:01:17,0.0,17343.7,Textiles
9edd291e-ce2c-4bd6-89d1-f19c93285032,COSCO,Ningbo,New York,2026-08-27T12:34:38,2026-08-27T12:34:38,0.0,22749.9,Electronics
d4291a0d-7366-4992-8439-09b3ccd15d30,Marsa Maroc,Tanger Med,Barcelona,2026-07-26T08:46:51,2026-07-26T08:46:51,0.0,7278.7,Electronics
f438362f-7fc3-49c0-8204-43a57673b956,Comanav,Shenzhen,Hamburg,2026-06-13T20:05:45,2026-06-13T20:05:45,0.0,24505.0,Automotive
1864263b-8be1-4ed9-8fce-268138aff1e9,Evergreen,Busan,Los Angeles,2026-05-25T06:57:42,2026-05-25T06:57:42,0.0,14242.2,Electronics
ddb79484-d816-4c71-9743-354b231ede80,Marsa Maroc,Tanger Med,Barcelona,2026-07-04T22:32:02,2026-07-07T21:26:02,70.9,20947.6,Food
34aba941-5a9b-453b-8e76-e59943808675,MSC,Ningbo,New York,2026-03-22T17:22:46,2026-03-22T17:22:46,0.0,1524.8,Textiles
3eb0db3d-8697-4ce1-a111-d4225ecc007f,CMA-CGM,Tanger Med,Rotterdam,2026-05-28T22:52:57,2026-05-28T22:52:57,0.0,6613.5,Electronics
4e449aae-8bb5-4011-9ed9-d986e0771213,Comanav,Shenzhen,Hamburg,2026-03-13T11:11:45,2026-03-13T11:11:45,0.0,21930.5,Food
14537a19-b8b5-4a05-b0d6-6e45c5c3d7ac,MSC,Casablanca,Marseille,2026-07-01T12:14:07,2026-07-06T09:38:07,117.4,20363.9,Chemicals
98a1bb7d-210b-472d-92db-47f384624b5b,MSC,Tanger Med,Rotterdam,2026-08-03T19:07:36,2026-08-03T19:07:36,0.0,8638.5,Chemicals
76035f2e-ed47-4a48-bf6a-cb4249aef0a3,CMA-CGM,Agadir,Hamburg,2026-06-12T23:31:33,2026-06-12T23:31:33,0.0,17681.3,Chemicals
415c00ad-bd78-4af8-a608-85953dc259f7,Comanav,Tanger Med,Rotterdam,2026-03-26T16:55:21,2026-03-26T16:55:21,0.0,5389.5,Chemicals
312c4db1-ab22-4afa-a25c-dc274f4ab326,CMA-CGM,Shenzhen,Hamburg,2026-05-21T22:30:09,2026-05-21T22:30:09,0.0,21847.4,Automotive
5ae9f2b6-676b-442b-aa85-1fcd2926acaf,Marsa Maroc,Tanger Med,Rotterdam,2026-07-01T05:00:37,2026-07-01T05:00:37,0.0,8542.4,Electronics
37004ed4-9667-4124-a329-1678660f34cb,CMA-CGM,Shanghai,Rotterdam,2026-05-22T13:49:22,2026-05-22T13:49:22,0.0,10292.1,Food
7020cde5-5408-4bb8-81e4-f637d8fb17fd,Maersk,Shenzhen,Hamburg,2026-09-10T21:10:21,2026-09-10T21:10:21,0.0,24274.8,Automotive
12f07019-0b48-4733-915b-cc682075c7c4,Maersk,Shanghai,Rotterdam,2026-08-01T15:33:23,2026-08-01T15:33:23,0.0,11146.8,Textiles
309de0c4-5fff-43ad-a81e-257dfd5098a8,Evergreen,Singapore,Felixstowe,2026-08-26T04:48:33,2026-08-27T05:18:33,24.5,22537.9,Automotive
9b26dc38-f407-4c96-a50b-05a289bc317e,Maersk,Shanghai,Rotterdam,2026-04-25T11:39:35,2026-04-25T11:39:35,0.0,541.4,Food
6a68211f-acfd-4fb8-98df-38f1f6e1a817,CMA-CGM,Agadir,Hamburg,2026-06-11T20:51:43,2026-06-11T20:51:43,0.0,23747.4,Textiles
5775475b-c948-42ad-9da4-66f3b3c77984,Marsa Maroc,Shenzhen,Hamburg,2026-04-24T05:26:56,2026-04-27T23:08:56,89.7,7857.9,Textiles
d3373705-8f04-4a71-bf00-c9cd0d2afe2d,CMA-CGM,Singapore,Felixstowe,2026-06-04T18:44:05,2026-06-04T18:44:05,0.0,7743.6,Automotive
cb56cc0a-49ca-46a1-a295-3fd25c52a1f1,COSCO,Agadir,Hamburg,2026-06-11T00:55:45,2026-06-11T00:55:45,0.0,9789.1,Automotive
7bdeaaaa-1766-4b70-925a-af1b0b15d79a,COSCO,Shanghai,Rotterdam,2026-08-14T09:17:33,2026-08-14T09:17:33,0.0,509.9,Textiles
59201693-38b5-492e-89ef-72e4b4a19135,COSCO,Agadir,Hamburg,2026-08-03T02:40:57,2026-08-03T02:40:57,0.0,15363.2,Textiles
078a8bdf-3b84-4345-8e5f-e605106860cd,COSCO,Busan,Los Angeles,2026-07-19T14:03:05,2026-07-19T14:03:05,0.0,5735.7,Chemicals
83989330-8f2c-415b-8e83-1008ae67903a,Marsa Maroc,Casablanca,Marseille,2026-05-25T04:13:03,2026-05-25T04:13:03,0.0,13128.6,Food
05d62260-6582-4fb6-b7ef-7ae03fa4d302,Maersk,Shenzhen,Hamburg,2026-04-23T17:20:43,2026-04-23T17:20:43,0.0,18902.9,Textiles
6475a0d1-85ec-4af2-ae84-f9b8d2a885e4,Comanav,Agadir,Hamburg,2026-09-14T21:07:45,2026-09-14T21:07:45,0.0,1098.4,Automotive
a561f015-801a-4360-93fd-739c166fdf78,Evergreen,Busan,Los Angeles,2026-09-08T15:54:03,2026-09-09T11:48:03,19.9,10653.8,Food
22c19bd4-3016-4df5-91f9-a0c5fec72905,Marsa Maroc,Agadir,Hamburg,2026-04-05T07:20:13,2026-04-05T07:20:13,0.0,12612.2,Automotive
dd423bc0-9d3e-40b2-b652-9bfd4fd140c7,Marsa Maroc,Casablanca,Marseille,2026-03-19T07:09:23,2026-03-19T07:09:23,0.0,22370.2,Electronics
e3e6335e-3040-43cd-9c9d-136210c5e639,MSC,Singapore,Felixstowe,2026-04-12T14:00:14,2026-04-12T14:00:14,0.0,23970.2,Food
e0c59e59-9587-46ea-84be-0ffb61d71d6f,Maersk,Busan,Los Angeles,2026-04-29T08:35:03,2026-04-29T08:35:03,0.0,22978.0,Electronics
a0833450-587c-4a20-b245-56848dab4448,MSC,Busan,Los Angeles,2026-05-02T03:08:25,2026-05-02T03:08:25,0.0,16855.7,Food
26ef55d0-f2a0-4430-a4a7-58574d485e2b,Comanav,Shenzhen,Hamburg,2026-08-11T22:48:57,2026-08-15T05:00:57,78.2,18122.2,Food
4a9f0bab-100e-45e9-aa26-3658687a4b1a,Comanav,Singapore,Felixstowe,2026-03-25T16:07:16,2026-03-28T04:19:16,60.2,4399.4,Chemicals
7b3cac3e-6af3-4ea1-ae79-1082100f1cf5,CMA-CGM,Busan,Los Angeles,2026-07-28T10:17:28,2026-07-28T10:17:28,0.0,21076.6,Textiles
d4eeb3c4-1db4-4d6e-976d-f36b549057fc,COSCO,Ningbo,New York,2026-07-27T04:56:58,2026-07-27T04:56:58,0.0,7227.6,Electronics
746b3fdc-0274-4776-9c8b-e4475e97e897,MSC,Shanghai,Rotterdam,2026-08-29T18:32:28,2026-08-29T18:32:28,0.0,8332.9,Food
2c20fbdb-183c-4715-a9e4-e1914925c989,MSC,Tanger Med,Barcelona,2026-06-06T15:20:57,2026-06-06T15:20:57,0.0,9884.4,Automotive
22e2d2fa-41a4-4b52-abfd-93ccc32f0f90,Maersk,Agadir,Hamburg,2026-03-05T11:00:39,2026-03-05T11:00:39,0.0,8606.6,Chemicals
d86827dc-9b15-45d9-abe6-3c83cb63bc46,Maersk,Singapore,Felixstowe,2026-04-14T11:41:58,2026-04-14T11:41:58,0.0,10793.5,Food
eed7c10a-08d9-4409-baea-cc6773760a55,Comanav,Tanger Med,Rotterdam,2026-06-12T14:59:27,2026-06-15T17:11:27,74.2,12186.0,Textiles
217a15d8-f853-4395-8dba-76fab7d73885,Comanav,Shanghai,Rotterdam,2026-07-11T02:39:54,2026-07-11T02:39:54,0.0,22345.2,Chemicals
49f15dfc-c017-49bb-83d1-7f6be353cc3e,Marsa Maroc,Ningbo,New York,2026-04-13T07:44:29,2026-04-13T07:44:29,0.0,20096.8,Automotive
f2516f9d-f7b5-4ce4-9b80-238143bed419,MSC,Busan,Los Angeles,2026-06-22T23:37:10,2026-06-22T23:37:10,0.0,12398.2,Chemicals
57d0a82e-a533-4972-b475-a3b482d5178d,Marsa Maroc,Shenzhen,Hamburg,2026-08-16T20:18:21,2026-08-16T20:18:21,0.0,10405.8,Automotive
5a5a0f4e-4a5b-455f-a669-de15fe4b7932,MSC,Busan,Los Angeles,2026-05-01T10:08:13,2026-05-04T07:50:13,69.7,22719.8,Food
a1e84156-7cb8-452a-a982-451745e00cd5,Maersk,Tanger Med,Rotterdam,2026-08-24T05:00:41,2026-08-24T05:00:41,0.0,3824.6,Chemicals
6da2a3a9-066c-48ff-9f23-6425c6d59a13,Maersk,Casablanca,Marseille,2026-03-02T06:14:54,2026-03-02T06:14:54,0.0,8520.1,Chemicals
df17cd9e-a345-498f-bf3e-2ded187fd26c,CMA-CGM,Shenzhen,Hamburg,2026-06-11T06:57:49,2026-06-11T06:57:49,0.0,9788.6,Chemicals
01d590d5-a204-47fa-ab5d-658ba754b35c,Comanav,Shanghai,Rotterdam,2026-09-11T09:48:02,2026-09-11T09:48:02,0.0,974.9,Food
44fe27d8-2cdc-4d5b-a6e2-52ad26ea94a0,CMA-CGM,Tanger Med,Rotterdam,2026-05-09T09:09:22,2026-05-09T09:09:22,0.0,2181.2,Electronics
b1cebbc8-1cc7-4a02-8c7b-ed3591db6a77,MSC,Tanger Med,Rotterdam,2026-09-14T03:56:10,2026-09-14T03:56:10,0.0,999.3,Automotive
f0a60a51-3d8b-4aa3-a1ef-890a61b254b4,MSC,Agadir,Hamburg,2026-04-11T07:49:14,2026-04-11T07:49:14,0.0,3302.5,Automotive
eb2c06fc-17a1-4953-ae3e-ea172a77277d,Marsa Maroc,Busan,Los Angeles,2026-06-24T21:42:25,2026-06-24T21:42:25,0.0,9537.9,Food
932534a5-24da-4b4d-891c-2b2a68350387,Comanav,Tanger Med,Barcelona,2026-09-14T03:45:39,2026-09-18T23:57:39,116.2,3148.4,Electronics
bfa7f70d-2460-4b7e-b474-26bdb17be16e,Evergreen,Shanghai,Rotterdam,2026-05-17T05:59:09,2026-05-17T05:59:09,0.0,23975.2,Chemicals
41c394f3-0e3a-429e-a3ae-43e3dad8b957,Maersk,Agadir,Hamburg,2026-04-29T08:33:54,2026-04-29T08:33:54,0.0,20849.0,Automotive
2e8795ac-21c0-4d5e-8af7-efdcfd94fd03,Marsa Maroc,Tanger Med,Barcelona,2026-07-24T05:07:46,2026-07-24T05:07:46,0.0,21332.2,Food
27975fae-7387-4b8b-b603-ffeb3e0a99ec,Comanav,Tanger Med,Barcelona,2026-05-02T17:44:46,2026-05-06T18:14:46,96.5,9006.5,Chemicals
464bde16-0c68-4fc7-8bf3-f70775a9ae2b,Maersk,Shenzhen,Hamburg,2026-03-01T05:19:49,2026-03-01T05:19:49,0.0,8860.2,Chemicals
74eb88fc-c428-46e2-a3e9-df0a51dc3021,Maersk,Busan,Los Angeles,2026-07-04T21:21:12,2026-07-04T21:21:12,0.0,9373.6,Chemicals
25896594-8d74-4872-a1f0-60cb71be20d6,COSCO,Casablanca,Marseille,2026-09-06T18:08:07,2026-09-06T18:08:07,0.0,13282.8,Textiles
1c8e18fd-bfe7-48ae-a5c9-127cd0a0151c,Comanav,Ningbo,New York,2026-03-08T13:32:11,2026-03-08T13:32:11,0.0,11171.6,Food
e79e9080-0456-40da-8408-8f550b428090,CMA-CGM,Shanghai,Rotterdam,2026-04-13T10:40:57,2026-04-17T16:22:57,101.7,2623.2,Chemicals
724ca405-4957-40e1-a257-64754ad49bb5,Comanav,Agadir,Hamburg,2026-07-19T23:13:33,2026-07-19T23:13:33,0.0,15453.1,Chemicals
b296e33c-134f-4109-9682-b1c65c3c3f33,Maersk,Shenzhen,Hamburg,2026-06-28T10:14:21,2026-06-28T10:14:21,0.0,8462.8,Chemicals
0dd93ab0-23c3-489e-85a6-24b5f5f5254e,CMA-CGM,Agadir,Hamburg,2026-06-01T23:51:26,2026-06-01T23:51:26,0.0,8838.3,Food
ccbd4b54-796c-43f0-b055-ffe5c7826eb4,Evergreen,Shanghai,Rotterdam,2026-03-23T11:54:06,2026-03-23T11:54:06,0.0,23727.5,Electronics
52c94535-49ee-4d50-8804-f04834ef36c9,Marsa Maroc,Agadir,Hamburg,2026-06-02T13:05:09,2026-06-02T13:05:09,0.0,14101.8,Automotive
78a57138-b45a-4095-9272-95757588c47e,Marsa Maroc,Busan,Los Angeles,2026-03-31T14:04:08,2026-03-31T14:04:08,0.0,11480.3,Electronics
408e0f80-e014-411a-9df8-6fcb25d7945f,CMA-CGM,Tanger Med,Barcelona,2026-04-03T06:20:52,2026-04-03T06:20:52,0.0,17448.8,Textiles
11fa45ad-b79d-40c6-a83e-e1edb4e967c1,COSCO,Shenzhen,Hamburg,2026-09-05T17:45:33,2026-09-05T17:45:33,0.0,8922.1,Food
a6bccb0d-9ad3-4d91-a282-0ffb90d5eda5,CMA-CGM,Shenzhen,Hamburg,2026-03-27T21:06:26,2026-03-27T21:06:26,0.0,7137.5,Textiles
de95ae98-2ea0-41ba-9387-d94803124f44,Maersk,Agadir,Hamburg,2026-04-18T20:10:22,2026-04-18T20:10:22,0.0,8230.9,Food
38f820bd-5d4a-4520-952b-bdab69954e9c,MSC,Casablanca,Marseille,2026-04-19T20:41:42,2026-04-19T20:41:42,0.0,12362.9,Food
465b4191-ac7c-481a-9894-3b05cf255e0f,Evergreen,Ningbo,New York,2026-09-01T13:57:10,2026-09-01T13:57:10,0.0,2962.9,Automotive
903c99f0-3a4f-424f-a584-3807df8e9b1a,MSC,Shanghai,Rotterdam,2026-05-04T03:05:41,2026-05-04T03:05:41,0.0,7905.6,Food
1b11f619-42c5-4bb1-a983-11e79e0d00a7,CMA-CGM,Casablanca,Marseille,2026-06-11T22:30:24,2026-06-11T22:30:24,0.0,1835.9,Textiles
15dd878a-2075-42ad-8b41-9aa4f26097cf,Marsa Maroc,Casablanca,Marseille,2026-08-12T07:55:53,2026-08-15T00:55:53,65.0,21881.6,Food
58e9af0d-e101-40ae-9d11-ec0987b3bbca,COSCO,Shanghai,Rotterdam,2026-05-22T06:06:08,2026-05-22T06:06:08,0.0,8847.3,Electronics
dc296f1e-6fd6-4f53-b007-8ce29a87e650,Comanav,Shanghai,Rotterdam,2026-05-18T02:51:49,2026-05-18T02:51:49,0.0,20641.8,Chemicals
8a319d35-9f1f-44aa-9506-acbbcea8e9b9,Maersk,Busan,Los Angeles,2026-06-30T01:24:23,2026-06-30T01:24:23,0.0,17318.0,Automotive
7aff494d-c7d3-4e7e-8110-cb0eb7491a65,Comanav,Casablanca,Marseille,2026-08-02T22:52:39,2026-08-02T22:52:39,0.0,7944.0,Automotive
ac8a732c-06ec-4380-9696-d06917b51a53,Evergreen,Tanger Med,Barcelona,2026-07-24T00:31:52,2026-07-27T06:01:52,77.5,19873.2,Automotive
ed66e68f-a100-45b4-8cac-c594cc8f2c74,COSCO,Ningbo,New York,2026-08-18T03:23:19,2026-08-18T03:23:19,0.0,11346.7,Food
e7464bd4-0465-464e-9019-5a5cef5ccaeb,CMA-CGM,Singapore,Felixstowe,2026-08-23T08:09:21,2026-08-23T08:09:21,0.0,1975.6,Electronics
ed3dc666-a622-4984-a2a5-d6d943820fc3,Marsa Maroc,Agadir,Hamburg,2026-04-16T23:50:27,2026-04-16T23:50:27,0.0,16680.5,Automotive
cf33af73-9b3a-4963-817f-a4a496009c07,MSC,Agadir,Hamburg,2026-06-05T06:38:52,2026-06-05T06:38:52,0.0,4335.0,Chemicals
63cbe75a-a79c-44d8-96fe-61005a6a93ec,Marsa Maroc,Busan,Los Angeles,2026-05-27T06:19:51,2026-05-27T06:19:51,0.0,7635.9,Automotive
c33b7f5b-4d77-4acf-a5ad-ca9742ad76dd,Marsa Maroc,Shanghai,Rotterdam,2026-03-25T20:45:52,2026-03-25T20:45:52,0.0,21560.4,Electronics
be3ea501-704e-400b-abea-c9a3885c0342,CMA-CGM,Agadir,Hamburg,2026-07-10T07:11:09,2026-07-10T07:11:09,0.0,15813.9,Automotive
d20b8d8a-b820-4c8c-9105-32e76ad629b0,Maersk,Singapore,Felixstowe,2026-03-09T04:03:12,2026-03-09T04:03:12,0.0,16367.1,Textiles
35d3ec56-21f4-4c3e-949d-d083cddad2ac,Maersk,Casablanca,Marseille,2026-05-29T08:49:29,2026-05-29T08:49:29,0.0,19919.4,Food
8da74ac6-0736-4371-bd83-62db3da0de44,COSCO,Shanghai,Rotterdam,2026-05-25T12:34:29,2026-05-25T12:34:29,0.0,17372.6,Chemicals
ab499b70-6488-4155-8a30-a7916121fc0e,Evergreen,Shanghai,Rotterdam,2026-03-03T19:01:24,2026-03-03T19:01:24,0.0,11225.1,Food
7126a280-9be2-4751-b269-57638d803b79,COSCO,Tanger Med,Rotterdam,2026-03-28T13:42:12,2026-03-28T13:42:12,0.0,15291.0,Electronics
252669e6-f6c2-49d4-9042-1b593f629e61,MSC,Tanger Med,Barcelona,2026-03-23T20:44:35,2026-03-28T03:02:35,102.3,14592.4,Electronics
16a34983-95f8-482d-9e7d-1c335fe2544a,Evergreen,Shanghai,Rotterdam,2026-05-28T21:53:31,2026-05-28T21:53:31,0.0,19028.6,Chemicals
c0dfee9b-3e9b-4c5c-8abb-aad07d7ef4d3,Marsa Maroc,Ningbo,New York,2026-03-27T04:12:59,2026-03-27T04:12:59,0.0,7314.8,Food
8cf9f2f1-d8a5-472a-8a77-2280ac29f6f1,Marsa Maroc,Singapore,Felixstowe,2026-03-13T04:47:23,2026-03-13T04:47:23,0.0,24241.9,Chemicals
2f3fe702-1846-4a00-ade8-1b56cf23f6ef,COSCO,Shenzhen,Hamburg,2026-07-07T07:49:00,2026-07-07T07:49:00,0.0,16918.3,Automotive
23b84bfb-7af6-432c-99b5-a416abad76fc,COSCO,Shenzhen,Hamburg,2026-03-28T12:26:18,2026-03-28T12:26:18,0.0,7561.3,Chemicals
df311762-344c-4cbf-b7f4-92c986baf673,Maersk,Ningbo,New York,2026-06-01T10:21:50,2026-06-01T10:21:50,0.0,8205.7,Textiles
90ff84df-5de3-4519-b382-50f727df190e,Comanav,Tanger Med,Barcelona,2026-06-17T03:35:46,2026-06-17T03:35:46,0.0,13107.6,Electronics
6f485377-df4d-4aaa-9846-f28b340642a2,COSCO,Ningbo,New York,2026-09-05T12:23:27,2026-09-05T12:23:27,0.0,5095.8,Textiles
bb113672-fa2e-462c-9a03-5ab149104d95,Marsa Maroc,Busan,Los Angeles,2026-05-23T04:49:54,2026-05-23T04:49:54,0.0,1764.5,Textiles
4439ef05-a108-465c-94da-4c0458f55858,MSC,Ningbo,New York,2026-04-21T09:14:08,2026-04-23T20:32:08,59.3,17607.1,Electronics
c1befd5b-ef4e-40c2-8e91-499ead056f22,Marsa Maroc,Tanger Med,Rotterdam,2026-08-31T13:36:47,2026-08-31T13:36:47,0.0,6362.8,Automotive
f38b363a-d332-4707-8e12-a297422e05c6,Evergreen,Shanghai,Rotterdam,2026-06-03T08:53:54,2026-06-03T08:53:54,0.0,10495.8,Automotive
b70bf803-9a3f-416a-a028-33cc41d1e680,COSCO,Tanger Med,Barcelona,2026-08-31T16:25:38,2026-09-04T02:25:38,82.0,4272.3,Textiles
91b65583-6f9d-4f1d-acd5-15b7231e3a87,Marsa Maroc,Ningbo,New York,2026-08-06T02:04:25,2026-08-06T02:04:25,0.0,20950.7,Chemicals
72d85ad9-8b76-49de-8fde-82401ace3fba,COSCO,Agadir,Hamburg,2026-05-13T22:44:56,2026-05-13T22:44:56,0.0,9897.9,Food
50326c90-1c78-4006-a08c-a94c2cf714e9,Marsa Maroc,Ningbo,New York,2026-04-06T15:10:48,2026-04-11T00:28:48,105.3,7268.1,Chemicals
50f0f677-5162-4d02-8e49-3ad49a4d3d45,Comanav,Shenzhen,Hamburg,2026-04-07T15:27:38,2026-04-07T15:27:38,0.0,20603.5,Textiles
99b091ed-60bb-441a-8061-7ec7a0e426c2,Comanav,Shanghai,Rotterdam,2026-08-15T09:41:17,2026-08-15T09:41:17,0.0,24973.1,Chemicals
7847ed9f-c86b-4f38-b04b-aded4c8aeebf,COSCO,Casablanca,Marseille,2026-07-16T14:17:33,2026-07-16T14:17:33,0.0,8955.5,Food
a4616f58-447d-4457-8ee8-bca70cb92507,COSCO,Ningbo,New York,2026-08-12T12:02:20,2026-08-12T12:02:20,0.0,8383.5,Automotive
8ada8e66-29a7-4c26-a49e-5cf6f225774b,Evergreen,Agadir,Hamburg,2026-08-07T15:45:03,2026-08-07T15:45:03,0.0,21472.3,Chemicals
c7f7df98-ab0d-4b09-ac17-a2295aa855a6,CMA-CGM,Tanger Med,Rotterdam,2026-08-29T08:59:07,2026-08-29T08:59:07,0.0,17778.1,Chemicals
decceb72-2ecf-45a1-9ebc-9de219fce0a4,Marsa Maroc,Singapore,Felixstowe,2026-03-22T00:54:43,2026-03-22T00:54:43,0.0,16474.5,Automotive
4e4be922-ef93-4021-95cc-decdb711bd5a,Maersk,Busan,Los Angeles,2026-04-08T05:19:15,2026-04-08T05:19:15,0.0,24151.2,Textiles
647d8e62-5e7a-488f-bd96-4035bb516c43,Comanav,Tanger Med,Barcelona,2026-03-24T12:57:03,2026-03-25T11:45:03,22.8,22805.8,Electronics
bd54820a-c4b7-48ee-9aa8-f2b2d66a7b25,COSCO,Casablanca,Marseille,2026-08-04T08:42:08,2026-08-09T05:30:08,116.8,2333.3,Textiles
321d4ae2-6902-43e0-8808-1133a05df33e,Evergreen,Shenzhen,Hamburg,2026-07-10T18:31:46,2026-07-10T18:31:46,0.0,16421.0,Textiles
825e7049-3ca5-4829-a37e-fe82df1f75f7,COSCO,Ningbo,New York,2026-04-12T10:27:40,2026-04-15T18:09:40,79.7,22242.2,Chemicals
fd3eb719-d07e-4499-9ba0-ec340e0f3690,Maersk,Ningbo,New York,2026-06-05T13:38:42,2026-06-05T13:38:42,0.0,6251.9,Textiles
c6de9906-c48d-4579-bd00-cb1a6c4dcb6f,Marsa Maroc,Agadir,Hamburg,2026-05-14T09:44:56,2026-05-14T09:44:56,0.0,24469.3,Electronics
6a1025de-edac-49ec-9550-f1697c274c44,MSC,Busan,Los Angeles,2026-05-13T20:52:31,2026-05-13T20:52:31,0.0,22633.9,Electronics
4eb83501-46f6-428c-b70f-630b75b9859f,Comanav,Shenzhen,Hamburg,2026-08-22T05:22:52,2026-08-22T05:22:52,0.0,9282.4,Chemicals
da6f2d9b-9f36-4982-8791-a9babbf23997,MSC,Casablanca,Marseille,2026-04-24T10:35:37,2026-04-24T10:35:37,0.0,14365.2,Automotive
5dd347cd-c639-4b56-9aed-6ff70c2f6fba,MSC,Casablanca,Marseille,2026-08-11T20:13:18,2026-08-11T20:13:18,0.0,21835.6,Food
ce232057-8981-4458-baf3-65f58678abb2,COSCO,Agadir,Hamburg,2026-05-11T06:13:56,2026-05-12T09:43:56,27.5,11798.2,Textiles
c2b3f823-9d08-4850-b140-e05aa2a5b133,CMA-CGM,Busan,Los Angeles,2026-06-17T04:13:44,2026-06-17T04:13:44,0.0,22523.3,Chemicals
08e68fdb-5af7-47e0-9ef5-8051e9484327,Marsa Maroc,Shanghai,Rotterdam,2026-08-27T16:00:22,2026-08-27T16:00:22,0.0,2309.6,Textiles
276d47f8-4c48-46f7-aef3-d21326d7bad9,Marsa Maroc,Shanghai,Rotterdam,2026-06-06T00:21:53,2026-06-09T14:57:53,86.6,11692.5,Textiles
a0ef3b5e-c38c-440e-90f6-e55c0a5f413b,COSCO,Agadir,Hamburg,2026-03-30T06:38:17,2026-03-31T06:08:17,23.5,9843.4,Textiles
2f32a369-0fb9-47d2-884f-3e24dff418c2,Marsa Maroc,Shanghai,Rotterdam,2026-08-20T02:16:40,2026-08-20T02:16:40,0.0,24459.6,Chemicals
e0bc5de8-1c04-4957-b9e2-2f561d7cfef5,Maersk,Shanghai,Rotterdam,2026-04-08T00:34:31,2026-04-08T00:34:31,0.0,17302.1,Electronics
47669acb-ebe5-4b58-8ac3-8a5774812115,Comanav,Busan,Los Angeles,2026-03-20T15:31:02,2026-03-22T10:25:02,42.9,20072.1,Food
530e26dc-2551-44ee-9a15-b9fe7ae43d53,MSC,Shenzhen,Hamburg,2026-03-06T17:33:11,2026-03-06T17:33:11,0.0,15711.8,Automotive
b2f601dd-3763-45cd-a2d3-77d0e312d2a1,Marsa Maroc,Tanger Med,Barcelona,2026-04-06T05:16:19,2026-04-06T05:16:19,0.0,8068.9,Chemicals
0343c42b-ea2e-4b38-99de-16721e1795c4,Evergreen,Tanger Med,Rotterdam,2026-05-31T19:12:59,2026-05-31T19:12:59,0.0,3719.6,Textiles
a23506bf-663a-472e-8393-884f3742eddf,Marsa Maroc,Shenzhen,Hamburg,2026-05-04T14:07:54,2026-05-04T14:07:54,0.0,5419.5,Food
a008ecc6-fb05-4e13-bce0-c80973bf4ec1,Evergreen,Shenzhen,Hamburg,2026-08-05T20:03:12,2026-08-05T20:03:12,0.0,7176.9,Automotive
2c8f941c-3d5c-4b8c-a33a-80f8993d496c,Comanav,Shanghai,Rotterdam,2026-09-05T14:30:12,2026-09-10T11:00:12,116.5,7731.0,Textiles
934c29b0-b013-4efa-b3ba-d67e0a6bba74,COSCO,Tanger Med,Barcelona,2026-09-03T22:35:08,2026-09-05T01:47:08,27.2,24179.3,Chemicals
41ca52b0-d84d-41bd-9417-e126fd39e6ca,CMA-CGM,Ningbo,New York,2026-05-23T00:16:09,2026-05-23T00:16:09,0.0,10167.1,Textiles
bcfbd592-f641-485c-a47b-d41fc73e82ff,Maersk,Ningbo,New York,2026-08-03T17:57:59,2026-08-03T17:57:59,0.0,16984.3,Textiles
694437e7-0bb2-4d78-aa22-301dd7e3d829,Comanav,Singapore,Felixstowe,2026-03-23T18:31:17,2026-03-23T18:31:17,0.0,9601.1,Automotive
f5997e1d-5395-4d70-9d0f-c07a9080dedc,Maersk,Busan,Los Angeles,2026-05-03T22:31:45,2026-05-03T22:31:45,0.0,23607.6,Textiles
8f4fc7a8-f98c-4ef4-b3e6-a05e5be4ccad,Marsa Maroc,Agadir,Hamburg,2026-07-26T04:17:07,2026-07-26T04:17:07,0.0,20684.5,Textiles
f4f3f509-7daa-4e8f-87df-1cc53b3fccd7,Maersk,Singapore,Felixstowe,2026-03-01T20:05:22,2026-03-01T20:05:22,0.0,23683.4,Textiles
0ac60688-604b-412b-abf6-3f46c6568e73,Maersk,Busan,Los Angeles,2026-07-30T14:59:40,2026-07-30T14:59:40,0.0,22237.9,Automotive
9e667ea4-00ee-451c-9d96-ec04a4f51238,COSCO,Singapore,Felixstowe,2026-06-11T23:52:17,2026-06-11T23:52:17,0.0,23759.8,Food
ae7514f7-7fcf-4c02-a465-e7cb38eea14b,Evergreen,Singapore,Felixstowe,2026-08-24T16:59:07,2026-08-24T16:59:07,0.0,4285.8,Chemicals
b982713b-0bf3-41df-984b-9b4d23cbf098,Comanav,Tanger Med,Barcelona,2026-06-19T18:42:55,2026-06-19T18:42:55,0.0,10498.8,Textiles
d790fd08-34b2-4044-a84a-b276ac9b633c,Marsa Maroc,Tanger Med,Rotterdam,2026-08-12T06:42:55,2026-08-12T06:42:55,0.0,11362.9,Automotive
1b7ddeb3-e93d-42d9-8483-67b8b0fba713,Maersk,Shenzhen,Hamburg,2026-09-06T00:06:22,2026-09-08T03:48:22,51.7,22591.6,Textiles
f400b209-cbb4-4630-a82d-bc73b179c54f,COSCO,Tanger Med,Rotterdam,2026-04-30T02:48:39,2026-04-30T02:48:39,0.0,24221.1,Chemicals
8c5e2bc3-cb20-492d-8107-19cb3970bafd,Marsa Maroc,Tanger Med,Barcelona,2026-05-13T17:58:35,2026-05-13T17:58:35,0.0,16167.6,Electronics
f89fce74-c52b-4e94-8146-810149b2f6a7,Comanav,Tanger Med,Rotterdam,2026-06-24T05:31:02,2026-06-24T05:31:02,0.0,24726.1,Food
b93b3f81-0759-4db8-a79f-1784ffdd869a,Maersk,Agadir,Hamburg,2026-05-24T13:07:09,2026-05-24T13:07:09,0.0,14078.1,Food
1bd9820b-bdfa-44a4-adfc-daea389fdb1f,Comanav,Agadir,Hamburg,2026-03-23T17:06:13,2026-03-25T16:36:13,47.5,4115.1,Food
122eef1a-ef35-4794-ae54-71f8562c6725,CMA-CGM,Tanger Med,Rotterdam,2026-03-24T16:09:56,2026-03-25T19:45:56,27.6,3684.8,Textiles
ca03ca06-aa31-4feb-b6aa-d3165bd3c86e,Maersk,Casablanca,Marseille,2026-06-30T19:00:31,2026-06-30T19:00:31,0.0,1131.6,Electronics
d2c9b632-e3bd-4933-9f0c-274cf2ae967f,Comanav,Shenzhen,Hamburg,2026-03-23T04:49:08,2026-03-26T08:25:08,75.6,886.6,Textiles
b5efba15-51ca-436e-875e-5fccdb006e6d,MSC,Tanger Med,Rotterdam,2026-03-20T11:21:37,2026-03-20T11:21:37,0.0,13389.1,Electronics
9f970ca2-864d-4df5-8e5a-a59140e18e64,COSCO,Busan,Los Angeles,2026-09-02T03:59:27,2026-09-02T03:59:27,0.0,13074.3,Electronics
af9b9628-c0bd-4c74-bc9a-827d85d7e685,Evergreen,Busan,Los Angeles,2026-09-12T06:54:18,2026-09-12T06:54:18,0.0,15570.1,Food
c864766d-cf3c-4da6-839f-19ce6a92481b,COSCO,Shanghai,Rotterdam,2026-05-01T03:22:45,2026-05-01T03:22:45,0.0,1263.2,Chemicals
93f05c0b-67af-4caf-aad5-2fe6dd53e2ec,COSCO,Singapore,Felixstowe,2026-03-23T02:09:21,2026-03-23T02:09:21,0.0,12511.6,Chemicals
1fa6f7a8-1ab6-4b1b-b1df-c8d44e49688c,Maersk,Tanger Med,Barcelona,2026-09-14T05:18:16,2026-09-14T05:18:16,0.0,4134.2,Automotive
bd8880af-0323-4fcf-8c6c-ee732a5d5ac0,Evergreen,Shanghai,Rotterdam,2026-04-01T02:41:34,2026-04-01T02:41:34,0.0,13934.7,Textiles
d50c2183-06ee-48ee-bd33-327e19a4a3d3,Evergreen,Singapore,Felixstowe,2026-05-12T04:00:51,2026-05-12T04:00:51,0.0,11616.0,Food
9045049a-9050-4293-b4fa-ef0c4d9a236b,Maersk,Singapore,Felixstowe,2026-03-27T14:39:54,2026-03-27T14:39:54,0.0,3303.1,Food
b802e75b-1928-4228-b60b-e15cac5ac3a6,COSCO,Agadir,Hamburg,2026-03-27T09:26:28,2026-03-27T09:26:28,0.0,6098.1,Textiles
d7c9cc9d-2494-4b5e-a23b-f45870953dd6,COSCO,Busan,Los Angeles,2026-05-31T08:15:33,2026-05-31T08:15:33,0.0,2829.6,Chemicals
12cdec9f-b5a8-47e5-b2ab-0639c8697eff,Marsa Maroc,Shenzhen,Hamburg,2026-08-04T19:27:39,2026-08-04T19:27:39,0.0,23863.0,Chemicals
1879f20c-218b-4894-9275-fcc2e91fcf16,Maersk,Tanger Med,Barcelona,2026-04-16T13:25:27,2026-04-16T13:25:27,0.0,2784.1,Electronics
723c22cb-ccc1-415b-9b8d-2c2f6869d9fd,Comanav,Shenzhen,Hamburg,2026-06-04T14:53:36,2026-06-04T14:53:36,0.0,1969.5,Food
b405943a-bd2e-4403-9096-ebfe15d68d58,CMA-CGM,Ningbo,New York,2026-03-16T10:25:08,2026-03-16T10:25:08,0.0,10564.8,Chemicals
7d9cf15d-7662-41a7-9d58-84f3ad1f09be,CMA-CGM,Tanger Med,Rotterdam,2026-04-01T20:08:26,2026-04-01T20:08:26,0.0,9115.3,Food
c6697db7-99b1-453c-a067-f6d4d07948fa,MSC,Ningbo,New York,2026-08-10T19:27:33,2026-08-10T19:27:33,0.0,12313.6,Electronics
48548e7e-a2f9-424d-bac9-482e3899e19a,Comanav,Shenzhen,Hamburg,2026-07-01T20:46:50,2026-07-01T20:46:50,0.0,3314.7,Textiles
abb6b801-c545-4f58-92ac-95aaea62f53f,Comanav,Agadir,Hamburg,2026-06-10T06:30:44,2026-06-10T06:30:44,0.0,14243.7,Food
e5572d47-9943-43ad-a5a9-6b81d46bb389,Maersk,Ningbo,New York,2026-05-19T07:50:01,2026-05-19T07:50:01,0.0,16616.9,Textiles
f0b1948f-a31c-4ba1-958d-502e82a1cbc5,MSC,Tanger Med,Rotterdam,2026-07-01T00:24:21,2026-07-01T00:24:21,0.0,19179.0,Textiles
34cb523b-84a0-4b67-bd97-0665311b88c8,Maersk,Shenzhen,Hamburg,2026-06-01T16:42:51,2026-06-01T16:42:51,0.0,4009.7,Chemicals
231376cb-3c65-4660-8a0f-a9fe0d1d7b62,MSC,Tanger Med,Barcelona,2026-06-12T03:42:24,2026-06-12T03:42:24,0.0,24309.4,Electronics
054e4817-6101-4e80-aee3-b97323f1d6ce,MSC,Ningbo,New York,2026-08-01T16:59:29,2026-08-01T16:59:29,0.0,11614.3,Automotive
8735ad5c-8b65-49d1-a2d0-f03571fe78bb,CMA-CGM,Shenzhen,Hamburg,2026-04-20T19:52:26,2026-04-20T19:52:26,0.0,19532.5,Food
ae2e445d-592e-45ff-81cd-e06beb64b6fe,Maersk,Tanger Med,Barcelona,2026-06-25T12:10:31,2026-06-25T12:10:31,0.0,18983.7,Electronics
ec004af1-8c96-4ac3-8dd0-c4d3f94301aa,CMA-CGM,Tanger Med,Barcelona,2026-08-25T13:38:30,2026-08-25T13:38:30,0.0,10888.4,Food
6b861b1a-984b-4bcc-bf70-4171c59a6a70,COSCO,Busan,Los Angeles,2026-07-01T18:59:06,2026-07-01T18:59:06,0.0,18996.1,Electronics
0a193d23-7d6a-4a7f-b37c-e9e71486c677,COSCO,Shenzhen,Hamburg,2026-03-29T04:09:03,2026-03-29T04:09:03,0.0,17116.3,Food
711bee91-df9f-4fba-b63e-e003a9762833,Evergreen,Busan,Los Angeles,2026-03-04T14:49:34,2026-03-04T14:49:34,0.0,1612.7,Chemicals
3e9bdd38-8f09-4d02-829d-e5daf4a23aef,Maersk,Tanger Med,Rotterdam,2026-08-25T23:31:50,2026-08-25T23:31:50,0.0,23660.4,Automotive
5535686f-772d-4ea5-9704-96fb1ace21ee,CMA-CGM,Shanghai,Rotterdam,2026-04-08T19:53:34,2026-04-08T19:53:34,0.0,689.4,Chemicals
678b22b9-c801-466d-8423-f7ee2eefc0a5,MSC,Casablanca,Marseille,2026-03-29T10:50:21,2026-03-29T10:50:21,0.0,17739.9,Food
6029c102-6769-4b76-b077-d05c0e05d53a,Comanav,Ningbo,New York,2026-05-22T18:44:31,2026-05-22T18:44:31,0.0,9177.1,Chemicals
aa0183c3-ac48-4341-904a-52700311f134,COSCO,Tanger Med,Rotterdam,2026-09-13T11:11:13,2026-09-13T11:11:13,0.0,23068.5,Textiles
35b1edde-b5c0-4226-a54b-580e10fe240a,Evergreen,Singapore,Felixstowe,2026-06-11T23:50:49,2026-06-11T23:50:49,0.0,16183.5,Textiles
10a03220-a9c4-46ca-a0be-3be3f4b0d2c1,COSCO,Tanger Med,Barcelona,2026-04-21T10:35:04,2026-04-21T10:35:04,0.0,8456.8,Food
f548c823-afad-41e3-9834-5a39b36376f5,Comanav,Busan,Los Angeles,2026-07-14T12:59:53,2026-07-14T12:59:53,0.0,9365.4,Chemicals
66d5b9e3-7d13-489a-965b-e59cd5b5a64a,MSC,Tanger Med,Barcelona,2026-03-27T17:10:53,2026-03-27T17:10:53,0.0,10311.0,Electronics
1224d0fa-0008-4094-83f8-42297add51be,Comanav,Singapore,Felixstowe,2026-06-03T20:53:44,2026-06-03T20:53:44,0.0,8818.1,Textiles
16f94b42-6c4b-41ea-84f6-d13156101536,Maersk,Casablanca,Marseille,2026-07-22T12:14:31,2026-07-22T12:14:31,0.0,3293.7,Food
a48f2381-91a1-4c40-b38c-299da6b1001c,Comanav,Agadir,Hamburg,2026-06-19T16:16:30,2026-06-19T16:16:30,0.0,18320.8,Automotive
03763b14-5d8d-457d-a89d-ad3e38e5c83e,Maersk,Agadir,Hamburg,2026-05-01T06:18:25,2026-05-01T06:18:25,0.0,5333.2,Food
b1be6b76-845b-46f1-81c9-c261c4a11111,Comanav,Casablanca,Marseille,2026-08-18T04:10:34,2026-08-18T04:10:34,0.0,2346.2,Chemicals
c4a3d53b-975b-4a8d-9226-58dac5a84daa,Comanav,Busan,Los Angeles,2026-06-26T11:39:50,2026-06-26T11:39:50,0.0,14697.0,Food
36c5021c-6a06-457b-8aff-e34be397780c,Comanav,Shenzhen,Hamburg,2026-03-04T00:54:59,2026-03-05T23:00:59,46.1,11274.2,Chemicals
e32b98f0-fd2d-49f7-9a7a-be988dd05803,Marsa Maroc,Busan,Los Angeles,2026-06-25T06:24:43,2026-06-25T06:24:43,0.0,7229.5,Electronics
da2e2274-5e6f-47c6-b743-0a150cfd2d1c,Evergreen,Shenzhen,Hamburg,2026-04-10T05:29:46,2026-04-10T05:29:46,0.0,11812.7,Electronics
56a300e0-0d05-44d7-821d-8a4720c88640,CMA-CGM,Tanger Med,Rotterdam,2026-04-22T03:41:02,2026-04-22T03:41:02,0.0,2379.9,Electronics
9f0d98e4-c009-4b37-8709-acb7c520d150,COSCO,Ningbo,New York,2026-06-11T17:00:03,2026-06-11T17:00:03,0.0,14080.8,Electronics
ae213c0d-28ea-466b-a320-57286c0208af,Comanav,Busan,Los Angeles,2026-04-14T19:52:23,2026-04-14T19:52:23,0.0,5111.9,Food
93aeb286-5745-43ed-855c-e27bd822d512,Evergreen,Busan,Los Angeles,2026-04-11T13:38:51,2026-04-11T13:38:51,0.0,2015.9,Electronics
b86d52ae-f4c8-4da7-91d0-5020b6543148,Marsa Maroc,Shenzhen,Hamburg,2026-04-30T08:52:46,2026-04-30T08:52:46,0.0,16330.1,Electronics
31357787-a018-49af-b558-06ad3f02c3d2,Marsa Maroc,Agadir,Hamburg,2026-06-14T18:28:09,2026-06-14T18:28:09,0.0,11265.8,Food
81f65762-e7cb-4d57-b458-7ad8c3dd0ff7,CMA-CGM,Casablanca,Marseille,2026-06-18T10:09:31,2026-06-18T10:09:31,0.0,7430.9,Chemicals
95d6d144-f2ae-4a8b-ac1f-524cddcf01a5,Marsa Maroc,Shenzhen,Hamburg,2026-05-21T19:12:38,2026-05-21T19:12:38,0.0,19836.1,Textiles
bdf80d76-ed4a-4f01-831e-bdd038c21bef,CMA-CGM,Tanger Med,Barcelona,2026-07-12T03:52:33,2026-07-12T03:52:33,0.0,17120.3,Textiles
ad0b8a9f-df70-4fe3-a05e-8ae64c16f1bf,Marsa Maroc,Shanghai,Rotterdam,2026-05-19T01:39:52,2026-05-23T21:51:52,116.2,15266.2,Automotive
806c3ee8-7cc5-4e9a-912b-51fd7d8581f5,Maersk,Shenzhen,Hamburg,2026-06-11T12:30:29,2026-06-11T12:30:29,0.0,3965.0,Textiles
05d99245-bb23-4b6c-8a4f-7d778a4fbca4,Marsa Maroc,Shanghai,Rotterdam,2026-09-13T06:45:13,2026-09-13T06:45:13,0.0,10103.0,Food
974cbcf6-c511-4818-bad9-3769c14d7201,CMA-CGM,Tanger Med,Barcelona,2026-09-06T17:26:48,2026-09-06T17:26:48,0.0,16265.6,Textiles
f8df30c3-759b-433b-9f74-04c71174bd3d,Marsa Maroc,Casablanca,Marseille,2026-06-06T12:37:10,2026-06-06T12:37:10,0.0,23704.2,Food
2abc2bf7-32b4-4c51-8086-4df28d68e577,Marsa Maroc,Tanger Med,Barcelona,2026-03-20T17:28:48,2026-03-20T17:28:48,0.0,12958.0,Electronics
93d139c7-e534-41e8-830b-389b176bd8e0,CMA-CGM,Shenzhen,Hamburg,2026-04-05T20:17:02,2026-04-05T20:17:02,0.0,5747.7,Chemicals
c44fc2f1-795c-4dbf-af8e-9eef8c88c93d,MSC,Agadir,Hamburg,2026-08-12T12:00:44,2026-08-13T16:42:44,28.7,7746.9,Electronics
7f8928aa-37c5-4a0d-939a-67f816be3fac,Comanav,Ningbo,New York,2026-06-16T10:50:47,2026-06-16T10:50:47,0.0,18596.8,Food
b9a0463b-d975-4ac5-9bc6-97ce8548f6ed,Marsa Maroc,Tanger Med,Rotterdam,2026-03-18T02:55:06,2026-03-18T02:55:06,0.0,19274.5,Automotive
a9d495f2-ea47-48a3-88f9-9ef6daeff95d,MSC,Singapore,Felixstowe,2026-03-02T09:02:53,2026-03-02T09:02:53,0.0,20868.0,Food
b6524e1f-82e8-44cf-8841-d72e3884cc1b,Marsa Maroc,Casablanca,Marseille,2026-07-08T12:58:20,2026-07-08T12:58:20,0.0,10566.0,Automotive
b5ea617e-057f-45b4-b5ec-49a0df53c7b3,Evergreen,Busan,Los Angeles,2026-04-20T19:19:39,2026-04-20T19:19:39,0.0,18839.1,Chemicals
1806c63a-13f4-4dd8-9813-7975d0887d98,Evergreen,Agadir,Hamburg,2026-06-10T17:36:00,2026-06-10T17:36:00,0.0,24157.1,Chemicals
13605d42-5229-42e3-8a90-b8d7ad3794f9,CMA-CGM,Agadir,Hamburg,2026-05-02T18:03:11,2026-05-02T18:03:11,0.0,14475.3,Chemicals
c9594e8a-d214-4180-9983-40c3425bb310,Comanav,Busan,Los Angeles,2026-08-19T14:12:19,2026-08-19T14:12:19,0.0,9855.9,Food
2d871c5f-bdf6-4dde-ac33-02cbd4db8f19,MSC,Singapore,Felixstowe,2026-08-14T02:19:51,2026-08-14T02:19:51,0.0,20130.9,Automotive
78c285fc-a516-47b1-8fb8-664c3a630a47,Maersk,Shanghai,Rotterdam,2026-03-04T18:07:41,2026-03-04T18:07:41,0.0,21915.9,Food
7be61106-24fb-4624-8b58-4dda8e7b0c50,Marsa Maroc,Tanger Med,Barcelona,2026-04-13T10:44:24,2026-04-17T18:38:24,103.9,7484.0,Automotive
fbdb0e99-5ed5-4d70-adc7-0c0ed927a1aa,COSCO,Shanghai,Rotterdam,2026-03-30T05:19:24,2026-03-31T09:13:24,27.9,11218.1,Automotive
203ba003-f022-4817-97bf-c1dc265928c5,CMA-CGM,Busan,Los Angeles,2026-04-27T21:17:11,2026-04-30T06:05:11,56.8,10213.1,Textiles
ec9bea09-09a0-40e2-b6de-462ff21e5ff2,COSCO,Agadir,Hamburg,2026-03-14T23:48:23,2026-03-17T04:18:23,52.5,1190.6,Electronics
b0153ec6-a9b3-4081-bc36-1de79362cf36,Comanav,Shenzhen,Hamburg,2026-07-22T09:20:32,2026-07-22T09:20:32,0.0,1438.4,Chemicals
b0a52f4d-d444-44fc-9e09-fa7dedc271bb,Comanav,Casablanca,Marseille,2026-04-27T12:20:02,2026-04-27T12:20:02,0.0,11490.7,Electronics
9bd56a10-f5ab-4691-a321-f60246f4ea65,Maersk,Tanger Med,Barcelona,2026-08-14T21:54:09,2026-08-14T21:54:09,0.0,20956.6,Food
e0a229ee-5bb0-4f00-b7de-928518f99606,COSCO,Ningbo,New York,2026-04-19T11:52:42,2026-04-19T11:52:42,0.0,7558.5,Textiles
f2b9f1aa-b352-4fed-9782-6344fdffb341,Maersk,Tanger Med,Barcelona,2026-03-17T05:52:23,2026-03-17T05:52:23,0.0,16154.3,Food
4a934c28-a4ad-4239-90f8-8507cb543f22,Maersk,Busan,Los Angeles,2026-06-28T17:10:33,2026-06-28T17:10:33,0.0,22676.1,Food
3ddd1045-8e17-4b76-a651-19b94231621e,Maersk,Ningbo,New York,2026-07-20T14:47:54,2026-07-20T14:47:54,0.0,14588.7,Automotive
c79366dd-ad02-4026-a577-a4547eff41ef,COSCO,Shanghai,Rotterdam,2026-03-16T11:50:49,2026-03-16T11:50:49,0.0,9144.0,Food
215ee767-f328-4928-9260-841ba3ba260b,MSC,Singapore,Felixstowe,2026-07-17T23:01:25,2026-07-17T23:01:25,0.0,2597.5,Textiles
3db83151-6876-402e-8b9a-459f5dd3b5f0,Evergreen,Tanger Med,Barcelona,2026-05-21T14:03:18,2026-05-21T14:03:18,0.0,19767.1,Food
6f7bc029-c5bf-4027-85c4-bbbee383e93a,Maersk,Ningbo,New York,2026-06-05T21:47:08,2026-06-05T21:47:08,0.0,12018.3,Chemicals
0f976be3-39c9-42ca-8ee4-6e100de7f97b,CMA-CGM,Shenzhen,Hamburg,2026-04-09T22:06:21,2026-04-09T22:06:21,0.0,9248.8,Electronics
77f98593-c06c-416d-8007-bb7abe7f0738,MSC,Shenzhen,Hamburg,2026-07-16T08:31:25,2026-07-16T08:31:25,0.0,15892.3,Food
a0ccda52-f65f-4db5-a9f9-e1bfad5d3b87,MSC,Shenzhen,Hamburg,2026-08-05T19:42:42,2026-08-05T19:42:42,0.0,13877.3,Automotive
fcbe814b-7dff-4e8b-ab86-0c11f545484a,Marsa Maroc,Busan,Los Angeles,2026-04-30T00:32:29,2026-04-30T00:32:29,0.0,4965.8,Automotive
cd7ee80c-f927-408f-a33b-0aad371bb512,Marsa Maroc,Tanger Med,Barcelona,2026-05-31T22:33:06,2026-05-31T22:33:06,0.0,11713.1,Textiles
cf6cf768-154b-45f3-862c-2a18e4e0f243,Maersk,Agadir,Hamburg,2026-05-03T02:37:34,2026-05-03T02:37:34,0.0,22201.9,Textiles
bae22f2e-d278-4273-88f3-7bd105e0038b,Evergreen,Shanghai,Rotterdam,2026-05-08T18:14:51,2026-05-08T18:14:51,0.0,20477.4,Chemicals
0986937c-bc58-4307-a071-daf26e891217,Maersk,Shanghai,Rotterdam,2026-08-08T02:51:44,2026-08-08T02:51:44,0.0,5182.0,Textiles
cd85e790-c793-4a1c-8975-062f35578c24,Comanav,Tanger Med,Rotterdam,2026-03-10T15:01:32,2026-03-10T15:01:32,0.0,7193.8,Textiles
eb69f073-67fc-4b3b-ae10-51e162ba8ed0,COSCO,Singapore,Felixstowe,2026-05-09T15:45:45,2026-05-09T15:45:45,0.0,22418.6,Chemicals
1a5d8290-55c9-4a14-bad4-159cf936975c,MSC,Shenzhen,Hamburg,2026-07-08T00:11:34,2026-07-08T00:11:34,0.0,12689.3,Food
af7f6f9c-9ac9-49d9-9485-0e26311470e2,Comanav,Shanghai,Rotterdam,2026-08-07T21:26:41,2026-08-07T21:26:41,0.0,10900.2,Chemicals
5fec5b59-d768-4c6a-8267-30c75e856a92,Evergreen,Casablanca,Marseille,2026-06-05T09:05:10,2026-06-05T09:05:10,0.0,3013.6,Textiles
3e7aa242-8b80-405f-af0a-70b78a2037c9,CMA-CGM,Shanghai,Rotterdam,2026-06-12T14:48:34,2026-06-12T14:48:34,0.0,18082.7,Automotive
5ff379d5-2013-468a-ae6f-c8df2811828d,CMA-CGM,Busan,Los Angeles,2026-05-01T19:49:53,2026-05-01T19:49:53,0.0,18307.0,Textiles
5b7c0468-e169-4b95-854f-7efcb60f6b56,CMA-CGM,Singapore,Felixstowe,2026-04-11T23:31:27,2026-04-11T23:31:27,0.0,19891.2,Electronics
50084b55-8fa9-4831-8e9d-ca340821ec8c,Marsa Maroc,Tanger Med,Barcelona,2026-07-27T13:32:50,2026-07-27T13:32:50,0.0,9401.1,Automotive
570d8ec7-7a83-420f-a2f3-a9d94a29f33e,MSC,Tanger Med,Rotterdam,2026-03-16T00:56:22,2026-03-19T14:08:22,85.2,11235.2,Automotive
d98a6805-39b5-4ac1-83ba-5b1227e06c95,MSC,Tanger Med,Barcelona,2026-08-30T19:08:56,2026-08-30T19:08:56,0.0,9475.0,Chemicals
02445961-5e3f-46dd-a8bc-2cfe8dd9cd4d,Evergreen,Tanger Med,Rotterdam,2026-05-26T09:13:57,2026-05-26T09:13:57,0.0,11523.1,Textiles
bbab9f94-0b56-4121-9eb1-562e09ef5c17,COSCO,Shenzhen,Hamburg,2026-05-17T12:09:12,2026-05-17T12:09:12,0.0,14561.1,Food
03e885c3-0c52-4abd-b722-a3bb4a8d5688,COSCO,Shenzhen,Hamburg,2026-08-26T18:20:13,2026-08-26T18:20:13,0.0,7327.9,Electronics
34b9b30b-904f-4304-b616-c91a11a37152,Marsa Maroc,Tanger Med,Rotterdam,2026-07-14T19:03:09,2026-07-14T19:03:09,0.0,13184.8,Food
06f9b4a7-44bf-41ec-a12e-855dee8a5027,CMA-CGM,Tanger Med,Barcelona,2026-06-27T12:35:06,2026-06-27T12:35:06,0.0,17748.9,Automotive
7fcfe1bc-5d4a-49e4-9f7d-81157c28027d,Marsa Maroc,Shanghai,Rotterdam,2026-05-28T09:20:37,2026-05-31T02:20:37,65.0,3504.6,Electronics
c4be1ea0-6c2e-4ec1-9248-1d62072ffa0d,MSC,Busan,Los Angeles,2026-05-26T13:47:53,2026-05-29T01:53:53,60.1,2650.9,Textiles
e167235d-c953-4e6e-a349-708b2e468ae3,Marsa Maroc,Shenzhen,Hamburg,2026-03-10T04:34:06,2026-03-10T04:34:06,0.0,13783.2,Textiles
b3a8345b-2bb6-4614-8f2d-089c3ddf623b,Marsa Maroc,Casablanca,Marseille,2026-05-15T00:06:00,2026-05-15T00:06:00,0.0,17655.4,Automotive
e6e7f96a-e195-41e2-8a9f-51d19168e4ac,Evergreen,Shenzhen,Hamburg,2026-08-02T17:58:19,2026-08-02T17:58:19,0.0,24635.7,Automotive
da88bbeb-4f23-4936-9713-1b22be01350c,Comanav,Agadir,Hamburg,2026-07-06T11:37:23,2026-07-06T11:37:23,0.0,9342.0,Food
e9c37c35-e834-45c0-9ef7-23541b34195a,COSCO,Shenzhen,Hamburg,2026-06-17T04:46:07,2026-06-20T04:22:07,71.6,15492.7,Electronics
1efdca04-ef9f-40fc-927f-6394e222f297,CMA-CGM,Tanger Med,Barcelona,2026-03-27T23:02:53,2026-03-27T23:02:53,0.0,18064.9,Chemicals
40f57064-1891-451f-a19d-ebdf29b06ae0,COSCO,Ningbo,New York,2026-06-17T09:38:00,2026-06-17T09:38:00,0.0,20671.8,Electronics
51e68edc-178a-41d7-b3b6-b933fe97bbdb,CMA-CGM,Casablanca,Marseille,2026-07-15T08:55:08,2026-07-15T08:55:08,0.0,11524.4,Food
87179acc-dd81-4e65-8207-ab2b2362ceb8,MSC,Shenzhen,Hamburg,2026-09-14T20:00:18,2026-09-18T20:18:18,96.3,16175.0,Automotive
1540ffd7-5108-45ca-9ae6-49b6fd079ef8,COSCO,Casablanca,Marseille,2026-08-03T05:16:21,2026-08-03T05:16:21,0.0,21771.2,Electronics
2928ff30-de3d-4006-9919-cbff99f94fb2,MSC,Ningbo,New York,2026-07-07T14:32:25,2026-07-07T14:32:25,0.0,4468.2,Automotive
adb8c728-6b1c-4b9f-a2ab-e20201dceec6,Evergreen,Shenzhen,Hamburg,2026-03-11T17:15:20,2026-03-16T00:39:20,103.4,6639.8,Food
b9873e69-8521-4c77-b668-82d1e0a07aba,MSC,Shanghai,Rotterdam,2026-04-14T19:03:46,2026-04-14T19:03:46,0.0,15553.5,Electronics
efb2902e-9cad-452e-a40a-373fe80d61a8,Marsa Maroc,Ningbo,New York,2026-06-10T10:42:07,2026-06-10T10:42:07,0.0,23569.4,Automotive
6f780e06-8c1d-4c44-b0a3-acfac9f53a8d,Marsa Maroc,Casablanca,Marseille,2026-05-09T08:22:21,2026-05-09T08:22:21,0.0,22599.0,Textiles
537b3978-3d21-4d91-8d2f-cd8f593bd2ff,Comanav,Tanger Med,Rotterdam,2026-06-12T02:19:33,2026-06-12T23:07:33,20.8,23739.4,Food
1c96b635-fc66-4dae-9ad5-ed0ffc45da6f,Marsa Maroc,Shanghai,Rotterdam,2026-03-15T20:34:58,2026-03-15T20:34:58,0.0,14517.4,Food
ce1de7d0-e597-4d5f-b6a8-77d2e3771ccd,COSCO,Tanger Med,Rotterdam,2026-04-12T02:23:05,2026-04-15T01:17:05,70.9,16226.7,Textiles
3043bf8f-b4f0-4977-9746-d4e788c0a00a,MSC,Busan,Los Angeles,2026-08-16T18:25:40,2026-08-16T18:25:40,0.0,17282.3,Textiles
577577fe-e6ab-40b4-a94a-05b63f39db96,Maersk,Busan,Los Angeles,2026-07-13T06:02:14,2026-07-13T06:02:14,0.0,4373.0,Chemicals
289f18ac-67dd-477d-b116-36935410327a,COSCO,Busan,Los Angeles,2026-06-30T19:41:04,2026-06-30T19:41:04,0.0,15363.2,Textiles
b6aadf28-5614-482e-8a22-5944aa72e337,Marsa Maroc,Shenzhen,Hamburg,2026-08-17T11:29:08,2026-08-19T12:47:08,49.3,10268.6,Textiles
42f5aa2a-cc3c-46ff-ae06-056a151ac780,Evergreen,Ningbo,New York,2026-04-14T21:53:48,2026-04-14T21:53:48,0.0,6422.6,Electronics
833a25a5-5609-43aa-98c4-521b07feb114,COSCO,Shanghai,Rotterdam,2026-07-28T14:16:53,2026-07-28T14:16:53,0.0,2871.9,Textiles
c7d502b0-197b-4663-825c-7da3c210be63,Comanav,Singapore,Felixstowe,2026-05-13T19:39:45,2026-05-13T19:39:45,0.0,6582.6,Automotive
768562b7-7781-41c3-a58d-7ecd32e7c122,Evergreen,Shenzhen,Hamburg,2026-06-07T22:11:09,2026-06-07T22:11:09,0.0,5150.9,Automotive
bee1c873-9da0-4a01-b40a-f42f4a4bf3d7,Evergreen,Busan,Los Angeles,2026-03-18T05:42:44,2026-03-18T05:42:44,0.0,22037.4,Chemicals
ce91d9f9-ff55-474e-bd1c-eb12ef777841,Maersk,Tanger Med,Rotterdam,2026-08-17T08:21:02,2026-08-20T02:57:02,66.6,24183.8,Automotive
47cf5312-0872-493a-b257-398321829143,Maersk,Shenzhen,Hamburg,2026-03-01T15:45:49,2026-03-01T15:45:49,0.0,12624.9,Chemicals
be575648-acf3-4bb8-900e-cd23f9e8f245,Evergreen,Shanghai,Rotterdam,2026-05-16T12:30:01,2026-05-16T12:30:01,0.0,3133.7,Automotive
5e669959-3913-401c-a64e-d86dd3ea03b4,Marsa Maroc,Shanghai,Rotterdam,2026-07-20T10:47:24,2026-07-20T10:47:24,0.0,10379.7,Electronics
8134758c-d718-4b10-9a0c-791a00ec3a90,Maersk,Singapore,Felixstowe,2026-08-15T11:58:59,2026-08-15T11:58:59,0.0,5269.1,Food
4fb4a99e-e400-424b-98bb-f3201e934851,Maersk,Shanghai,Rotterdam,2026-03-28T04:12:11,2026-03-28T04:12:11,0.0,11533.7,Food
27448c92-23e8-4f98-a50e-d8df53977293,Comanav,Shanghai,Rotterdam,2026-07-07T05:41:14,2026-07-10T19:11:14,85.5,3410.9,Electronics
113168a9-8748-4ef7-a76b-762f7e9d33a5,CMA-CGM,Singapore,Felixstowe,2026-06-30T21:54:21,2026-06-30T21:54:21,0.0,8807.6,Textiles
299231d0-29f7-4139-bdf8-d8842aa21164,MSC,Casablanca,Marseille,2026-04-18T09:35:31,2026-04-18T09:35:31,0.0,10334.0,Electronics
0036751c-24b1-46bf-91c8-3ef8011e3374,Maersk,Tanger Med,Rotterdam,2026-06-25T15:12:23,2026-06-25T15:12:23,0.0,8659.5,Chemicals
9ffa7d0f-7c44-4368-b1e0-83a65348d956,COSCO,Ningbo,New York,2026-09-13T22:43:27,2026-09-13T22:43:27,0.0,22381.7,Automotive
9a3b1902-5178-4ffe-a053-103733c14da5,Evergreen,Shenzhen,Hamburg,2026-06-29T02:44:31,2026-06-29T02:44:31,0.0,10127.4,Food
26e34c6b-0491-4fec-b1cc-a86f4c5bef62,Evergreen,Shanghai,Rotterdam,2026-08-06T14:29:52,2026-08-06T14:29:52,0.0,20793.1,Food
39761434-955d-4c12-a05e-378f0f037ab6,Marsa Maroc,Busan,Los Angeles,2026-07-05T16:14:42,2026-07-05T16:14:42,0.0,12134.9,Electronics
19094259-e994-4901-9a81-2051996c0280,CMA-CGM,Shenzhen,Hamburg,2026-08-04T06:38:36,2026-08-04T06:38:36,0.0,24507.5,Food
805bf5c4-819d-4943-902c-a1955122c5ab,Comanav,Shanghai,Rotterdam,2026-06-23T19:42:22,2026-06-28T05:54:22,106.2,15916.9,Food
432e8042-57e4-46e9-94ad-73d3c8382be9,CMA-CGM,Busan,Los Angeles,2026-04-19T10:24:29,2026-04-23T11:00:29,96.6,19516.0,Food
2f256dee-1a71-49e9-aa10-80d567a00c67,Marsa Maroc,Agadir,Hamburg,2026-05-14T12:04:45,2026-05-14T12:04:45,0.0,12271.0,Food
512ee956-a224-44b9-b582-7f183ba8fc57,MSC,Singapore,Felixstowe,2026-08-11T06:50:37,2026-08-12T21:02:37,38.2,14528.0,Electronics
6a716f59-29a9-4802-9f97-bf5cb4c64d89,Maersk,Agadir,Hamburg,2026-07-26T05:53:24,2026-07-26T05:53:24,0.0,10760.1,Chemicals
094f194a-ac3d-4517-a969-5935559186db,COSCO,Agadir,Hamburg,2026-05-07T14:03:08,2026-05-07T14:03:08,0.0,15481.2,Chemicals
90426b3e-b66d-4b01-bd06-d8aba5d82179,Marsa Maroc,Tanger Med,Rotterdam,2026-06-25T21:03:22,2026-06-25T21:03:22,0.0,5579.9,Textiles
20795b2a-c6ee-44bb-9c31-ab6513e37323,Evergreen,Busan,Los Angeles,2026-08-05T16:53:41,2026-08-05T16:53:41,0.0,23938.8,Chemicals
d607dc3b-4c61-4123-a6e9-f22fb207b59f,CMA-CGM,Ningbo,New York,2026-03-01T03:47:01,2026-03-01T03:47:01,0.0,17058.8,Textiles
ae53d2d0-422d-4d78-be8b-595cb6182d00,MSC,Busan,Los Angeles,2026-06-27T00:19:11,2026-06-28T18:25:11,42.1,7813.2,Textiles
9943f8aa-05c1-440f-b511-b93f93ca8853,Marsa Maroc,Shanghai,Rotterdam,2026-06-20T10:13:46,2026-06-20T10:13:46,0.0,17772.2,Textiles
fc84d3ac-7380-4beb-ae51-40e56ef476bf,CMA-CGM,Busan,Los Angeles,2026-05-21T15:02:40,2026-05-21T15:02:40,0.0,23394.9,Textiles
0511cb18-4891-4b52-8263-51257ffed179,Maersk,Shanghai,Rotterdam,2026-08-14T22:50:52,2026-08-14T22:50:52,0.0,13808.2,Chemicals
32354338-df80-4039-9e0e-f0b5baa7a19a,Comanav,Shenzhen,Hamburg,2026-07-04T03:34:49,2026-07-05T22:58:49,43.4,7546.9,Electronics
ddc7628b-aa49-4e78-8ef0-f688422242db,COSCO,Shenzhen,Hamburg,2026-08-28T14:00:14,2026-08-28T14:00:14,0.0,18809.8,Automotive
08da1727-78d3-4cfe-ad33-3d782a94412f,Comanav,Agadir,Hamburg,2026-08-19T13:44:38,2026-08-19T13:44:38,0.0,23359.1,Textiles
70ff48ae-a186-4ceb-8a97-5a75645d3dbd,Maersk,Casablanca,Marseille,2026-08-19T17:13:40,2026-08-19T17:13:40,0.0,14877.3,Automotive
e48ebea7-a3ff-4674-b35d-d044277d375d,Marsa Maroc,Tanger Med,Rotterdam,2026-05-22T23:50:29,2026-05-24T12:14:29,36.4,6204.5,Electronics
9d8a3b7e-a5f4-4ada-9e2c-34d807529233,CMA-CGM,Singapore,Felixstowe,2026-08-31T18:24:53,2026-08-31T18:24:53,0.0,2963.4,Automotive
328a72e1-a4f9-4a00-867b-98c098eb3bc0,Evergreen,Tanger Med,Rotterdam,2026-05-05T21:38:18,2026-05-07T02:44:18,29.1,16495.9,Chemicals
40b21b6b-9dfb-4fea-9646-2a8726f65771,Marsa Maroc,Busan,Los Angeles,2026-04-02T22:21:06,2026-04-02T22:21:06,0.0,24115.9,Textiles
0d01f098-2005-41ac-8c2b-26f745ff8092,Marsa Maroc,Shanghai,Rotterdam,2026-06-19T05:04:51,2026-06-19T05:04:51,0.0,19333.8,Food
2ca7685e-1697-4f6e-b8be-e83512babfd4,Evergreen,Agadir,Hamburg,2026-07-09T04:10:51,2026-07-09T04:10:51,0.0,21333.2,Electronics
46891418-4d67-4d8f-ada3-6700e5945877,COSCO,Casablanca,Marseille,2026-04-06T06:25:54,2026-04-07T13:25:54,31.0,23031.1,Chemicals
a1625e2b-837c-4580-82a5-8e82aae68d54,MSC,Busan,Los Angeles,2026-05-31T05:08:02,2026-06-05T01:02:02,115.9,23188.0,Electronics
d5fd6397-4d30-4884-9092-0ee025989c46,CMA-CGM,Tanger Med,Rotterdam,2026-06-29T13:19:08,2026-06-29T13:19:08,0.0,3128.9,Textiles
17ff8890-d16c-4886-ad15-44eb2fd0d05d,COSCO,Shanghai,Rotterdam,2026-05-27T05:48:09,2026-05-30T04:30:09,70.7,12600.9,Automotive
9c279832-ca61-4a5e-8133-5e1157e6fed7,COSCO,Ningbo,New York,2026-05-17T08:01:31,2026-05-17T08:01:31,0.0,20315.9,Textiles
9303aa75-f560-44bd-ab6f-97a597d0c9a4,Marsa Maroc,Casablanca,Marseille,2026-04-27T05:26:18,2026-04-27T05:26:18,0.0,6803.0,Automotive
f0137fb2-bb29-4043-a023-6fa41ce70eb7,Marsa Maroc,Tanger Med,Rotterdam,2026-03-10T11:39:40,2026-03-10T11:39:40,0.0,7728.1,Automotive
1ce6e5b8-5802-476c-81fc-d95f6d60f408,Evergreen,Casablanca,Marseille,2026-03-18T22:44:35,2026-03-23T11:38:35,108.9,20761.3,Food
5a4eec98-395a-4607-9012-7287291ca251,Maersk,Shenzhen,Hamburg,2026-06-04T02:05:52,2026-06-04T02:05:52,0.0,2836.9,Automotive
2ce88693-e1c0-4670-b866-8b5e9ba78403,CMA-CGM,Busan,Los Angeles,2026-09-01T12:35:30,2026-09-02T01:17:30,12.7,9897.6,Chemicals
4d39b1cc-daf8-4fbf-a9a0-3af8339c3fe9,CMA-CGM,Shanghai,Rotterdam,2026-03-29T06:48:29,2026-03-29T06:48:29,0.0,18210.6,Electronics
92708fe9-b17c-46e1-839d-ead54ce877c9,Marsa Maroc,Shanghai,Rotterdam,2026-08-24T20:47:10,2026-08-24T20:47:10,0.0,6289.4,Electronics
95664ff9-bcb6-4797-9df4-cee5eed5449e,CMA-CGM,Busan,Los Angeles,2026-08-08T22:52:12,2026-08-08T22:52:12,0.0,17308.8,Textiles
cd13298d-14ff-4029-9548-c968c0293a85,Marsa Maroc,Tanger Med,Barcelona,2026-05-15T12:16:03,2026-05-17T08:10:03,43.9,15558.3,Automotive
6d4f2871-3a87-4376-b29b-bc2c8961cba9,COSCO,Casablanca,Marseille,2026-07-28T02:56:19,2026-07-28T02:56:19,0.0,18819.5,Food
f5091a71-02b2-4970-b5f1-ebd2f7ac59cd,COSCO,Shenzhen,Hamburg,2026-09-08T23:55:45,2026-09-08T23:55:45,0.0,22863.5,Food
67d5eeb0-8cba-4291-ab25-95f947bb2669,Comanav,Agadir,Hamburg,2026-08-03T05:02:04,2026-08-03T05:02:04,0.0,18991.1,Electronics
eeecf340-4121-483f-890a-da31e0cd3fc1,COSCO,Ningbo,New York,2026-06-03T18:05:59,2026-06-03T18:05:59,0.0,9363.7,Food
b41ffc9b-7083-44fb-8b1c-478ae4b02f7f,Maersk,Tanger Med,Barcelona,2026-04-27T07:27:52,2026-04-27T07:27:52,0.0,22620.8,Automotive
98c7fad1-d7ea-4597-83e5-47f26e31778c,MSC,Ningbo,New York,2026-03-03T03:40:53,2026-03-03T03:40:53,0.0,21434.9,Chemicals
97c2359b-d3da-49b3-992b-39a0d0d8ad3d,Marsa Maroc,Tanger Med,Barcelona,2026-04-11T09:27:56,2026-04-11T09:27:56,0.0,14787.1,Electronics
d0ecd1b9-1c1a-421d-ad32-8f519d8203f3,COSCO,Ningbo,New York,2026-08-13T02:38:59,2026-08-15T15:38:59,61.0,13074.6,Chemicals
fadb4791-6a89-4655-a41d-985af2f3d55b,Evergreen,Tanger Med,Rotterdam,2026-05-24T23:44:50,2026-05-24T23:44:50,0.0,20269.4,Electronics
be406532-edde-4c85-9d0d-f9596be39207,CMA-CGM,Singapore,Felixstowe,2026-05-08T07:22:57,2026-05-08T07:22:57,0.0,18772.2,Food
cf94bca2-d705-41d3-b1dc-4aac3353445b,Maersk,Tanger Med,Barcelona,2026-08-28T09:55:07,2026-08-28T09:55:07,0.0,17659.4,Food
323c9957-2fb2-47d4-b645-ca0b60c319d9,Maersk,Tanger Med,Rotterdam,2026-03-20T12:04:09,2026-03-23T03:04:09,63.0,7533.7,Automotive
43db3add-f66b-472f-95e1-80d210c29902,Comanav,Casablanca,Marseille,2026-06-05T18:41:46,2026-06-05T18:41:46,0.0,18367.6,Chemicals
0eec3a9e-3e56-414a-8cbe-31aed8444ba1,COSCO,Shenzhen,Hamburg,2026-04-17T03:08:38,2026-04-17T03:08:38,0.0,22969.3,Chemicals
7c071187-e429-499c-a305-d098c41df93a,Maersk,Singapore,Felixstowe,2026-08-25T06:31:57,2026-08-25T06:31:57,0.0,16713.9,Food
8a39e136-8d84-4b85-99eb-d60ca220dffa,Marsa Maroc,Casablanca,Marseille,2026-04-21T18:48:37,2026-04-22T19:36:37,24.8,24824.7,Chemicals
3983c5b2-3b8c-474f-835f-8dd037f17c96,MSC,Ningbo,New York,2026-08-28T10:47:19,2026-08-28T10:47:19,0.0,5955.9,Electronics
d0dbe937-ce57-48cf-9135-97b242946afe,CMA-CGM,Tanger Med,Rotterdam,2026-07-02T05:25:52,2026-07-02T05:25:52,0.0,18117.8,Chemicals
48bdb767-7df1-48b0-a6b8-ea6cbc6ef295,COSCO,Ningbo,New York,2026-08-19T21:04:59,2026-08-21T11:46:59,38.7,8980.9,Textiles
5f3b9d92-e18e-421b-995d-2f7a3c62e377,Marsa Maroc,Agadir,Hamburg,2026-09-13T00:52:24,2026-09-13T00:52:24,0.0,1289.3,Chemicals
63706e6b-b622-4db4-993e-2b63bf9b2cae,MSC,Tanger Med,Rotterdam,2026-08-13T17:30:43,2026-08-13T17:30:43,0.0,2972.0,Electronics
1dd32025-bd63-4133-a927-48893363072d,Evergreen,Busan,Los Angeles,2026-08-21T04:12:57,2026-08-21T04:12:57,0.0,21869.2,Automotive
6a8abd75-528b-4b79-9041-99a65365b563,COSCO,Tanger Med,Rotterdam,2026-05-01T19:27:33,2026-05-01T19:27:33,0.0,13724.1,Electronics
9e763577-9a84-4878-9359-0dad10599977,Evergreen,Casablanca,Marseille,2026-09-01T08:17:11,2026-09-02T21:35:11,37.3,22951.7,Food
7356a215-eefa-49b4-8518-f8f3398a00f0,Evergreen,Shenzhen,Hamburg,2026-08-22T18:57:15,2026-08-22T18:57:15,0.0,16977.0,Textiles
834102de-8217-4d15-a790-2039a673b67c,CMA-CGM,Agadir,Hamburg,2026-06-09T15:50:25,2026-06-14T14:20:25,118.5,13270.7,Chemicals
5f67184b-4bd3-497d-a739-84fd1a2d16af,CMA-CGM,Shanghai,Rotterdam,2026-06-05T00:26:28,2026-06-05T00:26:28,0.0,23738.7,Automotive
bc4ed463-474f-4700-9818-76ec27db2353,Evergreen,Singapore,Felixstowe,2026-06-16T16:43:44,2026-06-16T16:43:44,0.0,24321.1,Chemicals
a8870d61-3c7e-4554-a4e0-3c6db4561ef9,CMA-CGM,Ningbo,New York,2026-09-05T04:46:17,2026-09-05T04:46:17,0.0,10502.3,Textiles
77fd96ad-cc75-4bdd-8ae4-a967147198bf,MSC,Singapore,Felixstowe,2026-06-01T21:55:59,2026-06-01T21:55:59,0.0,12101.2,Automotive
dbc9b36a-945b-457c-8934-b13f430d14fb,Comanav,Shanghai,Rotterdam,2026-06-15T15:26:01,2026-06-15T15:26:01,0.0,20241.5,Electronics
003f0b9a-2b3e-4d46-ab4a-ebeff7da36c4,COSCO,Ningbo,New York,2026-08-18T19:54:35,2026-08-21T20:06:35,72.2,3785.3,Automotive
e4bc1c3d-0a85-4536-b369-f3ae62078d96,MSC,Shanghai,Rotterdam,2026-03-31T02:11:49,2026-03-31T02:11:49,0.0,2437.2,Chemicals
776b5db5-afd4-4249-929d-2fdc90a89928,Maersk,Shenzhen,Hamburg,2026-06-19T23:10:45,2026-06-19T23:10:45,0.0,20820.5,Electronics
63ad66e0-1139-48f2-9b92-5fa9b67bc624,COSCO,Shanghai,Rotterdam,2026-05-31T01:38:18,2026-05-31T01:38:18,0.0,15271.6,Electronics
e77e4cc9-dd1d-4a03-acb9-4345bda140a5,Comanav,Agadir,Hamburg,2026-06-14T12:34:06,2026-06-14T12:34:06,0.0,18245.5,Food
2353670c-8340-457f-9fad-9bd70107b7f4,COSCO,Agadir,Hamburg,2026-07-09T10:19:33,2026-07-09T10:19:33,0.0,22722.3,Textiles
624c312a-311a-4543-9d99-1e3f3cc02453,MSC,Tanger Med,Rotterdam,2026-07-03T03:54:32,2026-07-07T23:48:32,115.9,3374.2,Chemicals
b80d068a-03dd-43c6-852a-6062c5940c87,Marsa Maroc,Agadir,Hamburg,2026-04-01T07:02:17,2026-04-01T07:02:17,0.0,5510.6,Automotive
92c247dd-5deb-4cdc-99a6-87709c19e323,CMA-CGM,Ningbo,New York,2026-04-23T17:44:23,2026-04-23T17:44:23,0.0,9826.2,Food
f6ab05a4-2ce1-4980-a4a7-46701a8e5f6c,CMA-CGM,Shenzhen,Hamburg,2026-04-28T13:50:37,2026-04-28T13:50:37,0.0,13064.0,Chemicals
6d5ce03b-51a8-480f-9991-bae73cf91ca2,Maersk,Busan,Los Angeles,2026-05-29T19:30:47,2026-05-29T19:30:47,0.0,18199.1,Textiles
2488a31a-db6c-42dc-b5dc-966d80ccb6fe,CMA-CGM,Agadir,Hamburg,2026-07-27T18:08:51,2026-07-27T18:08:51,0.0,1620.0,Automotive
7a9ae661-69ba-4605-9b86-80590fd6e315,Maersk,Casablanca,Marseille,2026-04-29T08:14:53,2026-04-29T08:14:53,0.0,23401.6,Food
051b0c8a-dcdd-4bfc-8e47-83659bd47d43,CMA-CGM,Singapore,Felixstowe,2026-05-23T02:11:07,2026-05-23T02:11:07,0.0,8581.7,Chemicals
f6cf4a05-c034-4ffc-ae5c-d4e7bea05528,COSCO,Agadir,Hamburg,2026-03-25T22:39:22,2026-03-25T22:39:22,0.0,23614.9,Textiles
5d177ab7-3ad6-4d67-9a2c-0ede477c864c,Comanav,Shanghai,Rotterdam,2026-08-09T02:50:56,2026-08-13T23:14:56,116.4,16221.5,Chemicals
ba5157a2-62ed-4856-b67f-c4037b12bd04,MSC,Busan,Los Angeles,2026-08-06T07:06:05,2026-08-06T07:06:05,0.0,9128.3,Automotive
ba441ab1-f5d9-46aa-a579-fc19ea7a4eed,COSCO,Ningbo,New York,2026-07-07T12:02:17,2026-07-07T12:02:17,0.0,22289.4,Electronics
319ffb95-b579-486d-af09-30dace9de17a,Maersk,Ningbo,New York,2026-08-28T22:43:45,2026-08-28T22:43:45,0.0,2321.1,Electronics
8c3788d2-1aa0-4392-92b0-dd280f5c8fb4,COSCO,Tanger Med,Rotterdam,2026-08-09T11:17:48,2026-08-09T11:17:48,0.0,15952.2,Electronics
5b1fa600-cc5d-4ca3-85b2-c1d25b1935c6,Maersk,Casablanca,Marseille,2026-03-25T04:21:30,2026-03-25T04:21:30,0.0,11672.2,Electronics
e7189de4-7619-4a22-8b58-f570dea8a00c,Marsa Maroc,Busan,Los Angeles,2026-05-20T07:50:10,2026-05-20T07:50:10,0.0,662.0,Food
1daa6b76-dbad-4004-a9ff-1272e4e69039,Maersk,Singapore,Felixstowe,2026-08-11T04:01:17,2026-08-11T04:01:17,0.0,18193.7,Food
ecf7f5d6-7686-44c6-bafa-dc996b2e42b0,Maersk,Shanghai,Rotterdam,2026-07-30T06:11:13,2026-07-30T06:11:13,0.0,17597.5,Chemicals
c5c2cafb-fef6-47c6-be60-fbefcc4c1590,Maersk,Casablanca,Marseille,2026-03-08T14:03:03,2026-03-11T10:39:03,68.6,6403.7,Food
d0d1f070-d3b2-43a3-aaa8-87e9b468111c,CMA-CGM,Ningbo,New York,2026-07-26T17:24:29,2026-07-26T17:24:29,0.0,7049.5,Chemicals
07f168ce-5154-4a70-86de-dba605d396b9,CMA-CGM,Tanger Med,Barcelona,2026-09-02T05:46:24,2026-09-04T19:22:24,61.6,6458.6,Automotive
d13adfd8-28ca-4613-8a17-7f89345c1e5f,Marsa Maroc,Shanghai,Rotterdam,2026-03-03T06:57:19,2026-03-03T06:57:19,0.0,2475.1,Electronics
7c9f80d2-2baf-43de-9f95-e3f050b2a202,COSCO,Tanger Med,Barcelona,2026-07-15T14:37:46,2026-07-15T14:37:46,0.0,14041.2,Electronics
814f0806-5aab-489c-a45a-d4e2e7215cd5,Marsa Maroc,Tanger Med,Rotterdam,2026-06-24T23:16:17,2026-06-24T23:16:17,0.0,12746.5,Chemicals
ce3fb70b-a82f-4367-a03f-365917567304,Evergreen,Shenzhen,Hamburg,2026-07-30T10:56:20,2026-08-04T08:08:20,117.2,22422.4,Electronics
964c1604-1f93-4d9d-bb21-3864a01b3ecd,MSC,Agadir,Hamburg,2026-08-10T17:33:41,2026-08-14T08:21:41,86.8,14386.2,Textiles
931d25fa-e102-4d07-8ec2-1e70e73c236a,Maersk,Tanger Med,Rotterdam,2026-05-25T15:34:10,2026-05-25T15:34:10,0.0,7369.1,Food
1f332e9c-f355-46ef-9001-64a51037d90c,MSC,Tanger Med,Rotterdam,2026-09-06T14:37:42,2026-09-08T12:37:42,46.0,24056.0,Food
271316f3-959c-42d2-8a40-349ff0a4e533,Comanav,Casablanca,Marseille,2026-05-25T05:09:28,2026-05-29T09:51:28,100.7,23257.4,Textiles
bda3a3dc-8a23-4669-8020-cc2394d3e8c0,Evergreen,Casablanca,Marseille,2026-06-14T23:56:29,2026-06-14T23:56:29,0.0,20948.9,Chemicals
49b04aaf-049b-426c-95a5-2c8bcbabf758,CMA-CGM,Ningbo,New York,2026-08-17T06:17:08,2026-08-17T06:17:08,0.0,18623.8,Electronics
8d1b9f5b-2dc8-47a3-9650-a8dcf28d6669,Marsa Maroc,Ningbo,New York,2026-09-05T14:30:41,2026-09-06T08:18:41,17.8,11208.7,Electronics
3211a832-3502-48ff-8ca8-5a2fea2a0b36,Evergreen,Shenzhen,Hamburg,2026-03-12T06:31:51,2026-03-17T01:37:51,115.1,10219.2,Textiles
0491e9a4-6f7b-44f0-8429-02221ce57339,Marsa Maroc,Tanger Med,Rotterdam,2026-07-30T00:24:42,2026-07-30T00:24:42,0.0,24818.4,Chemicals
082194a3-a78d-4115-82ff-06313ae09d4f,CMA-CGM,Agadir,Hamburg,2026-07-09T12:57:15,2026-07-09T12:57:15,0.0,9698.0,Automotive
063e515d-446c-4d54-9b4d-f536d1f01b26,Maersk,Singapore,Felixstowe,2026-08-05T00:30:16,2026-08-05T00:30:16,0.0,7736.8,Automotive
f990c7ee-2ff8-4e61-87c6-1533167ab2c1,Maersk,Tanger Med,Barcelona,2026-05-04T02:19:42,2026-05-04T02:19:42,0.0,9810.0,Automotive
95d87cc0-410a-403e-bc4d-cdd7b0d41801,CMA-CGM,Singapore,Felixstowe,2026-08-29T12:23:30,2026-08-29T12:23:30,0.0,2742.3,Textiles
366a85fa-d7c9-4be3-967d-5c0942c6f95f,CMA-CGM,Busan,Los Angeles,2026-04-19T13:34:38,2026-04-19T13:34:38,0.0,3004.7,Electronics
e7de8be2-366d-496e-85e0-cfb6e586e076,COSCO,Casablanca,Marseille,2026-03-11T11:20:43,2026-03-11T11:20:43,0.0,14091.1,Chemicals
dd4a38e8-3552-43ac-b955-32c5d60d7cab,Maersk,Tanger Med,Barcelona,2026-08-01T00:32:05,2026-08-01T00:32:05,0.0,14078.4,Food
7cecb9fd-262b-4404-82e7-7a7eda0df5d8,Comanav,Shenzhen,Hamburg,2026-03-11T12:36:33,2026-03-11T12:36:33,0.0,7650.3,Chemicals
ee51c571-e470-4db3-a8f3-4acef66ba934,Marsa Maroc,Tanger Med,Barcelona,2026-04-02T14:26:49,2026-04-07T04:14:49,109.8,24465.2,Food
1e47bb1b-a098-4b76-b1aa-f66b2eb1ff1a,MSC,Ningbo,New York,2026-08-14T10:57:38,2026-08-14T10:57:38,0.0,4652.8,Textiles
ad667667-1ce3-4b0f-833b-ac43b52e98c4,CMA-CGM,Shanghai,Rotterdam,2026-04-22T16:48:39,2026-04-22T16:48:39,0.0,2050.0,Chemicals
5348c740-7fb6-428c-8584-b82e0724b8df,COSCO,Shanghai,Rotterdam,2026-08-27T07:20:29,2026-08-27T07:20:29,0.0,19675.3,Textiles
4fcf4027-bcac-4ab0-9e23-20bb7ce25efe,MSC,Shanghai,Rotterdam,2026-05-10T13:50:14,2026-05-10T13:50:14,0.0,12647.2,Food
f593e323-32a1-4957-9bb2-65c0996a4b28,COSCO,Agadir,Hamburg,2026-03-20T12:41:12,2026-03-20T12:41:12,0.0,7964.1,Chemicals
8aa2bf7e-6b76-425f-9602-875299e5739c,Comanav,Shenzhen,Hamburg,2026-06-10T00:49:57,2026-06-10T00:49:57,0.0,20199.9,Textiles
66dd887c-86ac-4aa5-aa43-5b901c99407d,CMA-CGM,Busan,Los Angeles,2026-07-26T05:30:14,2026-07-26T05:30:14,0.0,20676.6,Food
1e57bdbe-492b-44b9-b7d8-689a511078fa,CMA-CGM,Casablanca,Marseille,2026-07-06T03:08:52,2026-07-06T03:08:52,0.0,23708.3,Automotive
a9043139-cb53-4ac4-922f-c6681d078c25,CMA-CGM,Busan,Los Angeles,2026-05-22T04:49:00,2026-05-22T04:49:00,0.0,10256.9,Textiles
352a11ab-1568-47f2-9029-4cf5ace95b9d,Marsa Maroc,Shanghai,Rotterdam,2026-08-24T14:06:17,2026-08-24T14:06:17,0.0,12529.7,Food
44beaf9a-c8d6-4ff0-84f5-6244c392da42,CMA-CGM,Agadir,Hamburg,2026-07-05T22:25:25,2026-07-05T22:25:25,0.0,20504.1,Chemicals
7d0c2c84-d8ab-41be-8fcb-7613060b80af,Maersk,Shenzhen,Hamburg,2026-07-10T01:43:59,2026-07-11T11:19:59,33.6,24933.0,Automotive
9754bdcd-df11-447a-bb84-618eb753196f,Maersk,Ningbo,New York,2026-07-26T05:42:44,2026-07-28T19:36:44,61.9,17855.0,Chemicals
2f843184-295f-43d8-9d17-220e9344fa14,Comanav,Shanghai,Rotterdam,2026-06-17T01:32:22,2026-06-17T01:32:22,0.0,20564.7,Chemicals
7c0aa015-400f-419b-b62c-ce4ff7a76348,MSC,Busan,Los Angeles,2026-08-11T17:16:08,2026-08-11T17:16:08,0.0,6429.5,Automotive
2aaabeda-a315-4870-8d93-558b2ef69625,Comanav,Singapore,Felixstowe,2026-06-06T23:20:27,2026-06-06T23:20:27,0.0,11502.1,Food
c9c5c4cf-9cdc-4937-88fd-a0b4cb6e20a3,Evergreen,Busan,Los Angeles,2026-04-01T19:25:17,2026-04-01T19:25:17,0.0,12912.0,Chemicals
1033e31f-bb93-4e85-8550-c5ec3d469bd5,Maersk,Ningbo,New York,2026-08-30T15:34:38,2026-08-30T15:34:38,0.0,9308.5,Food
af47eb43-491f-4e30-b404-2415f2800551,Maersk,Tanger Med,Barcelona,2026-03-08T12:39:55,2026-03-08T12:39:55,0.0,16611.2,Textiles
213db46c-e965-4af7-a019-9306af3a79ed,Marsa Maroc,Casablanca,Marseille,2026-03-21T05:28:22,2026-03-21T05:28:22,0.0,14298.9,Chemicals
85524616-dad1-4670-a84f-e592b194d85d,Comanav,Shenzhen,Hamburg,2026-07-14T21:52:00,2026-07-14T21:52:00,0.0,758.4,Textiles
54608f96-d5b7-4328-886e-c0d9f6ad8c05,Evergreen,Agadir,Hamburg,2026-05-27T01:54:07,2026-05-27T01:54:07,0.0,14170.8,Food
689e56eb-52bf-4afa-a8a0-50fc98c7b896,COSCO,Agadir,Hamburg,2026-03-27T15:34:10,2026-03-27T15:34:10,0.0,11845.0,Food
c58413d8-5fea-41ef-b617-682f8aadf967,MSC,Ningbo,New York,2026-03-16T15:13:58,2026-03-16T15:13:58,0.0,1101.8,Electronics
a39b86a7-1952-4c33-9a07-f0b13f1f140d,COSCO,Shanghai,Rotterdam,2026-03-13T01:13:13,2026-03-13T22:31:13,21.3,20867.3,Automotive
8fe19963-cbc4-4fa5-b438-f1a5d65e205a,CMA-CGM,Shenzhen,Hamburg,2026-06-05T00:50:50,2026-06-05T00:50:50,0.0,19714.6,Food
20957050-d7ed-4d5c-954d-cb81efdd6c55,CMA-CGM,Busan,Los Angeles,2026-05-17T10:10:34,2026-05-17T10:10:34,0.0,11235.1,Chemicals
f934f177-59ec-41ab-a976-e269dc758df8,Maersk,Shenzhen,Hamburg,2026-03-08T21:57:19,2026-03-08T21:57:19,0.0,20349.6,Electronics
22b2f2ad-7cc9-46c0-b143-62d52b2f075b,Comanav,Tanger Med,Rotterdam,2026-04-29T04:18:23,2026-04-29T04:18:23,0.0,3179.4,Automotive
7c3ebd98-2157-4166-b7ba-9c83ff018d33,Evergreen,Agadir,Hamburg,2026-06-01T15:24:00,2026-06-01T15:24:00,0.0,4423.3,Food
21229051-d31e-4234-9af8-338dae8b4c69,COSCO,Singapore,Felixstowe,2026-04-19T00:27:53,2026-04-19T00:27:53,0.0,10423.7,Automotive
5e757058-3d3b-4041-b3c8-e3e3d2d6f397,Marsa Maroc,Casablanca,Marseille,2026-08-31T21:54:32,2026-08-31T21:54:32,0.0,10191.8,Food
994c9249-82f1-4634-b38c-aa37a0b9f116,COSCO,Agadir,Hamburg,2026-04-14T10:11:12,2026-04-14T10:11:12,0.0,10026.5,Automotive
e792c415-699e-42f8-bc41-5c0600b22e10,CMA-CGM,Agadir,Hamburg,2026-05-24T15:34:36,2026-05-24T15:34:36,0.0,20313.9,Electronics
4eb4771e-ffb5-403f-8d58-aa06e8e77b82,Comanav,Tanger Med,Barcelona,2026-08-28T14:25:51,2026-08-29T22:37:51,32.2,8486.6,Chemicals
105ecf88-057e-4130-bcb4-aa84465ea141,CMA-CGM,Tanger Med,Barcelona,2026-06-08T12:21:51,2026-06-08T12:21:51,0.0,12492.4,Textiles
1957ba51-7a61-4b64-a5bf-278d1f89151a,Evergreen,Singapore,Felixstowe,2026-07-22T06:21:08,2026-07-22T06:21:08,0.0,3298.7,Textiles
db6dbe7d-dd55-4c3f-b23a-c9ad72437ebc,Evergreen,Busan,Los Angeles,2026-05-05T03:54:29,2026-05-05T03:54:29,0.0,17002.9,Textiles
d43b84fd-059d-4e97-aad4-3ae46ad1c243,Marsa Maroc,Tanger Med,Barcelona,2026-04-14T11:31:25,2026-04-14T11:31:25,0.0,3387.6,Textiles
ad43215e-73a1-4756-a775-76e7562cef78,MSC,Tanger Med,Barcelona,2026-05-03T14:24:28,2026-05-03T14:24:28,0.0,3963.3,Chemicals
57a027ea-6a20-4be2-803e-248bfc5e54cd,Evergreen,Singapore,Felixstowe,2026-06-29T19:05:34,2026-06-29T19:05:34,0.0,9900.9,Automotive
c7bc3ab6-1a21-4dbc-a1d8-17027b245333,Marsa Maroc,Busan,Los Angeles,2026-04-11T23:33:12,2026-04-11T23:33:12,0.0,23019.4,Automotive
bb06c253-2595-4b56-ae43-74f8d80509c0,MSC,Ningbo,New York,2026-03-10T23:20:24,2026-03-10T23:20:24,0.0,3937.3,Textiles
081f6f05-420b-43a8-bb1a-b7ed2c902443,Evergreen,Busan,Los Angeles,2026-06-30T03:39:08,2026-06-30T03:39:08,0.0,9296.5,Electronics
d2297981-d8e7-431f-8a37-576c5dea80ac,MSC,Busan,Los Angeles,2026-07-24T18:06:51,2026-07-24T18:06:51,0.0,9906.6,Food
b6bb4f56-97fe-47bb-b256-2a890dec050c,Marsa Maroc,Ningbo,New York,2026-08-02T01:05:14,2026-08-02T01:05:14,0.0,17275.1,Chemicals
7faa5c69-8139-4a28-953f-a13a997727bf,COSCO,Busan,Los Angeles,2026-05-17T00:34:03,2026-05-17T00:34:03,0.0,14352.2,Automotive
2559ca5e-6990-4421-bbb6-3f9443d92028,Maersk,Shanghai,Rotterdam,2026-03-30T12:20:18,2026-03-30T12:20:18,0.0,13671.4,Automotive
3ff1238e-6fcf-4e62-88ab-4d1b98e7a28d,Evergreen,Busan,Los Angeles,2026-06-03T07:31:13,2026-06-03T07:31:13,0.0,19265.0,Food
66e3167a-569e-4e57-8559-ad51d681591e,Maersk,Ningbo,New York,2026-04-09T13:47:20,2026-04-09T13:47:20,0.0,7063.3,Food
626dc87f-44b7-462c-af1e-a576763dc294,Evergreen,Shenzhen,Hamburg,2026-06-26T02:57:15,2026-06-26T19:27:15,16.5,18115.0,Food
2077707d-06fd-4f5d-a264-e2b4ba7444f5,COSCO,Agadir,Hamburg,2026-04-17T00:18:53,2026-04-17T00:18:53,0.0,20836.7,Automotive
043bed45-909f-43ac-880e-a30bbf48a572,Comanav,Shanghai,Rotterdam,2026-03-16T22:47:31,2026-03-19T11:23:31,60.6,9040.1,Electronics
8b364704-f0f1-4e56-bfe4-e649239b466d,Comanav,Busan,Los Angeles,2026-07-13T20:10:25,2026-07-17T19:58:25,95.8,6305.2,Food
b4fb2e25-f5e2-4df2-8cfb-bdc901d7877e,Comanav,Shenzhen,Hamburg,2026-08-14T08:46:20,2026-08-14T08:46:20,0.0,16002.9,Automotive
b4b92c1d-cfd5-4f84-99a3-c236f7982f06,Comanav,Casablanca,Marseille,2026-07-22T21:58:15,2026-07-22T21:58:15,0.0,5570.1,Electronics
4ed50b00-8b7d-4eb4-b8af-f5b60d3f2153,Evergreen,Shenzhen,Hamburg,2026-03-27T18:43:24,2026-03-27T18:43:24,0.0,13699.8,Textiles
bc160bf6-a97d-4afc-a257-213210eab442,CMA-CGM,Shanghai,Rotterdam,2026-09-13T11:53:46,2026-09-13T11:53:46,0.0,23833.7,Food
5afc40f1-4283-4fc1-af68-5a8c1568c20f,MSC,Tanger Med,Barcelona,2026-07-11T12:30:18,2026-07-15T13:24:18,96.9,23009.8,Textiles
a3e8e7e2-cd88-485c-9159-3feabe8350e7,Marsa Maroc,Casablanca,Marseille,2026-03-05T21:55:35,2026-03-07T12:55:35,39.0,17929.2,Automotive
78678b51-b901-45d6-9ea3-afefbfc2fdc4,COSCO,Singapore,Felixstowe,2026-08-11T03:13:52,2026-08-11T03:13:52,0.0,15993.8,Chemicals
764ebcee-2b1c-49fd-92d1-b040205080db,COSCO,Singapore,Felixstowe,2026-09-07T09:00:39,2026-09-07T09:00:39,0.0,19967.7,Electronics
8827f274-6106-4136-82dc-a9983ada515d,Evergreen,Singapore,Felixstowe,2026-04-10T23:41:36,2026-04-10T23:41:36,0.0,17520.2,Textiles
5893b427-a087-4302-a38a-18ead72a9b72,COSCO,Busan,Los Angeles,2026-08-16T08:43:51,2026-08-16T08:43:51,0.0,560.6,Electronics
fa68f5c4-fd5b-4e78-a3b3-027d75655679,Marsa Maroc,Busan,Los Angeles,2026-07-19T15:50:13,2026-07-19T15:50:13,0.0,9276.5,Electronics
add20c04-8e2a-4d20-b157-8257bea9ab7a,COSCO,Ningbo,New York,2026-08-26T13:04:52,2026-08-26T13:04:52,0.0,11026.3,Automotive
7d300250-4943-478b-8e40-13a6ffc9eb3f,CMA-CGM,Busan,Los Angeles,2026-04-29T09:58:51,2026-04-29T09:58:51,0.0,7448.0,Food
1942f04d-ba0a-448d-8c0d-7a524e5be42e,Evergreen,Casablanca,Marseille,2026-08-17T03:02:03,2026-08-21T04:08:03,97.1,22406.8,Electronics
e8384b02-6157-4a14-9046-cb2504ae77ba,Maersk,Tanger Med,Rotterdam,2026-05-08T09:42:55,2026-05-08T09:42:55,0.0,20999.2,Electronics
89aaa8db-0c76-49eb-b606-3cf745e3d5e7,Comanav,Tanger Med,Barcelona,2026-06-13T21:21:01,2026-06-13T21:21:01,0.0,11684.7,Chemicals
8160aac1-672b-4fdc-a913-f99570d1281d,Marsa Maroc,Agadir,Hamburg,2026-09-04T18:31:24,2026-09-09T05:49:24,107.3,7895.7,Textiles
01227cd6-fd67-4441-b4d8-ed31f11e1095,Marsa Maroc,Tanger Med,Barcelona,2026-08-28T12:56:15,2026-08-28T12:56:15,0.0,2519.3,Automotive
3b35c14d-2a58-4399-80ae-6141e9f46201,COSCO,Tanger Med,Rotterdam,2026-08-17T03:50:54,2026-08-17T03:50:54,0.0,18286.7,Automotive
996db7d3-bd57-4052-bd42-5431fb3f77ab,Marsa Maroc,Singapore,Felixstowe,2026-06-13T05:37:39,2026-06-13T05:37:39,0.0,2832.0,Automotive
307a2a8e-2d8f-45cf-8d16-55782146492f,Maersk,Busan,Los Angeles,2026-07-04T04:05:47,2026-07-04T04:05:47,0.0,6041.7,Chemicals
dbd999b9-8061-4dc1-b313-53715f32c668,Maersk,Tanger Med,Rotterdam,2026-06-04T08:10:50,2026-06-04T08:10:50,0.0,20519.2,Chemicals
218871be-911d-4fdf-97cc-43d280f7962f,COSCO,Casablanca,Marseille,2026-04-03T15:45:24,2026-04-03T15:45:24,0.0,9885.2,Electronics
db08fb00-0990-4974-afa4-88409bb0b914,CMA-CGM,Tanger Med,Barcelona,2026-06-17T07:47:58,2026-06-17T07:47:58,0.0,7831.8,Chemicals
02eeec7e-91ff-477a-83fc-4f5f04dedf89,Marsa Maroc,Casablanca,Marseille,2026-08-23T01:46:45,2026-08-24T05:10:45,27.4,13497.5,Electronics
f3fe2312-7076-4303-a83d-43e8f24e1bc3,COSCO,Casablanca,Marseille,2026-06-03T16:58:19,2026-06-03T16:58:19,0.0,5719.9,Automotive
fd38a09a-98fe-4036-bd92-d88b6478a382,Evergreen,Singapore,Felixstowe,2026-08-28T11:23:48,2026-08-28T11:23:48,0.0,21569.1,Electronics
d3afd73e-25c5-4a89-971b-ab3f1e8ab3a3,MSC,Tanger Med,Barcelona,2026-07-26T04:26:10,2026-07-26T04:26:10,0.0,14944.6,Chemicals
bbcd5ae6-8136-4fff-8f88-479104b47bc9,COSCO,Shenzhen,Hamburg,2026-07-09T15:26:37,2026-07-09T15:26:37,0.0,3925.8,Textiles
15ef59ea-c83a-4b87-92dd-dfa1bc10e8dc,MSC,Tanger Med,Barcelona,2026-03-12T03:30:12,2026-03-12T03:30:12,0.0,15200.2,Food
3a25b6b8-5327-4947-ac11-57b487690a08,Comanav,Shanghai,Rotterdam,2026-09-08T23:16:13,2026-09-09T14:10:13,14.9,21253.2,Textiles
6105eea9-cc69-4d63-9aaf-4f25cde3b9a4,Evergreen,Agadir,Hamburg,2026-07-05T05:21:05,2026-07-05T05:21:05,0.0,5121.8,Chemicals
557a49f9-f938-4268-8bb8-6da5e0101164,Marsa Maroc,Shanghai,Rotterdam,2026-05-10T14:52:13,2026-05-10T14:52:13,0.0,22498.9,Automotive
3390167b-c2ce-4324-a6b7-4b1ddf9b623d,COSCO,Busan,Los Angeles,2026-09-06T08:17:41,2026-09-06T08:17:41,0.0,12739.8,Food
91438caa-3d92-45ff-a0c3-d8e086b33ed8,Evergreen,Tanger Med,Barcelona,2026-05-22T09:06:01,2026-05-22T22:24:01,13.3,9346.9,Textiles
9e5d2605-f15f-4f4e-a68b-5c029cb152ff,COSCO,Casablanca,Marseille,2026-07-16T19:12:30,2026-07-19T20:36:30,73.4,9452.6,Automotive
27d103ad-8d8b-453e-befc-9430a3b05c50,Comanav,Busan,Los Angeles,2026-06-09T08:01:08,2026-06-09T08:01:08,0.0,14890.4,Electronics
302a64a3-da0e-470a-bbe3-0ecc198e8b1b,MSC,Shanghai,Rotterdam,2026-07-11T04:11:16,2026-07-11T04:11:16,0.0,1981.5,Chemicals
928ab891-62aa-4c33-8f98-aa472bf665d4,CMA-CGM,Ningbo,New York,2026-06-17T14:36:21,2026-06-17T14:36:21,0.0,12775.7,Chemicals
c2b9cd0b-cc80-4abf-8840-f9058b772b11,Marsa Maroc,Singapore,Felixstowe,2026-06-16T07:00:35,2026-06-16T07:00:35,0.0,16193.2,Food
cfe38176-35ab-4c0a-81e1-9bf1efb290f1,CMA-CGM,Casablanca,Marseille,2026-03-04T22:36:54,2026-03-04T22:36:54,0.0,2436.0,Automotive
72407db2-f014-4d90-8ae0-7da53fc2b028,Evergreen,Casablanca,Marseille,2026-05-14T04:46:29,2026-05-14T04:46:29,0.0,14867.7,Electronics
e4bd6588-16ee-4940-bd0c-2a5fc994f50c,Marsa Maroc,Shanghai,Rotterdam,2026-04-03T05:58:14,2026-04-03T05:58:14,0.0,23859.0,Automotive
cc3ad240-a12f-4437-b98b-a8130b9aaf67,MSC,Tanger Med,Rotterdam,2026-06-02T17:36:05,2026-06-02T17:36:05,0.0,11144.8,Chemicals
4460bbee-8faf-4821-819b-b55e26a24231,CMA-CGM,Tanger Med,Rotterdam,2026-08-05T20:11:04,2026-08-05T20:11:04,0.0,16622.3,Automotive
3f7d6da6-75ff-4357-9dce-2bc5a09469e0,Maersk,Tanger Med,Barcelona,2026-09-06T17:52:32,2026-09-06T17:52:32,0.0,17686.7,Automotive
550739d7-ffb2-403c-8a72-12bbf94ba4b9,CMA-CGM,Busan,Los Angeles,2026-06-02T07:58:53,2026-06-02T07:58:53,0.0,19683.2,Textiles
db50eb16-fd18-4666-9801-23d1d47c07ab,CMA-CGM,Casablanca,Marseille,2026-09-01T21:30:33,2026-09-01T21:30:33,0.0,19637.5,Textiles
f75a2a19-ca68-420a-a44f-25c100fef2b4,Comanav,Tanger Med,Barcelona,2026-09-07T14:47:11,2026-09-09T14:59:11,48.2,11018.5,Food
917f6ddd-3c49-483c-ba43-be02e426c2b4,CMA-CGM,Tanger Med,Barcelona,2026-08-22T01:17:22,2026-08-22T01:17:22,0.0,14628.0,Electronics
56913b6e-50c6-4bdf-99fc-391c2c875942,COSCO,Busan,Los Angeles,2026-03-07T16:43:07,2026-03-07T16:43:07,0.0,1858.3,Food
eb1c86cf-848d-4890-b613-9a8202ee7046,CMA-CGM,Casablanca,Marseille,2026-04-06T03:19:12,2026-04-06T03:19:12,0.0,19446.6,Food
bcdb2fe7-b376-4640-9b22-8838c121627e,MSC,Tanger Med,Barcelona,2026-06-23T06:28:27,2026-06-23T06:28:27,0.0,562.9,Electronics
3449ca05-a1f6-4315-b43f-50ad5367a35b,Maersk,Agadir,Hamburg,2026-05-26T01:25:41,2026-05-26T01:25:41,0.0,9883.0,Automotive
0344d05d-705d-4292-9604-9bdf62953455,Comanav,Casablanca,Marseille,2026-08-05T01:17:30,2026-08-05T01:17:30,0.0,20176.3,Chemicals
2ab13cfc-462a-4d84-aa37-0ae7be884560,CMA-CGM,Agadir,Hamburg,2026-06-03T11:46:06,2026-06-03T11:46:06,0.0,22938.4,Textiles
01da090f-2ed3-401c-88ce-62cf3e8932cd,Comanav,Shanghai,Rotterdam,2026-06-27T22:02:49,2026-06-27T22:02:49,0.0,9633.8,Food
9ed2b219-b13a-4132-8a66-e3f1c87db289,MSC,Tanger Med,Rotterdam,2026-07-22T07:31:11,2026-07-22T07:31:11,0.0,13136.5,Electronics
38b6f376-8e0e-4991-9915-f0ef7c0c07b5,Maersk,Singapore,Felixstowe,2026-08-31T19:06:26,2026-08-31T19:06:26,0.0,21717.8,Textiles
1eeda3ec-5212-4bd2-acff-93fc3b4a17e7,Maersk,Shenzhen,Hamburg,2026-07-12T12:03:04,2026-07-12T12:03:04,0.0,695.2,Automotive
8f78aad4-08fd-4793-a8f9-87205ce37752,Evergreen,Shanghai,Rotterdam,2026-08-13T05:58:58,2026-08-17T01:52:58,91.9,6443.3,Textiles
683cf699-7250-4a0b-bfd5-647dcd1507e4,Comanav,Busan,Los Angeles,2026-07-07T11:11:54,2026-07-07T11:11:54,0.0,18445.4,Food
e1e84ae5-d3e5-47c0-b4ad-193d760ec326,MSC,Agadir,Hamburg,2026-07-15T15:06:42,2026-07-15T15:06:42,0.0,10545.9,Automotive
c0bcb47e-a47b-4bc8-b698-a74bbfff7759,CMA-CGM,Ningbo,New York,2026-08-24T05:12:44,2026-08-24T05:12:44,0.0,17489.8,Electronics
577a33c0-d1eb-4afd-95d9-a4adb97c6f4c,Maersk,Shenzhen,Hamburg,2026-06-14T05:07:26,2026-06-14T05:07:26,0.0,9718.7,Textiles
25456467-8f85-4948-9e3c-13cca9bbc954,MSC,Tanger Med,Barcelona,2026-06-28T01:56:00,2026-06-28T01:56:00,0.0,6335.1,Chemicals
d633d60a-6a4b-46b3-9e32-f6f9b55206f7,MSC,Tanger Med,Rotterdam,2026-06-06T15:15:07,2026-06-06T15:15:07,0.0,2779.2,Automotive
f675289b-168a-48b8-89e6-544921c31625,COSCO,Ningbo,New York,2026-05-29T12:46:13,2026-05-29T12:46:13,0.0,9626.1,Electronics
f59566a2-1707-4ab5-abaa-a80363a5ea5e,Evergreen,Tanger Med,Barcelona,2026-04-16T20:35:39,2026-04-16T20:35:39,0.0,20589.1,Electronics
a8cbdb8d-396a-41bc-b50b-c88726d0bb76,COSCO,Tanger Med,Rotterdam,2026-05-14T19:00:56,2026-05-14T19:00:56,0.0,3702.4,Textiles
de6bf766-d9b6-4405-845a-c01e2317dcea,Comanav,Shanghai,Rotterdam,2026-07-01T13:07:12,2026-07-01T13:07:12,0.0,20120.0,Textiles
bdbb53ae-df43-41ec-9109-a7e8477b3cac,COSCO,Shenzhen,Hamburg,2026-04-16T10:19:51,2026-04-16T10:19:51,0.0,2329.8,Automotive
ce4dafa4-2d36-4a07-93a2-911cfb406365,Comanav,Casablanca,Marseille,2026-05-11T21:43:17,2026-05-11T21:43:17,0.0,3169.8,Electronics
d89413de-e325-4148-8a7f-07a06bbc30c4,COSCO,Casablanca,Marseille,2026-05-14T09:17:28,2026-05-14T09:17:28,0.0,10459.6,Food
486ed293-500c-4e82-987e-087cf8740ae6,Comanav,Shenzhen,Hamburg,2026-05-24T00:51:03,2026-05-24T00:51:03,0.0,8053.5,Textiles
b9dcafef-4169-4b2f-8741-044dc5a4b667,Maersk,Tanger Med,Barcelona,2026-09-05T01:03:28,2026-09-05T01:03:28,0.0,17308.3,Food
7c682cf2-b3c9-4088-9e01-11ccb2e729c1,MSC,Tanger Med,Rotterdam,2026-06-16T09:09:47,2026-06-18T08:33:47,47.4,2734.7,Automotive
ee1e9d77-db94-43a2-a24a-abe184869d48,COSCO,Shenzhen,Hamburg,2026-06-18T21:44:20,2026-06-18T21:44:20,0.0,17091.0,Textiles
765fa524-586c-42f8-9942-210a549c26d0,Maersk,Casablanca,Marseille,2026-04-09T00:58:16,2026-04-13T09:16:16,104.3,14120.9,Food
1280e360-9ad7-4446-b453-8ff056926f5e,Maersk,Agadir,Hamburg,2026-05-15T09:18:25,2026-05-15T09:18:25,0.0,20195.5,Automotive
fdafab3d-d64b-41a1-802c-c0ec50db958f,Maersk,Tanger Med,Barcelona,2026-06-24T01:13:01,2026-06-24T01:13:01,0.0,19633.5,Automotive
e285e662-7a31-4f6c-8bc2-209e7c8b2c34,MSC,Casablanca,Marseille,2026-05-28T08:17:48,2026-05-30T12:29:48,52.2,15942.3,Electronics
bffd62ee-54ea-43d8-8eab-5254d3cfdf76,Comanav,Shanghai,Rotterdam,2026-07-19T03:39:19,2026-07-19T03:39:19,0.0,24930.5,Automotive
30a74249-9c89-4afb-a782-965d0ec68ebc,Comanav,Busan,Los Angeles,2026-05-09T16:30:59,2026-05-09T16:30:59,0.0,22674.4,Textiles
2f604f9f-1ce4-411a-aeff-76e97d32032f,Maersk,Tanger Med,Barcelona,2026-06-26T09:20:17,2026-06-27T02:50:17,17.5,23141.2,Chemicals
46d1b3e6-dfeb-4b04-8aa5-3691d2aee529,COSCO,Singapore,Felixstowe,2026-03-06T11:52:20,2026-03-06T11:52:20,0.0,17238.7,Automotive
190aabab-fc6c-4abc-9efe-3ea7f98ec12c,MSC,Shenzhen,Hamburg,2026-04-19T03:50:19,2026-04-20T21:32:19,41.7,11427.3,Automotive
0563504a-0ec1-4f00-a589-5b680295d202,Evergreen,Tanger Med,Rotterdam,2026-06-15T12:46:00,2026-06-15T12:46:00,0.0,6521.7,Textiles
1c971612-6d0a-4a00-a249-0d5b4cfcb854,COSCO,Busan,Los Angeles,2026-03-18T16:14:13,2026-03-21T07:56:13,63.7,2649.2,Chemicals
65469953-7ca7-47e7-9dd7-eeabe7394bfa,COSCO,Casablanca,Marseille,2026-03-22T04:13:09,2026-03-22T04:13:09,0.0,22174.0,Food
6a96f014-0a55-479d-a5e3-1d8ae8f05768,Marsa Maroc,Agadir,Hamburg,2026-06-22T10:54:39,2026-06-25T09:36:39,70.7,978.5,Chemicals
d025d232-b9ad-49f9-8fb0-de4165289a96,COSCO,Shenzhen,Hamburg,2026-04-19T01:00:36,2026-04-19T01:00:36,0.0,12374.6,Food
25f62ae1-33e2-4ba2-964b-264cbf4672c7,CMA-CGM,Ningbo,New York,2026-09-07T15:19:15,2026-09-07T15:19:15,0.0,4905.5,Textiles
b88ee962-4eb3-4d0b-b2a8-f18c44e883c0,Maersk,Agadir,Hamburg,2026-04-09T20:11:10,2026-04-13T20:17:10,96.1,1935.5,Chemicals
f8d95f04-040d-414c-820e-12321f4cf395,CMA-CGM,Ningbo,New York,2026-03-05T18:19:18,2026-03-05T18:19:18,0.0,24990.3,Automotive
851a781a-550b-4fbe-befd-14cf1e39052e,MSC,Tanger Med,Barcelona,2026-06-19T10:14:04,2026-06-19T10:14:04,0.0,7029.9,Electronics
651c04be-6b2e-4945-a6d0-1c7f927073b1,Evergreen,Agadir,Hamburg,2026-08-30T07:05:47,2026-09-03T09:11:47,98.1,9192.7,Automotive
b0bb4904-559d-4c42-b710-291794fe3a21,MSC,Casablanca,Marseille,2026-09-02T21:56:23,2026-09-02T21:56:23,0.0,20252.2,Textiles
57c138b4-23f1-4f25-ba85-fa1436c6ef18,Marsa Maroc,Tanger Med,Rotterdam,2026-08-19T01:28:00,2026-08-19T01:28:00,0.0,23715.2,Food
7bdc723d-0abf-4276-9d72-8f5b0d343694,Evergreen,Casablanca,Marseille,2026-07-11T07:36:34,2026-07-15T14:00:34,102.4,20354.8,Chemicals
0e8d873b-5f61-428e-b443-d3b8668ec5b8,CMA-CGM,Ningbo,New York,2026-05-11T14:23:38,2026-05-11T14:23:38,0.0,1430.1,Electronics
6444cede-5cf9-4c0c-aa8c-a882f50f886c,Evergreen,Agadir,Hamburg,2026-03-20T22:51:56,2026-03-20T22:51:56,0.0,13398.0,Electronics
b8c260ce-6aba-4c6f-b917-08152b35a955,Evergreen,Shenzhen,Hamburg,2026-06-07T01:16:08,2026-06-07T01:16:08,0.0,3697.0,Automotive
ce7bcf86-5201-4dee-a09b-138f04f1bde2,Maersk,Shenzhen,Hamburg,2026-09-02T12:45:31,2026-09-02T12:45:31,0.0,14871.9,Automotive
999bf598-7fb3-4a31-adf2-aa0a4f08a0fa,Comanav,Tanger Med,Barcelona,2026-04-14T07:22:09,2026-04-14T07:22:09,0.0,9439.8,Electronics
61c70fc4-836f-4d87-b1f3-9691c978c1ae,Marsa Maroc,Shenzhen,Hamburg,2026-03-26T09:02:41,2026-03-28T15:44:41,54.7,2975.3,Textiles
4cff0993-4ffa-40ec-8d58-57b5f208c5b2,MSC,Shenzhen,Hamburg,2026-08-03T14:51:50,2026-08-07T09:57:50,91.1,11203.3,Chemicals
08f991b6-a0d8-4222-8641-7880e0746866,MSC,Shenzhen,Hamburg,2026-09-07T23:24:36,2026-09-07T23:24:36,0.0,14268.4,Food
18e79fcc-2fbd-4ba0-926e-3db6d4d1437f,MSC,Shenzhen,Hamburg,2026-03-29T18:29:45,2026-03-29T18:29:45,0.0,20454.1,Chemicals
be830cd0-69e3-479a-9b7f-257123608601,Marsa Maroc,Shanghai,Rotterdam,2026-03-21T19:40:22,2026-03-21T19:40:22,0.0,3620.0,Electronics
f4137dfe-2a0d-4a01-8957-699ee6b471ad,Comanav,Singapore,Felixstowe,2026-04-28T22:11:53,2026-05-03T18:23:53,116.2,1293.4,Food
f33b9e1e-1e2f-42de-96a4-15bcc8875c78,Comanav,Shenzhen,Hamburg,2026-04-27T22:37:20,2026-04-29T10:31:20,35.9,14356.0,Chemicals
4fb17da5-9928-41ff-9ff5-1fb333cfe7da,CMA-CGM,Casablanca,Marseille,2026-06-26T23:57:08,2026-06-26T23:57:08,0.0,6330.9,Textiles
043ae09b-3aff-469d-ba9d-58a88929faa1,Marsa Maroc,Casablanca,Marseille,2026-04-03T01:56:36,2026-04-03T23:32:36,21.6,17869.7,Textiles
33ccf97e-19bc-4e52-b7f4-726338fee5c2,Maersk,Busan,Los Angeles,2026-06-05T09:18:26,2026-06-05T09:18:26,0.0,6613.8,Electronics
c917eee6-7425-4007-80cc-c7ec1cba14cf,CMA-CGM,Shenzhen,Hamburg,2026-04-16T00:02:54,2026-04-16T00:02:54,0.0,18150.1,Electronics
eb39cdc3-793f-4c3b-a447-4b445f5365ba,COSCO,Singapore,Felixstowe,2026-08-09T15:01:22,2026-08-09T15:01:22,0.0,24243.0,Chemicals
4ed26ecd-9930-4094-ad47-1aa84fa24eca,COSCO,Busan,Los Angeles,2026-05-27T15:33:23,2026-05-27T15:33:23,0.0,9696.0,Chemicals
a1c2e4da-9083-4ca6-92dc-a29afb417fc6,MSC,Agadir,Hamburg,2026-07-26T17:22:48,2026-07-26T17:22:48,0.0,20080.3,Electronics
e35f56c4-3a96-4462-b80a-8e3717b0c600,Maersk,Shanghai,Rotterdam,2026-08-22T23:05:56,2026-08-22T23:05:56,0.0,23815.7,Electronics
fca28ed1-4a18-4996-ae49-63800f6d1145,MSC,Shenzhen,Hamburg,2026-08-19T22:27:31,2026-08-21T03:51:31,29.4,2337.6,Electronics
7a7020f1-338a-4f47-be8c-ae85ee3ab64b,Evergreen,Shenzhen,Hamburg,2026-06-24T11:31:55,2026-06-29T00:01:55,108.5,17760.4,Chemicals
db37ddc0-224f-426e-941c-e924c26f328a,Evergreen,Casablanca,Marseille,2026-08-14T12:59:01,2026-08-15T17:59:01,29.0,2980.8,Automotive
9cefaca5-6011-48a0-91e7-262415950287,COSCO,Agadir,Hamburg,2026-06-27T14:21:00,2026-06-27T14:21:00,0.0,18189.9,Food
d1479bb9-3a2d-40d6-a8f5-b962e348e814,Marsa Maroc,Shanghai,Rotterdam,2026-03-24T09:23:13,2026-03-24T09:23:13,0.0,6319.9,Electronics
c3c44eda-e855-4150-8ab0-36f178d69373,Evergreen,Singapore,Felixstowe,2026-04-08T12:55:26,2026-04-08T12:55:26,0.0,12528.2,Electronics
531bc15d-d06a-4190-8375-e8d3aa2ee108,Maersk,Shenzhen,Hamburg,2026-05-20T16:43:25,2026-05-20T16:43:25,0.0,7716.5,Food
87a03aa6-4b7b-4b3e-998e-1e2b3865ab16,MSC,Busan,Los Angeles,2026-05-21T22:53:50,2026-05-21T22:53:50,0.0,5570.3,Textiles
9f68233b-35ec-4b01-b0e8-0e146ff535f9,COSCO,Tanger Med,Barcelona,2026-06-11T18:40:50,2026-06-13T15:58:50,45.3,10238.0,Chemicals
8cb2890e-fdb0-4fce-83e3-fa46eba31bf8,Maersk,Shanghai,Rotterdam,2026-04-01T12:43:19,2026-04-01T12:43:19,0.0,9994.4,Textiles
ed59a4c7-5374-4fc8-8dcd-873913255f08,CMA-CGM,Singapore,Felixstowe,2026-04-30T23:52:41,2026-04-30T23:52:41,0.0,1593.1,Chemicals
c107dc0e-37e7-472d-91e1-c5d3cdca493a,CMA-CGM,Busan,Los Angeles,2026-06-02T03:42:19,2026-06-02T03:42:19,0.0,7079.8,Electronics
75d79170-9da9-45f4-ba3a-8aba54c6a8ea,Comanav,Casablanca,Marseille,2026-05-07T12:03:34,2026-05-07T12:03:34,0.0,2869.2,Textiles
6d5e4d9c-1ee3-48e9-af15-75123d4c9e03,COSCO,Ningbo,New York,2026-03-30T03:39:19,2026-04-02T07:21:19,75.7,14063.2,Chemicals
3016274f-b9b5-42cb-a54c-c01d912f5154,COSCO,Ningbo,New York,2026-04-30T18:59:23,2026-05-04T09:11:23,86.2,23440.9,Food
e17ff0a2-25b0-4c57-8bab-8896d5e55ce1,COSCO,Agadir,Hamburg,2026-03-02T00:56:22,2026-03-02T00:56:22,0.0,10172.7,Electronics
3d1ee8bd-6710-48b4-8667-124b3f9b0dea,Evergreen,Ningbo,New York,2026-08-06T15:39:35,2026-08-10T18:03:35,98.4,17099.6,Food
5aca9a16-625a-476a-9be4-532124c77102,Maersk,Casablanca,Marseille,2026-08-22T22:59:55,2026-08-25T11:29:55,60.5,23752.0,Automotive
3635d373-107b-4a77-96c3-adb1b349d57c,Comanav,Agadir,Hamburg,2026-08-30T11:54:06,2026-08-30T11:54:06,0.0,1545.6,Electronics
be9f993d-8218-4377-8770-db979189f31e,MSC,Singapore,Felixstowe,2026-06-22T02:44:00,2026-06-25T10:26:00,79.7,20935.6,Textiles
1851f53e-dbb2-42de-ac9f-2d2e3f1e1b14,Marsa Maroc,Shenzhen,Hamburg,2026-03-13T16:13:31,2026-03-14T11:25:31,19.2,10008.4,Chemicals
ff788fe3-1697-4611-8aca-8b2308ea557e,CMA-CGM,Ningbo,New York,2026-05-29T21:30:53,2026-06-01T17:36:53,68.1,22970.5,Electronics
3242f934-7f8c-47b2-b57b-e5794d7d7a63,Comanav,Ningbo,New York,2026-06-20T21:19:55,2026-06-20T21:19:55,0.0,10653.8,Automotive
1723bdcb-138e-4628-98ca-2c96c68d5b0b,Maersk,Tanger Med,Barcelona,2026-06-18T19:07:34,2026-06-18T19:07:34,0.0,2974.3,Textiles
d1b7823f-fed5-489f-b3e0-fc8962f19b0c,CMA-CGM,Ningbo,New York,2026-08-24T07:52:43,2026-08-26T00:22:43,40.5,16542.3,Food
c0796efe-ce87-4ecf-9c2d-96be72e45786,Maersk,Busan,Los Angeles,2026-03-28T15:26:36,2026-03-28T15:26:36,0.0,10372.9,Food
d72b2d5a-b0fc-4e5b-bff4-1975a05327f2,Maersk,Singapore,Felixstowe,2026-05-30T15:40:03,2026-05-30T15:40:03,0.0,22034.5,Automotive
0c400685-9276-45bf-b723-67c8840c36e0,Marsa Maroc,Tanger Med,Rotterdam,2026-06-11T17:49:40,2026-06-11T17:49:40,0.0,7080.3,Textiles
e3a96903-5089-41f2-9971-a71d782bd88a,CMA-CGM,Tanger Med,Rotterdam,2026-05-16T19:48:31,2026-05-16T19:48:31,0.0,7924.8,Textiles
a5eab817-8775-42cc-8588-42842d1b87cd,Comanav,Busan,Los Angeles,2026-08-13T02:34:56,2026-08-13T02:34:56,0.0,2906.3,Automotive
5cdf2711-6777-4e4a-a447-3e9471ecee31,CMA-CGM,Casablanca,Marseille,2026-04-14T13:47:33,2026-04-17T01:41:33,59.9,20732.7,Textiles
9db7da3e-08fd-43af-99f4-d02df21b4b56,Evergreen,Singapore,Felixstowe,2026-05-27T07:22:33,2026-05-27T07:22:33,0.0,5104.4,Automotive
15b41119-a3f8-42cb-ab11-9425e2d0a0c1,Marsa Maroc,Singapore,Felixstowe,2026-04-27T20:40:54,2026-04-27T20:40:54,0.0,13154.3,Textiles
c0f69b38-64b6-4cc5-aae6-e44dffd949d3,Evergreen,Tanger Med,Rotterdam,2026-06-12T03:52:26,2026-06-12T22:58:26,19.1,17884.5,Chemicals
214da4bf-b302-4a1f-a51b-9895feb3f12f,Comanav,Casablanca,Marseille,2026-04-25T05:44:17,2026-04-29T16:44:17,107.0,1209.2,Automotive
59c807de-e49b-4b80-8c89-09046105b965,Comanav,Agadir,Hamburg,2026-03-28T17:35:16,2026-03-28T17:35:16,0.0,1310.2,Electronics
d04340d3-3aa1-4f24-b3e1-402783711eef,Marsa Maroc,Shenzhen,Hamburg,2026-03-24T03:52:00,2026-03-24T03:52:00,0.0,9524.6,Chemicals
5e01d8f9-1c63-4db7-b065-8bdefe1d76a0,COSCO,Ningbo,New York,2026-05-04T10:30:44,2026-05-04T10:30:44,0.0,3534.9,Electronics
5dcb7be8-2af2-4012-8959-fd1f9d314009,CMA-CGM,Agadir,Hamburg,2026-06-28T11:08:59,2026-06-28T11:08:59,0.0,11429.5,Chemicals
411e3b90-47e4-4dff-9ca8-3c70f74a00db,CMA-CGM,Ningbo,New York,2026-06-21T02:02:44,2026-06-21T02:02:44,0.0,21022.5,Textiles
d9894703-f98d-4885-b08e-3df411a08b09,CMA-CGM,Tanger Med,Barcelona,2026-08-18T13:12:24,2026-08-18T13:12:24,0.0,1716.5,Food
a65f6d99-d464-4aea-b009-a3756097e97c,Comanav,Agadir,Hamburg,2026-04-18T07:03:36,2026-04-18T07:03:36,0.0,6015.2,Automotive
94d397fc-20d4-4df6-92f9-27137301f1be,Marsa Maroc,Shanghai,Rotterdam,2026-08-30T00:34:54,2026-08-30T00:34:54,0.0,991.3,Electronics
ce6fb811-f7c5-4659-af66-04d595a40a3f,MSC,Busan,Los Angeles,2026-06-27T02:20:07,2026-06-27T02:20:07,0.0,15228.0,Electronics
b42441cc-7c03-4b14-8ffc-d15b86e7bd72,CMA-CGM,Agadir,Hamburg,2026-08-04T07:39:04,2026-08-04T07:39:04,0.0,23603.6,Textiles
68aa4cc1-8f35-4985-b5ff-9411bc2f8a0a,COSCO,Singapore,Felixstowe,2026-06-14T17:31:06,2026-06-17T07:07:06,61.6,5846.1,Textiles
4b605673-d542-4885-a218-6ea1ace3ccc4,Comanav,Ningbo,New York,2026-09-11T08:44:19,2026-09-11T08:44:19,0.0,14819.9,Electronics
38281cc8-b1e3-4b49-b562-8505ecf2cc2a,Marsa Maroc,Ningbo,New York,2026-09-08T18:30:18,2026-09-13T01:12:18,102.7,14255.7,Food
df300028-e4c1-4fce-8839-59defed7c0c1,CMA-CGM,Shanghai,Rotterdam,2026-08-18T00:12:30,2026-08-18T00:12:30,0.0,12302.6,Textiles
9e3280c6-bb7f-473a-b3be-e95c41b42264,Marsa Maroc,Shanghai,Rotterdam,2026-04-01T05:46:20,2026-04-01T05:46:20,0.0,7283.7,Textiles
a6718a5b-0d04-499e-8508-86e509302c30,MSC,Agadir,Hamburg,2026-03-16T11:31:45,2026-03-16T11:31:45,0.0,6387.4,Electronics
176a7e0f-e0f8-45b9-b646-cb08973e4408,Marsa Maroc,Singapore,Felixstowe,2026-08-15T18:47:56,2026-08-15T18:47:56,0.0,3928.3,Electronics
26b6ea99-71c4-47b4-9955-f405bb1f6a7c,CMA-CGM,Busan,Los Angeles,2026-07-04T04:15:17,2026-07-04T04:15:17,0.0,10754.9,Chemicals
f67154a2-cf23-401c-89f4-bdaca45dee17,Evergreen,Tanger Med,Rotterdam,2026-06-06T05:35:52,2026-06-06T05:35:52,0.0,14515.0,Automotive
31f029cc-efdf-464d-a7d0-b21716e020dc,Marsa Maroc,Shenzhen,Hamburg,2026-03-11T01:04:41,2026-03-11T01:04:41,0.0,17314.8,Chemicals
18df5e5b-8ed5-4a4c-aab6-66274e5810af,Evergreen,Shenzhen,Hamburg,2026-04-05T11:13:41,2026-04-05T11:13:41,0.0,4664.7,Food
c95ab15d-8edb-40bc-8ffe-76deb69e9841,CMA-CGM,Casablanca,Marseille,2026-05-28T21:43:48,2026-05-28T21:43:48,0.0,3634.6,Textiles
02961487-0f79-44be-9055-7fd047b2f572,Comanav,Ningbo,New York,2026-03-09T01:21:41,2026-03-13T19:39:41,114.3,22540.0,Electronics
44cf33c6-b1b2-40cd-b9ac-cafef3138eac,CMA-CGM,Agadir,Hamburg,2026-06-13T16:01:29,2026-06-13T16:01:29,0.0,21850.1,Chemicals
b2ff7577-5f35-4233-ba06-89a63732c68e,CMA-CGM,Shenzhen,Hamburg,2026-03-16T14:59:10,2026-03-16T14:59:10,0.0,7704.3,Electronics
c2512cfd-8f03-416a-bb0b-916ff3c07a9b,Maersk,Busan,Los Angeles,2026-05-08T00:53:45,2026-05-08T00:53:45,0.0,14797.6,Food
4ee3a668-d462-4e30-bc3a-81d7edf9d52f,COSCO,Tanger Med,Barcelona,2026-08-30T17:23:07,2026-09-02T11:29:07,66.1,21753.7,Chemicals
9dd57c83-1a6f-4b89-a5a6-3339db86057d,CMA-CGM,Ningbo,New York,2026-08-19T17:52:36,2026-08-19T17:52:36,0.0,21835.8,Automotive
a1fca10a-3e8a-4050-a67c-c46386c5a1cf,MSC,Casablanca,Marseille,2026-06-17T00:36:25,2026-06-17T00:36:25,0.0,24686.2,Chemicals
99514aec-0f3c-4245-8c42-fa5ad3d37e8f,CMA-CGM,Casablanca,Marseille,2026-05-10T11:36:05,2026-05-11T19:06:05,31.5,2479.9,Textiles
3bd6f043-4a0d-484e-b312-37fdbc9119ba,CMA-CGM,Casablanca,Marseille,2026-08-17T06:44:33,2026-08-17T06:44:33,0.0,615.5,Textiles
c10949d2-c17b-4b67-8794-3ff3fee24763,Comanav,Agadir,Hamburg,2026-09-07T23:12:59,2026-09-07T23:12:59,0.0,14618.8,Automotive
f698ef54-5370-4a7d-8f87-96f9cd42aece,Comanav,Busan,Los Angeles,2026-04-05T10:26:27,2026-04-05T10:26:27,0.0,2657.0,Food
dd703b16-c90c-4b05-b2d8-8fac02a5d966,Marsa Maroc,Singapore,Felixstowe,2026-08-30T12:48:51,2026-08-30T12:48:51,0.0,11011.1,Chemicals
11db7227-25d6-4d56-8d8f-e5f63d5b16bd,Maersk,Singapore,Felixstowe,2026-07-14T03:13:55,2026-07-14T03:13:55,0.0,5385.6,Textiles
596187cc-b804-4c21-8f1f-0839af355cb2,CMA-CGM,Tanger Med,Rotterdam,2026-08-06T14:04:48,2026-08-06T14:04:48,0.0,13510.3,Electronics
ea6b7fd1-b943-4056-8995-056930479c3a,Marsa Maroc,Tanger Med,Rotterdam,2026-07-08T10:39:33,2026-07-08T10:39:33,0.0,6043.5,Textiles
39c53a7b-261f-4059-945d-6e1e710a6fc2,MSC,Shanghai,Rotterdam,2026-07-03T16:28:47,2026-07-03T16:28:47,0.0,12831.7,Textiles
7e0e6b7c-1084-476f-94d9-d723b28b68eb,Maersk,Casablanca,Marseille,2026-04-10T14:56:29,2026-04-10T14:56:29,0.0,7806.0,Textiles
6d4caed7-2d63-4dd7-b841-4a455fb9c714,Marsa Maroc,Busan,Los Angeles,2026-05-02T10:59:46,2026-05-02T10:59:46,0.0,13340.9,Chemicals
beb5189b-2380-45f9-905b-93d9753cbbc5,CMA-CGM,Casablanca,Marseille,2026-07-07T01:59:34,2026-07-09T18:53:34,64.9,18877.8,Automotive
9cfbf3fc-4ec0-4a76-b51b-11a98609e27b,Maersk,Singapore,Felixstowe,2026-08-07T20:48:37,2026-08-07T20:48:37,0.0,18315.6,Automotive
59d84849-af7a-40d1-9445-9cb88f068b78,Marsa Maroc,Agadir,Hamburg,2026-09-09T10:06:21,2026-09-09T10:06:21,0.0,12863.5,Electronics
460d30a1-8868-48ae-95ac-ae690d5a4286,Marsa Maroc,Shenzhen,Hamburg,2026-06-20T22:23:04,2026-06-20T22:23:04,0.0,1415.4,Textiles
fe9b9503-d2d9-4eda-9287-174639b696b2,Evergreen,Ningbo,New York,2026-08-03T12:29:07,2026-08-03T12:29:07,0.0,24869.7,Electronics
5556c527-ac17-4610-931b-82d4e30fffdc,Maersk,Tanger Med,Rotterdam,2026-03-15T06:02:31,2026-03-15T06:02:31,0.0,10711.0,Chemicals
ba2ce01b-d2f4-4f86-adba-e5cb3a120902,Evergreen,Tanger Med,Barcelona,2026-08-24T15:17:05,2026-08-24T15:17:05,0.0,17695.8,Automotive
87866334-51e6-40fc-8a06-c48df67d99ec,CMA-CGM,Tanger Med,Rotterdam,2026-04-04T04:46:36,2026-04-04T04:46:36,0.0,2974.0,Food
06e30a97-012b-4455-8887-9b8056c16659,Evergreen,Shanghai,Rotterdam,2026-07-01T03:30:44,2026-07-01T03:30:44,0.0,3860.5,Electronics
3dc5692c-062a-4837-b6ff-d6ab39581d2f,Marsa Maroc,Ningbo,New York,2026-06-07T00:31:40,2026-06-07T00:31:40,0.0,7426.3,Electronics
8cb69bb1-4d81-41e3-9e5c-894bebd06053,MSC,Busan,Los Angeles,2026-07-04T13:07:48,2026-07-04T13:07:48,0.0,19560.0,Food
6ae7e14e-6f4d-4d85-87b1-06e4fa00034a,CMA-CGM,Agadir,Hamburg,2026-04-15T00:28:03,2026-04-15T00:28:03,0.0,7736.1,Electronics
6d412a87-5e2d-44f8-8ae8-91aa3b579f8a,COSCO,Ningbo,New York,2026-08-04T23:11:04,2026-08-08T13:29:04,86.3,12276.3,Automotive
202fddf4-1480-4b90-bebf-dc509d7ec82f,Maersk,Tanger Med,Rotterdam,2026-03-01T10:43:43,2026-03-01T10:43:43,0.0,22718.6,Food
4a5f3d30-89bf-4d15-9d63-d2752186fdcc,MSC,Busan,Los Angeles,2026-08-27T09:55:53,2026-08-31T10:07:53,96.2,2338.7,Electronics
d814cc94-4f49-449c-a96d-624e1161301e,Marsa Maroc,Shanghai,Rotterdam,2026-08-08T11:44:47,2026-08-08T11:44:47,0.0,24722.3,Textiles
ae36c8db-d6c0-4c7b-ac33-2bcf026daf34,COSCO,Shanghai,Rotterdam,2026-03-22T01:13:07,2026-03-22T01:13:07,0.0,20422.9,Electronics
a1f4b389-ca3a-4aab-8b91-9c27e76ed81f,CMA-CGM,Shanghai,Rotterdam,2026-05-12T20:23:45,2026-05-12T20:23:45,0.0,8161.3,Electronics
d9a47b5c-0fe1-4f19-af00-a38457ba67e0,Comanav,Tanger Med,Barcelona,2026-07-19T12:01:40,2026-07-19T12:01:40,0.0,1624.3,Automotive
75655c3a-546c-4305-8736-525e1313d891,CMA-CGM,Casablanca,Marseille,2026-09-10T14:17:32,2026-09-10T14:17:32,0.0,11224.0,Food
4b104b90-0f18-40c0-b263-9c88f5d2b20e,Marsa Maroc,Shanghai,Rotterdam,2026-08-19T16:07:13,2026-08-19T16:07:13,0.0,20466.6,Automotive
b4de6b42-ee8d-4038-bdb3-95dccee9a075,COSCO,Tanger Med,Barcelona,2026-03-21T01:03:23,2026-03-21T01:03:23,0.0,11685.2,Chemicals
ad2bd173-64a1-417c-b198-d82cd94a1ccb,Comanav,Busan,Los Angeles,2026-05-19T01:18:01,2026-05-19T01:18:01,0.0,22210.0,Automotive
68f8c547-538a-40cc-8281-15861a9adca5,MSC,Tanger Med,Barcelona,2026-06-12T17:08:40,2026-06-12T17:08:40,0.0,1936.8,Automotive
d136f3f7-a41d-4b26-a165-5dfc9b9c1c0f,COSCO,Tanger Med,Barcelona,2026-04-20T21:07:54,2026-04-23T13:13:54,64.1,14439.1,Chemicals
65071dc7-47c1-4b6a-8c3c-4a0cc5c438a6,Evergreen,Casablanca,Marseille,2026-06-20T20:37:34,2026-06-20T20:37:34,0.0,9285.7,Electronics
f35007e5-faae-4c26-81e4-da6b2f7ff0f4,COSCO,Casablanca,Marseille,2026-08-18T03:32:16,2026-08-19T03:44:16,24.2,10576.5,Electronics
81159312-5f71-458c-a5b8-b7d6c084929b,CMA-CGM,Tanger Med,Barcelona,2026-09-05T05:50:29,2026-09-05T05:50:29,0.0,802.8,Food
489359a6-cff1-40e3-b8ff-660137604fad,Marsa Maroc,Agadir,Hamburg,2026-04-17T03:46:23,2026-04-19T23:52:23,68.1,17361.9,Food
92b17320-7e82-4d75-a346-f74db34c6302,COSCO,Tanger Med,Barcelona,2026-03-12T05:04:57,2026-03-12T05:04:57,0.0,6590.1,Textiles
b7da284f-684a-4cd4-9cc8-1b0fbd969f31,MSC,Singapore,Felixstowe,2026-06-01T22:24:50,2026-06-04T22:42:50,72.3,24700.9,Electronics
206e6155-d37f-4ff3-8084-f445a861060d,Marsa Maroc,Tanger Med,Rotterdam,2026-05-01T12:11:29,2026-05-04T06:47:29,66.6,11997.6,Chemicals
0bd43a6f-184e-4e4e-93da-53210f9d5d09,Maersk,Casablanca,Marseille,2026-06-29T16:24:04,2026-06-29T16:24:04,0.0,8355.5,Textiles
2151b71a-b236-4d28-9d13-74e8763cce16,Maersk,Shanghai,Rotterdam,2026-03-06T07:27:18,2026-03-06T07:27:18,0.0,13987.1,Chemicals
472b2e3d-220e-4556-bc43-8dccea56176f,Comanav,Singapore,Felixstowe,2026-08-06T10:44:55,2026-08-06T10:44:55,0.0,11747.8,Food
6c1bbe9b-d921-4228-b1ca-21995b2f195f,Maersk,Busan,Los Angeles,2026-04-06T04:46:21,2026-04-06T04:46:21,0.0,11453.2,Electronics
c1a2ce7c-c94e-4427-ad31-ac9aea0274d5,Marsa Maroc,Busan,Los Angeles,2026-05-27T06:21:42,2026-05-27T06:21:42,0.0,3014.8,Chemicals
f0c6fd4d-f7a4-401b-a506-055e21d2ca45,Evergreen,Tanger Med,Rotterdam,2026-04-14T01:32:03,2026-04-14T01:32:03,0.0,20734.8,Food
967ef2ff-7908-404c-9a3f-221061ad88de,Evergreen,Shanghai,Rotterdam,2026-08-27T05:00:21,2026-08-27T05:00:21,0.0,16537.6,Chemicals
49f8d799-dce5-40c2-a192-ca9ddc152ccf,CMA-CGM,Shenzhen,Hamburg,2026-04-15T14:51:49,2026-04-15T14:51:49,0.0,20506.4,Chemicals
af18b9c3-4ba7-4867-b947-4917fa841dbc,Evergreen,Shenzhen,Hamburg,2026-04-29T19:06:53,2026-05-02T23:54:53,76.8,18058.1,Textiles
eff88de0-b316-4a80-92f9-923b774842e5,Maersk,Busan,Los Angeles,2026-09-10T13:11:46,2026-09-10T13:11:46,0.0,16643.3,Electronics
9216c17a-77bd-49ff-9e2d-900c4d5d28cf,CMA-CGM,Shenzhen,Hamburg,2026-06-22T08:20:48,2026-06-22T08:20:48,0.0,24128.6,Textiles
6fd57c11-5abc-494a-960f-34bc6b347fbc,Evergreen,Ningbo,New York,2026-09-14T15:01:51,2026-09-14T15:01:51,0.0,3104.9,Automotive
39655240-b240-4ec9-8bba-1761895b942a,MSC,Busan,Los Angeles,2026-06-15T04:30:17,2026-06-19T00:42:17,92.2,10525.7,Textiles
2c420446-1837-4321-a159-ed515b2da95d,MSC,Agadir,Hamburg,2026-08-09T08:39:02,2026-08-09T08:39:02,0.0,21378.8,Automotive
0842c8f0-a47e-43a8-bd9b-95fc2524f13d,Comanav,Busan,Los Angeles,2026-09-04T09:13:19,2026-09-08T02:37:19,89.4,3140.3,Chemicals
e428acf9-6958-4422-9624-b381be15b44f,Marsa Maroc,Tanger Med,Rotterdam,2026-08-31T09:24:26,2026-09-03T13:00:26,75.6,19417.6,Chemicals
e9a5678e-a9f1-42cc-b2c3-6fb889ebfe5e,Marsa Maroc,Busan,Los Angeles,2026-06-03T15:44:12,2026-06-03T15:44:12,0.0,12852.8,Chemicals
1fbb8c41-9d2a-4a27-abc8-c50dfa1e1f66,Evergreen,Tanger Med,Rotterdam,2026-08-25T09:33:30,2026-08-25T09:33:30,0.0,14054.0,Chemicals
8de06bfa-1dfd-4c1b-9c61-de69eeb44f8f,Evergreen,Busan,Los Angeles,2026-04-26T04:09:39,2026-04-30T18:27:39,110.3,17449.5,Automotive
b171cea8-3a2a-4791-8e5d-574cb62e4e64,Maersk,Casablanca,Marseille,2026-07-27T23:16:50,2026-07-27T23:16:50,0.0,15213.4,Textiles
04a8bdc7-cc7c-4692-bafe-5142f71d6a3c,COSCO,Ningbo,New York,2026-05-14T00:37:02,2026-05-14T00:37:02,0.0,15420.3,Automotive
00c8e3f7-5eff-4a02-b0ff-e89b511e3622,COSCO,Shanghai,Rotterdam,2026-09-14T09:08:54,2026-09-19T05:56:54,116.8,11594.7,Automotive
7f6a2441-b1e5-4e4f-aa47-875380c9e975,COSCO,Casablanca,Marseille,2026-04-23T00:20:59,2026-04-23T00:20:59,0.0,22217.7,Food
0ad3b405-52af-46be-80d5-38011753ba26,Comanav,Shanghai,Rotterdam,2026-03-28T02:40:37,2026-03-28T02:40:37,0.0,21587.3,Food
91013f3e-a55b-499d-bc0c-4b26e6e5ef09,MSC,Agadir,Hamburg,2026-06-16T06:48:44,2026-06-16T06:48:44,0.0,18002.4,Textiles
fbfaccb0-b18e-4330-ad74-38d54d46b716,Marsa Maroc,Casablanca,Marseille,2026-08-09T03:32:37,2026-08-09T03:32:37,0.0,23979.0,Food
7159e82f-59ff-4cdb-b064-5656c85b18b3,Marsa Maroc,Ningbo,New York,2026-07-10T23:52:00,2026-07-10T23:52:00,0.0,17903.6,Textiles
35869a8b-5141-4788-8710-683a4609e3af,COSCO,Ningbo,New York,2026-09-14T04:27:29,2026-09-14T04:27:29,0.0,23595.5,Chemicals
078a3884-7640-4d86-a463-11ac6c3004a4,CMA-CGM,Ningbo,New York,2026-06-12T18:13:46,2026-06-15T03:49:46,57.6,812.9,Electronics
0dd2d9bc-3498-4384-b116-cdd70717e9b7,COSCO,Tanger Med,Rotterdam,2026-03-01T23:54:35,2026-03-01T23:54:35,0.0,16921.2,Automotive
51d59c31-249a-419f-b211-2efc08c35889,Comanav,Shanghai,Rotterdam,2026-06-18T20:15:01,2026-06-23T18:27:01,118.2,17243.1,Automotive
2864189c-89e6-459e-9281-34eccd771d13,Marsa Maroc,Tanger Med,Rotterdam,2026-06-24T22:44:31,2026-06-24T22:44:31,0.0,5498.0,Food
fc3e219f-252f-4396-a025-b21b298b045e,CMA-CGM,Tanger Med,Rotterdam,2026-09-07T03:46:43,2026-09-07T03:46:43,0.0,3010.8,Food
889b9343-7ae4-4bd7-89e6-bd851435ad7a,Marsa Maroc,Agadir,Hamburg,2026-04-27T17:00:34,2026-04-27T17:00:34,0.0,10027.7,Food
736e2add-217f-4338-9111-1d4643d330cf,Marsa Maroc,Shanghai,Rotterdam,2026-08-21T10:07:24,2026-08-21T10:07:24,0.0,23198.9,Chemicals
b6bd3197-2ff8-4720-bf95-9e41039edde9,Comanav,Singapore,Felixstowe,2026-09-05T02:23:20,2026-09-07T00:11:20,45.8,14027.1,Electronics
2f8f9a68-d7af-4b0b-b65d-48a48ea3a78a,MSC,Shanghai,Rotterdam,2026-07-13T00:47:17,2026-07-13T00:47:17,0.0,19632.7,Chemicals
66bfe86f-e57e-4b22-85e7-f59e55bb71d9,Marsa Maroc,Agadir,Hamburg,2026-07-08T02:33:53,2026-07-08T02:33:53,0.0,16367.0,Food
95af37de-b799-4871-ab19-758036df0167,Marsa Maroc,Ningbo,New York,2026-07-25T11:51:09,2026-07-25T11:51:09,0.0,19515.6,Automotive
a58a723c-3f7e-4e54-83cd-6dee56156fd6,COSCO,Shanghai,Rotterdam,2026-08-24T20:07:09,2026-08-24T20:07:09,0.0,17225.1,Automotive
18199fa7-953c-424b-94c2-bde327a20d7a,Marsa Maroc,Casablanca,Marseille,2026-07-03T23:10:56,2026-07-03T23:10:56,0.0,9741.4,Chemicals
7e81c348-f553-470c-b485-d963f69aaf7a,Evergreen,Shanghai,Rotterdam,2026-05-13T06:22:03,2026-05-13T06:22:03,0.0,4442.8,Textiles
19783580-6b19-4567-be83-55d52068fcd8,CMA-CGM,Tanger Med,Rotterdam,2026-06-01T17:49:44,2026-06-01T17:49:44,0.0,23468.6,Electronics
3c64d72e-4b37-407d-9734-76f6eb357c8d,CMA-CGM,Casablanca,Marseille,2026-07-27T17:32:49,2026-07-27T17:32:49,0.0,19454.7,Food
cc773e74-e710-4b93-b54e-2f31b824f4e6,COSCO,Shanghai,Rotterdam,2026-05-30T16:57:35,2026-05-30T16:57:35,0.0,13978.9,Electronics
c9bca091-d3d3-4692-8d95-e53c74c673ab,Evergreen,Shenzhen,Hamburg,2026-08-07T12:42:05,2026-08-07T12:42:05,0.0,5004.8,Electronics
2f2d31ba-c00e-428b-8147-78586eefb432,MSC,Ningbo,New York,2026-03-17T22:49:20,2026-03-17T22:49:20,0.0,13657.4,Electronics
d0701f9e-ee4f-49e8-bd21-ed49c44c25b1,MSC,Shenzhen,Hamburg,2026-07-02T13:37:05,2026-07-06T01:13:05,83.6,8611.1,Textiles
42d5cde0-0b0b-4529-9e26-de4c9a2f143c,Comanav,Agadir,Hamburg,2026-08-31T16:27:29,2026-08-31T16:27:29,0.0,12134.0,Food
391cd1a7-4664-43d7-92b2-a354cdfcf647,Maersk,Tanger Med,Rotterdam,2026-07-27T01:19:54,2026-07-27T01:19:54,0.0,11418.8,Food
20875619-d855-445c-b9e2-7a9172c51ba8,Maersk,Agadir,Hamburg,2026-07-28T22:30:53,2026-07-28T22:30:53,0.0,8363.0,Electronics
6d47d84e-f89d-40dd-bcd5-a59c45e659f3,CMA-CGM,Singapore,Felixstowe,2026-04-29T01:43:27,2026-04-29T01:43:27,0.0,7429.3,Food
96ab8990-2e87-4636-a9ce-99fc4aa3400d,Evergreen,Shenzhen,Hamburg,2026-09-09T08:47:51,2026-09-11T20:53:51,60.1,1574.4,Automotive
bc4ff8ea-a198-4df1-b2d3-e13b9302ed9c,Evergreen,Shenzhen,Hamburg,2026-03-15T09:02:52,2026-03-15T09:02:52,0.0,2850.9,Food
c81b21fb-22ec-4331-b7a3-15151d47970e,Maersk,Ningbo,New York,2026-04-19T00:42:01,2026-04-19T00:42:01,0.0,5664.1,Automotive
d3fa2e7a-8880-4842-9225-96cba0764661,Comanav,Singapore,Felixstowe,2026-09-12T01:41:34,2026-09-12T01:41:34,0.0,13675.0,Chemicals
2748a300-141c-49ad-89ec-e43dbe0efd7e,Marsa Maroc,Tanger Med,Barcelona,2026-07-07T22:24:53,2026-07-07T22:24:53,0.0,1081.9,Textiles
d24339fe-93c1-44e3-bb14-ef1ca6465a87,Maersk,Tanger Med,Rotterdam,2026-04-08T23:27:57,2026-04-08T23:27:57,0.0,4860.8,Textiles
99adaaf6-d159-471e-96cf-82227924c36e,Maersk,Ningbo,New York,2026-08-18T23:57:04,2026-08-18T23:57:04,0.0,6077.3,Textiles
b8d7f82d-e575-491b-b69e-952163408b1b,COSCO,Singapore,Felixstowe,2026-04-08T17:22:49,2026-04-08T17:22:49,0.0,10409.0,Textiles
f1daeee6-c670-4fb9-b5f9-6a4147dbd12c,COSCO,Tanger Med,Rotterdam,2026-08-25T10:52:42,2026-08-25T10:52:42,0.0,13603.4,Food
df27bddf-31c6-406e-a8be-39d8bd6e7399,Comanav,Tanger Med,Barcelona,2026-03-06T23:02:59,2026-03-06T23:02:59,0.0,1615.2,Electronics
0548c6bc-1032-4b39-9047-132329fc7cee,Evergreen,Shenzhen,Hamburg,2026-04-25T23:37:33,2026-04-25T23:37:33,0.0,19778.9,Textiles
8340add9-2d25-45e8-9b1b-8497a7d34034,CMA-CGM,Tanger Med,Barcelona,2026-08-07T05:16:39,2026-08-07T05:16:39,0.0,11223.1,Chemicals
a6b5f12d-eaed-4476-9efe-49696a58945d,COSCO,Tanger Med,Rotterdam,2026-04-29T22:45:03,2026-04-29T22:45:03,0.0,5886.7,Chemicals
1097c481-799d-4335-a465-f94d6614d7ed,CMA-CGM,Ningbo,New York,2026-03-30T01:26:59,2026-03-31T05:02:59,27.6,17093.6,Textiles
d3a45ab0-55f8-480d-b263-91cf72caab55,Evergreen,Tanger Med,Rotterdam,2026-08-30T07:58:10,2026-08-31T11:16:10,27.3,1523.4,Food
ed0f6ad4-fa9c-47ed-9eb6-5fa2b1c7ebfd,Evergreen,Singapore,Felixstowe,2026-06-11T22:11:28,2026-06-11T22:11:28,0.0,2585.6,Automotive
0b2af948-d257-4ba9-bb9a-ebd6dea6a83b,MSC,Shenzhen,Hamburg,2026-07-10T11:37:09,2026-07-10T11:37:09,0.0,16325.3,Food
7d4d6076-d74b-4646-b5bf-60ded59e1e0a,MSC,Casablanca,Marseille,2026-08-02T08:48:47,2026-08-02T08:48:47,0.0,15613.7,Textiles
cc1a181f-6e04-44c5-a411-1840b16bb16e,Maersk,Agadir,Hamburg,2026-04-01T04:35:34,2026-04-01T04:35:34,0.0,20091.7,Electronics
b375bee4-759a-4a90-8ecd-4d47b198cc16,COSCO,Ningbo,New York,2026-07-06T14:27:11,2026-07-06T14:27:11,0.0,2292.0,Electronics
39852f1d-8bdc-4340-bf53-4b793039605d,Maersk,Shanghai,Rotterdam,2026-07-26T13:56:39,2026-07-26T13:56:39,0.0,14724.6,Textiles
6d1985d3-f328-4661-b092-2f17cc58ebb1,MSC,Shenzhen,Hamburg,2026-07-01T23:29:45,2026-07-01T23:29:45,0.0,6246.1,Textiles
a963922e-3b38-4fd5-aeb6-34c53c2f363a,MSC,Tanger Med,Barcelona,2026-09-06T12:00:00,2026-09-06T12:00:00,0.0,11540.8,Food
62a04539-3450-48bc-8e31-8c2ba0723c58,Marsa Maroc,Shanghai,Rotterdam,2026-03-14T22:36:13,2026-03-14T22:36:13,0.0,14356.0,Textiles
9d9b2799-78b5-4af6-9157-3630f5291341,COSCO,Shenzhen,Hamburg,2026-03-27T13:43:39,2026-03-27T13:43:39,0.0,8173.8,Automotive
283f0850-ab8f-4769-8201-785cd08a75e4,CMA-CGM,Singapore,Felixstowe,2026-05-31T04:13:02,2026-05-31T04:13:02,0.0,3790.5,Textiles
327803a1-a0f1-406e-866e-abc9d061c62a,COSCO,Busan,Los Angeles,2026-06-20T14:33:59,2026-06-20T14:33:59,0.0,19481.8,Chemicals
d4c4949c-78dd-4cb5-b35b-e565df4cea3e,Maersk,Ningbo,New York,2026-05-28T08:19:32,2026-05-28T08:19:32,0.0,15362.4,Textiles
a90db632-48b3-4a01-a3cd-ef05327d80cd,Evergreen,Casablanca,Marseille,2026-04-05T02:23:47,2026-04-05T02:23:47,0.0,18471.8,Electronics
d39d591a-0a3d-4323-9278-baa64e22cd59,Maersk,Tanger Med,Barcelona,2026-08-16T12:54:26,2026-08-16T12:54:26,0.0,15974.8,Food
c4df195d-1683-4763-bd0f-5357b3c3dd25,Comanav,Singapore,Felixstowe,2026-04-08T05:33:23,2026-04-08T05:33:23,0.0,22704.4,Food
3b38958d-534c-49eb-8dcc-88ca822744ce,Evergreen,Shanghai,Rotterdam,2026-04-09T00:47:43,2026-04-11T23:05:43,70.3,16520.7,Automotive
5349c561-0c5f-40bf-b2a0-99d849372357,COSCO,Shenzhen,Hamburg,2026-08-20T07:23:01,2026-08-20T07:23:01,0.0,19417.5,Textiles
b44301f1-8ed5-4ccd-ab0f-4e22c3edc53b,COSCO,Casablanca,Marseille,2026-05-04T14:37:55,2026-05-04T14:37:55,0.0,2718.6,Textiles
78c678f9-9713-4bc1-8b78-1aa06afd348c,Maersk,Ningbo,New York,2026-06-25T07:13:34,2026-06-25T07:13:34,0.0,21275.6,Food
b7c83e2e-7add-4f56-b045-014c65ddb090,Comanav,Casablanca,Marseille,2026-03-12T05:48:28,2026-03-12T05:48:28,0.0,11432.4,Automotive
3326f7ac-6fd1-465a-9a62-47dbae75a1bf,Marsa Maroc,Casablanca,Marseille,2026-03-18T20:40:00,2026-03-18T20:40:00,0.0,23509.8,Electronics
c9688ac6-4fbf-421d-9e88-361ba165e3a1,Comanav,Agadir,Hamburg,2026-07-04T23:23:27,2026-07-04T23:23:27,0.0,2040.1,Textiles
a27d9901-3c00-48e9-8f90-5c5600862502,Maersk,Agadir,Hamburg,2026-03-22T19:04:08,2026-03-22T19:04:08,0.0,13188.2,Textiles
e6afd2f3-f5a2-4960-92e1-7693d8551fa8,COSCO,Singapore,Felixstowe,2026-06-22T22:23:09,2026-06-27T09:35:09,107.2,1477.7,Textiles
12285f32-d8be-43ec-8b6f-63995cb070be,Marsa Maroc,Tanger Med,Barcelona,2026-07-18T05:07:13,2026-07-21T13:31:13,80.4,7200.6,Textiles
2afde14a-4dc7-4b18-86df-80aa6e6bba39,Evergreen,Ningbo,New York,2026-07-24T13:46:19,2026-07-24T13:46:19,0.0,16515.0,Textiles
17a84df1-2848-486e-b957-7a56351eb8c7,Evergreen,Tanger Med,Barcelona,2026-08-15T06:17:30,2026-08-15T06:17:30,0.0,24330.5,Automotive
893f3c12-1f74-4b94-9c20-1ba90ae4f3a4,COSCO,Ningbo,New York,2026-04-26T12:48:31,2026-04-26T12:48:31,0.0,21759.1,Chemicals
7eb6837f-9f08-4478-a65e-e14e1f8276bf,Evergreen,Busan,Los Angeles,2026-06-03T20:05:06,2026-06-03T20:05:06,0.0,22109.8,Chemicals
99354f98-d2a4-482c-8028-ecc0e1d0b261,MSC,Casablanca,Marseille,2026-08-08T00:36:02,2026-08-08T00:36:02,0.0,16265.2,Automotive
11ebc175-beed-458a-ad9a-474132b5ef89,MSC,Casablanca,Marseille,2026-05-09T22:15:06,2026-05-09T22:15:06,0.0,15249.5,Electronics
62ebcdcf-b938-4a38-82ee-33d0732e15ef,COSCO,Agadir,Hamburg,2026-05-06T00:21:44,2026-05-09T18:09:44,89.8,12297.2,Chemicals
b6e5562d-a111-4abd-b532-e7f4dfd96bf4,MSC,Busan,Los Angeles,2026-05-07T23:45:52,2026-05-07T23:45:52,0.0,16357.9,Chemicals
d4095826-ec30-4008-bfb3-35d2bba6053b,MSC,Tanger Med,Rotterdam,2026-03-31T16:02:18,2026-03-31T16:02:18,0.0,14550.4,Automotive
566465e0-e0c2-4d9f-b790-3ccf247dc24d,Marsa Maroc,Casablanca,Marseille,2026-07-27T13:34:16,2026-07-27T13:34:16,0.0,22324.5,Automotive
f61ece08-5a52-4e00-a7d4-b77b76571a6f,MSC,Tanger Med,Rotterdam,2026-06-02T12:41:46,2026-06-02T12:41:46,0.0,4910.9,Chemicals
ac79be1c-442a-45cb-9a39-0d889675da0c,Marsa Maroc,Tanger Med,Rotterdam,2026-09-10T06:35:41,2026-09-10T06:35:41,0.0,20621.9,Electronics
2503c886-d1ed-4d2f-a5f0-4773db16ec87,COSCO,Agadir,Hamburg,2026-04-25T13:57:13,2026-04-25T13:57:13,0.0,12049.6,Chemicals
9432a449-d9a8-4a57-9f6f-0919a0824d14,MSC,Casablanca,Marseille,2026-05-30T04:09:11,2026-06-02T09:03:11,76.9,19968.1,Automotive
a3252172-2be9-456a-a1cf-da91aafc062c,CMA-CGM,Ningbo,New York,2026-08-27T02:13:43,2026-08-27T02:13:43,0.0,17297.0,Chemicals
270cf256-bd1a-45fd-972b-59b809310487,MSC,Tanger Med,Barcelona,2026-06-07T15:14:25,2026-06-07T15:14:25,0.0,3739.2,Electronics
0ff5dfd4-a5aa-4996-95a1-07ffe1b5930f,Evergreen,Agadir,Hamburg,2026-08-26T11:30:27,2026-08-29T06:00:27,66.5,10785.0,Automotive
53891f0f-1a23-4f3b-b366-bd7907453805,MSC,Tanger Med,Barcelona,2026-06-08T03:49:02,2026-06-08T03:49:02,0.0,15561.3,Electronics
5c7ea8b4-8f5a-4ac7-bbce-68c8dc8d17ed,Evergreen,Ningbo,New York,2026-03-04T15:35:25,2026-03-04T15:35:25,0.0,2783.2,Automotive
634ac00c-eda9-42de-9aec-93761f32c34a,Comanav,Ningbo,New York,2026-08-28T16:28:28,2026-08-28T16:28:28,0.0,23474.5,Chemicals
46b18fd8-5409-4f6e-bf84-28fc40b1015f,COSCO,Ningbo,New York,2026-06-20T16:55:17,2026-06-20T16:55:17,0.0,1564.2,Food
aed5f012-bcdf-4138-8e25-737e51df3493,MSC,Singapore,Felixstowe,2026-05-01T08:26:22,2026-05-04T00:32:22,64.1,19332.5,Textiles
aaab91bf-2f1c-42c3-b11b-b99413a4f032,COSCO,Tanger Med,Barcelona,2026-03-29T16:26:34,2026-03-29T16:26:34,0.0,12190.0,Automotive
c786b36f-0e1e-4d8f-b1cd-58cc1e060896,CMA-CGM,Tanger Med,Barcelona,2026-08-19T13:13:11,2026-08-19T13:13:11,0.0,13821.4,Textiles
a7292ecd-4096-4aa2-bf99-791474a5e017,Maersk,Agadir,Hamburg,2026-07-13T04:54:18,2026-07-13T04:54:18,0.0,19840.9,Food
43db2603-ccc6-4b83-8bf2-0c60f52b42e8,Maersk,Ningbo,New York,2026-06-25T04:19:10,2026-06-25T04:19:10,0.0,9688.2,Automotive
7b923d44-e810-4de6-a42b-14554b5645e8,COSCO,Shenzhen,Hamburg,2026-08-12T18:50:45,2026-08-12T18:50:45,0.0,4292.1,Food
999838ca-2b76-47c1-bf7a-a87c7497969f,CMA-CGM,Shanghai,Rotterdam,2026-06-06T03:05:03,2026-06-08T12:47:03,57.7,9458.3,Textiles
d87a9ce7-da23-4df4-a294-0d70caea6bfe,Comanav,Singapore,Felixstowe,2026-08-25T10:01:06,2026-08-25T10:01:06,0.0,14026.6,Food
311f744d-1557-47e9-b7b5-4adc9bc03618,MSC,Busan,Los Angeles,2026-06-26T07:58:41,2026-06-26T07:58:41,0.0,14095.3,Textiles
5b254204-ac75-4192-b794-c981d247938e,Evergreen,Shanghai,Rotterdam,2026-05-17T08:50:13,2026-05-17T08:50:13,0.0,17784.6,Automotive
aec854ec-f64c-4bda-9133-909dfea9830c,Marsa Maroc,Tanger Med,Barcelona,2026-07-28T09:36:03,2026-07-28T09:36:03,0.0,19686.2,Automotive
d906e938-fbd5-409c-8f76-b6f0e30028b8,MSC,Tanger Med,Barcelona,2026-09-04T15:49:32,2026-09-04T15:49:32,0.0,19759.0,Food
2ad85ec1-f137-463b-9f71-bdbd080d7aeb,MSC,Tanger Med,Rotterdam,2026-04-11T10:04:49,2026-04-11T10:04:49,0.0,16079.0,Electronics
769c0772-c541-4291-8129-5463d8da5c17,COSCO,Casablanca,Marseille,2026-06-01T02:55:02,2026-06-03T13:55:02,59.0,2070.0,Automotive
061f9c89-d22c-4182-89cc-c7b985007ddc,Maersk,Shenzhen,Hamburg,2026-07-27T02:34:22,2026-07-27T02:34:22,0.0,18250.1,Chemicals
3aaca4a9-763d-4189-a6ce-ba0975f45dd8,CMA-CGM,Ningbo,New York,2026-07-18T09:44:30,2026-07-18T09:44:30,0.0,15138.1,Automotive
a1c22849-6bcd-4284-af1d-ff6537b23cf2,COSCO,Busan,Los Angeles,2026-06-23T21:43:49,2026-06-23T21:43:49,0.0,21338.9,Food
fac1603b-b245-4cc2-8d38-a24a108382b9,MSC,Shanghai,Rotterdam,2026-06-23T15:45:00,2026-06-23T15:45:00,0.0,15188.1,Food
d7da56a5-1652-4ad8-b2ac-6ab0b74b3902,Evergreen,Agadir,Hamburg,2026-03-09T12:29:30,2026-03-09T12:29:30,0.0,1383.5,Automotive
e5a52625-f72b-45fa-b078-4f8c9f04de07,MSC,Tanger Med,Rotterdam,2026-08-01T17:10:36,2026-08-01T17:10:36,0.0,7260.5,Chemicals
25fa8d99-9d62-400a-b89c-f1aee8c35d76,Marsa Maroc,Shenzhen,Hamburg,2026-06-15T14:20:33,2026-06-15T14:20:33,0.0,14859.0,Food
46b4e1ac-504b-46bb-bc01-2b5faa18d9df,Marsa Maroc,Tanger Med,Rotterdam,2026-03-04T03:28:42,2026-03-04T03:28:42,0.0,23019.8,Food
dbf25271-161b-4b52-aa43-5eaef40535cd,Marsa Maroc,Shanghai,Rotterdam,2026-03-20T01:07:31,2026-03-20T01:07:31,0.0,22917.7,Textiles
8260370e-ffcb-4069-9f90-88a921fca75d,Comanav,Shenzhen,Hamburg,2026-09-09T21:50:01,2026-09-09T21:50:01,0.0,15355.9,Automotive
331bf2a3-6b63-4e8b-bd89-05b47d12169d,COSCO,Busan,Los Angeles,2026-06-20T03:31:22,2026-06-20T03:31:22,0.0,6897.1,Chemicals
11e0de4a-e09e-468a-84d5-9aaffb716200,Maersk,Ningbo,New York,2026-05-29T08:51:31,2026-05-29T08:51:31,0.0,12827.6,Textiles
a534ec87-64ee-4653-929d-72774ee52ce1,Comanav,Tanger Med,Barcelona,2026-07-15T19:52:09,2026-07-15T19:52:09,0.0,6813.5,Food
7bb79111-3eed-4966-a4f9-bb06a3084ac0,Marsa Maroc,Shanghai,Rotterdam,2026-05-25T01:16:12,2026-05-25T01:16:12,0.0,9738.5,Chemicals
84f56076-e053-43f1-9f70-085dbd4c4387,Comanav,Agadir,Hamburg,2026-05-13T20:09:30,2026-05-13T20:09:30,0.0,19502.2,Chemicals
29f69a08-e81c-49de-b5d8-3d3138e02673,COSCO,Tanger Med,Rotterdam,2026-06-06T08:00:39,2026-06-06T08:00:39,0.0,2155.1,Automotive
1a8767e2-a2b2-4662-ad87-a60ccde63923,Comanav,Agadir,Hamburg,2026-04-23T02:52:29,2026-04-23T02:52:29,0.0,23908.4,Food
c4b98e26-27c2-423f-b4fb-6f0e4fe197eb,Maersk,Ningbo,New York,2026-04-07T17:38:00,2026-04-07T17:38:00,0.0,6952.1,Textiles
cb8ef164-dd5d-4e35-ae9b-bc19fc028d9c,COSCO,Tanger Med,Barcelona,2026-03-16T07:26:42,2026-03-16T07:26:42,0.0,20616.3,Electronics
91fc25c2-2551-40f0-872f-60c8197599de,MSC,Ningbo,New York,2026-06-28T23:27:47,2026-06-28T23:27:47,0.0,9161.7,Food
48cd5ac2-c853-4f76-b12b-fbb34a04bd86,MSC,Shanghai,Rotterdam,2026-08-19T04:46:11,2026-08-22T18:34:11,85.8,22793.2,Chemicals
ffefd09e-ea99-468b-91ca-3524f64d81a8,MSC,Agadir,Hamburg,2026-03-13T22:58:47,2026-03-13T22:58:47,0.0,21882.2,Automotive
969c1d1c-a02e-4c86-a035-9487333d7d80,MSC,Agadir,Hamburg,2026-07-20T16:45:11,2026-07-24T23:03:11,102.3,9222.7,Electronics
8c810a36-dfb0-49a4-98f6-13053daf61af,Maersk,Tanger Med,Barcelona,2026-04-21T00:50:48,2026-04-21T00:50:48,0.0,16753.9,Food
6a31fa18-6cd0-4410-bc9c-bff4bbf71149,Comanav,Tanger Med,Rotterdam,2026-04-05T00:06:14,2026-04-09T19:36:14,115.5,21276.3,Textiles
019de49a-d073-4909-bd1d-8cce17035a0a,COSCO,Shenzhen,Hamburg,2026-06-23T14:37:43,2026-06-28T01:43:43,107.1,14575.7,Textiles
58f5c8cb-6262-498b-b392-7efa97fe475d,MSC,Busan,Los Angeles,2026-07-05T21:14:34,2026-07-10T12:08:34,110.9,7366.5,Automotive
9ed48ebc-af98-41ad-a03a-f91317dab1fc,Maersk,Casablanca,Marseille,2026-08-09T08:46:10,2026-08-09T08:46:10,0.0,10867.8,Food
656901f7-7eb9-48b4-93d4-9f975584e726,Evergreen,Tanger Med,Rotterdam,2026-05-08T05:05:02,2026-05-08T05:05:02,0.0,21579.8,Automotive
199881f3-898d-427b-a82c-864601a85dcc,Maersk,Busan,Los Angeles,2026-05-17T23:32:35,2026-05-17T23:32:35,0.0,11771.7,Electronics
1b60798a-0a16-4480-b3f0-2c586077fee3,Marsa Maroc,Tanger Med,Rotterdam,2026-04-21T07:49:06,2026-04-21T07:49:06,0.0,14734.7,Textiles
1a228c4f-7bd3-4703-acac-067147da47f5,Evergreen,Shenzhen,Hamburg,2026-07-21T02:02:21,2026-07-22T10:14:21,32.2,6939.8,Textiles
24719e55-9919-40c7-bfd0-90584e764302,Evergreen,Busan,Los Angeles,2026-09-11T21:03:58,2026-09-11T21:03:58,0.0,5005.9,Chemicals
87202a5d-94b6-4829-b9be-7d379af4678f,COSCO,Agadir,Hamburg,2026-06-14T20:08:20,2026-06-14T20:08:20,0.0,9621.6,Chemicals
eba33e31-f7ea-4715-86db-999119ca8086,COSCO,Shanghai,Rotterdam,2026-05-03T21:39:54,2026-05-03T21:39:54,0.0,3712.9,Food
e4914063-195c-4683-b683-c47f341d3aa5,Comanav,Agadir,Hamburg,2026-06-08T19:08:05,2026-06-08T19:08:05,0.0,7113.8,Automotive
5b5a72af-78b4-49b0-9c1e-881ebbcd87bb,COSCO,Ningbo,New York,2026-09-04T03:08:50,2026-09-05T12:20:50,33.2,20100.9,Automotive
07feea7e-9183-4de8-88b5-6a80031175b3,Comanav,Busan,Los Angeles,2026-06-23T14:55:03,2026-06-23T14:55:03,0.0,10827.3,Automotive
9c938ce6-5a8d-440d-a5d8-2fd74a9a6d55,Evergreen,Ningbo,New York,2026-07-10T13:03:17,2026-07-10T13:03:17,0.0,19740.7,Textiles
4275dd4c-1ae1-4fca-9b8a-44ffdfe516c4,Evergreen,Shanghai,Rotterdam,2026-04-14T17:27:34,2026-04-15T10:39:34,17.2,2924.9,Automotive
2d088ea0-7819-4ade-b4ae-1af56c8906f7,MSC,Tanger Med,Rotterdam,2026-08-29T21:09:53,2026-08-29T21:09:53,0.0,12175.2,Electronics
313c1827-8636-41b3-a986-279fb60bc385,Marsa Maroc,Busan,Los Angeles,2026-03-30T05:50:27,2026-03-30T05:50:27,0.0,9343.6,Food
5ad7492b-d652-4dba-8674-abc9981c606d,Comanav,Ningbo,New York,2026-04-24T15:57:01,2026-04-24T15:57:01,0.0,986.0,Electronics
00ec7809-2b41-4995-a8fb-a85e85ea1d67,Comanav,Shenzhen,Hamburg,2026-05-27T14:52:52,2026-05-27T14:52:52,0.0,15336.6,Food
c22bf670-bb56-417f-b9e7-100953bfd173,MSC,Ningbo,New York,2026-08-02T08:08:36,2026-08-04T02:50:36,42.7,8464.7,Food
f10c780e-9fe7-4f59-b76f-c1a267490ee0,Comanav,Busan,Los Angeles,2026-07-21T01:16:14,2026-07-21T01:16:14,0.0,22296.0,Chemicals
b68a7751-5a4d-4558-89ed-7d4a4657d484,COSCO,Shanghai,Rotterdam,2026-04-05T01:41:01,2026-04-05T01:41:01,0.0,4048.8,Automotive
bdb6fa8b-0139-4d0f-a5cb-f37dacf18251,COSCO,Shenzhen,Hamburg,2026-08-01T05:42:05,2026-08-01T05:42:05,0.0,14505.1,Electronics
1baa9eaf-6b73-4bbd-8787-344195e7687d,MSC,Tanger Med,Barcelona,2026-03-06T09:43:52,2026-03-06T09:43:52,0.0,8180.3,Textiles
c4a8409c-bb2a-4ad9-8042-f1c92eb73d84,Evergreen,Shanghai,Rotterdam,2026-06-11T16:55:57,2026-06-11T16:55:57,0.0,7145.6,Chemicals
6740bb81-07e6-48ba-94cd-9acf330d8937,Marsa Maroc,Shenzhen,Hamburg,2026-04-17T23:55:49,2026-04-17T23:55:49,0.0,24155.4,Chemicals
36a96eef-bcb8-4fbe-b62e-f140e9a5cd5a,MSC,Casablanca,Marseille,2026-08-24T14:54:46,2026-08-25T16:24:46,25.5,6248.4,Textiles
4c44320e-0b2f-48de-8e0a-d5d20fff9eb9,MSC,Tanger Med,Barcelona,2026-07-22T03:28:02,2026-07-22T03:28:02,0.0,3023.7,Electronics
c135f53a-854b-4db7-aea2-6b2b9c73069c,Evergreen,Busan,Los Angeles,2026-06-10T19:31:17,2026-06-10T19:31:17,0.0,19387.9,Food
a9bc3f81-64f9-4bef-a018-e0451dcc6696,Maersk,Tanger Med,Barcelona,2026-07-26T23:24:54,2026-07-26T23:24:54,0.0,4304.2,Chemicals
2ef2c588-7e94-4909-8afb-a06b43e14760,MSC,Shanghai,Rotterdam,2026-07-23T06:23:07,2026-07-23T06:23:07,0.0,7462.3,Automotive
31917e20-22c7-4451-b3c0-28e1c68fa91f,Evergreen,Casablanca,Marseille,2026-04-12T01:51:31,2026-04-12T16:57:31,15.1,16757.0,Textiles
83930635-023c-49f6-b812-56188bf44b53,COSCO,Busan,Los Angeles,2026-05-30T19:22:41,2026-06-02T17:46:41,70.4,7174.2,Chemicals
f1addeba-ff4b-4e60-82f5-ebad9f4e543c,Marsa Maroc,Casablanca,Marseille,2026-08-31T02:28:58,2026-08-31T02:28:58,0.0,14975.4,Chemicals
21a7496d-39ea-4c2e-8978-3f3d94e143f6,Evergreen,Singapore,Felixstowe,2026-03-10T17:14:47,2026-03-10T17:14:47,0.0,13577.7,Textiles
51d07927-3407-44f6-91bb-cefd1243faa1,Evergreen,Busan,Los Angeles,2026-07-06T09:14:24,2026-07-06T09:14:24,0.0,2694.1,Textiles
a3cb5118-6bcf-493a-be32-a0cd734375c1,COSCO,Shenzhen,Hamburg,2026-05-25T23:17:30,2026-05-25T23:17:30,0.0,7937.5,Electronics
2ce35e44-a6cc-40fa-8b33-adf53b8b46a5,Comanav,Ningbo,New York,2026-03-25T13:13:31,2026-03-25T13:13:31,0.0,3839.4,Textiles
1a0592e4-a231-4561-9837-3014b2efbf7a,Evergreen,Busan,Los Angeles,2026-08-28T07:17:13,2026-08-28T07:17:13,0.0,23091.2,Chemicals
77caaa68-0b23-4c58-99c8-0c3eb7232f78,Maersk,Shanghai,Rotterdam,2026-06-26T08:36:59,2026-06-26T08:36:59,0.0,20050.1,Food
9438fc34-aebd-4e19-a8e8-c0875f0a9a35,Comanav,Agadir,Hamburg,2026-08-06T13:35:35,2026-08-06T13:35:35,0.0,9654.3,Chemicals
81465ad0-f159-4d28-b59a-2bb0884c2abb,COSCO,Ningbo,New York,2026-04-15T07:29:54,2026-04-15T07:29:54,0.0,4500.1,Chemicals
bb79bc15-4956-4a36-9bdc-893ee2761054,MSC,Singapore,Felixstowe,2026-04-24T06:48:58,2026-04-24T06:48:58,0.0,10844.9,Automotive
18f56711-2b7a-4c78-82d2-64532f18bb4e,Comanav,Ningbo,New York,2026-03-18T14:39:46,2026-03-21T20:51:46,78.2,17501.2,Textiles
cca1026b-bcd7-4a00-8cd3-6effe9346008,Marsa Maroc,Shanghai,Rotterdam,2026-03-15T10:50:31,2026-03-15T10:50:31,0.0,20315.8,Chemicals
dfcdafa5-fae8-4eb8-ab82-621ebf28a77b,Comanav,Agadir,Hamburg,2026-06-27T04:53:00,2026-06-27T04:53:00,0.0,3847.3,Electronics
c770b3a7-2ac5-4fb8-b150-d07773bbc51d,Evergreen,Busan,Los Angeles,2026-09-08T07:35:39,2026-09-08T07:35:39,0.0,17661.6,Chemicals
25dfb2d8-4b54-4131-96a0-ca06010354ae,CMA-CGM,Agadir,Hamburg,2026-04-15T02:19:16,2026-04-15T02:19:16,0.0,1716.0,Food
27321081-2169-4c42-8c08-04f30a31a397,MSC,Tanger Med,Rotterdam,2026-04-07T17:53:42,2026-04-09T12:23:42,42.5,3563.5,Chemicals
2abcd3d6-57a5-4447-8efb-deb3db811ea4,MSC,Tanger Med,Rotterdam,2026-05-31T04:29:41,2026-05-31T04:29:41,0.0,860.8,Automotive
1f396ff2-ab46-49dd-80c3-cf02056fd8c5,COSCO,Shenzhen,Hamburg,2026-04-22T16:28:50,2026-04-22T16:28:50,0.0,20086.8,Textiles
6e1b666e-9c49-4ce5-8c11-68b377b2d8b8,Marsa Maroc,Busan,Los Angeles,2026-07-29T22:26:30,2026-07-29T22:26:30,0.0,8591.1,Automotive
0c6b673c-e433-4bbd-abfe-bed5efbdbee5,CMA-CGM,Tanger Med,Rotterdam,2026-08-24T04:15:58,2026-08-24T04:15:58,0.0,2248.9,Chemicals
8ab21065-54d8-4396-8e1f-0b2542ca7e3d,MSC,Casablanca,Marseille,2026-07-23T02:04:40,2026-07-24T17:04:40,39.0,9848.6,Electronics
1cfe272a-b6fd-4324-9dae-d8d11160b2b1,Comanav,Tanger Med,Barcelona,2026-08-10T18:32:40,2026-08-10T18:32:40,0.0,9927.5,Chemicals
f6b7b2ea-7ca4-4b68-bca9-e01ba855a8b3,Marsa Maroc,Agadir,Hamburg,2026-04-30T00:15:28,2026-05-01T09:45:28,33.5,18515.4,Electronics
a7e590b0-4ba6-446e-b993-569443d24c8b,Marsa Maroc,Ningbo,New York,2026-08-09T03:00:14,2026-08-11T18:06:14,63.1,17195.3,Textiles
19e19231-17ec-456f-b08f-fc7f22a44a78,MSC,Shenzhen,Hamburg,2026-04-08T10:56:54,2026-04-08T10:56:54,0.0,1533.6,Food
aff3b754-31c6-4477-b597-5257cd826a72,Maersk,Ningbo,New York,2026-09-07T01:02:41,2026-09-07T01:02:41,0.0,16143.7,Automotive
5f58f26c-76e1-453d-a951-f36968dd67df,Maersk,Shenzhen,Hamburg,2026-08-06T11:54:56,2026-08-06T11:54:56,0.0,5835.8,Electronics
1697c25c-10df-4a1b-a890-ecec59ed1b66,Marsa Maroc,Agadir,Hamburg,2026-06-17T15:22:01,2026-06-17T15:22:01,0.0,869.2,Textiles
315c694b-1eed-4f27-b821-deccd29d927b,COSCO,Tanger Med,Barcelona,2026-03-13T16:56:16,2026-03-13T16:56:16,0.0,718.8,Electronics
0ca6c947-de66-48bb-8b36-76ad4a0eaf28,Marsa Maroc,Busan,Los Angeles,2026-07-22T21:35:22,2026-07-22T21:35:22,0.0,9599.3,Electronics
22168eca-3c5e-42a4-a851-f949432b3b9e,MSC,Agadir,Hamburg,2026-05-24T09:06:00,2026-05-24T09:06:00,0.0,17305.6,Textiles
94c44fea-fc61-45d6-ad07-bad9d85f1965,Maersk,Tanger Med,Rotterdam,2026-08-20T04:37:47,2026-08-20T04:37:47,0.0,4271.0,Food
81979242-68ad-4a0d-b40a-1a0c9bcb9aa0,MSC,Tanger Med,Barcelona,2026-08-20T16:51:56,2026-08-20T16:51:56,0.0,8260.1,Food
4682a83b-fb16-4b26-8a77-f91497288aa9,Comanav,Shenzhen,Hamburg,2026-05-31T16:43:45,2026-06-04T11:55:45,91.2,1023.1,Chemicals
33015e27-c95f-4c62-bea0-1838dc3e10b3,Marsa Maroc,Shenzhen,Hamburg,2026-07-19T20:28:44,2026-07-19T20:28:44,0.0,22517.2,Chemicals
33994ea1-7ab0-44e3-a50a-9a0a82ad0333,Evergreen,Busan,Los Angeles,2026-04-08T14:03:07,2026-04-08T14:03:07,0.0,17577.4,Automotive
6321a7e3-56e1-4f6f-80b7-c9aafa49bd9c,Evergreen,Casablanca,Marseille,2026-07-21T15:48:35,2026-07-21T15:48:35,0.0,18443.9,Textiles
812c87b3-7cd6-4362-be6c-b08fda6483e5,MSC,Ningbo,New York,2026-07-18T07:04:57,2026-07-18T07:04:57,0.0,4298.1,Textiles
6ff44550-df22-451e-bfc9-05e47110396e,Evergreen,Shanghai,Rotterdam,2026-03-24T12:22:03,2026-03-24T12:22:03,0.0,517.6,Food
52db4890-20ee-4fa4-bc9c-c1ed89e0eb2d,Marsa Maroc,Singapore,Felixstowe,2026-08-02T14:55:49,2026-08-02T14:55:49,0.0,958.6,Textiles
745690a3-f824-4067-a3eb-23eec964c69c,CMA-CGM,Agadir,Hamburg,2026-06-16T03:24:05,2026-06-16T03:24:05,0.0,16628.1,Food
12f210b5-6110-47bd-87a4-73e5032ee518,MSC,Singapore,Felixstowe,2026-05-13T17:08:38,2026-05-13T17:08:38,0.0,12690.0,Food
6833f7b8-5ce1-4e14-aeb4-302ade043afa,Evergreen,Casablanca,Marseille,2026-04-17T10:36:39,2026-04-17T10:36:39,0.0,10540.2,Textiles
a5f57db1-e0d8-406d-a496-fe10ffa0680b,Maersk,Tanger Med,Barcelona,2026-08-24T14:16:23,2026-08-24T14:16:23,0.0,2133.7,Automotive
6a83d6c5-9720-4b2f-90cc-deaa3af2052b,Comanav,Casablanca,Marseille,2026-04-05T14:27:29,2026-04-05T14:27:29,0.0,3122.9,Automotive
a3eda49a-ede5-479d-ba78-9cc457c6c305,Maersk,Tanger Med,Barcelona,2026-05-22T08:58:10,2026-05-22T08:58:10,0.0,20989.3,Chemicals
2db5ab90-7a7a-4117-84c7-ee33a8a04efb,Evergreen,Ningbo,New York,2026-03-09T07:03:57,2026-03-09T07:03:57,0.0,6770.5,Textiles
bf954726-9de1-4a7b-9579-0bf5a5e90083,Evergreen,Agadir,Hamburg,2026-03-20T15:25:33,2026-03-20T15:25:33,0.0,820.6,Automotive
87ca8b9d-0ec6-4352-a903-6bb6b8dc69b5,Comanav,Busan,Los Angeles,2026-07-08T12:31:50,2026-07-08T12:31:50,0.0,20125.0,Electronics
5fc205a8-6ba5-45dd-b97b-93f8279e5701,Evergreen,Shenzhen,Hamburg,2026-06-03T14:13:35,2026-06-03T14:13:35,0.0,22315.5,Textiles
bb4c5839-3e60-4a2b-839b-cef1ee2c0115,Comanav,Tanger Med,Rotterdam,2026-04-18T21:41:44,2026-04-18T21:41:44,0.0,13461.0,Electronics
f2ddbc9c-0c43-4fb4-93a6-f1eec59908af,Maersk,Shanghai,Rotterdam,2026-05-19T16:39:16,2026-05-24T12:21:16,115.7,2879.4,Automotive
f21aec6d-d4e6-45df-8f1a-93ce8cc4ecf6,COSCO,Ningbo,New York,2026-03-27T15:29:34,2026-03-27T15:29:34,0.0,13391.7,Automotive
8ee8c2f2-80d1-4423-be31-7f7b38e37bd7,Evergreen,Casablanca,Marseille,2026-05-20T10:50:47,2026-05-20T10:50:47,0.0,10672.0,Electronics
6806dc27-9eb7-4d38-bbfa-bfd1e8f079c4,Marsa Maroc,Shenzhen,Hamburg,2026-05-23T20:48:44,2026-05-23T20:48:44,0.0,16798.4,Electronics
1ea0953e-550f-48f1-aa35-80fb851304c2,Comanav,Casablanca,Marseille,2026-05-30T11:42:18,2026-05-30T11:42:18,0.0,10338.2,Textiles
5f35bae5-00c4-4b40-9a67-1ad3e5c4eea2,Evergreen,Casablanca,Marseille,2026-07-06T14:23:49,2026-07-09T02:11:49,59.8,9131.9,Textiles
9a2d4f4a-11f1-4175-aa21-bc629be76547,CMA-CGM,Ningbo,New York,2026-04-27T07:18:16,2026-04-27T07:18:16,0.0,10602.4,Chemicals
f0b4ce96-de97-48f2-8b59-74133f277d4c,Evergreen,Shenzhen,Hamburg,2026-03-02T02:25:45,2026-03-02T02:25:45,0.0,13867.8,Chemicals
b5b2d0df-2030-4360-a547-2975fdaa01c3,Marsa Maroc,Ningbo,New York,2026-06-16T16:23:19,2026-06-16T16:23:19,0.0,24060.5,Chemicals
5d27bdcd-1664-483e-932c-20fbb2578d7f,Maersk,Singapore,Felixstowe,2026-04-26T04:35:22,2026-04-26T04:35:22,0.0,24582.4,Food
3a006bd8-c992-42f8-95ee-00dfeb88bf6b,Evergreen,Tanger Med,Rotterdam,2026-04-20T11:36:52,2026-04-20T11:36:52,0.0,22313.0,Electronics
25c4308e-a845-4f57-b4db-9e4cfbdbbc23,MSC,Shanghai,Rotterdam,2026-06-06T08:15:59,2026-06-06T08:15:59,0.0,8215.2,Textiles
b553b18d-0dfc-4d5b-9af7-4f200d26a949,Evergreen,Ningbo,New York,2026-05-07T18:25:51,2026-05-07T18:25:51,0.0,23185.1,Automotive
2799e041-3c7c-4903-8dba-90a6a49c9058,Maersk,Tanger Med,Barcelona,2026-04-12T16:35:16,2026-04-12T16:35:16,0.0,4324.6,Textiles
5e6ef712-38d8-461c-97cb-4d5f02cbf98b,Evergreen,Shenzhen,Hamburg,2026-03-11T00:17:18,2026-03-11T00:17:18,0.0,6778.0,Textiles
7d73b09a-3fbf-48e4-9d00-3dda44591057,Evergreen,Tanger Med,Barcelona,2026-04-21T04:29:42,2026-04-21T04:29:42,0.0,22988.1,Electronics
8d6842d9-d415-4547-bb61-7f89a8fa889e,Comanav,Shenzhen,Hamburg,2026-03-06T18:30:29,2026-03-06T18:30:29,0.0,12462.8,Food
767b374c-1c87-4449-9780-711b8502bd0a,Evergreen,Tanger Med,Barcelona,2026-07-18T03:03:36,2026-07-18T03:03:36,0.0,1415.6,Food
bd54c1be-e625-455b-9de4-38af7fb32774,Maersk,Singapore,Felixstowe,2026-06-01T09:40:59,2026-06-01T09:40:59,0.0,23085.9,Textiles
16474e4e-3caf-4744-8392-0416e06adeb1,Comanav,Shenzhen,Hamburg,2026-07-04T17:46:07,2026-07-04T17:46:07,0.0,23291.0,Electronics
612fb2a3-509e-487c-953c-8ee7e7d8807a,Marsa Maroc,Agadir,Hamburg,2026-03-07T03:05:25,2026-03-07T03:05:25,0.0,15256.4,Electronics
f0fe994c-3d85-4fd7-b14f-c0c03ea03ecc,Maersk,Singapore,Felixstowe,2026-05-07T16:05:32,2026-05-07T16:05:32,0.0,1509.0,Food
a4d9a6bd-a89d-4b87-9e4f-843defcdaf84,CMA-CGM,Casablanca,Marseille,2026-06-12T01:24:16,2026-06-12T01:24:16,0.0,5909.5,Electronics
859ea0cc-36b5-4bd4-af21-52d023e66622,COSCO,Singapore,Felixstowe,2026-03-21T08:23:39,2026-03-21T08:23:39,0.0,14593.7,Electronics
a8455ce3-af1d-4b6f-949d-bc104c048b9d,COSCO,Agadir,Hamburg,2026-04-19T05:28:30,2026-04-19T05:28:30,0.0,10160.9,Automotive
53bd3639-5e29-4669-b8c8-04e00b27ea38,Maersk,Shenzhen,Hamburg,2026-08-11T11:38:12,2026-08-11T11:38:12,0.0,18760.2,Food
935699f2-4a07-4047-b43a-fdeef541272e,CMA-CGM,Singapore,Felixstowe,2026-04-14T03:17:17,2026-04-14T03:17:17,0.0,12794.7,Automotive
2a4e3b3d-c6c8-4f2f-8fce-4ed7fa621216,COSCO,Casablanca,Marseille,2026-03-25T16:24:13,2026-03-25T16:24:13,0.0,12452.6,Food
3c1ce89e-ef1c-484e-a0bf-7a6d55a6c42d,Evergreen,Agadir,Hamburg,2026-09-01T22:56:02,2026-09-01T22:56:02,0.0,18523.9,Automotive
d22179e5-ee7c-4f3f-869a-0d25e348f28c,Maersk,Agadir,Hamburg,2026-08-22T02:13:40,2026-08-22T02:13:40,0.0,11036.6,Food
1c542064-91dd-4822-90d6-d8f4bb725187,Maersk,Tanger Med,Barcelona,2026-07-19T14:26:52,2026-07-19T14:26:52,0.0,10876.7,Textiles
9ca7a07b-9c56-4d3f-86db-2085eac88d54,CMA-CGM,Agadir,Hamburg,2026-04-12T08:27:25,2026-04-12T08:27:25,0.0,16557.5,Textiles
2c94e257-13cf-4d46-a82e-403e1da56806,CMA-CGM,Casablanca,Marseille,2026-08-23T12:59:45,2026-08-23T12:59:45,0.0,24758.9,Chemicals
61c48df1-39c5-43d5-a0c5-2b96ae366d0b,COSCO,Casablanca,Marseille,2026-09-12T16:07:01,2026-09-12T16:07:01,0.0,20545.2,Automotive
92ba4652-a370-47e2-8274-640732693e6e,MSC,Shenzhen,Hamburg,2026-05-26T00:59:36,2026-05-26T00:59:36,0.0,21392.7,Electronics
4a7f91a9-203a-40b2-9836-43c3b30d8a82,MSC,Tanger Med,Rotterdam,2026-03-17T20:11:29,2026-03-22T12:17:29,112.1,21784.4,Textiles
32ec5e03-073f-40e3-a6f2-a557a815e817,CMA-CGM,Tanger Med,Rotterdam,2026-06-26T03:23:54,2026-06-26T03:23:54,0.0,3226.3,Chemicals
55dca3ad-dd41-4f21-8b7c-1588908b253a,Maersk,Busan,Los Angeles,2026-08-25T21:15:56,2026-08-25T21:15:56,0.0,18630.3,Automotive
63814be1-6536-4fa2-8e3a-469522918d74,Evergreen,Agadir,Hamburg,2026-03-13T02:20:42,2026-03-13T02:20:42,0.0,6837.1,Chemicals
a435f6b4-9a7a-4777-9c25-dbd01aa54b3a,Marsa Maroc,Casablanca,Marseille,2026-03-24T14:56:01,2026-03-24T14:56:01,0.0,950.5,Food
13a5a6ea-053e-47cf-968a-e1785a159b66,Maersk,Ningbo,New York,2026-09-03T00:26:05,2026-09-03T00:26:05,0.0,1972.7,Automotive
f53c948a-93b2-47fa-937e-b176595529bf,Maersk,Shanghai,Rotterdam,2026-08-03T23:20:38,2026-08-03T23:20:38,0.0,23656.8,Electronics
1fc15609-1a23-41a6-9679-55e021307f6c,Marsa Maroc,Singapore,Felixstowe,2026-08-13T13:09:29,2026-08-13T13:09:29,0.0,21376.0,Textiles
5b22ea90-2581-4f3b-98f6-a2016bb2b35f,Maersk,Tanger Med,Barcelona,2026-04-11T22:16:37,2026-04-11T22:16:37,0.0,22143.4,Chemicals
20189a01-a52e-41f3-bf92-a18ea4ce54d2,COSCO,Agadir,Hamburg,2026-09-07T09:38:12,2026-09-07T09:38:12,0.0,17887.4,Textiles
81ef49ff-7198-444c-9689-605209399ac8,Comanav,Busan,Los Angeles,2026-08-20T06:18:02,2026-08-20T06:18:02,0.0,2656.5,Automotive
f67d2df0-c6b6-4ea9-a838-440d54123de7,COSCO,Ningbo,New York,2026-03-29T12:58:59,2026-03-29T12:58:59,0.0,17955.5,Electronics
dfd8e802-1b37-432d-9823-7aaac8544e5d,Evergreen,Agadir,Hamburg,2026-04-01T09:01:18,2026-04-01T09:01:18,0.0,12503.4,Automotive
0f6021a5-1c47-4562-9bed-582d4966ed51,CMA-CGM,Tanger Med,Rotterdam,2026-07-04T02:17:59,2026-07-04T02:17:59,0.0,9206.8,Textiles
1adae2fc-0097-4335-852b-8d23b50eefc6,Evergreen,Agadir,Hamburg,2026-04-27T14:34:17,2026-04-27T14:34:17,0.0,2019.2,Textiles
1fc0f89b-cb4f-4da0-8c9c-ed1899eb66e4,Comanav,Singapore,Felixstowe,2026-03-26T12:12:10,2026-03-31T06:12:10,114.0,23753.4,Automotive
d343518e-a1a3-4b46-9197-d12ce905ab67,CMA-CGM,Casablanca,Marseille,2026-04-19T00:11:27,2026-04-22T11:05:27,82.9,2651.0,Chemicals
733b2058-0e24-40d7-bfc2-8fb57ccab02f,Marsa Maroc,Ningbo,New York,2026-06-15T19:20:05,2026-06-15T19:20:05,0.0,15825.4,Automotive
19a5493e-1901-4186-978c-21ff7a5cc31c,MSC,Singapore,Felixstowe,2026-07-05T06:56:52,2026-07-05T06:56:52,0.0,10948.4,Textiles
b9713ee8-b2a3-45c1-9873-f3f48cae0701,COSCO,Shenzhen,Hamburg,2026-07-26T22:17:10,2026-07-26T22:17:10,0.0,5565.6,Automotive
dab66ff9-f12a-4880-a9eb-e74f4b654287,Marsa Maroc,Ningbo,New York,2026-06-23T12:38:46,2026-06-23T12:38:46,0.0,21633.4,Textiles
2d303b1c-a749-4fb4-bd1a-7ea9254f589b,MSC,Ningbo,New York,2026-08-24T04:56:03,2026-08-24T04:56:03,0.0,22770.6,Automotive
39f1ab27-e1e7-449a-947b-6dd92466cb0d,CMA-CGM,Casablanca,Marseille,2026-09-13T08:04:39,2026-09-13T08:04:39,0.0,13557.6,Electronics
21b4194a-fe7d-4d0f-ae68-2b8e24f466c4,CMA-CGM,Casablanca,Marseille,2026-08-15T01:44:54,2026-08-15T01:44:54,0.0,4065.3,Electronics
b5a193af-2054-43bf-9ecc-336a62197eb1,COSCO,Shenzhen,Hamburg,2026-04-08T12:24:36,2026-04-10T09:12:36,44.8,18767.4,Textiles
0ac883da-46c8-4c0a-bfab-2e359165b192,Comanav,Casablanca,Marseille,2026-04-14T10:24:59,2026-04-14T10:24:59,0.0,3722.9,Electronics
c8adc17b-a367-4563-a684-439a16a632f6,Evergreen,Shanghai,Rotterdam,2026-05-23T12:09:36,2026-05-23T12:09:36,0.0,6157.3,Automotive
1688ccdc-a730-4ca9-93cd-9349df572baf,Marsa Maroc,Agadir,Hamburg,2026-08-15T00:32:32,2026-08-15T00:32:32,0.0,2447.1,Chemicals
63516b98-977e-4cf3-bc28-581e51f764bf,Evergreen,Casablanca,Marseille,2026-08-23T08:47:48,2026-08-25T23:23:48,62.6,16414.4,Automotive
2ccea06f-4970-4fe6-8208-d9a1bb2d6c14,COSCO,Singapore,Felixstowe,2026-05-28T17:42:52,2026-05-28T17:42:52,0.0,4512.8,Automotive
4b6f17b3-42f4-4d44-8169-608aa806fcf6,COSCO,Tanger Med,Rotterdam,2026-08-08T17:01:19,2026-08-08T17:01:19,0.0,867.8,Textiles
621043bd-5b30-40c2-87cd-c962e0d87be8,MSC,Singapore,Felixstowe,2026-07-10T15:04:17,2026-07-10T15:04:17,0.0,24712.0,Automotive
302472e5-ae35-42ce-9132-ce0a89789e1a,MSC,Tanger Med,Barcelona,2026-08-24T02:54:58,2026-08-29T01:18:58,118.4,21744.7,Chemicals
174d6305-2b23-43bc-abdc-2eaa016334f6,Comanav,Shenzhen,Hamburg,2026-08-02T20:26:04,2026-08-02T20:26:04,0.0,6546.2,Chemicals
443d8d97-c282-49bf-9c93-44e6dcf0d6f4,Evergreen,Tanger Med,Rotterdam,2026-08-09T13:18:16,2026-08-09T13:18:16,0.0,9819.2,Textiles
3535d5d1-f606-4c31-90c2-d3a6fd7d1826,Evergreen,Singapore,Felixstowe,2026-04-06T22:15:51,2026-04-10T00:03:51,73.8,13635.9,Electronics
b3265528-1b3c-4279-a812-82896ba9c8cd,Maersk,Ningbo,New York,2026-06-30T09:09:42,2026-06-30T09:09:42,0.0,20761.7,Electronics
eac1bd17-2b00-4e03-9cb5-b62810c2062b,Evergreen,Agadir,Hamburg,2026-08-13T17:43:43,2026-08-13T17:43:43,0.0,24603.9,Electronics
ae300b8a-9a6c-4d78-88ec-3651e2d4a98a,COSCO,Ningbo,New York,2026-06-30T08:55:50,2026-06-30T08:55:50,0.0,15950.9,Electronics
42fe2c30-a130-4074-a6b0-171358ad24fc,CMA-CGM,Agadir,Hamburg,2026-06-07T23:44:42,2026-06-07T23:44:42,0.0,22167.7,Textiles
416cc942-937d-45d4-be37-3af22d631521,MSC,Busan,Los Angeles,2026-07-24T08:44:18,2026-07-24T08:44:18,0.0,15521.8,Electronics
c45b297e-def7-409f-b0f4-4ef950c56194,MSC,Ningbo,New York,2026-04-29T06:41:52,2026-04-29T06:41:52,0.0,16329.5,Electronics
da104eec-9a57-4ab7-8422-1a993ce88e75,Maersk,Ningbo,New York,2026-09-01T04:29:49,2026-09-01T04:29:49,0.0,14843.5,Food
e85f2140-822c-42ec-bafd-9d8d8c1e565d,COSCO,Casablanca,Marseille,2026-03-27T01:43:40,2026-03-27T01:43:40,0.0,11546.7,Automotive
eb74843b-f7ed-4955-b459-960a8832a2bf,Evergreen,Busan,Los Angeles,2026-04-05T10:16:35,2026-04-09T22:58:35,108.7,22122.4,Electronics
eba2edf3-6b00-4ade-a59f-b409050bac8b,CMA-CGM,Shanghai,Rotterdam,2026-04-03T03:39:12,2026-04-03T03:39:12,0.0,22725.5,Automotive
6a44d62d-47d5-40b1-bc0d-3fa596ab6fd6,Maersk,Tanger Med,Barcelona,2026-04-06T04:58:03,2026-04-06T04:58:03,0.0,11510.3,Textiles
5353ff42-e3d0-41c6-9d84-a7a2e0bde81e,Evergreen,Tanger Med,Barcelona,2026-08-15T17:22:51,2026-08-15T17:22:51,0.0,18308.4,Food
1f005de0-b0d3-45ff-873a-429c1e9a8fe5,COSCO,Casablanca,Marseille,2026-04-07T12:02:44,2026-04-07T12:02:44,0.0,1575.7,Automotive
78a1fb70-eeb9-4634-ae2c-5252129fa4fc,Evergreen,Shenzhen,Hamburg,2026-07-23T17:19:13,2026-07-28T02:31:13,105.2,4472.0,Automotive
a69197f8-09b1-473d-92c9-132816231205,Comanav,Casablanca,Marseille,2026-04-20T12:45:50,2026-04-20T12:45:50,0.0,10779.8,Textiles
4ec6b9e0-d3b0-41da-98e9-d9e0adb17eac,CMA-CGM,Busan,Los Angeles,2026-03-24T07:03:47,2026-03-24T07:03:47,0.0,3380.1,Automotive
73563c02-ba17-4167-9dcd-9e66c38b7325,Maersk,Agadir,Hamburg,2026-07-07T00:31:23,2026-07-07T00:31:23,0.0,6701.2,Chemicals
c05b18e2-7ad5-480d-ae25-2c6baeb53e9d,Comanav,Busan,Los Angeles,2026-04-17T11:16:41,2026-04-17T11:16:41,0.0,20282.6,Food
f48328bf-93c4-45a6-b7e0-c39831925b7b,MSC,Busan,Los Angeles,2026-08-07T13:00:50,2026-08-07T13:00:50,0.0,16657.0,Chemicals
9d0474d1-cfc4-485e-9c6e-f00625b55a6a,COSCO,Singapore,Felixstowe,2026-07-16T07:46:22,2026-07-16T07:46:22,0.0,15202.5,Automotive
49b1012c-62cc-4bf8-a2e2-a1e80242bf84,CMA-CGM,Ningbo,New York,2026-08-12T06:03:25,2026-08-12T06:03:25,0.0,14159.9,Automotive
90524e6d-7fa3-4f8c-a3b2-b6c254c82532,MSC,Tanger Med,Rotterdam,2026-03-20T23:30:43,2026-03-20T23:30:43,0.0,16505.3,Electronics
d48b5c16-6c72-4446-b729-46dd847dbde7,Comanav,Casablanca,Marseille,2026-06-20T16:54:01,2026-06-20T16:54:01,0.0,14663.3,Food
b0861cd8-9e88-4cc8-b45f-51e16dc21e47,CMA-CGM,Shanghai,Rotterdam,2026-06-30T08:14:05,2026-07-01T01:32:05,17.3,10715.4,Automotive
4a0784db-da53-4d1c-88d5-08c4951c700b,Marsa Maroc,Casablanca,Marseille,2026-07-15T13:34:48,2026-07-15T13:34:48,0.0,16692.7,Food
829fda3a-715d-4c1e-84b6-82a810f384cd,MSC,Ningbo,New York,2026-04-10T05:37:38,2026-04-14T02:31:38,92.9,9324.6,Electronics
99575003-7574-4bc7-8f1d-eec11ca865b6,Comanav,Tanger Med,Barcelona,2026-09-14T01:25:39,2026-09-14T01:25:39,0.0,9530.0,Chemicals
d46306e6-c648-4ced-b254-f7fddeceefda,Comanav,Tanger Med,Barcelona,2026-05-22T14:52:09,2026-05-22T14:52:09,0.0,13986.5,Textiles
c92d4f3b-0be0-4324-a3bc-a2057fe111ea,MSC,Busan,Los Angeles,2026-04-30T02:11:23,2026-04-30T02:11:23,0.0,21555.5,Textiles
f5391203-38ca-404a-9c1a-5ecf15ef07b5,COSCO,Ningbo,New York,2026-09-04T06:19:51,2026-09-04T06:19:51,0.0,17547.8,Food
f698fce9-c107-42aa-bf88-d7ff1a5b9728,Maersk,Tanger Med,Rotterdam,2026-05-27T02:06:49,2026-05-27T02:06:49,0.0,24494.1,Food
421b72fa-797d-4b4a-babd-cf8b5976f0a0,COSCO,Tanger Med,Barcelona,2026-04-12T00:40:06,2026-04-12T00:40:06,0.0,15317.1,Textiles
c846369d-47f2-445b-a1ab-29a3accb6763,Evergreen,Singapore,Felixstowe,2026-07-14T23:17:56,2026-07-16T15:17:56,40.0,14591.0,Food
30945231-5879-414d-8b82-3e7ced4c44b5,MSC,Shenzhen,Hamburg,2026-07-21T17:55:02,2026-07-21T17:55:02,0.0,12661.7,Chemicals
7f6a7a1f-a2ed-4294-b1c2-8c13874ec306,Comanav,Busan,Los Angeles,2026-04-14T14:48:31,2026-04-14T14:48:31,0.0,15430.4,Textiles
40d031cf-2fb2-4b19-92ec-7fa0cab38d83,Maersk,Agadir,Hamburg,2026-06-17T04:26:38,2026-06-17T04:26:38,0.0,11889.7,Electronics
63cc74fb-96e8-4c82-98a6-32ad47d5e2e3,Comanav,Agadir,Hamburg,2026-05-27T19:57:19,2026-05-27T19:57:19,0.0,10658.5,Electronics
47a61bbb-96d2-4bf8-b90c-72fb2248a7e4,CMA-CGM,Shenzhen,Hamburg,2026-08-14T15:37:03,2026-08-14T15:37:03,0.0,16118.8,Electronics
5224f208-9def-48dd-a913-21b46a263d9b,Marsa Maroc,Agadir,Hamburg,2026-03-11T04:42:12,2026-03-11T04:42:12,0.0,19859.8,Textiles
96f966d3-5d1c-418a-9f8d-97a3abc337ec,Evergreen,Shanghai,Rotterdam,2026-06-12T20:47:36,2026-06-12T20:47:36,0.0,19292.3,Electronics
1e32a891-2939-46af-8fc5-cfe852d6cc43,CMA-CGM,Shenzhen,Hamburg,2026-03-12T05:51:47,2026-03-12T05:51:47,0.0,14438.6,Electronics
6de80e29-c410-4ad4-ac8e-1696cc4172e3,MSC,Casablanca,Marseille,2026-05-10T01:35:58,2026-05-10T01:35:58,0.0,8779.5,Chemicals
d27aafe0-e6da-4eb6-85ce-8d06de524885,Comanav,Busan,Los Angeles,2026-06-15T03:03:52,2026-06-15T03:03:52,0.0,3826.0,Automotive
bb3a1dd4-77f4-4700-9d52-62e854095868,Comanav,Busan,Los Angeles,2026-06-28T23:56:45,2026-06-28T23:56:45,0.0,8710.2,Chemicals
7248d5b8-d0d3-4db1-8ff5-3e1cb6a72252,Comanav,Tanger Med,Rotterdam,2026-07-10T23:23:43,2026-07-10T23:23:43,0.0,14341.1,Textiles
356459f5-bbac-43b3-829b-4197bf9e97f9,Evergreen,Ningbo,New York,2026-07-15T07:46:31,2026-07-15T07:46:31,0.0,14646.2,Textiles
dc365e97-d7d2-4f7e-a422-f372a67f8601,Maersk,Shenzhen,Hamburg,2026-03-03T08:54:36,2026-03-05T03:12:36,42.3,1263.7,Chemicals
98f485b7-a696-45c1-96f4-71861ca1a0ba,Comanav,Ningbo,New York,2026-05-10T10:49:20,2026-05-10T10:49:20,0.0,15339.4,Automotive
9d639129-614d-4425-b6fc-5fba8e45a2b2,Comanav,Tanger Med,Barcelona,2026-04-25T15:12:02,2026-04-27T12:30:02,45.3,21516.6,Electronics
f1ebfb3a-18f7-4598-a89a-5453b1b4fbac,COSCO,Shanghai,Rotterdam,2026-08-03T15:34:51,2026-08-03T15:34:51,0.0,21987.7,Textiles
dc87f73f-332a-4219-8b16-88b7ce368a85,Comanav,Busan,Los Angeles,2026-03-28T00:34:59,2026-03-29T11:52:59,35.3,7906.8,Electronics
0c129f0d-139f-4168-85f9-d2310870f693,Comanav,Shenzhen,Hamburg,2026-04-25T02:22:03,2026-04-25T02:22:03,0.0,5451.4,Electronics
1a7adf29-731d-4671-907c-489a46a47012,Evergreen,Busan,Los Angeles,2026-03-12T21:44:41,2026-03-12T21:44:41,0.0,12325.2,Food
7809c691-c5bd-44fb-a022-d892226ff72f,MSC,Casablanca,Marseille,2026-04-05T15:14:36,2026-04-05T15:14:36,0.0,12345.1,Food
a50efb54-edda-40b2-969d-77d1dc36c4df,Comanav,Shanghai,Rotterdam,2026-05-23T13:11:01,2026-05-23T13:11:01,0.0,19352.3,Electronics
bdcf9206-7871-4ba7-87e0-e3761027b0fb,Marsa Maroc,Ningbo,New York,2026-07-25T02:23:09,2026-07-26T12:35:09,34.2,1395.5,Chemicals
3a97ae9e-6221-49c0-8ffa-4c7b253a35d5,Maersk,Ningbo,New York,2026-08-11T01:07:20,2026-08-11T01:07:20,0.0,23342.3,Food
c93e5696-d542-4233-a3ab-899d54ecf457,CMA-CGM,Tanger Med,Barcelona,2026-08-24T04:17:06,2026-08-24T04:17:06,0.0,1630.4,Food
d09b8c31-720d-49b6-ae6e-d9cd11b859e3,Maersk,Shanghai,Rotterdam,2026-07-11T09:22:51,2026-07-11T09:22:51,0.0,8147.5,Automotive
773b8baf-5e61-4114-a20a-0adf841b58d8,MSC,Shenzhen,Hamburg,2026-05-01T03:09:38,2026-05-01T03:09:38,0.0,7277.9,Textiles
6ef08e09-29cc-401e-bd14-be1eb095f581,Marsa Maroc,Busan,Los Angeles,2026-07-22T17:08:41,2026-07-22T17:08:41,0.0,4158.4,Textiles
735f31e8-5c47-46b0-aad2-ee58622bd6df,Maersk,Tanger Med,Barcelona,2026-06-30T00:40:14,2026-07-03T01:04:14,72.4,3008.2,Food
ebb4f66b-9608-4f6d-af92-acb19529ae93,Evergreen,Shenzhen,Hamburg,2026-07-04T23:28:03,2026-07-04T23:28:03,0.0,3968.1,Textiles
dc17bf94-c44e-4619-bbf2-8a678656e1db,MSC,Agadir,Hamburg,2026-04-02T23:51:25,2026-04-02T23:51:25,0.0,15524.9,Textiles
47abda38-85a6-4b84-af12-e16b645046a8,COSCO,Ningbo,New York,2026-03-21T10:20:59,2026-03-21T10:20:59,0.0,1210.3,Electronics
897367f5-51d0-4508-896a-cb7b2437acbb,COSCO,Tanger Med,Barcelona,2026-04-30T10:06:35,2026-04-30T10:06:35,0.0,10948.4,Automotive
2edbef54-b25d-4b2d-a2f4-52b854490748,Evergreen,Busan,Los Angeles,2026-05-01T03:09:59,2026-05-01T03:09:59,0.0,8642.1,Automotive
57a9b907-17ba-4a25-aac2-58b343ab9407,Maersk,Ningbo,New York,2026-03-20T07:49:12,2026-03-24T05:25:12,93.6,11909.5,Automotive
db095206-a64d-450d-975f-43a6f4f7e1a5,Comanav,Tanger Med,Barcelona,2026-04-01T16:23:41,2026-04-05T07:47:41,87.4,2882.9,Textiles
ea12889b-7f8a-4dec-a4e5-caec99390f99,COSCO,Busan,Los Angeles,2026-06-14T16:10:56,2026-06-14T16:10:56,0.0,5983.0,Food
2929e3d7-3811-4841-b02d-494768f068ca,CMA-CGM,Shanghai,Rotterdam,2026-08-20T02:06:44,2026-08-20T02:06:44,0.0,17640.6,Textiles
8f825379-ce88-4cae-977c-adbc1a236133,COSCO,Shenzhen,Hamburg,2026-08-12T16:06:14,2026-08-12T16:06:14,0.0,2101.4,Electronics
e3a4ac4c-863c-4c42-9252-742f7735b985,COSCO,Shenzhen,Hamburg,2026-09-05T14:41:42,2026-09-05T14:41:42,0.0,4684.6,Textiles
9cf2395b-d79b-4946-bd7c-d48b919bbde5,Evergreen,Casablanca,Marseille,2026-08-19T16:09:01,2026-08-19T16:09:01,0.0,20530.0,Electronics
767f92a6-ab8a-4ec7-8598-db990b5f35d8,Evergreen,Shenzhen,Hamburg,2026-08-08T20:28:20,2026-08-08T20:28:20,0.0,19914.6,Food
6288d282-99dc-45fd-a0d3-bf76efc89a0b,COSCO,Busan,Los Angeles,2026-06-15T02:05:58,2026-06-15T02:05:58,0.0,6345.1,Automotive
e79664c0-4426-47e9-8578-403000c59422,MSC,Ningbo,New York,2026-05-23T17:14:54,2026-05-25T22:44:54,53.5,8847.5,Food
f2e7f7dc-a466-47f3-93f7-f98ecee64411,Comanav,Singapore,Felixstowe,2026-04-14T04:51:21,2026-04-17T06:09:21,73.3,8883.9,Automotive
ad1c112f-f32b-4b3c-ae7e-b34894374353,Marsa Maroc,Casablanca,Marseille,2026-07-13T01:14:39,2026-07-13T01:14:39,0.0,18614.5,Food
2fca7c60-a2a9-41c1-9e3d-73ea940aae9a,Maersk,Busan,Los Angeles,2026-08-14T23:05:07,2026-08-14T23:05:07,0.0,11841.3,Food
734fa292-9ab8-4693-9227-852e503b06e9,Comanav,Tanger Med,Barcelona,2026-04-13T01:34:03,2026-04-13T01:34:03,0.0,8046.9,Chemicals
712ee2a4-5053-402a-a2a4-13dbfbb7b67a,Evergreen,Tanger Med,Barcelona,2026-06-19T00:02:54,2026-06-19T00:02:54,0.0,20444.6,Chemicals
5fad90c2-ad34-487e-9d1c-0012ee489f08,COSCO,Shenzhen,Hamburg,2026-09-05T23:44:45,2026-09-05T23:44:45,0.0,2006.3,Automotive
d98d1fa5-62d6-4ce3-9f35-7cc0706971dd,Evergreen,Casablanca,Marseille,2026-06-28T18:40:37,2026-07-02T03:22:37,80.7,504.5,Automotive
be5b8ff0-3da6-438e-96ad-0e7f32407f47,COSCO,Casablanca,Marseille,2026-03-18T15:19:13,2026-03-18T15:19:13,0.0,10054.6,Food
297bdc65-2a15-4e4b-baaa-8471007b5888,MSC,Busan,Los Angeles,2026-05-25T15:22:50,2026-05-25T15:22:50,0.0,21996.9,Textiles
f93fae3c-61c3-4ea9-8188-a0fcbaeb294c,COSCO,Shanghai,Rotterdam,2026-08-01T12:07:18,2026-08-01T12:07:18,0.0,22920.4,Electronics
ae3742f0-a050-4f49-9b74-7fa6fa854236,Evergreen,Tanger Med,Rotterdam,2026-03-22T06:36:17,2026-03-24T14:18:17,55.7,3625.1,Textiles
02e12687-2198-4e34-9e1d-216f2da7233b,CMA-CGM,Tanger Med,Rotterdam,2026-03-03T23:38:55,2026-03-08T20:08:55,116.5,520.7,Food
a979d762-fb7e-440e-b327-5b53aa9c64ae,Maersk,Shenzhen,Hamburg,2026-05-19T09:21:41,2026-05-19T09:21:41,0.0,21709.2,Automotive
83727572-1940-4d8e-9e3d-328caadc1d65,Marsa Maroc,Singapore,Felixstowe,2026-06-26T01:25:55,2026-06-26T01:25:55,0.0,15817.8,Chemicals
bf4b2392-9f13-4560-b154-ebf003ce55dc,COSCO,Singapore,Felixstowe,2026-05-22T00:50:36,2026-05-22T00:50:36,0.0,5674.8,Automotive
4a1c1b50-151b-4fad-9f76-c79b7fffed1d,MSC,Busan,Los Angeles,2026-04-23T07:07:15,2026-04-23T07:07:15,0.0,9922.6,Textiles
c5611829-35cf-45c3-a0dd-8f452df681bb,MSC,Singapore,Felixstowe,2026-06-08T05:36:51,2026-06-08T05:36:51,0.0,21882.0,Automotive
d8c696ab-ffbd-4b56-b021-aceff23e4d61,Maersk,Casablanca,Marseille,2026-06-21T09:50:34,2026-06-21T09:50:34,0.0,884.8,Chemicals
d063d8ca-6a88-4d11-852d-84d9dcb8791e,MSC,Singapore,Felixstowe,2026-07-06T10:19:19,2026-07-06T10:19:19,0.0,16235.0,Chemicals
d5cce8b8-79c5-4057-b66b-fedbe672ec91,Comanav,Busan,Los Angeles,2026-04-16T14:20:06,2026-04-16T14:20:06,0.0,23292.6,Food
51641178-0bc9-41f3-a70b-af85ea4ade6d,COSCO,Casablanca,Marseille,2026-03-04T00:02:52,2026-03-04T00:02:52,0.0,14025.2,Chemicals
73450a7b-89b3-4cfa-a8dc-5a0849bdfbb8,CMA-CGM,Singapore,Felixstowe,2026-09-10T03:58:02,2026-09-10T03:58:02,0.0,10906.9,Electronics
3fd70766-6fb4-463d-95a2-e2334abc2381,Comanav,Busan,Los Angeles,2026-08-15T05:59:44,2026-08-15T05:59:44,0.0,17947.2,Textiles
32635bb6-cc2b-48c5-badd-2dee203eacfb,Evergreen,Singapore,Felixstowe,2026-05-08T05:35:39,2026-05-08T05:35:39,0.0,1319.8,Electronics
90e76393-354d-4b64-b9b9-27e02d49ea63,Marsa Maroc,Busan,Los Angeles,2026-04-20T04:05:52,2026-04-20T04:05:52,0.0,14716.6,Electronics
c038e904-feda-4e1d-b746-1afee5f79a41,Marsa Maroc,Casablanca,Marseille,2026-07-26T15:47:24,2026-07-26T15:47:24,0.0,24597.7,Textiles
d2854581-2ed2-4efe-9ecd-bc60afa19dec,Evergreen,Busan,Los Angeles,2026-05-29T08:47:14,2026-05-29T08:47:14,0.0,22302.9,Electronics
7cdf92b7-16e8-4dbb-a22f-7c8ac61535e4,COSCO,Agadir,Hamburg,2026-09-11T06:46:58,2026-09-11T06:46:58,0.0,16761.6,Electronics
d9f821b5-01f5-43d3-a735-89cfa35c6715,Comanav,Ningbo,New York,2026-07-16T13:04:38,2026-07-16T13:04:38,0.0,15519.5,Textiles
28954227-95f7-4998-a4bc-1f83fe056bd4,Comanav,Ningbo,New York,2026-03-28T23:47:32,2026-03-28T23:47:32,0.0,11623.9,Chemicals
83cd79b1-9f6b-424e-a12b-099cfeb57718,COSCO,Shenzhen,Hamburg,2026-08-02T04:58:17,2026-08-02T04:58:17,0.0,24455.1,Textiles
9e1c7793-cd9b-4af7-9c78-4cab96b8c50b,MSC,Shanghai,Rotterdam,2026-03-17T10:17:08,2026-03-17T10:17:08,0.0,23110.2,Textiles
22addb27-60a0-423f-b339-b0c1ca819f1e,Maersk,Shanghai,Rotterdam,2026-08-17T09:51:40,2026-08-17T09:51:40,0.0,14664.5,Food
c9e99068-09f1-44ed-994c-6283911dde6a,Marsa Maroc,Tanger Med,Rotterdam,2026-03-08T06:41:01,2026-03-12T10:05:01,99.4,15795.8,Textiles
c39444a7-b3c9-4d32-bc63-386f99b8358a,Maersk,Busan,Los Angeles,2026-08-26T13:13:12,2026-08-26T13:13:12,0.0,2383.1,Textiles
7305199d-7673-447b-8e0e-45b728875e4a,MSC,Shanghai,Rotterdam,2026-03-31T05:43:55,2026-03-31T05:43:55,0.0,7242.8,Textiles
1a2093c6-4019-43c0-9363-438c2dd046c4,Marsa Maroc,Tanger Med,Rotterdam,2026-06-30T13:56:11,2026-06-30T13:56:11,0.0,4778.0,Food
a127fb6e-b886-42f9-b300-0c92c35b2ec1,Marsa Maroc,Casablanca,Marseille,2026-08-14T17:13:10,2026-08-14T17:13:10,0.0,20292.1,Textiles
bca09f56-eecc-48d0-8b47-c3aef6e18471,COSCO,Agadir,Hamburg,2026-08-05T01:29:40,2026-08-05T01:29:40,0.0,13421.0,Electronics
de910838-adf2-4d1a-9abd-96923d03fbcb,Maersk,Shenzhen,Hamburg,2026-08-10T05:11:23,2026-08-13T09:29:23,76.3,20632.2,Chemicals
b7c7cdff-8d26-4a18-b570-c799e3c4cd63,Comanav,Singapore,Felixstowe,2026-06-21T10:28:38,2026-06-21T10:28:38,0.0,16686.3,Automotive
9d244852-4f5f-4d5c-8dec-a8773c485ba3,Evergreen,Agadir,Hamburg,2026-04-14T17:29:37,2026-04-14T17:29:37,0.0,8954.4,Textiles
18d1c957-4eef-475e-a010-b900c851a1b3,Maersk,Tanger Med,Barcelona,2026-08-05T07:10:29,2026-08-05T07:10:29,0.0,10269.2,Textiles
eaf4dd30-56e0-4ccf-9c09-e00b64b3569e,Marsa Maroc,Busan,Los Angeles,2026-03-09T02:23:49,2026-03-13T17:59:49,111.6,6224.7,Chemicals
ccdc66f6-54ef-4d14-8f09-30e979f165a1,CMA-CGM,Busan,Los Angeles,2026-07-05T03:03:31,2026-07-05T03:03:31,0.0,21821.8,Electronics
2cb49616-c88d-4e7c-8945-c2d97bfd4552,Comanav,Shanghai,Rotterdam,2026-05-06T17:58:26,2026-05-06T17:58:26,0.0,17123.1,Food
b87cde19-57b1-4fec-adf9-821aa71e3a49,Maersk,Tanger Med,Rotterdam,2026-08-26T16:24:50,2026-08-30T01:12:50,80.8,23926.5,Chemicals
2806b59b-7793-46c0-b7b1-1390112bdee9,CMA-CGM,Shanghai,Rotterdam,2026-07-19T12:42:41,2026-07-19T12:42:41,0.0,20156.8,Textiles
520defe1-9508-42f0-a85d-fa09451093e0,COSCO,Singapore,Felixstowe,2026-04-04T05:25:48,2026-04-04T05:25:48,0.0,18852.7,Food
e7bc7882-4b58-42ee-9ba6-296d8d8295fb,Evergreen,Agadir,Hamburg,2026-08-17T14:26:55,2026-08-17T14:26:55,0.0,17411.8,Automotive
cc81cc93-a3ad-4c13-8366-7188c350cdbf,Evergreen,Shenzhen,Hamburg,2026-04-11T02:42:57,2026-04-11T02:42:57,0.0,707.7,Electronics
65df3845-5771-4063-b765-1489adb78dd4,COSCO,Tanger Med,Rotterdam,2026-06-03T11:52:26,2026-06-03T11:52:26,0.0,3045.7,Chemicals
ecfda0b5-058d-4cb9-9bc0-69cb866ff6d1,MSC,Shenzhen,Hamburg,2026-08-17T04:47:58,2026-08-17T04:47:58,0.0,6671.5,Electronics
189173ee-cd95-4fa5-b11c-80111f017ae1,Evergreen,Tanger Med,Rotterdam,2026-08-03T12:27:46,2026-08-03T12:27:46,0.0,23493.4,Automotive
b8e68431-97dc-488a-877e-f4bc0edd5ea4,Marsa Maroc,Tanger Med,Barcelona,2026-03-31T13:02:38,2026-04-01T10:20:38,21.3,15314.8,Chemicals
fadd003d-15d7-4c87-ba1d-1bb33d258b70,Maersk,Casablanca,Marseille,2026-08-01T16:48:46,2026-08-01T16:48:46,0.0,6706.7,Chemicals
503e840c-0de2-4bf0-9e3f-c024d250ca33,Marsa Maroc,Tanger Med,Barcelona,2026-06-29T11:58:06,2026-06-29T11:58:06,0.0,24883.6,Chemicals
e553ca67-e909-4f86-a1b0-6202ae9a9814,CMA-CGM,Shenzhen,Hamburg,2026-07-10T20:29:35,2026-07-10T20:29:35,0.0,2312.9,Electronics
4068fbd7-7bbf-4411-a306-18df7aea1f5f,COSCO,Singapore,Felixstowe,2026-05-26T01:12:04,2026-05-26T01:12:04,0.0,1971.4,Textiles
79b5662e-76cc-4170-aa73-b760bbc64fe9,COSCO,Casablanca,Marseille,2026-07-08T08:25:28,2026-07-08T08:25:28,0.0,24495.8,Automotive
e096c714-00c9-4d95-9ace-654eaeb34697,MSC,Singapore,Felixstowe,2026-05-05T07:06:37,2026-05-05T07:06:37,0.0,3156.5,Food
acd2992d-6b45-4678-a3c0-a06cb0908666,MSC,Singapore,Felixstowe,2026-03-30T15:54:26,2026-03-30T15:54:26,0.0,3103.1,Chemicals
f2a7bdfc-2041-4a9b-9ce0-8c019b7cf531,Maersk,Shanghai,Rotterdam,2026-04-14T06:48:19,2026-04-14T06:48:19,0.0,2225.1,Textiles
779dec20-3fb0-4929-b370-a68a4747f599,Maersk,Busan,Los Angeles,2026-05-15T07:18:48,2026-05-16T11:24:48,28.1,16188.2,Electronics
6ff637aa-1e0e-447a-883e-996c5f92a814,CMA-CGM,Singapore,Felixstowe,2026-07-14T16:24:48,2026-07-14T16:24:48,0.0,8580.9,Chemicals
87c3ba3c-ab9d-4660-9496-c38bda3683c6,Evergreen,Tanger Med,Rotterdam,2026-07-15T08:29:12,2026-07-15T08:29:12,0.0,19389.3,Chemicals
3f6411ec-0d3a-4ee7-b4f3-62b4e74ea095,COSCO,Singapore,Felixstowe,2026-04-27T08:34:08,2026-05-01T08:52:08,96.3,19741.9,Food
c646eb2e-b4ef-4656-9bc1-8d60940ae019,Maersk,Agadir,Hamburg,2026-05-31T18:11:07,2026-05-31T18:11:07,0.0,17386.9,Chemicals
a3129b59-5d0e-4ea1-a902-b7fb062dab20,Evergreen,Tanger Med,Barcelona,2026-04-09T22:12:27,2026-04-09T22:12:27,0.0,24794.2,Textiles
62d5d84d-06fd-4246-bd30-00580be48c18,COSCO,Shanghai,Rotterdam,2026-04-26T20:57:32,2026-04-26T20:57:32,0.0,24926.9,Electronics
61919dca-414b-45ba-b365-f2ab7a186b24,Evergreen,Shenzhen,Hamburg,2026-06-08T09:47:48,2026-06-10T10:29:48,48.7,21108.9,Textiles
42dd022d-1798-4aae-b8bf-0a1ed3a39c00,MSC,Agadir,Hamburg,2026-05-16T14:42:23,2026-05-16T14:42:23,0.0,24204.1,Automotive
7e2424c4-3d2c-4378-93ed-11faea47b5cb,Marsa Maroc,Shanghai,Rotterdam,2026-05-07T09:07:41,2026-05-07T09:07:41,0.0,3115.8,Textiles
33a7d266-e6fb-4830-a185-b3c6bd681f99,Maersk,Busan,Los Angeles,2026-04-29T08:50:58,2026-05-01T20:08:58,59.3,5141.9,Electronics
903e716f-7032-4244-8107-595471825188,Maersk,Agadir,Hamburg,2026-03-30T06:20:36,2026-03-30T06:20:36,0.0,15027.2,Chemicals
fad262ca-53c5-48c2-a0d9-5fa0756ed1e9,Maersk,Singapore,Felixstowe,2026-05-08T19:07:17,2026-05-08T19:07:17,0.0,16263.5,Chemicals
9a5dad93-a857-408d-9b54-f5e7ff994ed9,Comanav,Ningbo,New York,2026-09-08T21:30:16,2026-09-13T17:54:16,116.4,902.2,Textiles
5e912413-b072-4dac-94e7-ec1d1efbd954,CMA-CGM,Tanger Med,Rotterdam,2026-08-28T04:21:21,2026-08-28T04:21:21,0.0,1549.0,Electronics
e3331d77-c657-4aa2-961e-51fedcc6415a,Comanav,Agadir,Hamburg,2026-08-22T08:06:00,2026-08-22T08:06:00,0.0,13316.4,Food
0f079548-7f83-40b8-bb75-3f73fbeb279d,Marsa Maroc,Casablanca,Marseille,2026-07-04T12:31:08,2026-07-04T12:31:08,0.0,23158.0,Electronics
e1163d54-7955-413e-bf33-f8345241f639,COSCO,Casablanca,Marseille,2026-07-01T18:37:41,2026-07-01T18:37:41,0.0,12044.9,Food
93366918-046d-4486-9e49-0656ced27b93,MSC,Tanger Med,Rotterdam,2026-04-28T15:01:29,2026-04-28T15:01:29,0.0,3698.2,Automotive
d81e825a-4741-4ce8-ac2d-d3b25518edf7,CMA-CGM,Tanger Med,Rotterdam,2026-08-18T18:53:11,2026-08-18T18:53:11,0.0,2883.7,Food
83e31bfa-904c-4290-ba39-6ac2995cf99b,Comanav,Casablanca,Marseille,2026-03-27T12:28:26,2026-03-27T12:28:26,0.0,20536.1,Electronics
12a29e8a-2602-4232-a2d5-271dcff4e245,COSCO,Tanger Med,Barcelona,2026-08-30T02:39:40,2026-08-30T02:39:40,0.0,15582.9,Electronics
345032ee-17b6-4d62-9b3d-9ad438a3f197,COSCO,Agadir,Hamburg,2026-08-19T17:40:40,2026-08-19T17:40:40,0.0,20979.5,Chemicals
b69af6f1-02ff-4d17-90c5-e5bee302270a,Maersk,Shenzhen,Hamburg,2026-06-26T14:29:27,2026-06-29T16:41:27,74.2,3864.6,Automotive
d13a9882-9d0e-4af8-a611-2d182b40a946,Evergreen,Tanger Med,Rotterdam,2026-06-15T16:08:38,2026-06-15T16:08:38,0.0,2048.9,Textiles
759c62e9-2a7b-46b2-95ce-f4998d34fa53,Comanav,Casablanca,Marseille,2026-03-22T19:33:43,2026-03-22T19:33:43,0.0,17559.2,Food
7c9361cb-dee5-4e7d-ac61-756075616b50,COSCO,Casablanca,Marseille,2026-07-15T16:20:21,2026-07-15T16:20:21,0.0,14758.7,Automotive
032a153e-369e-44a8-b40e-66ab5e71277c,Comanav,Tanger Med,Barcelona,2026-09-14T00:43:21,2026-09-17T06:49:21,78.1,19552.7,Electronics
d9d72533-7c03-4b87-8ead-a1ddbb9ef766,Maersk,Busan,Los Angeles,2026-03-29T19:30:25,2026-03-29T19:30:25,0.0,4895.6,Electronics
6e53e534-d55c-45ce-a9d9-56d52de96633,COSCO,Shanghai,Rotterdam,2026-06-29T13:12:39,2026-06-29T13:12:39,0.0,19909.9,Chemicals
83591854-c410-43d6-8c9d-017045804995,MSC,Casablanca,Marseille,2026-08-27T07:45:06,2026-08-27T07:45:06,0.0,7138.3,Chemicals
374558ea-7471-4672-90bd-ccd956ec2abe,MSC,Singapore,Felixstowe,2026-08-23T12:08:33,2026-08-26T18:02:33,77.9,1421.7,Automotive
9752a052-6531-4823-a6f2-b5feaaa93c24,Evergreen,Busan,Los Angeles,2026-03-15T14:31:29,2026-03-18T22:13:29,79.7,19673.3,Textiles
14beaabe-6547-421a-9f6e-c2fa52ea2ab1,Maersk,Singapore,Felixstowe,2026-03-23T02:15:13,2026-03-23T02:15:13,0.0,5201.6,Food
4cfd7f93-1f7a-499e-9037-f9ae4e041971,Evergreen,Tanger Med,Barcelona,2026-07-22T04:53:00,2026-07-22T04:53:00,0.0,19147.6,Food
6179af41-69f7-481e-b2ca-6bf64882c190,MSC,Ningbo,New York,2026-06-20T11:45:06,2026-06-20T11:45:06,0.0,15848.4,Automotive
cd045f0c-f412-413f-95a5-15817896ebf8,Maersk,Shanghai,Rotterdam,2026-03-30T19:11:05,2026-03-30T19:11:05,0.0,20017.0,Chemicals
355f89d3-a3b1-4dbb-b683-c5f078a428f0,MSC,Busan,Los Angeles,2026-04-05T01:37:27,2026-04-05T01:37:27,0.0,23105.5,Electronics
f09299a1-1510-40e0-b553-526e6eb976f8,CMA-CGM,Shenzhen,Hamburg,2026-09-13T22:12:52,2026-09-13T22:12:52,0.0,6658.9,Food
59a54999-5637-46e2-ab8d-a4020a0edece,Maersk,Busan,Los Angeles,2026-07-28T07:38:11,2026-07-28T07:38:11,0.0,1785.2,Food
e51d149a-0dfe-41b9-8659-422d1d3b4358,MSC,Casablanca,Marseille,2026-08-27T16:47:06,2026-08-27T16:47:06,0.0,12384.0,Electronics
6b05b1c5-2c5a-4741-98af-5df1caa96607,MSC,Tanger Med,Barcelona,2026-03-16T22:21:33,2026-03-16T22:21:33,0.0,15021.3,Textiles
90b15e82-3e92-4e2a-8348-d11d503044be,MSC,Singapore,Felixstowe,2026-08-22T15:49:18,2026-08-22T15:49:18,0.0,22510.1,Automotive
28a5447f-f2cb-4d30-95ec-a85259065495,CMA-CGM,Tanger Med,Barcelona,2026-05-13T02:31:08,2026-05-13T02:31:08,0.0,6309.4,Chemicals
7479a54c-6c19-49aa-8478-d544f1352030,COSCO,Agadir,Hamburg,2026-07-03T20:50:47,2026-07-04T16:44:47,19.9,14834.8,Electronics
03855e69-5384-417d-8d6c-6d9466995a66,MSC,Singapore,Felixstowe,2026-09-01T17:11:01,2026-09-01T17:11:01,0.0,15431.1,Automotive
59cad3a9-26d4-414d-a1de-7f6e3e5f5511,CMA-CGM,Singapore,Felixstowe,2026-09-11T17:04:55,2026-09-11T17:04:55,0.0,18135.6,Textiles
0440f743-83fe-4725-beac-d6fe1d438dae,MSC,Shanghai,Rotterdam,2026-04-28T14:07:37,2026-04-28T14:07:37,0.0,1286.3,Food
d211fa4f-de08-4085-b336-b7951425682e,CMA-CGM,Tanger Med,Rotterdam,2026-03-25T00:42:16,2026-03-25T00:42:16,0.0,21365.5,Chemicals
775fd11b-dcf6-4547-ba36-d0bd9b39ffe0,MSC,Singapore,Felixstowe,2026-08-22T23:10:47,2026-08-22T23:10:47,0.0,5886.4,Textiles
676c6465-5c5d-4f21-bcf0-d3bd23221a50,Comanav,Casablanca,Marseille,2026-04-10T04:42:26,2026-04-14T23:36:26,114.9,22686.7,Food
24a7cba2-aab7-4cce-96b9-15d57d8c208e,Comanav,Ningbo,New York,2026-07-12T09:04:19,2026-07-12T09:04:19,0.0,10586.6,Food
5e1b8baa-5787-48c4-a9e1-b131d4f12953,Comanav,Busan,Los Angeles,2026-04-02T18:00:16,2026-04-05T21:54:16,75.9,21006.2,Textiles
0709daf1-15bf-49de-9336-89bb541da5df,Marsa Maroc,Tanger Med,Rotterdam,2026-09-12T22:44:15,2026-09-12T22:44:15,0.0,21878.7,Automotive
d5405afc-3cdd-4423-939b-73b23d3e7549,COSCO,Shenzhen,Hamburg,2026-05-07T00:21:56,2026-05-07T00:21:56,0.0,22349.7,Food
90131984-5285-4797-9a1c-8d091302d964,Evergreen,Casablanca,Marseille,2026-03-16T04:49:51,2026-03-18T13:55:51,57.1,1583.5,Chemicals
e1bbe02d-4f0b-4c5b-91cf-488a7dc07029,Maersk,Ningbo,New York,2026-06-05T05:08:19,2026-06-05T05:08:19,0.0,10160.8,Electronics
56d6ac12-2e26-47c8-aae6-3a157f5b6033,COSCO,Busan,Los Angeles,2026-08-18T00:12:10,2026-08-18T00:12:10,0.0,14182.9,Electronics
cdc7c1a0-aae4-48a7-ac1d-559b145b524f,MSC,Singapore,Felixstowe,2026-08-18T15:42:28,2026-08-18T15:42:28,0.0,7746.9,Electronics
18c6e6a4-2522-4972-8765-d4a64553fabe,COSCO,Tanger Med,Rotterdam,2026-05-01T15:37:18,2026-05-01T15:37:18,0.0,4464.2,Chemicals
958f9f63-4341-4e62-965f-021718abc45f,COSCO,Tanger Med,Rotterdam,2026-07-20T07:46:29,2026-07-20T07:46:29,0.0,3896.3,Chemicals
51be9662-52d8-4f0b-8fd0-03e2e162d022,Comanav,Casablanca,Marseille,2026-07-23T19:13:56,2026-07-27T02:55:56,79.7,17745.6,Electronics
79f135ec-4b77-455e-aced-2d4c6b7b41a3,COSCO,Tanger Med,Barcelona,2026-06-18T20:45:33,2026-06-20T20:45:33,48.0,1301.5,Chemicals
c2526cf6-460a-4d48-b9b3-8030b7574e15,Marsa Maroc,Shanghai,Rotterdam,2026-07-29T10:59:02,2026-08-01T09:35:02,70.6,19964.7,Electronics
65192350-476b-4058-a437-ef2771e15c8c,Marsa Maroc,Shenzhen,Hamburg,2026-08-06T18:00:24,2026-08-09T13:36:24,67.6,22795.1,Textiles
7d9f765e-ea95-4ff9-8274-3a644bb32326,Maersk,Tanger Med,Rotterdam,2026-07-10T09:48:37,2026-07-10T09:48:37,0.0,11901.1,Electronics
48097d04-d8e9-4e40-b95a-60069f14217a,CMA-CGM,Shenzhen,Hamburg,2026-03-21T08:04:55,2026-03-21T08:04:55,0.0,14190.4,Electronics
2153291b-ed52-4af6-8f97-2abd1bcacf51,Marsa Maroc,Ningbo,New York,2026-07-08T23:09:28,2026-07-08T23:09:28,0.0,3890.9,Textiles
d2c399d7-1a63-4344-accd-22fb6ea8d146,Evergreen,Agadir,Hamburg,2026-03-26T14:20:34,2026-03-26T14:20:34,0.0,12223.1,Food
7bbdebed-dcc6-4ba6-bcab-07e76e3dc446,Comanav,Agadir,Hamburg,2026-07-07T00:56:26,2026-07-07T00:56:26,0.0,6023.2,Textiles
23927d2c-0a4e-46ea-99df-599e2889c3a0,Evergreen,Shanghai,Rotterdam,2026-04-06T16:51:33,2026-04-06T16:51:33,0.0,7290.1,Electronics
5507dbec-fe40-4c78-97e8-42548ea86476,CMA-CGM,Shenzhen,Hamburg,2026-07-29T03:02:22,2026-07-29T03:02:22,0.0,12785.5,Electronics
59965e55-c083-471c-92ea-283db4b5d519,Marsa Maroc,Busan,Los Angeles,2026-06-19T08:26:30,2026-06-19T08:26:30,0.0,20721.8,Textiles
abbc3d79-730f-40ad-a38b-22878ddfcb6c,Evergreen,Busan,Los Angeles,2026-06-06T20:46:15,2026-06-06T20:46:15,0.0,16996.0,Electronics
9c44e21e-3cba-4d7c-9776-7f0704a2cdd0,COSCO,Agadir,Hamburg,2026-04-28T09:34:51,2026-04-28T09:34:51,0.0,10071.7,Automotive
7ef41cee-ab5b-4693-bfca-69922a407588,Maersk,Shanghai,Rotterdam,2026-07-08T11:09:33,2026-07-08T11:09:33,0.0,7260.6,Automotive
4d5c0ccb-3b84-4d1f-a673-c6386eb2b95a,MSC,Busan,Los Angeles,2026-04-01T15:39:12,2026-04-04T11:51:12,68.2,15868.3,Textiles
426a4fbf-1369-40ff-843c-5ab0ade26530,Marsa Maroc,Singapore,Felixstowe,2026-04-24T22:12:28,2026-04-24T22:12:28,0.0,3734.7,Textiles
ed95232a-f899-40fd-9423-66b856e5c641,COSCO,Singapore,Felixstowe,2026-07-14T20:33:57,2026-07-14T20:33:57,0.0,1026.3,Automotive
b832cfc5-c346-47e6-a5d9-fc8bd2e7a79d,Maersk,Tanger Med,Barcelona,2026-06-29T11:34:09,2026-06-29T11:34:09,0.0,6192.0,Food
93997ec5-a4bc-4944-8bd2-e89d3d247079,COSCO,Shenzhen,Hamburg,2026-07-31T05:18:47,2026-07-31T05:18:47,0.0,16566.1,Textiles
c8237b73-9e5a-4e76-886f-05bd0247fb2a,Evergreen,Busan,Los Angeles,2026-04-20T01:54:59,2026-04-20T01:54:59,0.0,13489.1,Food
ff63580a-e20c-4815-9ada-c50edb8aa6af,COSCO,Busan,Los Angeles,2026-04-02T21:38:18,2026-04-02T21:38:18,0.0,3732.9,Textiles
a908c7ca-ea06-4b09-ae37-f33926ab3502,Comanav,Casablanca,Marseille,2026-06-29T05:30:44,2026-06-29T05:30:44,0.0,12364.0,Textiles
9bfc85eb-7206-4997-a0e1-a96c6f4ff07f,MSC,Tanger Med,Rotterdam,2026-07-25T06:54:20,2026-07-25T06:54:20,0.0,11670.2,Automotive
620cad3c-e493-4526-88ce-8e6001bc4181,Marsa Maroc,Casablanca,Marseille,2026-07-06T13:37:24,2026-07-06T13:37:24,0.0,4965.9,Automotive
aed70b0f-5ebc-43f0-ae1d-a470f2bfbe8f,MSC,Casablanca,Marseille,2026-04-19T15:07:27,2026-04-19T15:07:27,0.0,1508.2,Textiles
1cfb90f9-e3c3-49c4-ac7d-ef7901e0dc7c,COSCO,Casablanca,Marseille,2026-04-06T07:02:41,2026-04-06T07:02:41,0.0,5020.2,Food
b80cf0da-ee21-4892-bb66-1ff6c8ed9334,Marsa Maroc,Tanger Med,Rotterdam,2026-08-12T10:26:00,2026-08-12T10:26:00,0.0,8924.3,Textiles
1f07ea58-62da-4ade-b8ad-1f64d2e6f60e,Evergreen,Busan,Los Angeles,2026-09-14T11:27:22,2026-09-17T09:03:22,69.6,3476.5,Electronics
6daf0ddd-5888-49e4-93e5-8f08d2a4acff,COSCO,Singapore,Felixstowe,2026-07-19T12:28:56,2026-07-19T12:28:56,0.0,23720.8,Textiles
bc98eeac-a13c-4833-8e09-1b24cb9bf87e,Maersk,Casablanca,Marseille,2026-03-08T01:55:15,2026-03-11T00:55:15,71.0,12931.5,Textiles
f9bb96ea-ca38-4886-9a43-87515b21532e,CMA-CGM,Busan,Los Angeles,2026-07-19T19:39:18,2026-07-23T17:03:18,93.4,24854.6,Automotive
e85676cf-d530-4f94-b0e9-aa2ff40f533a,CMA-CGM,Busan,Los Angeles,2026-06-28T22:50:25,2026-06-28T22:50:25,0.0,18425.2,Electronics
c908a85c-6a4e-484f-9909-935c734185f1,Marsa Maroc,Casablanca,Marseille,2026-05-10T00:10:19,2026-05-10T00:10:19,0.0,8048.0,Chemicals
a54aed5e-bbc6-449f-b6a5-ad3a2882d55b,COSCO,Agadir,Hamburg,2026-05-23T04:25:13,2026-05-23T04:25:13,0.0,8496.0,Food
e3e8bcdf-7ecb-4057-885d-0fa8343a211a,Evergreen,Agadir,Hamburg,2026-07-11T17:10:34,2026-07-11T17:10:34,0.0,19641.4,Textiles
c38bd7bd-5f33-4d4e-9712-84d8679e2b7f,Maersk,Agadir,Hamburg,2026-09-05T20:22:24,2026-09-05T20:22:24,0.0,21311.6,Electronics
065baefc-243e-4d05-bd65-2342d079bf6f,COSCO,Ningbo,New York,2026-05-14T13:37:06,2026-05-14T13:37:06,0.0,8285.1,Food
43461ee3-e23b-484f-a6e1-679156f2d15f,Maersk,Ningbo,New York,2026-05-27T23:32:03,2026-05-30T02:32:03,51.0,4124.7,Chemicals
2409befd-efec-4a3a-8000-5e7e6f8d15a7,COSCO,Shenzhen,Hamburg,2026-04-23T10:12:07,2026-04-23T10:12:07,0.0,7473.9,Textiles
16872555-3a85-4055-93b0-5ac10b876470,COSCO,Shanghai,Rotterdam,2026-04-30T04:11:37,2026-05-01T01:41:37,21.5,18332.4,Chemicals
15689816-167b-4423-aef5-ac36716ff1aa,Comanav,Singapore,Felixstowe,2026-03-30T23:13:50,2026-03-30T23:13:50,0.0,4512.9,Chemicals
46a58f66-1026-4a3f-a8ee-1013e787625c,MSC,Singapore,Felixstowe,2026-06-23T20:58:55,2026-06-27T01:34:55,76.6,4019.2,Textiles
d6f7594b-4010-4f0f-8c98-c220927b4a40,Comanav,Busan,Los Angeles,2026-04-09T06:42:00,2026-04-09T06:42:00,0.0,8717.7,Food
aaf2503c-1499-46ec-ab5c-2ea452efdac8,Maersk,Singapore,Felixstowe,2026-09-14T04:00:39,2026-09-14T04:00:39,0.0,16150.7,Textiles
5943d53f-b71b-4574-89f8-03e7b71668c2,MSC,Singapore,Felixstowe,2026-03-15T15:49:55,2026-03-15T15:49:55,0.0,17901.1,Automotive
1ec5bce6-b8ec-42b1-8583-dc955c949515,MSC,Agadir,Hamburg,2026-07-09T18:52:17,2026-07-11T14:10:17,43.3,12519.3,Textiles
bbbb1ef6-bfcc-44ad-8682-71464fc932e6,COSCO,Shanghai,Rotterdam,2026-04-20T21:27:56,2026-04-20T21:27:56,0.0,11854.6,Electronics
9dc5d4d2-7097-45ae-9fe5-1f456923044d,MSC,Tanger Med,Rotterdam,2026-07-25T07:17:01,2026-07-25T07:17:01,0.0,23922.7,Chemicals
72d1a13b-1e8a-4b4b-a1ae-ed4b65b529c1,Marsa Maroc,Tanger Med,Barcelona,2026-04-29T21:44:23,2026-04-29T21:44:23,0.0,7548.4,Automotive
27c318ad-d19d-461c-b793-3b9d6d41b016,Marsa Maroc,Busan,Los Angeles,2026-05-03T00:15:13,2026-05-03T00:15:13,0.0,1196.8,Textiles
128a16f6-96e3-4758-b1ec-df294edd4b53,Maersk,Busan,Los Angeles,2026-05-10T05:36:23,2026-05-10T05:36:23,0.0,9363.1,Chemicals
33a245ba-5988-4c63-b6bf-15c95618e467,Comanav,Singapore,Felixstowe,2026-05-04T06:56:12,2026-05-04T06:56:12,0.0,17304.9,Electronics
109c8062-8f0e-4fc7-a67a-adbf5ab2b16e,Evergreen,Shenzhen,Hamburg,2026-08-17T23:24:42,2026-08-17T23:24:42,0.0,929.9,Textiles
b1bf1bee-d10e-4609-8d2d-31644451bdb5,Evergreen,Casablanca,Marseille,2026-03-17T23:14:34,2026-03-17T23:14:34,0.0,8332.2,Automotive
fa59b5e0-8f18-42d0-b038-f74ae96c8ed4,MSC,Shenzhen,Hamburg,2026-08-07T13:28:47,2026-08-07T13:28:47,0.0,9348.5,Textiles
70cf6410-8835-4255-a875-99aeccdfe898,CMA-CGM,Tanger Med,Rotterdam,2026-07-20T11:30:59,2026-07-20T11:30:59,0.0,16154.2,Electronics
c6156ae6-d0de-4e2e-b4d2-9895f9ececb9,MSC,Ningbo,New York,2026-06-01T05:56:30,2026-06-01T05:56:30,0.0,4989.6,Electronics
41d06bef-513b-4d7a-b0e6-211ad685cf87,Evergreen,Casablanca,Marseille,2026-08-20T12:13:55,2026-08-20T12:13:55,0.0,8247.2,Textiles
e686e925-f01a-4eeb-b62e-b0bb0b11fefa,Marsa Maroc,Shanghai,Rotterdam,2026-06-19T15:43:14,2026-06-19T15:43:14,0.0,9381.8,Food
3d7d08d9-b508-4883-b5f5-94b902c1cf8f,Comanav,Shenzhen,Hamburg,2026-08-22T08:18:42,2026-08-22T08:18:42,0.0,3855.3,Textiles
c5f7c826-de72-4872-86dc-b8534836a779,Comanav,Shenzhen,Hamburg,2026-05-30T21:03:55,2026-05-30T21:03:55,0.0,8837.7,Automotive
35eda7b3-84c9-46fc-bb06-56f02f5cb243,MSC,Tanger Med,Barcelona,2026-06-01T21:12:43,2026-06-01T21:12:43,0.0,5917.3,Automotive
dba877f5-f147-4447-b8bc-6f0a65ded569,Evergreen,Ningbo,New York,2026-06-29T04:26:59,2026-06-29T04:26:59,0.0,23836.1,Food
ed90842e-82cc-4a34-81ef-0ed5db3a899e,Marsa Maroc,Ningbo,New York,2026-08-30T03:32:32,2026-08-30T03:32:32,0.0,3292.2,Chemicals
988cc4a8-1a5d-455c-b2b4-a7f491fe1c8d,Maersk,Tanger Med,Barcelona,2026-05-15T08:21:42,2026-05-15T08:21:42,0.0,23123.5,Chemicals
d90993ae-494c-4843-96b1-4a4fba12f38f,CMA-CGM,Shenzhen,Hamburg,2026-07-21T20:31:34,2026-07-21T20:31:34,0.0,3905.8,Chemicals
040586d1-0bbb-46d7-bf3e-94c5e81519cc,Comanav,Ningbo,New York,2026-08-19T02:39:55,2026-08-20T09:15:55,30.6,7964.8,Electronics
4b91f312-13f6-4837-88e9-6c166cc68e9d,MSC,Agadir,Hamburg,2026-08-27T07:10:09,2026-08-28T10:34:09,27.4,6051.1,Automotive
82b3e47f-db1d-4aee-8643-55ae78661342,MSC,Agadir,Hamburg,2026-06-18T10:18:10,2026-06-20T20:12:10,57.9,19194.1,Electronics
709c1cc1-802e-4e4b-8e77-66529f48ecdf,Maersk,Tanger Med,Barcelona,2026-07-27T07:18:32,2026-07-27T07:18:32,0.0,19054.7,Electronics
cffaee5f-cc7f-4813-9eae-1f9cf19e7a0b,Maersk,Agadir,Hamburg,2026-09-12T07:25:48,2026-09-12T07:25:48,0.0,16664.8,Food
20c3fab0-5777-4377-91fa-649d72f943b1,COSCO,Tanger Med,Rotterdam,2026-08-10T14:12:06,2026-08-10T14:12:06,0.0,6698.8,Electronics
1bafd4c2-ad77-40ae-82b0-444cda7c92b9,Marsa Maroc,Shanghai,Rotterdam,2026-05-02T22:29:29,2026-05-02T22:29:29,0.0,2864.3,Electronics
eb1d4273-9143-43d5-a5e1-a3d5bc334650,Evergreen,Agadir,Hamburg,2026-05-17T13:19:03,2026-05-18T21:19:03,32.0,9112.6,Electronics
33c292fe-e067-448a-827c-fd27e44b1d0d,Comanav,Casablanca,Marseille,2026-04-23T17:58:04,2026-04-23T17:58:04,0.0,7295.7,Food
a567f93b-0adb-49ed-aadd-9a485ef44fe8,CMA-CGM,Shenzhen,Hamburg,2026-06-06T02:11:55,2026-06-06T02:11:55,0.0,12765.5,Food
9871cfb6-94fe-4e71-93ed-ef7e7ed9250a,Evergreen,Agadir,Hamburg,2026-03-21T06:21:03,2026-03-21T06:21:03,0.0,2928.1,Food
b24533bd-8865-4506-9788-6cd96b3f5969,Evergreen,Tanger Med,Rotterdam,2026-09-03T15:25:46,2026-09-03T15:25:46,0.0,5192.9,Textiles
4d1497d9-c401-4865-8f66-14a5bbefda96,Comanav,Casablanca,Marseille,2026-07-23T03:56:51,2026-07-23T03:56:51,0.0,24352.7,Electronics
0ff0a73a-a6ed-4aa2-8e1b-6c1a16da4df0,Evergreen,Agadir,Hamburg,2026-04-09T20:12:20,2026-04-12T11:30:20,63.3,17604.3,Automotive
aa5b82f4-ec05-411c-8044-e371d16c1e1f,Marsa Maroc,Busan,Los Angeles,2026-04-18T10:04:51,2026-04-19T17:34:51,31.5,9193.1,Chemicals
10234ed3-e98d-4cc5-a0e8-47ac7685e1a6,MSC,Singapore,Felixstowe,2026-06-19T16:58:47,2026-06-19T16:58:47,0.0,10485.7,Textiles
c40b5c7f-1681-45ce-a23b-fb49548035e7,COSCO,Tanger Med,Barcelona,2026-04-02T13:46:22,2026-04-02T13:46:22,0.0,3829.9,Textiles
64f1618f-45cb-40b4-8019-16591ebdf668,Evergreen,Shanghai,Rotterdam,2026-05-02T06:13:09,2026-05-02T06:13:09,0.0,2515.1,Chemicals
15aeabc3-2391-44a9-970a-b0358b6f4c29,COSCO,Tanger Med,Barcelona,2026-06-14T22:35:57,2026-06-14T22:35:57,0.0,15209.5,Textiles
4602f9ab-4ec9-48fd-8d6e-1115794fa60d,MSC,Busan,Los Angeles,2026-08-22T11:57:31,2026-08-22T11:57:31,0.0,7619.4,Chemicals
c9f9de3d-fc73-4c51-ab83-90efad9d9d9e,Comanav,Agadir,Hamburg,2026-04-27T05:23:20,2026-04-27T05:23:20,0.0,21105.9,Chemicals
d41d58a6-dd0b-40c2-8f3a-3040a0353201,MSC,Shenzhen,Hamburg,2026-08-17T21:32:23,2026-08-17T21:32:23,0.0,17016.9,Electronics
ab1d5476-61af-494a-ad29-569a75276d68,COSCO,Singapore,Felixstowe,2026-04-05T14:49:56,2026-04-05T14:49:56,0.0,17074.7,Electronics
75281174-cbf9-437f-b7ba-98f3496b23bb,COSCO,Casablanca,Marseille,2026-05-26T05:32:39,2026-05-26T05:32:39,0.0,14968.7,Electronics
13e81cfd-c88f-4334-b0f8-25962dbfc82a,Maersk,Casablanca,Marseille,2026-08-23T04:49:03,2026-08-23T04:49:03,0.0,5377.6,Automotive
073aa6b3-3c82-4795-8697-638e250d8caf,Maersk,Singapore,Felixstowe,2026-07-14T18:22:08,2026-07-14T18:22:08,0.0,10905.3,Chemicals
99f5a050-050f-48a3-a825-a3b583cf2c9f,Comanav,Shanghai,Rotterdam,2026-03-11T08:35:03,2026-03-11T08:35:03,0.0,14757.0,Textiles
530c08f0-e29d-4e33-8396-1d6114bf00a7,CMA-CGM,Singapore,Felixstowe,2026-08-09T03:07:10,2026-08-09T03:07:10,0.0,15277.6,Chemicals
b7dda869-0af3-4123-93eb-860705397598,Evergreen,Busan,Los Angeles,2026-03-21T16:23:24,2026-03-21T16:23:24,0.0,19316.0,Electronics
a282e73f-5e78-4b3c-9aba-acd79230ef42,CMA-CGM,Tanger Med,Barcelona,2026-08-01T23:13:07,2026-08-01T23:13:07,0.0,6155.1,Automotive
911503c4-9fc5-45c6-9e2a-240e9761efe0,Maersk,Tanger Med,Rotterdam,2026-09-11T23:02:43,2026-09-11T23:02:43,0.0,20842.7,Chemicals
770692ff-4ef8-4e1d-9e21-459ed786a996,MSC,Tanger Med,Rotterdam,2026-07-24T05:34:25,2026-07-24T05:34:25,0.0,17140.5,Automotive
ca539c5a-4b7e-4893-ad18-5d68ee54d798,Evergreen,Shanghai,Rotterdam,2026-05-31T13:36:39,2026-05-31T13:36:39,0.0,19124.2,Food
f9fdbe2d-a8a1-446e-b7ae-f1c678c478a2,Comanav,Busan,Los Angeles,2026-07-28T23:19:44,2026-07-28T23:19:44,0.0,7692.3,Chemicals
9c92874e-8631-4d87-ad3b-b5775f75936a,Evergreen,Busan,Los Angeles,2026-04-01T16:37:04,2026-04-01T16:37:04,0.0,8918.6,Food
790a02bc-71cd-40fe-94ae-47ffbf4cd630,Maersk,Ningbo,New York,2026-07-24T14:26:21,2026-07-25T05:50:21,15.4,11045.0,Electronics
0a5e54ab-b210-4e80-b26a-bcd85f872511,COSCO,Singapore,Felixstowe,2026-05-27T04:51:10,2026-05-27T04:51:10,0.0,9720.2,Chemicals
ac9b1c4c-7139-4665-9f13-af19ba181ab0,Maersk,Tanger Med,Rotterdam,2026-03-11T22:43:37,2026-03-11T22:43:37,0.0,16655.6,Textiles
aaa2922c-e311-46c8-96bc-f335064c0e5c,COSCO,Casablanca,Marseille,2026-07-02T18:21:29,2026-07-02T18:21:29,0.0,8155.3,Chemicals
c15647a9-652f-42ef-9b53-d2f651e19383,Comanav,Busan,Los Angeles,2026-04-08T11:31:17,2026-04-08T11:31:17,0.0,17038.1,Food
aa28c3db-0b4a-4128-9a6f-829107b107ca,Evergreen,Ningbo,New York,2026-07-09T05:07:57,2026-07-09T05:07:57,0.0,14275.3,Automotive
aa9b2f1a-2621-4910-9b36-74efa710f3a3,Maersk,Ningbo,New York,2026-04-26T17:16:41,2026-04-26T17:16:41,0.0,12619.9,Chemicals
49513524-472d-4cfc-ab8e-6d636438be19,Comanav,Shenzhen,Hamburg,2026-04-23T10:31:16,2026-04-25T09:07:16,46.6,1189.6,Electronics
0819aec3-54d9-478b-8843-482e71f8e7c6,Comanav,Casablanca,Marseille,2026-03-15T21:00:41,2026-03-15T21:00:41,0.0,20334.1,Food
8b222099-d4a3-4ab7-ab9e-a89a9f2bc712,Comanav,Tanger Med,Rotterdam,2026-06-20T09:54:35,2026-06-22T10:48:35,48.9,2885.1,Textiles
b4767876-69a5-4991-bf47-79967acd3e7b,COSCO,Shenzhen,Hamburg,2026-08-31T11:35:56,2026-08-31T11:35:56,0.0,16700.4,Automotive
69897c5f-b13c-4767-9da8-51dd054919e6,Marsa Maroc,Agadir,Hamburg,2026-04-23T21:38:29,2026-04-23T21:38:29,0.0,2581.1,Electronics
9eef613e-1f8f-4f66-a6e4-cd6823255774,Maersk,Shanghai,Rotterdam,2026-08-30T04:25:23,2026-08-30T04:25:23,0.0,982.9,Textiles
45e07ef8-f126-401f-a4c8-c35d3ecf5aaa,COSCO,Tanger Med,Rotterdam,2026-08-22T05:16:07,2026-08-22T05:16:07,0.0,10850.6,Food
a7234fa4-d62c-4d8d-a07b-dfa67299aa43,CMA-CGM,Singapore,Felixstowe,2026-03-03T00:56:40,2026-03-03T00:56:40,0.0,12007.6,Electronics
b84f8234-6068-4a85-b314-8725b606803d,COSCO,Shenzhen,Hamburg,2026-03-31T18:26:15,2026-03-31T18:26:15,0.0,8399.3,Electronics
bb2698bb-7ebc-4012-9896-e4de21ffc7cc,Maersk,Busan,Los Angeles,2026-03-08T09:07:44,2026-03-08T09:07:44,0.0,5544.8,Chemicals
c23f8106-0e59-4ebb-afa7-87b332198676,Comanav,Ningbo,New York,2026-06-08T09:23:02,2026-06-08T09:23:02,0.0,8818.7,Food
f09d2852-597a-4802-905d-aafb072c9aaf,CMA-CGM,Shanghai,Rotterdam,2026-05-23T18:02:52,2026-05-25T03:50:52,33.8,16068.4,Electronics
28bd3388-d0bd-4a6e-b395-6399cf81c411,MSC,Ningbo,New York,2026-04-28T01:37:25,2026-04-28T01:37:25,0.0,1664.5,Food
b5320114-f2f3-4b7e-ae94-1cd7344f52cc,Comanav,Singapore,Felixstowe,2026-08-12T09:01:13,2026-08-12T09:01:13,0.0,18700.8,Electronics
589bfbe4-e050-4dbe-8a88-89ee01d22a40,Evergreen,Tanger Med,Barcelona,2026-04-13T04:20:11,2026-04-13T04:20:11,0.0,2148.1,Food
04bd734e-32c6-40a3-9fb8-c899f0044298,COSCO,Busan,Los Angeles,2026-06-20T21:18:04,2026-06-20T21:18:04,0.0,19993.5,Textiles
c979a39e-1a6e-47f6-b1ef-c4b4f2d79d46,Comanav,Ningbo,New York,2026-06-01T06:58:02,2026-06-01T06:58:02,0.0,16754.7,Textiles
76f86beb-c726-4d10-8d64-bb6204610f7e,COSCO,Agadir,Hamburg,2026-06-25T22:55:57,2026-06-25T22:55:57,0.0,15811.6,Chemicals
dd515457-b8d1-421d-9c3f-665cf2331a69,MSC,Ningbo,New York,2026-04-17T07:42:32,2026-04-20T15:30:32,79.8,13147.5,Automotive
586fc320-8aa0-4c80-90ec-d3036f5d3acd,MSC,Busan,Los Angeles,2026-03-19T13:03:25,2026-03-19T13:03:25,0.0,20685.7,Chemicals
eb92e4dc-e38c-4fcd-a753-d59803446ca4,Marsa Maroc,Shanghai,Rotterdam,2026-06-01T14:25:02,2026-06-01T14:25:02,0.0,15553.3,Chemicals
5dfe90ad-e3dc-4bd5-9fe3-c6cf0a5b6862,Evergreen,Tanger Med,Rotterdam,2026-08-11T01:03:27,2026-08-11T01:03:27,0.0,11830.9,Automotive
db9b83ad-37bc-44c3-9566-57736ee63453,Marsa Maroc,Casablanca,Marseille,2026-08-25T12:36:27,2026-08-25T12:36:27,0.0,7856.8,Chemicals
77d61d67-a9c9-41d2-a20b-6e93cdbac9ee,CMA-CGM,Singapore,Felixstowe,2026-03-25T09:24:18,2026-03-29T23:48:18,110.4,16031.2,Chemicals
702f8c63-c337-4adb-a3e4-b43969b3ee49,Comanav,Shanghai,Rotterdam,2026-04-13T01:16:13,2026-04-13T01:16:13,0.0,4434.3,Food
52e21b9e-c132-46d6-8c85-958afe3a230e,COSCO,Agadir,Hamburg,2026-09-11T02:44:45,2026-09-11T02:44:45,0.0,4174.1,Electronics
44fece2a-041f-43e7-b2a9-4c954af892ac,Comanav,Agadir,Hamburg,2026-03-07T09:11:18,2026-03-09T23:17:18,62.1,14215.7,Chemicals
3e749205-fa9e-4b13-b60f-db2c7101d815,Marsa Maroc,Singapore,Felixstowe,2026-06-02T23:01:36,2026-06-04T08:49:36,33.8,7181.4,Electronics
0412f5f4-7bed-4faf-9af9-48c20f4de6c3,Comanav,Shanghai,Rotterdam,2026-04-25T18:13:59,2026-04-29T05:19:59,83.1,4811.6,Electronics
9df20b6a-694b-4ad0-adbb-465f28387a13,Comanav,Busan,Los Angeles,2026-06-22T02:51:06,2026-06-22T02:51:06,0.0,21559.8,Electronics
3ac26550-4f03-4ee0-912c-b559e5f84490,Evergreen,Shenzhen,Hamburg,2026-08-14T16:47:47,2026-08-14T16:47:47,0.0,2057.8,Chemicals
83a35769-a87e-4f3d-bdf1-19033ee876d7,Marsa Maroc,Shenzhen,Hamburg,2026-03-01T14:34:50,2026-03-01T14:34:50,0.0,2712.5,Automotive
a53c5eef-a177-4ee0-9e06-ae81a5ea7a0c,Maersk,Agadir,Hamburg,2026-07-16T00:29:01,2026-07-16T00:29:01,0.0,12756.1,Electronics
1048ccb7-a873-40d8-88be-ec204b0e22e0,Marsa Maroc,Ningbo,New York,2026-06-02T10:13:16,2026-06-02T10:13:16,0.0,23767.0,Food
deabdaa8-aa45-4917-aa8d-42a2f2892970,COSCO,Shanghai,Rotterdam,2026-08-09T18:41:29,2026-08-11T08:23:29,37.7,3495.8,Textiles
fd924c8a-00d6-45e3-bdbb-41a2d91ccada,Comanav,Shenzhen,Hamburg,2026-05-12T17:53:31,2026-05-12T17:53:31,0.0,10053.8,Automotive
4bbda99b-9f15-4adb-b564-04a19e2546b7,MSC,Singapore,Felixstowe,2026-04-03T05:58:47,2026-04-03T05:58:47,0.0,4791.3,Textiles
91a7b0a3-cb9b-4b57-8cd6-7d751dc1a8f1,COSCO,Busan,Los Angeles,2026-07-19T01:04:14,2026-07-19T01:04:14,0.0,14942.3,Chemicals
3fa3c012-e04e-40e4-bd10-67948c36a5b4,CMA-CGM,Ningbo,New York,2026-03-27T06:49:01,2026-03-27T06:49:01,0.0,3267.6,Food
ed3f3825-2888-43fd-b295-1815d2361c62,COSCO,Singapore,Felixstowe,2026-09-14T00:38:12,2026-09-14T00:38:12,0.0,24101.2,Automotive
9ec02c06-51b7-43ab-ba59-85f8f906004f,COSCO,Shenzhen,Hamburg,2026-09-14T03:23:07,2026-09-14T03:23:07,0.0,20623.5,Electronics
5554c306-9733-4e33-bc0c-9bdcfb38ab98,Comanav,Tanger Med,Rotterdam,2026-03-08T21:31:46,2026-03-08T21:31:46,0.0,20074.1,Electronics
bd72b002-901d-4040-b426-c117088ced3e,CMA-CGM,Agadir,Hamburg,2026-07-30T15:17:33,2026-07-30T15:17:33,0.0,8077.1,Textiles
f06746b3-c2dc-421a-9d06-35fcfdb9ddcb,Evergreen,Tanger Med,Barcelona,2026-08-30T13:58:35,2026-09-03T22:34:35,104.6,10017.5,Chemicals
98287b64-e2f8-430c-bf09-94c2ec4c74e4,CMA-CGM,Shanghai,Rotterdam,2026-03-17T21:46:12,2026-03-17T21:46:12,0.0,20656.3,Automotive
cfa1b10c-1c05-47d5-acb7-982d0f63563b,MSC,Shanghai,Rotterdam,2026-07-29T05:59:42,2026-07-30T11:17:42,29.3,11251.7,Textiles
10a21784-70d3-42e4-a99b-27765020b4ca,Comanav,Singapore,Felixstowe,2026-07-23T23:25:49,2026-07-23T23:25:49,0.0,21727.9,Chemicals
1eece7d5-0105-4c2b-b52c-fdf05199c293,Marsa Maroc,Busan,Los Angeles,2026-06-07T12:11:30,2026-06-07T12:11:30,0.0,21108.5,Chemicals
4f4d872c-4fa7-49c1-918a-9bdac0e1ad49,Comanav,Tanger Med,Barcelona,2026-03-07T07:23:18,2026-03-07T07:23:18,0.0,6893.8,Electronics
75baf167-eff1-422d-b6db-642ed5ad8b52,COSCO,Shenzhen,Hamburg,2026-07-17T16:21:22,2026-07-17T16:21:22,0.0,20429.0,Textiles
014c301e-d3ed-4067-8ea7-cb0d8a63ba93,Marsa Maroc,Busan,Los Angeles,2026-03-27T05:42:02,2026-03-27T05:42:02,0.0,1776.4,Automotive
4e616970-aa0f-4c7e-8814-2a3296036250,Comanav,Busan,Los Angeles,2026-07-12T21:47:31,2026-07-12T21:47:31,0.0,575.4,Automotive
8031481b-a9fd-4a21-8020-930fd42fe22e,CMA-CGM,Shanghai,Rotterdam,2026-06-02T15:27:23,2026-06-02T15:27:23,0.0,3215.3,Automotive
3b0de03c-890c-4275-ae94-4c6ec23d8a40,Marsa Maroc,Ningbo,New York,2026-04-10T06:13:02,2026-04-14T11:55:02,101.7,19197.5,Food
d89e087e-8f90-4653-a3fe-8fd824216a57,Comanav,Singapore,Felixstowe,2026-07-08T03:17:53,2026-07-10T16:05:53,60.8,21900.9,Automotive
9ff2a880-cea4-46ab-bfdc-3bb49cd58534,MSC,Shanghai,Rotterdam,2026-04-21T19:28:03,2026-04-21T19:28:03,0.0,20755.8,Textiles
465afd37-600f-4de3-8d92-27f384b7ca1b,Maersk,Agadir,Hamburg,2026-03-18T05:14:18,2026-03-18T05:14:18,0.0,4956.3,Chemicals
4c7f20ff-423a-4242-a150-f0c4b27d0353,Maersk,Agadir,Hamburg,2026-07-15T19:39:54,2026-07-20T11:21:54,111.7,16354.1,Automotive
da70a516-ccb9-439f-a806-6fbfb42b026a,COSCO,Tanger Med,Barcelona,2026-07-10T11:29:20,2026-07-10T11:29:20,0.0,17680.9,Automotive
4942e5b3-88f4-4c3e-8812-c520a6a699e0,COSCO,Tanger Med,Rotterdam,2026-05-07T23:56:56,2026-05-07T23:56:56,0.0,15209.6,Automotive
432829a2-9484-47a1-88ae-17f4062a5bbd,CMA-CGM,Tanger Med,Barcelona,2026-08-28T10:35:57,2026-08-28T10:35:57,0.0,14397.5,Electronics
4ef66a13-3b11-46f4-b041-c673d8af0aed,COSCO,Ningbo,New York,2026-09-02T20:14:01,2026-09-02T20:14:01,0.0,23243.0,Chemicals
81e01572-7c0f-4d8e-9f42-fe827e36a64f,MSC,Tanger Med,Barcelona,2026-05-10T18:57:14,2026-05-10T18:57:14,0.0,5168.3,Textiles
2583a4b6-8562-4852-91b9-47846fc8758d,Marsa Maroc,Shanghai,Rotterdam,2026-04-22T08:55:01,2026-04-22T08:55:01,0.0,3689.9,Automotive
242c4024-b7db-4fc3-ac48-efae3520f727,Comanav,Agadir,Hamburg,2026-03-25T12:08:22,2026-03-25T12:08:22,0.0,17091.1,Chemicals
5b2d1c89-4612-476b-babe-2678697adee7,COSCO,Casablanca,Marseille,2026-08-25T17:52:58,2026-08-26T08:58:58,15.1,24415.1,Automotive
d1c61a08-4c4f-4d65-947b-6a37bd37b418,MSC,Busan,Los Angeles,2026-03-15T08:42:50,2026-03-15T08:42:50,0.0,17264.5,Chemicals
40c7ffbf-6121-4f4f-a361-c42b650fcb9d,Maersk,Tanger Med,Barcelona,2026-06-22T23:04:58,2026-06-22T23:04:58,0.0,21850.4,Chemicals
0fe65e20-e393-457f-a851-5aff89b462f7,Marsa Maroc,Agadir,Hamburg,2026-05-18T06:57:51,2026-05-18T06:57:51,0.0,10870.6,Food
63eab687-d122-4856-bd82-ebe0ed4d7405,Maersk,Shanghai,Rotterdam,2026-03-18T00:18:14,2026-03-18T00:18:14,0.0,1939.4,Textiles
dc0fe3e4-ce45-42b3-98ec-7377e24e175d,COSCO,Agadir,Hamburg,2026-05-17T11:11:36,2026-05-22T10:47:36,119.6,23513.4,Food
6eb6cf1b-89d6-4522-9afa-6c9c4271ffcd,Maersk,Tanger Med,Rotterdam,2026-03-17T06:35:30,2026-03-17T06:35:30,0.0,15681.6,Textiles
ad13b061-667e-4f91-af90-d2f27729a678,Marsa Maroc,Singapore,Felixstowe,2026-07-01T13:33:58,2026-07-01T13:33:58,0.0,24217.4,Food
102a984f-77b7-4de7-a081-f0a8d5fb1568,Evergreen,Tanger Med,Rotterdam,2026-06-29T10:07:00,2026-06-29T10:07:00,0.0,4661.7,Chemicals
39761da5-7092-498f-b869-c39c7a7892dc,COSCO,Shenzhen,Hamburg,2026-08-02T15:43:01,2026-08-02T15:43:01,0.0,8274.3,Food
8ed7b930-3f53-4e3b-b346-7424ddb78d21,MSC,Singapore,Felixstowe,2026-08-31T20:24:20,2026-08-31T20:24:20,0.0,8175.1,Automotive
52a8b930-893c-4b03-938e-8609b6a5d6d1,Comanav,Busan,Los Angeles,2026-06-07T09:03:19,2026-06-09T03:21:19,42.3,9334.5,Chemicals
48904271-8aee-469c-ab56-4a926c69c0fe,CMA-CGM,Shanghai,Rotterdam,2026-03-15T05:19:49,2026-03-15T05:19:49,0.0,19158.3,Textiles
dd348b82-e0de-45e1-925d-77d82b92c50c,CMA-CGM,Ningbo,New York,2026-05-14T05:12:47,2026-05-14T05:12:47,0.0,4542.1,Chemicals
0b233426-5cc6-44e5-b1eb-9217f1b3966a,Evergreen,Casablanca,Marseille,2026-06-20T02:44:48,2026-06-23T13:44:48,83.0,20056.4,Electronics
0edf1460-526b-4f39-a26a-dc5553134d8e,MSC,Agadir,Hamburg,2026-07-17T15:14:25,2026-07-17T15:14:25,0.0,4987.0,Chemicals
402acd85-111e-426c-b681-f7230b956690,MSC,Shanghai,Rotterdam,2026-03-19T13:33:57,2026-03-19T13:33:57,0.0,11192.5,Chemicals
cb04bbe1-1e53-4042-8d10-cc94deb265ac,COSCO,Tanger Med,Rotterdam,2026-07-07T21:45:44,2026-07-07T21:45:44,0.0,17871.2,Chemicals
2be8a8b9-13ce-4b37-a4f9-fef49a77164d,COSCO,Busan,Los Angeles,2026-06-15T02:33:48,2026-06-15T02:33:48,0.0,18134.2,Automotive
834e24fd-bc75-4404-bad7-a503c07f53fe,CMA-CGM,Tanger Med,Barcelona,2026-04-18T08:11:28,2026-04-18T08:11:28,0.0,21770.2,Automotive
edd43ab1-eeeb-42cd-9eb6-b99a134a28ee,Marsa Maroc,Casablanca,Marseille,2026-07-21T22:11:14,2026-07-21T22:11:14,0.0,7183.4,Food
448f7ecf-56c1-4687-8f2c-3f09d112ddd1,Evergreen,Agadir,Hamburg,2026-08-17T16:40:55,2026-08-18T05:04:55,12.4,19287.8,Automotive
88c0ee9b-179a-44c0-bd9b-124f37fce751,Maersk,Singapore,Felixstowe,2026-08-03T08:28:23,2026-08-03T08:28:23,0.0,12703.7,Electronics
8d6076bf-1122-4aef-b331-bb6dedb4809d,Maersk,Shenzhen,Hamburg,2026-08-18T18:38:32,2026-08-18T18:38:32,0.0,24542.7,Electronics
60b3b306-976e-44e3-b00d-9536bde10e22,CMA-CGM,Singapore,Felixstowe,2026-07-29T03:47:25,2026-07-29T03:47:25,0.0,23804.9,Textiles
0d521f07-2a79-4c26-b56d-f5c7c7887817,Maersk,Casablanca,Marseille,2026-07-10T16:03:01,2026-07-10T16:03:01,0.0,20852.1,Chemicals
a0e3fddc-3854-4286-8465-d6c2440e179e,Marsa Maroc,Busan,Los Angeles,2026-05-12T13:15:45,2026-05-15T17:27:45,76.2,642.2,Electronics
232ac3c4-23db-4c3e-b0d6-f22421cb9ab9,CMA-CGM,Busan,Los Angeles,2026-09-09T16:56:57,2026-09-14T16:56:57,120.0,22718.5,Food
2915d02a-4f3a-4ee3-8797-1c7f4bbeb974,MSC,Casablanca,Marseille,2026-09-10T05:15:14,2026-09-14T07:51:14,98.6,7432.4,Electronics
1df19da2-d383-4aa2-8914-22bf0a2a4958,Evergreen,Tanger Med,Barcelona,2026-07-21T15:55:17,2026-07-23T21:07:17,53.2,10272.0,Automotive
6ef02298-7ad1-46bf-8f63-2a065dbcc327,Comanav,Agadir,Hamburg,2026-06-12T14:01:01,2026-06-13T11:37:01,21.6,21382.5,Automotive
04ff7102-15af-4735-9e29-a5b25693a4af,Comanav,Singapore,Felixstowe,2026-04-02T01:59:42,2026-04-02T01:59:42,0.0,16355.6,Automotive
43325409-48d6-4d2f-87ba-2981c8e3c39b,CMA-CGM,Tanger Med,Barcelona,2026-08-12T20:37:25,2026-08-12T20:37:25,0.0,11092.8,Textiles
1ef9c99d-77e1-430b-92b6-a7ea49f27bb2,CMA-CGM,Casablanca,Marseille,2026-03-31T15:39:10,2026-03-31T15:39:10,0.0,20885.3,Food
3ac62f5b-34b7-4440-941f-bfdf85cec9e9,COSCO,Agadir,Hamburg,2026-08-15T05:32:58,2026-08-15T05:32:58,0.0,10008.2,Textiles
ef3830c6-471b-45fc-9056-1adaf7f35826,Maersk,Singapore,Felixstowe,2026-05-10T01:58:34,2026-05-10T01:58:34,0.0,20369.4,Food
c7045cd0-1c3b-4131-80b2-607e4203a5ae,COSCO,Casablanca,Marseille,2026-06-23T02:06:05,2026-06-23T02:06:05,0.0,2777.2,Food
f703186a-66b5-49d5-ad65-251c4c8a1a91,COSCO,Shenzhen,Hamburg,2026-07-03T17:54:27,2026-07-03T17:54:27,0.0,16366.5,Automotive
1b4d6451-20ac-421d-8f68-4536849e7c23,Evergreen,Busan,Los Angeles,2026-04-09T20:16:54,2026-04-09T20:16:54,0.0,13354.6,Textiles
34215a6a-bd45-4b2a-a5f0-18b907617c7b,COSCO,Busan,Los Angeles,2026-04-01T02:17:46,2026-04-01T02:17:46,0.0,20137.8,Textiles
628bb403-5275-471f-80cc-fefe692ef512,MSC,Casablanca,Marseille,2026-07-06T08:26:06,2026-07-06T08:26:06,0.0,7860.0,Automotive
5092df08-aa57-4723-bd2c-ca32332a51b5,COSCO,Ningbo,New York,2026-06-23T19:33:50,2026-06-23T19:33:50,0.0,1669.3,Electronics
11af6039-1a7e-4da0-a488-483d1bb7c47f,Evergreen,Tanger Med,Rotterdam,2026-06-28T00:44:54,2026-06-28T00:44:54,0.0,10910.4,Electronics
f525ff49-de68-4c5f-9a33-62d2f0cad91f,Marsa Maroc,Busan,Los Angeles,2026-08-21T04:14:10,2026-08-21T04:14:10,0.0,20414.2,Textiles
e00cdc3a-abc8-41d7-ae55-f26f85fb7281,Evergreen,Shanghai,Rotterdam,2026-08-13T11:41:22,2026-08-13T11:41:22,0.0,12834.4,Electronics
4e950842-84af-4cdc-b2f5-73dae4124679,MSC,Busan,Los Angeles,2026-05-04T17:14:30,2026-05-04T17:14:30,0.0,21151.3,Electronics
16901e57-d9d0-4002-ad22-f05eabca18e8,COSCO,Tanger Med,Barcelona,2026-08-20T09:31:33,2026-08-22T05:37:33,44.1,14886.6,Chemicals
0deb2472-eb6e-48fb-87d9-88ee3bcb76a0,Evergreen,Busan,Los Angeles,2026-07-15T12:39:19,2026-07-17T13:33:19,48.9,22993.7,Automotive
72a077e7-0229-4761-b191-310629fe18f9,MSC,Agadir,Hamburg,2026-08-21T15:33:01,2026-08-21T15:33:01,0.0,24563.6,Textiles
53af549b-63c5-46ea-8f73-d26aae5f6817,COSCO,Tanger Med,Barcelona,2026-03-17T10:46:43,2026-03-17T10:46:43,0.0,643.3,Electronics
0f9414ac-3d5d-40a1-8be0-1fe8962ba8ab,MSC,Tanger Med,Rotterdam,2026-07-15T22:05:27,2026-07-15T22:05:27,0.0,11774.0,Chemicals
f7b6ac3f-3252-48f3-bc4e-4c773f285f4e,CMA-CGM,Busan,Los Angeles,2026-08-16T21:56:21,2026-08-16T21:56:21,0.0,24361.1,Textiles
4e3855ff-2293-45b4-96b3-65a2a1c8bdcf,Comanav,Singapore,Felixstowe,2026-06-15T15:02:29,2026-06-15T15:02:29,0.0,3564.7,Electronics
57e24782-e77a-4291-a34b-071a62d20cf2,Maersk,Agadir,Hamburg,2026-03-23T06:36:57,2026-03-23T06:36:57,0.0,17552.8,Automotive
c84b5b42-089b-45e7-a634-50922793c88c,MSC,Tanger Med,Rotterdam,2026-03-30T03:26:03,2026-03-30T03:26:03,0.0,4056.3,Automotive
6cd2db8a-fcc0-4362-988a-95ac69c0bea4,Comanav,Singapore,Felixstowe,2026-08-05T18:09:13,2026-08-05T18:09:13,0.0,19855.3,Automotive
d9fb74af-26a0-4bb9-97e0-a39c1d655dfe,CMA-CGM,Tanger Med,Barcelona,2026-07-20T02:18:18,2026-07-20T02:18:18,0.0,4130.1,Chemicals
7d06ef74-b042-4b2d-be00-25313c34941a,Maersk,Tanger Med,Rotterdam,2026-05-02T03:11:03,2026-05-02T03:11:03,0.0,4234.3,Chemicals
45515059-903b-4a98-95f9-b1f7b27f0299,COSCO,Busan,Los Angeles,2026-03-13T02:15:05,2026-03-13T02:15:05,0.0,11513.1,Automotive
03759b89-4b33-42d5-92e7-a835e2769b9f,CMA-CGM,Agadir,Hamburg,2026-04-25T10:48:03,2026-04-25T10:48:03,0.0,20929.0,Electronics
d7628f79-94e2-42ac-9f26-08e9b13dd641,Maersk,Shenzhen,Hamburg,2026-08-18T04:04:00,2026-08-18T04:04:00,0.0,21266.9,Chemicals
02f6ae49-0038-4e69-b102-852b79d720e3,Comanav,Singapore,Felixstowe,2026-03-14T12:20:59,2026-03-14T12:20:59,0.0,14677.2,Food
a4d91fd7-7c74-4789-99fd-2c27f95e6b64,Maersk,Shanghai,Rotterdam,2026-04-19T00:32:56,2026-04-19T00:32:56,0.0,12409.5,Food
d2519e4a-8b7f-4731-a3cb-0261179fbe03,MSC,Busan,Los Angeles,2026-03-27T02:39:37,2026-03-27T02:39:37,0.0,13443.6,Chemicals
0e8b57b6-2a04-43a5-9cc6-1b0a99742e23,Evergreen,Shenzhen,Hamburg,2026-05-31T15:38:10,2026-05-31T15:38:10,0.0,22375.5,Chemicals
d6fd4862-7c57-45de-89cb-81ab6b78facb,Maersk,Busan,Los Angeles,2026-07-21T06:25:43,2026-07-21T06:25:43,0.0,23504.6,Textiles
ebef0e70-1259-4939-bcd9-a4bd40e21470,Marsa Maroc,Busan,Los Angeles,2026-07-19T15:29:17,2026-07-19T15:29:17,0.0,4452.7,Automotive
9a94cf3c-fc70-449a-b15f-f736f639f7ae,CMA-CGM,Busan,Los Angeles,2026-07-27T16:27:41,2026-07-27T16:27:41,0.0,12937.1,Food
37cbff80-32e5-483f-b4b3-ef68edee2339,Evergreen,Shenzhen,Hamburg,2026-03-13T13:51:11,2026-03-17T07:03:11,89.2,11977.4,Textiles
b736fd1b-e103-4a44-aab6-ce8da103e48b,COSCO,Singapore,Felixstowe,2026-04-29T14:08:50,2026-05-03T02:50:50,84.7,18497.3,Chemicals
cebb9ba0-44fe-498a-8960-6f65430eadd7,Evergreen,Casablanca,Marseille,2026-08-22T17:34:56,2026-08-22T17:34:56,0.0,17422.1,Electronics
0b5f11fd-9c9d-40ab-81a7-43d3fcf6cb05,MSC,Busan,Los Angeles,2026-07-23T01:38:23,2026-07-23T01:38:23,0.0,4329.7,Chemicals
79337efb-4dae-45ab-960c-63f653e26f9b,Comanav,Tanger Med,Barcelona,2026-07-23T11:24:57,2026-07-23T11:24:57,0.0,24847.3,Textiles
70196218-9654-47dc-9da1-058e22f995ba,MSC,Agadir,Hamburg,2026-08-20T09:48:50,2026-08-20T09:48:50,0.0,24981.9,Textiles
b24a4206-65c4-4783-a3b1-028c336e5311,CMA-CGM,Shanghai,Rotterdam,2026-03-30T20:37:26,2026-03-30T20:37:26,0.0,4780.5,Food
bdca0689-222f-454b-a708-de696a1ed9ca,Comanav,Tanger Med,Rotterdam,2026-04-23T11:24:41,2026-04-23T11:24:41,0.0,11050.2,Food
b7097f2a-aac3-4967-ba95-a9b41cf72279,Maersk,Agadir,Hamburg,2026-07-21T12:13:17,2026-07-21T12:13:17,0.0,12415.9,Textiles
c08fd5fe-8ea6-40ec-9abc-8d20744c5e15,Comanav,Shenzhen,Hamburg,2026-08-02T13:56:46,2026-08-02T13:56:46,0.0,22004.0,Textiles
32b95f98-5844-4e37-abab-2c13012a5e50,Comanav,Casablanca,Marseille,2026-07-01T02:17:04,2026-07-01T02:17:04,0.0,13127.0,Electronics
33d0ab8d-a2f2-4a24-99a2-5250f4eeedd2,COSCO,Tanger Med,Rotterdam,2026-06-17T05:34:36,2026-06-22T01:34:36,116.0,19016.2,Electronics
8c6691d5-6b85-46c0-acac-f53d8edbac53,Comanav,Tanger Med,Barcelona,2026-06-05T22:32:57,2026-06-05T22:32:57,0.0,12929.0,Automotive
80cbce7c-fead-426c-8381-03df411d32ce,Comanav,Tanger Med,Barcelona,2026-04-14T01:25:03,2026-04-14T01:25:03,0.0,9360.1,Textiles
91132d69-cad4-4b53-95aa-95d75d7f23ab,Comanav,Busan,Los Angeles,2026-03-11T01:31:47,2026-03-11T01:31:47,0.0,18447.5,Electronics
39d00e46-34af-40c3-8ee6-a98e30cb395e,Marsa Maroc,Casablanca,Marseille,2026-05-12T06:05:36,2026-05-12T06:05:36,0.0,20569.4,Electronics
51830f35-9d9f-489d-b34a-1492cc0cdea3,COSCO,Agadir,Hamburg,2026-09-10T19:25:36,2026-09-14T18:31:36,95.1,661.4,Chemicals
c5f5c4ff-d7e5-4861-9b57-bf42db770114,CMA-CGM,Shenzhen,Hamburg,2026-07-29T06:59:01,2026-07-29T06:59:01,0.0,2588.2,Textiles
f794bcf3-8aab-4f05-a5bd-84fdca88a8be,CMA-CGM,Singapore,Felixstowe,2026-04-15T17:36:43,2026-04-15T17:36:43,0.0,6513.6,Food
aa41c2f8-cd20-41b5-8c97-0a9509c9b62f,Comanav,Singapore,Felixstowe,2026-06-10T15:56:07,2026-06-10T15:56:07,0.0,20143.3,Chemicals
96a38df5-aeb0-4430-bdf1-d6533e2880e4,COSCO,Singapore,Felixstowe,2026-06-10T02:04:35,2026-06-12T21:46:35,67.7,17213.9,Electronics
de240c70-8191-4fc5-9988-d8b1f4baa42b,MSC,Busan,Los Angeles,2026-08-21T07:34:00,2026-08-21T07:34:00,0.0,18081.8,Food
fae8c982-ba00-43fa-87fb-cde17b952bc4,Maersk,Tanger Med,Barcelona,2026-05-23T07:56:28,2026-05-23T07:56:28,0.0,10340.4,Automotive
2c194738-b29a-4978-b5d2-a8743ac263ce,Maersk,Singapore,Felixstowe,2026-06-19T21:46:09,2026-06-19T21:46:09,0.0,1408.8,Automotive
adc7d420-8da9-4da2-b28b-f438609c69a9,Marsa Maroc,Tanger Med,Rotterdam,2026-09-07T18:19:03,2026-09-11T20:37:03,98.3,21957.4,Textiles
9d50d3d8-1e38-4ead-8f91-a5dac84ce0b4,COSCO,Singapore,Felixstowe,2026-05-17T17:47:50,2026-05-21T09:29:50,87.7,21901.9,Textiles
5d89c039-173e-4bfd-86ef-2cc2f5392682,Maersk,Shenzhen,Hamburg,2026-04-17T15:03:49,2026-04-17T15:03:49,0.0,22555.1,Food
d40047e3-cab3-44a6-803a-efba8d6ecfcc,Marsa Maroc,Casablanca,Marseille,2026-04-22T17:04:49,2026-04-22T17:04:49,0.0,16275.0,Food
1a4b58c7-044e-4b6e-b809-489e480302ff,Marsa Maroc,Busan,Los Angeles,2026-03-29T18:12:54,2026-03-29T18:12:54,0.0,20389.9,Chemicals
a5d58780-9dfe-429d-a585-d90a13cce818,CMA-CGM,Agadir,Hamburg,2026-08-23T13:20:35,2026-08-23T13:20:35,0.0,13667.1,Chemicals
07fada9a-e236-46ef-9c87-0215d12c7b0c,Evergreen,Casablanca,Marseille,2026-05-07T01:16:26,2026-05-08T19:58:26,42.7,2774.1,Food
dac8d0f0-b763-4036-831a-24abedeaacde,Evergreen,Shanghai,Rotterdam,2026-08-20T20:44:13,2026-08-20T20:44:13,0.0,16074.3,Electronics
b4d96352-4758-41ba-bc6c-223f64ce9f17,Comanav,Tanger Med,Rotterdam,2026-04-04T02:16:08,2026-04-04T02:16:08,0.0,6837.9,Textiles
281bcc84-baac-4462-a670-a6067064fda5,Evergreen,Singapore,Felixstowe,2026-07-03T02:46:26,2026-07-03T02:46:26,0.0,1968.7,Textiles
f90d91dc-ae9c-4b5f-a28b-23d2c0dc3aa4,Marsa Maroc,Shanghai,Rotterdam,2026-07-13T22:14:18,2026-07-13T22:14:18,0.0,3533.4,Electronics
20d9ac3a-7fd4-47dc-ab5f-fd1a0e109ad5,CMA-CGM,Busan,Los Angeles,2026-03-26T05:16:33,2026-03-26T05:16:33,0.0,627.7,Textiles
510ebe05-08b5-4bb0-a3e9-73ac11ed616e,Comanav,Agadir,Hamburg,2026-06-21T18:22:21,2026-06-21T18:22:21,0.0,14749.0,Food
2a09f3e0-0505-42d6-9ebb-a09543df6a30,CMA-CGM,Agadir,Hamburg,2026-06-25T11:47:55,2026-06-25T11:47:55,0.0,16839.6,Food
add97e06-bf26-4fdf-81ff-95a0e13b949b,Marsa Maroc,Casablanca,Marseille,2026-05-01T04:03:19,2026-05-01T04:03:19,0.0,18569.1,Electronics
8881f38d-ff28-4765-ad54-5784727d1e85,Evergreen,Shenzhen,Hamburg,2026-05-07T14:38:44,2026-05-07T14:38:44,0.0,20659.6,Textiles
abce0c16-850d-48f8-9fde-246b96b5ac20,Maersk,Busan,Los Angeles,2026-07-19T09:21:04,2026-07-19T09:21:04,0.0,10929.5,Chemicals
e348ddb2-994b-4a9a-a369-592fb11972d8,Maersk,Tanger Med,Barcelona,2026-09-14T13:56:50,2026-09-14T13:56:50,0.0,22268.5,Chemicals
e7afcf33-d5a2-4849-9f4b-8c56a38d19da,COSCO,Agadir,Hamburg,2026-05-27T02:05:00,2026-05-27T02:05:00,0.0,17082.1,Chemicals
f351c264-5479-47b5-a7d8-da1e96ee13ad,Evergreen,Ningbo,New York,2026-04-17T03:10:48,2026-04-21T13:22:48,106.2,14815.4,Chemicals
7c156e61-516c-4428-a389-a3adf6166745,Marsa Maroc,Busan,Los Angeles,2026-05-18T01:16:22,2026-05-20T18:10:22,64.9,24345.2,Automotive
906a9c4c-5b42-4952-b2b7-b836e86f1175,Evergreen,Casablanca,Marseille,2026-04-23T22:25:34,2026-04-23T22:25:34,0.0,17923.2,Automotive
55eafb43-0b94-48e9-a7ea-a73a33d587f9,Comanav,Ningbo,New York,2026-05-31T22:32:28,2026-05-31T22:32:28,0.0,17514.5,Chemicals
86d35be8-611e-4c40-af42-1730a4572ce6,Maersk,Busan,Los Angeles,2026-09-08T20:37:05,2026-09-08T20:37:05,0.0,23629.7,Textiles
dd2e8492-5bf7-495a-8913-70b537ca4619,Evergreen,Tanger Med,Barcelona,2026-03-11T04:59:05,2026-03-12T04:53:05,23.9,9554.9,Textiles
332dbb4f-7a24-4596-b742-72684a93a588,Evergreen,Tanger Med,Rotterdam,2026-07-19T03:47:57,2026-07-19T03:47:57,0.0,9601.0,Textiles
f5536eaf-68ff-40ae-8690-eeb731647ca8,CMA-CGM,Shanghai,Rotterdam,2026-07-22T06:30:04,2026-07-22T06:30:04,0.0,19884.5,Automotive
aa8ccb4d-41f4-4b26-90c3-3c276c18e4b0,Maersk,Singapore,Felixstowe,2026-08-29T12:32:17,2026-08-31T09:32:17,45.0,7445.3,Automotive
d9e2068b-1f66-48e1-9c6b-c3bbcef351d8,Maersk,Busan,Los Angeles,2026-04-20T09:33:19,2026-04-20T09:33:19,0.0,9041.9,Electronics
43317cb4-fd51-4298-a617-fb538edb8b85,COSCO,Singapore,Felixstowe,2026-04-03T11:35:11,2026-04-03T11:35:11,0.0,14361.2,Textiles
7c63e816-0593-4937-8721-019475e1b0ae,COSCO,Singapore,Felixstowe,2026-03-26T12:49:00,2026-03-30T18:49:00,102.0,3753.8,Automotive
0a8b1f6c-0018-4bcf-b08d-06a3ecd18f09,Marsa Maroc,Ningbo,New York,2026-06-29T02:47:54,2026-06-29T02:47:54,0.0,11523.3,Chemicals
9f9f672e-7515-4f64-ba57-5c4f8a354902,Comanav,Casablanca,Marseille,2026-08-02T15:07:11,2026-08-02T15:07:11,0.0,2688.2,Food
92debe9c-2cf7-44bd-afaf-cc0e045858f8,COSCO,Singapore,Felixstowe,2026-09-02T21:28:55,2026-09-02T21:28:55,0.0,10187.2,Food
331ba959-a37b-4da7-b3b1-26a1fcc5c1b0,Marsa Maroc,Tanger Med,Rotterdam,2026-08-07T12:53:16,2026-08-11T08:23:16,91.5,16325.0,Automotive
2a1a7634-77dc-48d9-9f86-31b92b6adebf,Evergreen,Tanger Med,Rotterdam,2026-08-07T00:11:49,2026-08-07T00:11:49,0.0,19404.1,Textiles
abf65775-3d54-4854-9329-23e64e730efd,Marsa Maroc,Ningbo,New York,2026-03-29T15:24:23,2026-03-29T15:24:23,0.0,14204.1,Automotive
aa6023ab-e868-4802-af3b-269ad12acd75,Evergreen,Ningbo,New York,2026-04-18T16:07:48,2026-04-18T16:07:48,0.0,23953.7,Food
af1c9060-929d-4623-a798-cd606a60dd59,Comanav,Agadir,Hamburg,2026-07-02T02:54:43,2026-07-02T02:54:43,0.0,22473.2,Electronics
8db5011f-e6fd-4186-96d4-587dc1ac6b2b,MSC,Ningbo,New York,2026-03-29T19:16:05,2026-03-31T12:58:05,41.7,5542.2,Food
57b2d722-362e-4596-9845-b218527b5747,Maersk,Busan,Los Angeles,2026-08-22T18:03:58,2026-08-22T18:03:58,0.0,15367.9,Chemicals
cad09525-743d-462c-a64d-f5d14c1f9aea,COSCO,Tanger Med,Rotterdam,2026-08-28T21:52:48,2026-08-29T12:22:48,14.5,11206.9,Chemicals
d066e6e7-c88b-449d-a4c3-e04003dfb4ac,Comanav,Tanger Med,Rotterdam,2026-07-12T19:06:37,2026-07-12T19:06:37,0.0,9859.3,Electronics
e4cbdfa6-a9cc-44d2-aede-f5828b31b89a,Maersk,Tanger Med,Barcelona,2026-04-19T20:09:54,2026-04-19T20:09:54,0.0,7491.1,Automotive
94db2b4d-628d-4925-a78a-237fddb9d270,Comanav,Shanghai,Rotterdam,2026-05-10T16:01:09,2026-05-10T16:01:09,0.0,8016.5,Chemicals
ac1c0c0e-cdba-4b4f-8708-d0a081fba41b,Maersk,Casablanca,Marseille,2026-04-20T02:40:27,2026-04-20T02:40:27,0.0,8469.6,Electronics
c392df4f-c7fb-4f2f-bf59-e2807b3ee965,CMA-CGM,Tanger Med,Rotterdam,2026-08-16T00:17:40,2026-08-16T00:17:40,0.0,8341.0,Chemicals
a4d65b65-fbe9-446d-a1f6-5e816f5cd38c,CMA-CGM,Shenzhen,Hamburg,2026-09-12T07:01:48,2026-09-12T07:01:48,0.0,20779.7,Electronics
4f75133c-6c28-43f5-ab18-9225a93bfad0,MSC,Tanger Med,Rotterdam,2026-03-22T12:29:06,2026-03-22T12:29:06,0.0,15126.6,Automotive
65ba7b0c-aab8-4aa1-803a-76eca132fc17,Evergreen,Busan,Los Angeles,2026-04-18T05:15:55,2026-04-18T05:15:55,0.0,9933.7,Electronics
855cf8ee-ab88-4ad3-ab6b-1afdc808398f,Maersk,Shanghai,Rotterdam,2026-04-29T10:12:27,2026-04-29T10:12:27,0.0,14051.5,Electronics
0d93ad9a-8c9c-401b-a28f-8c3d030c76bb,Maersk,Busan,Los Angeles,2026-06-27T02:38:46,2026-06-27T02:38:46,0.0,6226.6,Electronics
2a174ff0-7318-4959-a2e1-afde768fef7f,Evergreen,Shanghai,Rotterdam,2026-05-03T22:42:54,2026-05-07T11:36:54,84.9,6534.7,Food
31165477-5aeb-4893-b73e-85501dc6dbea,CMA-CGM,Casablanca,Marseille,2026-05-02T21:38:29,2026-05-02T21:38:29,0.0,11426.6,Food
21890f0b-1802-456b-a969-827dafae9ec7,Comanav,Agadir,Hamburg,2026-07-04T07:24:58,2026-07-06T11:42:58,52.3,24640.1,Automotive
c0908db3-887b-4621-93b4-e6bde95418e1,COSCO,Ningbo,New York,2026-05-27T13:32:07,2026-05-30T13:32:07,72.0,1523.9,Chemicals
93e6ae27-6bba-4cda-93cc-971a45bc1267,Marsa Maroc,Shanghai,Rotterdam,2026-07-13T09:10:07,2026-07-13T21:16:07,12.1,23370.9,Chemicals
5e9f6592-1aa0-4fbd-8099-2f21003d8e30,Evergreen,Shanghai,Rotterdam,2026-06-19T07:31:19,2026-06-19T07:31:19,0.0,17159.9,Textiles
b1bf4135-154e-4fc0-afe4-1d8264de6a99,Evergreen,Agadir,Hamburg,2026-03-31T15:01:39,2026-04-02T09:25:39,42.4,4454.7,Food
2ea2cfc5-39c1-4f82-b871-d7a233b8606d,CMA-CGM,Tanger Med,Barcelona,2026-06-06T07:48:38,2026-06-06T07:48:38,0.0,17611.5,Automotive
9803d779-397a-4049-a0ce-faa8c075c45d,CMA-CGM,Ningbo,New York,2026-05-16T05:39:59,2026-05-17T16:27:59,34.8,12868.1,Textiles
8a0a7247-9bb7-481e-8a75-85c7c510c840,Marsa Maroc,Shenzhen,Hamburg,2026-06-15T14:04:08,2026-06-15T14:04:08,0.0,18941.0,Chemicals
2517eabe-3ed5-40bc-9dc0-8e0c95c56e86,MSC,Shanghai,Rotterdam,2026-04-18T14:40:18,2026-04-18T14:40:18,0.0,8380.1,Automotive
8aeb0c69-81db-4e0a-86fc-c0e88c0cc1c1,Evergreen,Busan,Los Angeles,2026-06-26T14:31:47,2026-06-26T14:31:47,0.0,22893.4,Automotive
b59ae77d-9a87-4792-a187-7a1c9f0fa553,Evergreen,Tanger Med,Rotterdam,2026-04-06T06:48:57,2026-04-06T06:48:57,0.0,22585.4,Automotive
d5f52b1c-9bf7-4e1a-81ed-9d40007ecf1b,Evergreen,Singapore,Felixstowe,2026-09-12T04:19:16,2026-09-15T20:19:16,88.0,19180.4,Food
24c1ea7a-34dd-49d2-b36b-de014e9f453a,Comanav,Tanger Med,Barcelona,2026-05-05T11:48:01,2026-05-08T22:06:01,82.3,13696.9,Chemicals
d56ff0a2-8e80-40d3-9a67-523a8c6ae7dd,CMA-CGM,Tanger Med,Barcelona,2026-04-29T21:11:41,2026-05-02T01:47:41,52.6,15232.1,Chemicals
36e8b919-5727-49c2-90bb-26e3df7891d8,Comanav,Casablanca,Marseille,2026-05-06T11:42:19,2026-05-06T11:42:19,0.0,17577.2,Electronics
ff915aaf-a3e0-4f1d-9a61-b592113f085d,COSCO,Tanger Med,Barcelona,2026-07-10T02:50:33,2026-07-10T02:50:33,0.0,5228.3,Electronics
0afccba3-7c57-4e67-a017-e212fec1de17,Marsa Maroc,Agadir,Hamburg,2026-03-16T23:57:31,2026-03-16T23:57:31,0.0,7387.8,Textiles
8b2954c3-1e16-459c-a260-ab27b66008e0,Maersk,Agadir,Hamburg,2026-03-12T00:27:36,2026-03-12T00:27:36,0.0,15818.3,Automotive
e55c545a-cdfa-4af8-a8d7-2e2c66b2c9f3,COSCO,Agadir,Hamburg,2026-04-01T13:03:06,2026-04-02T05:03:06,16.0,12574.5,Food
a5b0decb-0677-408f-b433-6cc2aafe6cf5,Maersk,Agadir,Hamburg,2026-03-18T15:44:04,2026-03-18T15:44:04,0.0,20617.5,Chemicals
7c674c58-21db-40dc-9d0b-7f965f0a8fa9,Comanav,Tanger Med,Barcelona,2026-06-11T18:46:18,2026-06-11T18:46:18,0.0,12758.0,Automotive
8522f2d4-19db-4b4a-bf6a-a8b9a59c1810,MSC,Ningbo,New York,2026-05-21T20:52:35,2026-05-21T20:52:35,0.0,14359.8,Food
67a2ab59-91b6-4142-bd4c-be872044fb24,Maersk,Casablanca,Marseille,2026-08-09T18:52:12,2026-08-09T18:52:12,0.0,18776.3,Automotive
e30e7a68-995d-43f8-9b02-d16c891d0d15,Evergreen,Shanghai,Rotterdam,2026-03-12T18:17:06,2026-03-17T05:23:06,107.1,18358.0,Textiles
963135ff-dca6-4ef6-8bba-051c9eb06dc3,Comanav,Agadir,Hamburg,2026-09-10T10:03:04,2026-09-10T10:03:04,0.0,24802.8,Food
95626b36-34b3-43a9-8db7-f50b44631028,Marsa Maroc,Shanghai,Rotterdam,2026-06-21T11:56:07,2026-06-21T11:56:07,0.0,11621.2,Chemicals
67361963-ae6a-4f29-b56c-14ea4e6e70f7,Comanav,Tanger Med,Rotterdam,2026-06-26T07:43:16,2026-06-28T18:25:16,58.7,24880.1,Textiles
6b94e155-1f79-4624-995a-8a12287947d3,Marsa Maroc,Tanger Med,Barcelona,2026-09-04T13:22:19,2026-09-04T13:22:19,0.0,12641.6,Food
d111c68b-78eb-4d5e-8932-36bb28cd8192,Marsa Maroc,Tanger Med,Rotterdam,2026-06-04T02:25:39,2026-06-04T02:25:39,0.0,7309.4,Chemicals
5ea14a4f-882d-4b3c-b1b5-603fb9cf1e7e,COSCO,Ningbo,New York,2026-08-05T17:03:24,2026-08-05T17:03:24,0.0,10100.5,Textiles
bdecf178-c74d-4a38-b448-bb8978ea31a8,Evergreen,Tanger Med,Barcelona,2026-06-24T12:17:04,2026-06-29T11:11:04,118.9,6027.9,Chemicals
f4f56885-0350-4fb4-bdf7-54a6b9b674a9,MSC,Tanger Med,Barcelona,2026-08-24T03:20:15,2026-08-24T03:20:15,0.0,8566.0,Electronics
079e4ea3-2ac7-448e-92e2-4fc1d38afb92,Maersk,Tanger Med,Barcelona,2026-03-29T08:09:28,2026-03-29T08:09:28,0.0,20297.4,Food
6b568bf8-984d-4912-a21c-01bf2da2403e,Comanav,Shenzhen,Hamburg,2026-03-24T06:25:47,2026-03-24T06:25:47,0.0,3142.1,Automotive
9cd3e79c-686f-461c-85fb-f2fbb9f57e48,Comanav,Shenzhen,Hamburg,2026-05-01T09:24:59,2026-05-01T09:24:59,0.0,8672.9,Automotive
3de9051b-be0d-4fc7-8ce4-0eef1346ce9d,Comanav,Tanger Med,Barcelona,2026-08-18T17:25:12,2026-08-18T17:25:12,0.0,11244.0,Electronics
570ec79b-aa5b-42b5-8003-ea0549a48dc2,Evergreen,Busan,Los Angeles,2026-08-09T09:52:31,2026-08-09T09:52:31,0.0,24375.9,Electronics
b281a729-27fb-4315-83a1-cd7f6778c376,CMA-CGM,Singapore,Felixstowe,2026-09-05T01:32:51,2026-09-08T16:26:51,86.9,19674.8,Electronics
a17c7856-9b97-4807-b2f6-0aa51c1fd954,Maersk,Busan,Los Angeles,2026-08-28T08:54:52,2026-08-28T08:54:52,0.0,15841.5,Electronics
491c6f30-19e0-4464-885e-4c5187b67390,Marsa Maroc,Tanger Med,Barcelona,2026-05-19T05:37:56,2026-05-19T05:37:56,0.0,1779.0,Chemicals
4d0c2e12-4175-4aa4-a190-d333d51b5738,Maersk,Singapore,Felixstowe,2026-07-11T02:49:28,2026-07-11T02:49:28,0.0,10572.1,Food
ec17214c-035a-476a-90ad-502b4b93623d,COSCO,Tanger Med,Rotterdam,2026-04-25T19:05:21,2026-04-25T19:05:21,0.0,19981.5,Food
fb19f29e-b94b-4e8d-90d6-c1a1cd92f6b5,CMA-CGM,Tanger Med,Barcelona,2026-06-30T09:28:48,2026-06-30T09:28:48,0.0,17056.5,Electronics
037cac80-d206-43d8-8e35-4a03138c8669,Evergreen,Busan,Los Angeles,2026-07-03T00:14:40,2026-07-03T00:14:40,0.0,5215.8,Electronics
a5f401b6-84ab-4cb1-bdca-e89f1aa9214b,Evergreen,Tanger Med,Rotterdam,2026-07-13T03:05:12,2026-07-13T03:05:12,0.0,15025.7,Automotive
50f7156a-8156-4c93-bc08-30239c33a66c,Marsa Maroc,Casablanca,Marseille,2026-08-02T20:18:29,2026-08-02T20:18:29,0.0,9207.1,Chemicals
f8c51c0e-8691-458a-97ff-bda28bcb80ed,MSC,Busan,Los Angeles,2026-04-20T18:49:43,2026-04-20T18:49:43,0.0,20027.1,Electronics
bb4475c6-fa77-4275-8c0d-c1e4c42152d1,CMA-CGM,Casablanca,Marseille,2026-07-22T21:41:05,2026-07-22T21:41:05,0.0,13071.6,Textiles
e1742620-8d31-461e-b728-fc1200c555c7,Evergreen,Shanghai,Rotterdam,2026-04-11T05:42:21,2026-04-15T05:30:21,95.8,4111.5,Textiles
1f8be3bc-d775-44ee-8ccb-40ac1307c7b0,CMA-CGM,Shenzhen,Hamburg,2026-07-02T22:22:32,2026-07-02T22:22:32,0.0,698.0,Food
94eb5606-20df-4f57-b2e0-35995c398a41,Maersk,Casablanca,Marseille,2026-06-02T21:09:36,2026-06-02T21:09:36,0.0,20570.0,Food
cb4f1485-8d92-4023-ac8d-2011f60bf2ef,COSCO,Tanger Med,Rotterdam,2026-08-29T03:50:22,2026-08-29T03:50:22,0.0,24424.5,Automotive
f798e2cd-c966-4e72-a0ce-2bd8a2e60648,CMA-CGM,Tanger Med,Barcelona,2026-04-17T13:59:13,2026-04-17T13:59:13,0.0,12155.3,Chemicals
919163d9-e6f6-46ee-bf4d-f6ebc2c8d92f,Comanav,Shenzhen,Hamburg,2026-06-12T21:01:00,2026-06-12T21:01:00,0.0,24095.1,Food
178a3935-52af-4162-b4c4-1409ba000e2d,COSCO,Shanghai,Rotterdam,2026-08-22T14:32:18,2026-08-22T14:32:18,0.0,3068.8,Electronics
7dd4f9e2-7b8e-4c7a-ac77-532462e164a7,MSC,Busan,Los Angeles,2026-06-05T06:46:17,2026-06-08T15:46:17,81.0,17483.9,Chemicals
481fb772-f7f6-465b-895b-3d02f0a0c203,MSC,Agadir,Hamburg,2026-04-24T17:04:29,2026-04-24T17:04:29,0.0,19324.5,Textiles
fca3aa81-7a9a-46cc-9954-dea03c945252,MSC,Singapore,Felixstowe,2026-04-07T14:21:00,2026-04-07T14:21:00,0.0,20739.1,Electronics
362b09c7-ffe8-4b2f-8280-349bbd111cb4,Maersk,Shenzhen,Hamburg,2026-03-20T15:40:31,2026-03-20T15:40:31,0.0,1235.4,Electronics
fae61cb4-9c52-482c-aa3b-fd670f23bb38,CMA-CGM,Casablanca,Marseille,2026-06-21T16:58:18,2026-06-21T16:58:18,0.0,15967.7,Textiles
4172ee44-c988-4545-bb8f-22aeea923ae5,Maersk,Tanger Med,Rotterdam,2026-07-28T04:32:09,2026-07-28T04:32:09,0.0,7460.5,Automotive
49457601-025a-406c-895a-ec59fa7fc15a,Marsa Maroc,Shanghai,Rotterdam,2026-08-10T09:17:53,2026-08-10T09:17:53,0.0,21264.6,Automotive
efebed53-0f10-4718-8d6e-9de478debed2,MSC,Casablanca,Marseille,2026-06-05T10:02:48,2026-06-05T10:02:48,0.0,21150.6,Electronics
e9f19c86-c8f1-4a44-b38a-396ee9dffba4,Comanav,Tanger Med,Rotterdam,2026-05-02T00:30:31,2026-05-02T00:30:31,0.0,9783.6,Electronics
49b9ec2f-0b2a-4640-90a8-8c35891e169e,MSC,Shenzhen,Hamburg,2026-07-06T03:55:22,2026-07-06T03:55:22,0.0,6383.7,Textiles
7506ff39-39b2-418c-b83c-5686174c3008,Evergreen,Casablanca,Marseille,2026-06-30T10:42:51,2026-07-05T10:30:51,119.8,22100.8,Electronics
29599d13-9c2c-4707-bd68-871805d9be69,MSC,Tanger Med,Barcelona,2026-05-13T17:22:55,2026-05-14T19:28:55,26.1,5146.2,Food
71288967-dc67-4d0c-b2f4-bba540128c65,Marsa Maroc,Singapore,Felixstowe,2026-05-01T21:10:44,2026-05-01T21:10:44,0.0,15189.0,Automotive
718ce210-72c8-41f6-b853-2b2368edadd5,Comanav,Tanger Med,Rotterdam,2026-09-10T12:10:17,2026-09-10T12:10:17,0.0,5133.0,Food
95c5bc96-8c3e-486b-9aaf-ddc9ee33f308,Comanav,Shanghai,Rotterdam,2026-08-29T07:01:56,2026-08-29T07:01:56,0.0,6555.7,Textiles
797284a1-0670-4085-9dad-f562ef2de264,Comanav,Casablanca,Marseille,2026-09-10T16:46:38,2026-09-10T16:46:38,0.0,14810.0,Chemicals
dd99e33d-f088-4aaf-80d5-e091d683bc62,Marsa Maroc,Agadir,Hamburg,2026-06-28T19:48:20,2026-06-28T19:48:20,0.0,12031.3,Food
a1fbfc5c-1918-4ab5-a65d-5e2740b1104d,MSC,Tanger Med,Barcelona,2026-09-10T03:49:37,2026-09-10T03:49:37,0.0,18907.0,Food
e308e048-cfdc-4f6a-9606-d4f905c2fa45,COSCO,Shenzhen,Hamburg,2026-03-10T00:01:07,2026-03-10T00:01:07,0.0,4885.5,Textiles
8fcf12af-b0e8-4f06-991d-0d29b6dfecbb,Marsa Maroc,Ningbo,New York,2026-04-04T23:19:06,2026-04-04T23:19:06,0.0,23915.9,Chemicals
cec8d687-9008-41b9-a0b6-51afaf30aaba,Evergreen,Shanghai,Rotterdam,2026-07-31T17:16:58,2026-07-31T17:16:58,0.0,23069.0,Food
fb7cfe63-63b5-4f4e-ad6f-39946cc8148f,MSC,Tanger Med,Rotterdam,2026-09-13T07:05:01,2026-09-13T07:05:01,0.0,5473.5,Automotive
840aadc8-e621-4aef-b073-e875af6f37ea,MSC,Singapore,Felixstowe,2026-08-25T13:41:54,2026-08-25T13:41:54,0.0,22273.4,Food
9bd8ee47-b8c3-4b41-a155-c031e75a0c0d,Comanav,Casablanca,Marseille,2026-06-02T11:45:12,2026-06-02T11:45:12,0.0,13988.5,Automotive
719401eb-9637-4c71-9143-1212aea3028f,CMA-CGM,Tanger Med,Barcelona,2026-05-23T13:17:28,2026-05-23T13:17:28,0.0,9113.6,Food
440eb5ca-72b0-4b74-91a1-6d2e66f64844,COSCO,Tanger Med,Rotterdam,2026-07-16T01:13:14,2026-07-16T01:13:14,0.0,8741.2,Chemicals
82618c56-780c-4c73-8ff6-011b7fd46bad,COSCO,Busan,Los Angeles,2026-03-19T21:31:36,2026-03-19T21:31:36,0.0,20210.4,Textiles
ed9b12d6-d474-409d-bdb4-1bbc4c6c13ac,COSCO,Shanghai,Rotterdam,2026-03-20T15:04:14,2026-03-20T15:04:14,0.0,11321.4,Textiles
cdd0b91b-4551-4c3d-b06d-63e01d96b74c,CMA-CGM,Tanger Med,Barcelona,2026-06-18T06:25:52,2026-06-20T02:13:52,43.8,12793.2,Food
a32aead5-a13c-40a4-b696-7cfc1b355793,Comanav,Tanger Med,Barcelona,2026-09-09T04:44:53,2026-09-09T04:44:53,0.0,6079.7,Electronics
2c8b2d13-498e-413f-a058-ac6cd5d90c9e,CMA-CGM,Tanger Med,Barcelona,2026-08-30T18:11:14,2026-08-30T18:11:14,0.0,5407.5,Automotive
133b9cbf-e66f-4526-ac6e-c6a57e175f3d,CMA-CGM,Shenzhen,Hamburg,2026-06-19T23:22:04,2026-06-19T23:22:04,0.0,20481.3,Textiles
4a2126af-fa43-4e09-812a-96524cd6ff91,Marsa Maroc,Agadir,Hamburg,2026-03-04T04:13:08,2026-03-04T04:13:08,0.0,3877.7,Food
c771db45-6c20-4a5b-866d-04543ac99a1b,Maersk,Shanghai,Rotterdam,2026-04-11T17:56:43,2026-04-11T17:56:43,0.0,7405.2,Textiles
21caf5ab-351b-4e72-95da-f5e8df0daef2,COSCO,Singapore,Felixstowe,2026-08-15T08:32:16,2026-08-19T06:20:16,93.8,791.3,Food
50c8b78c-1e6e-44e7-80bb-453bafb31486,Comanav,Casablanca,Marseille,2026-04-22T00:21:50,2026-04-22T00:21:50,0.0,6059.7,Automotive
66fbbdc5-0b9f-41d0-a81a-3069a53d3f7f,MSC,Busan,Los Angeles,2026-06-11T17:03:57,2026-06-11T17:03:57,0.0,19756.4,Chemicals
2092bc74-cf3d-47a5-b05a-e4ccacdb53d8,CMA-CGM,Busan,Los Angeles,2026-07-21T01:17:40,2026-07-21T01:17:40,0.0,8170.3,Automotive
3820f76f-40c1-4920-b7c9-e369970d9cd5,Comanav,Singapore,Felixstowe,2026-08-04T14:36:01,2026-08-06T23:42:01,57.1,11247.7,Food
86509a0d-a863-4879-88cb-be752ab6ed52,CMA-CGM,Tanger Med,Rotterdam,2026-07-21T02:47:00,2026-07-21T02:47:00,0.0,21906.9,Textiles
3416f94b-aadb-4ea4-be2b-1563a069ce55,COSCO,Tanger Med,Rotterdam,2026-03-18T13:41:22,2026-03-22T19:47:22,102.1,8825.6,Chemicals
a4f6633c-3f73-4b87-9664-bbbaf745f0ef,Marsa Maroc,Singapore,Felixstowe,2026-08-03T13:41:28,2026-08-03T13:41:28,0.0,19189.6,Food
91ba7c6e-63ed-4fab-a785-df0b575ca77c,CMA-CGM,Shanghai,Rotterdam,2026-03-20T20:49:27,2026-03-20T20:49:27,0.0,14405.6,Electronics
c8859914-ec27-4330-ac19-217239e24139,MSC,Casablanca,Marseille,2026-05-15T14:19:08,2026-05-20T13:43:08,119.4,14420.7,Food
082f74e4-2cf4-4ddd-af0a-3b5c659d09ea,COSCO,Singapore,Felixstowe,2026-07-19T18:57:59,2026-07-19T18:57:59,0.0,10070.6,Food
b737a3f4-768b-4e03-a740-135334874a9a,MSC,Singapore,Felixstowe,2026-06-21T01:57:46,2026-06-21T01:57:46,0.0,8556.6,Chemicals
004f2315-7df9-4b4e-92e1-0fe3653bd7fa,Maersk,Shanghai,Rotterdam,2026-03-29T13:21:56,2026-03-29T13:21:56,0.0,17034.7,Automotive
9dd76c71-7a9f-4b0e-86ab-822d4402e2c9,Comanav,Tanger Med,Rotterdam,2026-07-29T01:01:55,2026-07-29T01:01:55,0.0,12471.0,Automotive
ea27977b-f7cd-4bff-9752-c43f4e82ba7e,Maersk,Agadir,Hamburg,2026-09-12T20:00:07,2026-09-15T01:42:07,53.7,5544.4,Textiles
eeea8f3f-66a9-4d9f-aa7e-46f2049bc218,Maersk,Ningbo,New York,2026-08-22T21:36:25,2026-08-22T21:36:25,0.0,9532.0,Electronics
7d805d4a-75cc-40e1-883f-e71793ab9278,CMA-CGM,Casablanca,Marseille,2026-06-17T15:11:08,2026-06-19T23:35:08,56.4,4347.4,Electronics
e49c09e9-5cf1-4ac7-aaf0-0fc05247f44b,Evergreen,Casablanca,Marseille,2026-04-16T03:23:56,2026-04-16T03:23:56,0.0,18707.0,Chemicals
ef7243e6-0797-4420-80e4-f0245d747af1,MSC,Agadir,Hamburg,2026-04-19T23:13:46,2026-04-21T20:43:46,45.5,20538.5,Chemicals
7b2cdbe5-be02-41fa-a65a-9347d5918fa2,Evergreen,Casablanca,Marseille,2026-04-07T13:08:12,2026-04-07T13:08:12,0.0,8102.7,Automotive
fa25149c-8ff3-42cd-9130-b5aa2e365dcd,Marsa Maroc,Ningbo,New York,2026-07-31T23:26:55,2026-07-31T23:26:55,0.0,7248.3,Electronics
8c2ecec3-e62e-4cdc-805e-617fbbe20ec7,COSCO,Casablanca,Marseille,2026-07-23T22:27:38,2026-07-23T22:27:38,0.0,10281.3,Automotive
54115bb7-d4d5-4157-9a86-42b5cebfc73e,CMA-CGM,Ningbo,New York,2026-07-10T16:30:14,2026-07-15T03:30:14,107.0,11775.0,Food
defcd01a-15f1-45e8-b274-d98b99408695,Marsa Maroc,Tanger Med,Rotterdam,2026-07-20T23:41:54,2026-07-20T23:41:54,0.0,16334.3,Chemicals
bc6a26e3-8be9-4525-8ee9-aa1f91946554,Marsa Maroc,Shenzhen,Hamburg,2026-04-26T00:40:09,2026-04-30T02:16:09,97.6,10081.7,Automotive
60637963-617c-4376-840c-77a09d899be7,MSC,Singapore,Felixstowe,2026-05-17T07:21:14,2026-05-17T07:21:14,0.0,15634.5,Chemicals
59aecf18-f443-4edf-94e8-99ec0b00ecad,COSCO,Busan,Los Angeles,2026-09-14T17:21:56,2026-09-16T01:09:56,31.8,14431.1,Chemicals
0e6e2fee-7276-41e1-bed0-1814196d45b4,MSC,Tanger Med,Rotterdam,2026-08-03T21:11:55,2026-08-05T02:17:55,29.1,22122.6,Food
f1db2d6a-f659-4291-bb3b-3968d38a669d,Marsa Maroc,Shanghai,Rotterdam,2026-09-11T05:03:50,2026-09-14T20:27:50,87.4,18199.0,Automotive
a26c0c3b-07ef-4559-a47d-5f01cf2cebe9,COSCO,Busan,Los Angeles,2026-03-16T15:12:10,2026-03-19T14:54:10,71.7,24885.3,Electronics
e3ba0de2-6a07-4772-801d-a0839da24260,Evergreen,Tanger Med,Barcelona,2026-03-18T14:15:28,2026-03-20T13:27:28,47.2,11547.9,Textiles
35c3a34b-9320-4199-a823-1280e05756da,Evergreen,Agadir,Hamburg,2026-03-16T02:42:16,2026-03-16T02:42:16,0.0,1154.6,Chemicals
cc0c0e92-d517-443d-97fd-dfe0864b8e68,CMA-CGM,Singapore,Felixstowe,2026-04-23T05:16:17,2026-04-23T05:16:17,0.0,21466.4,Chemicals
0680e1ce-a5a4-4382-84bc-fbb1bd2e15ee,Maersk,Tanger Med,Rotterdam,2026-07-08T08:09:51,2026-07-08T08:09:51,0.0,17872.9,Automotive
9d08a05d-7ea0-4868-bd11-2c18c125941e,Marsa Maroc,Shenzhen,Hamburg,2026-08-31T23:36:55,2026-08-31T23:36:55,0.0,12376.6,Electronics
2e720f62-07f2-425d-8223-2e82acd15ffe,Evergreen,Tanger Med,Barcelona,2026-08-25T11:26:31,2026-08-25T11:26:31,0.0,17982.7,Chemicals
2916ff7a-812a-42ca-b041-e24823dafd7d,COSCO,Casablanca,Marseille,2026-04-27T20:13:39,2026-05-02T03:07:39,102.9,4679.4,Electronics
21c98244-ac4a-4c78-aa78-a62d59de96e4,MSC,Tanger Med,Barcelona,2026-04-24T06:51:11,2026-04-24T06:51:11,0.0,13599.0,Chemicals
98903e93-1a80-4b94-81c2-aa0ffbb41c2e,Maersk,Casablanca,Marseille,2026-07-06T08:51:47,2026-07-06T08:51:47,0.0,774.7,Textiles
5bb7a3af-11d8-412e-b302-dcee7fcf7458,COSCO,Casablanca,Marseille,2026-07-02T16:54:54,2026-07-02T16:54:54,0.0,5808.5,Electronics
87226d7b-4a0b-481f-9ca4-17f5c8032e9a,MSC,Ningbo,New York,2026-05-03T02:37:43,2026-05-03T02:37:43,0.0,1670.0,Food
3722162e-ae7f-4973-b6b0-6a27832ec2b3,COSCO,Tanger Med,Barcelona,2026-07-31T14:36:07,2026-07-31T14:36:07,0.0,11377.7,Food
99ffe0d3-8148-4e78-90a9-fea3de1ba91a,Maersk,Tanger Med,Rotterdam,2026-06-25T05:03:58,2026-06-25T05:03:58,0.0,19294.3,Automotive
46411e53-1863-4d85-9bf1-a5495dc07d8e,MSC,Shenzhen,Hamburg,2026-07-09T15:13:40,2026-07-09T15:13:40,0.0,892.9,Electronics
d681f5ad-41be-4063-b651-adbb86ceae9a,CMA-CGM,Tanger Med,Rotterdam,2026-09-14T00:31:06,2026-09-14T00:31:06,0.0,17159.0,Electronics
40e008f9-4a0f-4a40-8262-783304af7003,Maersk,Agadir,Hamburg,2026-09-14T22:52:47,2026-09-14T22:52:47,0.0,20846.0,Automotive
7154c93e-02bd-447a-baa8-25b58cabc9b9,Maersk,Casablanca,Marseille,2026-09-07T05:42:06,2026-09-07T05:42:06,0.0,3138.3,Textiles
c7de764c-4c96-4a6b-bddf-9f951b86716c,Evergreen,Shenzhen,Hamburg,2026-06-25T10:15:02,2026-06-25T10:15:02,0.0,15804.5,Food
b5e155da-8f2c-425b-97cc-bc72363cc289,COSCO,Singapore,Felixstowe,2026-09-01T10:19:11,2026-09-01T10:19:11,0.0,5737.6,Textiles
03346d56-090f-48fb-b069-bcd319131a33,MSC,Shenzhen,Hamburg,2026-03-07T11:04:03,2026-03-07T11:04:03,0.0,16522.8,Electronics
62a2a782-2412-4f0e-9fea-8513e5bda474,MSC,Singapore,Felixstowe,2026-07-22T01:20:37,2026-07-22T01:20:37,0.0,2117.4,Textiles
0d96cd97-ac3a-4878-9686-6c312c5600dc,Maersk,Shenzhen,Hamburg,2026-07-07T15:22:36,2026-07-07T15:22:36,0.0,5854.7,Textiles
5ad8da3e-8ad4-4cd1-bc80-a0851a72b349,Maersk,Busan,Los Angeles,2026-04-12T13:35:19,2026-04-12T13:35:19,0.0,19885.9,Food
87ae9fc1-c06f-49ff-8bd8-3c52b77811a3,CMA-CGM,Casablanca,Marseille,2026-08-09T18:26:12,2026-08-12T23:14:12,76.8,24544.7,Chemicals
95ace7dd-165d-4fea-b863-c2b519476300,CMA-CGM,Casablanca,Marseille,2026-06-28T11:45:54,2026-06-28T11:45:54,0.0,19162.0,Textiles
b6e3d15f-8a88-4a0b-80d7-252dee9f896a,Maersk,Busan,Los Angeles,2026-03-11T08:22:10,2026-03-11T08:22:10,0.0,15409.1,Food
9e356009-ba16-417c-8510-4423d56f200b,COSCO,Busan,Los Angeles,2026-09-01T07:30:05,2026-09-01T07:30:05,0.0,18674.4,Food
7fd6b6a3-94f9-4764-b58a-46d84bd5b9b2,MSC,Tanger Med,Rotterdam,2026-06-12T02:55:22,2026-06-12T02:55:22,0.0,19094.1,Electronics
fffddc16-8a98-4d8a-bd3f-00146513254d,MSC,Shanghai,Rotterdam,2026-05-28T08:51:23,2026-05-28T08:51:23,0.0,19052.5,Food
2634fab6-3759-4726-98a8-dca9ec25dd43,Maersk,Tanger Med,Barcelona,2026-03-20T22:39:53,2026-03-20T22:39:53,0.0,12718.8,Automotive
017d9858-b682-48e5-a23f-d8ccd77e3085,COSCO,Casablanca,Marseille,2026-09-03T14:06:26,2026-09-03T14:06:26,0.0,1428.7,Food
83b6d8fc-5c1b-4fcc-ac87-d2ccca233c21,Marsa Maroc,Busan,Los Angeles,2026-05-06T05:17:15,2026-05-07T07:47:15,26.5,8279.7,Electronics
95a0c27b-493a-4142-896c-3b748dc8d844,Comanav,Ningbo,New York,2026-07-26T15:37:50,2026-07-30T01:37:50,82.0,7567.2,Electronics
98649552-4873-43c9-8b1d-cc1afc095127,Comanav,Agadir,Hamburg,2026-04-27T09:22:09,2026-04-27T09:22:09,0.0,8896.8,Automotive
b6b7ba6b-672a-4ccd-9dd1-70a074d5ba97,Maersk,Ningbo,New York,2026-06-03T01:26:08,2026-06-06T13:14:08,83.8,6584.3,Automotive
21c6ef41-2108-40c7-b66f-478e96d08ac5,Evergreen,Singapore,Felixstowe,2026-03-13T06:15:30,2026-03-13T06:15:30,0.0,11337.8,Electronics
2185b669-042f-4d6e-a185-5ed858bec141,Comanav,Tanger Med,Barcelona,2026-04-12T16:18:01,2026-04-12T16:18:01,0.0,23864.7,Electronics
5fa015e2-c58c-4c68-aa28-be164a006e0d,MSC,Casablanca,Marseille,2026-05-14T02:14:19,2026-05-14T02:14:19,0.0,4755.1,Food
9cdd2f55-9267-4828-8bea-40136d9fd256,MSC,Agadir,Hamburg,2026-03-08T08:30:32,2026-03-08T08:30:32,0.0,10942.9,Chemicals
71f6a16f-81d5-4a38-af3e-f5a10e2b27f1,MSC,Shanghai,Rotterdam,2026-08-19T06:46:38,2026-08-19T06:46:38,0.0,6500.7,Automotive
27772a8c-8762-4a85-83a5-e4c7036508fc,CMA-CGM,Agadir,Hamburg,2026-06-30T19:49:33,2026-06-30T19:49:33,0.0,11482.6,Automotive
3d85ddf5-708b-4c42-a17b-1c2b5aa025e3,Comanav,Shanghai,Rotterdam,2026-08-10T15:18:55,2026-08-11T11:54:55,20.6,24327.6,Chemicals
66402965-398a-43ad-93f9-1ff83f39eb7b,MSC,Singapore,Felixstowe,2026-04-28T19:26:29,2026-04-28T19:26:29,0.0,10856.1,Food
84ec4496-511e-436e-a888-2dae6fa8291b,Comanav,Singapore,Felixstowe,2026-08-08T09:04:01,2026-08-08T09:04:01,0.0,23867.1,Chemicals
80956b0a-9ccb-40c2-a091-dcda8377a55b,Comanav,Tanger Med,Rotterdam,2026-05-19T04:24:29,2026-05-19T04:24:29,0.0,21424.0,Textiles
40c785e2-fbbe-4f01-a975-288284a3254e,MSC,Ningbo,New York,2026-08-07T08:59:40,2026-08-07T08:59:40,0.0,4804.6,Chemicals
48a3d011-9055-47c1-b02b-5ba949462a12,CMA-CGM,Busan,Los Angeles,2026-09-11T21:17:48,2026-09-11T21:17:48,0.0,9691.1,Food
bdb8b64d-37cf-407e-817c-fc97c9c53405,Maersk,Busan,Los Angeles,2026-08-31T03:40:53,2026-08-31T03:40:53,0.0,18014.2,Automotive
e10a3314-e216-4f64-a425-fa04ea8d3a17,MSC,Casablanca,Marseille,2026-03-25T04:30:13,2026-03-25T04:30:13,0.0,21610.6,Textiles
b9625471-44e2-4282-9fc0-8f4d3c4f78c7,COSCO,Busan,Los Angeles,2026-04-23T15:01:19,2026-04-28T08:37:19,113.6,24277.1,Textiles
deca8ead-f0f8-4f99-8f94-f5479ce09f1f,COSCO,Singapore,Felixstowe,2026-05-20T12:33:53,2026-05-20T12:33:53,0.0,24694.3,Electronics
944c3474-5eb6-4383-b401-e1afdb5a710f,Maersk,Singapore,Felixstowe,2026-07-05T05:40:52,2026-07-06T07:04:52,25.4,23337.2,Automotive
ea986d3a-0dd2-44f1-81e6-bd1d433e804f,Comanav,Agadir,Hamburg,2026-09-02T18:44:26,2026-09-02T18:44:26,0.0,6753.8,Textiles
6c14fb2a-757b-4033-9a2c-11239d261a36,Marsa Maroc,Ningbo,New York,2026-07-25T08:15:41,2026-07-25T08:15:41,0.0,17368.0,Electronics
2416fb25-c656-4975-964e-1bd38d291400,COSCO,Singapore,Felixstowe,2026-06-30T20:23:10,2026-06-30T20:23:10,0.0,6437.6,Electronics
c96dae37-68a0-41d2-8e34-349a38dee915,Marsa Maroc,Shenzhen,Hamburg,2026-05-07T06:10:37,2026-05-07T06:10:37,0.0,1192.3,Automotive
428f53e2-a8fa-49e3-bf7e-9c3eb7af3334,Evergreen,Shanghai,Rotterdam,2026-08-26T12:22:28,2026-08-26T12:22:28,0.0,17186.1,Textiles
f7107b9a-3164-403b-990d-176868ad96a3,Evergreen,Agadir,Hamburg,2026-07-11T22:43:08,2026-07-11T22:43:08,0.0,16733.8,Automotive
aac18738-155d-4c11-8ada-7647cb9361a7,Maersk,Tanger Med,Rotterdam,2026-07-16T14:11:38,2026-07-16T14:11:38,0.0,16287.7,Chemicals
36cf00ad-e41e-41c1-94f4-bdcb09de6920,Marsa Maroc,Singapore,Felixstowe,2026-06-11T16:02:02,2026-06-11T16:02:02,0.0,22574.4,Food
356d1137-b06d-4df6-9622-17ac57afe5cc,COSCO,Agadir,Hamburg,2026-09-05T00:53:08,2026-09-05T00:53:08,0.0,10958.4,Textiles
69f25aef-67d6-40c6-81c8-b63477b433f9,Evergreen,Ningbo,New York,2026-05-14T16:01:54,2026-05-14T16:01:54,0.0,9878.3,Textiles
8ae305f0-6bfa-4f5d-b959-7f2f5d3f55b3,Comanav,Singapore,Felixstowe,2026-06-04T17:43:29,2026-06-08T12:19:29,90.6,2677.4,Food
a685a94c-f033-41f9-a561-28f9fa9ff0c5,Comanav,Shenzhen,Hamburg,2026-06-17T08:31:41,2026-06-17T08:31:41,0.0,18843.9,Chemicals
77381a05-0322-424c-983d-6ea699fa6268,Maersk,Shanghai,Rotterdam,2026-06-24T22:12:49,2026-06-29T02:24:49,100.2,538.7,Electronics
80838744-dd39-4267-9ace-96e3b199092e,Evergreen,Singapore,Felixstowe,2026-05-27T07:54:45,2026-05-27T07:54:45,0.0,7564.3,Chemicals
39d22568-223c-49d8-b5e4-83b95b5059b0,MSC,Casablanca,Marseille,2026-06-24T13:58:07,2026-06-24T13:58:07,0.0,17749.2,Automotive
36ca6022-0b76-462a-89bc-3c6bd045630e,MSC,Busan,Los Angeles,2026-06-21T05:42:49,2026-06-21T05:42:49,0.0,3200.8,Food
d26dc094-7da9-4415-972c-eeedcefc97e9,MSC,Agadir,Hamburg,2026-05-20T11:58:08,2026-05-20T11:58:08,0.0,18872.9,Automotive
733ee707-504c-46f2-a1cb-1bab5e01d8d8,Comanav,Shanghai,Rotterdam,2026-09-06T21:50:20,2026-09-06T21:50:20,0.0,15857.5,Food
858f37ff-40aa-48fe-9df0-82a9c87676df,Comanav,Tanger Med,Barcelona,2026-07-02T03:02:02,2026-07-02T03:02:02,0.0,2455.3,Electronics
7707a256-22fc-4fbc-a4f4-3eee8c83a9a9,Maersk,Singapore,Felixstowe,2026-09-03T08:05:31,2026-09-03T08:05:31,0.0,8882.7,Food
a543d8a5-b45e-4bc2-a20f-2aba7f7eb4f7,COSCO,Agadir,Hamburg,2026-07-14T11:04:52,2026-07-14T11:04:52,0.0,19133.1,Electronics
e6287371-f372-4200-a822-df44af6358c6,CMA-CGM,Tanger Med,Rotterdam,2026-06-15T04:48:32,2026-06-15T04:48:32,0.0,677.1,Food
1efe5995-4a30-4482-9231-8ae6968e5557,Maersk,Tanger Med,Rotterdam,2026-06-20T18:23:29,2026-06-20T18:23:29,0.0,19898.8,Chemicals
c2c70730-9ce3-42de-b426-a595a68f9633,Comanav,Ningbo,New York,2026-04-17T07:56:56,2026-04-17T07:56:56,0.0,12405.2,Textiles
75bad111-3c63-4679-bfd5-cd743f39f2db,CMA-CGM,Singapore,Felixstowe,2026-07-26T11:00:22,2026-07-26T11:00:22,0.0,22308.7,Textiles
f4cfff53-29fb-41af-86b8-998ed702794b,CMA-CGM,Agadir,Hamburg,2026-08-01T05:18:32,2026-08-01T05:18:32,0.0,9771.7,Electronics
6061c7ad-36b5-4829-99ad-1c1c6e5d432c,Comanav,Shenzhen,Hamburg,2026-07-13T00:53:17,2026-07-13T00:53:17,0.0,2954.3,Chemicals
d08c75a6-4c58-4828-944e-a88fbf412a97,Marsa Maroc,Singapore,Felixstowe,2026-04-26T21:15:23,2026-05-01T13:09:23,111.9,1129.2,Electronics
34df230e-c9ae-45f7-ba65-659bf7e676f8,CMA-CGM,Ningbo,New York,2026-06-21T19:12:53,2026-06-25T16:24:53,93.2,6589.2,Chemicals
b042237c-66d8-4c71-97c5-d3bfd6aed832,Evergreen,Busan,Los Angeles,2026-03-17T08:05:17,2026-03-17T08:05:17,0.0,5104.4,Textiles
2b704169-0294-4006-85c1-9f01718958df,Marsa Maroc,Tanger Med,Rotterdam,2026-06-20T16:54:32,2026-06-20T16:54:32,0.0,1621.0,Textiles
1e9264ca-15d9-4f14-b073-7ea80a44f4e2,MSC,Busan,Los Angeles,2026-03-31T16:36:27,2026-03-31T16:36:27,0.0,10304.0,Food
c538d590-4f8f-490b-81e8-f56369c2a43d,CMA-CGM,Tanger Med,Barcelona,2026-07-13T12:20:30,2026-07-13T12:20:30,0.0,23321.3,Chemicals
ca52e558-3dd1-423c-b109-c0c77163b6db,Marsa Maroc,Tanger Med,Barcelona,2026-08-19T19:14:39,2026-08-19T19:14:39,0.0,15375.8,Automotive
a5d13d06-4352-4727-b1b0-511209a5f991,Evergreen,Ningbo,New York,2026-06-08T14:13:51,2026-06-12T07:37:51,89.4,1277.8,Chemicals
3bbb7774-a0f5-4046-a12e-c58b7c80787a,CMA-CGM,Tanger Med,Barcelona,2026-09-03T01:20:32,2026-09-03T01:20:32,0.0,24909.5,Chemicals
4fa6b2b7-7153-4142-9429-0e3d30e95969,COSCO,Casablanca,Marseille,2026-05-23T02:30:05,2026-05-25T18:36:05,64.1,13746.4,Automotive
608382fd-bb59-447c-9ba7-d1eb7afc1c6e,MSC,Agadir,Hamburg,2026-05-18T11:24:37,2026-05-18T11:24:37,0.0,16663.8,Electronics
1ef0639f-1bd2-47de-a3cd-342533359ff7,COSCO,Tanger Med,Barcelona,2026-06-14T07:08:24,2026-06-14T22:20:24,15.2,23260.6,Textiles
c24ce964-93ae-4c54-8a10-e1c7d7672192,Comanav,Singapore,Felixstowe,2026-06-14T11:41:44,2026-06-14T11:41:44,0.0,18119.8,Chemicals
1a7b65a3-328d-4bc4-bea8-55b1455ce7b4,Marsa Maroc,Tanger Med,Barcelona,2026-04-23T07:28:36,2026-04-23T07:28:36,0.0,13596.3,Chemicals
8bad3122-16ce-4f3d-a143-16d34c33244a,Comanav,Tanger Med,Barcelona,2026-04-12T10:03:55,2026-04-12T10:03:55,0.0,21862.5,Food
4f4d6a65-bca6-4f1f-8c69-ad8f855d4c72,Marsa Maroc,Tanger Med,Barcelona,2026-06-01T22:16:13,2026-06-01T22:16:13,0.0,22799.1,Chemicals
e7f290bb-5dcc-4939-87a2-f566829ac5aa,Comanav,Ningbo,New York,2026-06-03T03:52:21,2026-06-03T03:52:21,0.0,6217.5,Textiles
31a5a291-2374-4c2c-8ed9-812466c8c440,CMA-CGM,Tanger Med,Barcelona,2026-03-20T17:10:05,2026-03-20T17:10:05,0.0,2683.9,Food
9feb0ce7-099e-4f58-9084-cf898a41f39f,Marsa Maroc,Agadir,Hamburg,2026-05-27T15:24:43,2026-05-30T17:18:43,73.9,3621.7,Textiles
511da2c1-93ff-4b05-9e55-e6bfd50a2781,Evergreen,Singapore,Felixstowe,2026-05-30T10:11:38,2026-05-30T10:11:38,0.0,8114.6,Food
98d047fe-d99e-4c90-a5f8-a2153a02cccb,MSC,Ningbo,New York,2026-03-21T09:15:09,2026-03-26T07:03:09,117.8,8331.3,Textiles
93476845-97e7-47a1-b1f5-57c6e10c14cf,Evergreen,Casablanca,Marseille,2026-04-08T21:54:45,2026-04-08T21:54:45,0.0,14974.0,Electronics
d106d2aa-8f3c-4919-a85c-04d5868ae010,Maersk,Singapore,Felixstowe,2026-08-08T12:14:52,2026-08-08T12:14:52,0.0,11784.8,Automotive
0c9b2316-ff75-4acd-b037-f68870485078,Comanav,Shanghai,Rotterdam,2026-07-07T06:33:34,2026-07-07T06:33:34,0.0,17159.5,Automotive
d137b6d1-9671-4175-b7f2-7bf4d56244ee,MSC,Shanghai,Rotterdam,2026-08-31T11:07:24,2026-08-31T11:07:24,0.0,21303.6,Electronics
de44edb6-c85b-4cfb-859f-0cef17815bc8,CMA-CGM,Shenzhen,Hamburg,2026-04-09T01:08:47,2026-04-09T01:08:47,0.0,17370.7,Textiles
79615788-212a-420a-8554-732ffaa6720b,Marsa Maroc,Busan,Los Angeles,2026-04-23T09:17:08,2026-04-23T09:17:08,0.0,12628.1,Chemicals
ddea6cab-4bcf-44ba-a6d8-c00066d64f25,Comanav,Tanger Med,Rotterdam,2026-03-03T00:17:40,2026-03-03T00:17:40,0.0,20783.2,Automotive
c6b5ff9c-3ba8-4805-954c-898c5beb5acc,Marsa Maroc,Agadir,Hamburg,2026-05-01T08:07:03,2026-05-01T08:07:03,0.0,23117.4,Automotive
bf718fde-87c4-417c-97b2-0dbbff8d2388,Marsa Maroc,Busan,Los Angeles,2026-08-06T00:39:08,2026-08-06T00:39:08,0.0,24617.5,Automotive
285c794c-d5da-477e-a90a-a59cbd64ffee,Evergreen,Tanger Med,Rotterdam,2026-09-01T17:50:31,2026-09-01T17:50:31,0.0,10849.7,Chemicals
79fa5c08-b55c-4fb9-99ee-5dd4e13464de,Comanav,Shenzhen,Hamburg,2026-09-02T10:08:33,2026-09-02T10:08:33,0.0,2259.7,Textiles
2875fba4-4751-4514-9111-fc04c838ac6d,Marsa Maroc,Shanghai,Rotterdam,2026-05-17T11:03:51,2026-05-21T02:45:51,87.7,13926.2,Electronics
4082906a-8559-4732-9a1c-710e7c049944,CMA-CGM,Casablanca,Marseille,2026-06-20T13:19:04,2026-06-20T13:19:04,0.0,14719.4,Electronics
9df5d2d3-fa90-4172-9c17-624dc047d232,COSCO,Shanghai,Rotterdam,2026-07-03T17:29:59,2026-07-03T17:29:59,0.0,14640.4,Chemicals
45219af8-cafb-42ed-a2b1-563ba0cfb91f,CMA-CGM,Busan,Los Angeles,2026-06-19T20:15:49,2026-06-21T06:57:49,34.7,20206.8,Automotive
22e05ad6-6c0c-4c50-a0cb-d78ba08b053a,CMA-CGM,Tanger Med,Rotterdam,2026-03-23T23:26:06,2026-03-23T23:26:06,0.0,14604.2,Automotive
5e6731bb-ed5e-4fa4-88ee-15c7bbade0df,COSCO,Singapore,Felixstowe,2026-04-04T17:50:03,2026-04-04T17:50:03,0.0,4621.5,Electronics
2e641fc9-8ce1-44da-8724-c208f9c9c561,CMA-CGM,Tanger Med,Barcelona,2026-05-30T04:26:56,2026-05-31T11:50:56,31.4,1785.6,Food
732fa805-c89e-4801-932f-3c7b41212fc9,Evergreen,Shenzhen,Hamburg,2026-03-15T11:38:41,2026-03-15T11:38:41,0.0,4139.9,Chemicals
375a4a76-2ca7-4b87-bac6-33bdc33d6be0,Maersk,Agadir,Hamburg,2026-05-07T23:43:19,2026-05-07T23:43:19,0.0,10217.8,Textiles
fb3bceda-eedd-415c-9498-d79285a34d6a,Marsa Maroc,Casablanca,Marseille,2026-08-10T06:58:13,2026-08-10T06:58:13,0.0,19508.3,Electronics
570e36f1-e696-47b0-aeb3-d4f0457046e3,Comanav,Busan,Los Angeles,2026-05-08T06:28:10,2026-05-10T11:46:10,53.3,15992.2,Chemicals
39664ffe-14d5-4e36-aeb1-ab57a1454dfc,Maersk,Shenzhen,Hamburg,2026-03-15T02:42:42,2026-03-15T02:42:42,0.0,2524.6,Chemicals
0b0b78b6-1e07-451d-805f-3d92a03f95ef,MSC,Ningbo,New York,2026-08-02T04:15:27,2026-08-02T04:15:27,0.0,14538.1,Food
63020339-157e-480b-b240-8e596ee228d3,CMA-CGM,Busan,Los Angeles,2026-09-09T09:18:45,2026-09-09T09:18:45,0.0,2816.6,Food
d28caa2d-be95-47d0-b73c-b587ab3293bb,COSCO,Casablanca,Marseille,2026-05-12T08:33:00,2026-05-12T08:33:00,0.0,16292.6,Chemicals
7916f3d7-032d-4341-bbe5-eb6d2ee84797,Evergreen,Shanghai,Rotterdam,2026-06-21T10:01:39,2026-06-21T10:01:39,0.0,8468.1,Food
62d3205a-430e-4a15-8fe0-a35b8f497836,COSCO,Casablanca,Marseille,2026-03-15T13:12:36,2026-03-16T03:18:36,14.1,14123.5,Food
e151009b-9123-45bb-b0a5-7c0019316ef7,COSCO,Ningbo,New York,2026-03-04T14:22:34,2026-03-04T14:22:34,0.0,21010.0,Food
f07ca0d4-0dab-4520-87c8-82bff29745e9,Comanav,Tanger Med,Barcelona,2026-06-24T21:13:01,2026-06-24T21:13:01,0.0,24159.2,Electronics
41d24ed3-a567-4757-b699-2409e6802f44,Comanav,Casablanca,Marseille,2026-04-11T16:06:53,2026-04-11T16:06:53,0.0,4908.5,Food
fc59eaf7-860c-4e1d-a0fd-d8eface18b13,Comanav,Busan,Los Angeles,2026-07-09T02:49:07,2026-07-09T02:49:07,0.0,1459.0,Food
13ab95f7-cfa6-42df-b299-f203ea72dbf5,Marsa Maroc,Agadir,Hamburg,2026-06-19T12:18:24,2026-06-19T12:18:24,0.0,14281.2,Electronics
541ad0d2-5f96-4fc3-9076-746c2fb50518,Maersk,Tanger Med,Barcelona,2026-08-24T10:50:25,2026-08-24T10:50:25,0.0,9407.2,Food
77ec3697-28b0-4ec5-85d6-a9c47a310a86,COSCO,Casablanca,Marseille,2026-09-08T19:35:50,2026-09-12T06:41:50,83.1,6584.3,Electronics
68e2f787-7012-4e39-bf65-94c278836628,Comanav,Ningbo,New York,2026-04-22T02:50:02,2026-04-22T02:50:02,0.0,13585.5,Automotive
255740f9-51e1-43f5-9473-36a0d747c33c,Marsa Maroc,Busan,Los Angeles,2026-09-12T19:36:09,2026-09-12T19:36:09,0.0,22814.2,Textiles
06d1c1e8-be88-45d2-a498-4fe0f4232962,Evergreen,Ningbo,New York,2026-08-29T18:16:11,2026-08-29T18:16:11,0.0,2925.7,Electronics
c811c0ef-da72-46b9-94c6-639ceaa8bed7,Maersk,Agadir,Hamburg,2026-06-14T23:01:33,2026-06-14T23:01:33,0.0,7842.9,Automotive
355e6cce-a54d-4d2e-8762-a0478777188c,Evergreen,Casablanca,Marseille,2026-05-14T21:07:56,2026-05-14T21:07:56,0.0,14998.7,Textiles
4f7bb378-f11b-4a3b-bec8-fc12c675e8ea,Marsa Maroc,Casablanca,Marseille,2026-04-13T17:56:38,2026-04-13T17:56:38,0.0,2321.8,Textiles
eb469799-a2f1-4100-8d06-93472f08cf37,COSCO,Shanghai,Rotterdam,2026-07-07T10:11:57,2026-07-07T10:11:57,0.0,4501.3,Chemicals
928d4c79-112b-4ae6-9daa-72c736ea892c,CMA-CGM,Tanger Med,Barcelona,2026-05-03T02:33:22,2026-05-03T02:33:22,0.0,23534.9,Automotive
7bccb150-3aa3-4ec9-b35c-5f2629d0c2ce,MSC,Ningbo,New York,2026-08-26T05:23:34,2026-08-26T05:23:34,0.0,18450.5,Automotive
b3695b91-7f42-410c-a05b-14871a785667,Evergreen,Shenzhen,Hamburg,2026-06-08T21:52:56,2026-06-08T21:52:56,0.0,20602.5,Food
a0ecdfa7-45df-4574-8475-fbc40d213594,COSCO,Casablanca,Marseille,2026-05-12T07:30:04,2026-05-14T05:42:04,46.2,19800.7,Chemicals
d635fa27-424f-4cb9-a529-8e5799bfdaee,Evergreen,Tanger Med,Rotterdam,2026-03-06T11:16:27,2026-03-06T11:16:27,0.0,7118.1,Food
d7b861ae-deda-43ad-9a83-e20427b40ac6,Marsa Maroc,Tanger Med,Barcelona,2026-07-09T22:06:47,2026-07-09T22:06:47,0.0,2116.0,Electronics
5ae8a781-db06-4506-8c52-0cdd358f6270,CMA-CGM,Shenzhen,Hamburg,2026-06-23T13:49:31,2026-06-23T13:49:31,0.0,4085.1,Automotive
30213729-271b-49b6-8c9e-ed005b3fe14c,Maersk,Shanghai,Rotterdam,2026-05-15T00:23:37,2026-05-15T00:23:37,0.0,24497.4,Automotive
a878070c-7b04-42b6-a958-e04211787433,Maersk,Singapore,Felixstowe,2026-05-08T03:43:52,2026-05-08T03:43:52,0.0,3525.8,Food
3d0cef7d-2d0a-46a5-bee4-54870bc980b5,Evergreen,Shanghai,Rotterdam,2026-08-05T11:26:39,2026-08-08T04:20:39,64.9,13459.5,Food
37333c6a-3924-47c2-82d0-c486587f74ea,Evergreen,Shanghai,Rotterdam,2026-08-14T02:28:59,2026-08-14T02:28:59,0.0,2927.1,Electronics
dc843fd1-c6f4-4ed2-ac1e-b1b1077d8665,CMA-CGM,Casablanca,Marseille,2026-07-06T08:29:52,2026-07-08T14:35:52,54.1,8956.7,Food
3c1e2001-4237-4cf2-bd52-5447265c85df,Evergreen,Ningbo,New York,2026-04-03T16:27:16,2026-04-05T23:57:16,55.5,15011.6,Textiles
c1a017aa-8fd2-4422-9324-a33e8095a036,Marsa Maroc,Tanger Med,Rotterdam,2026-08-03T16:02:11,2026-08-03T16:02:11,0.0,4309.5,Automotive
ee4a39ba-2419-438c-a588-6aa34675cfce,COSCO,Casablanca,Marseille,2026-04-07T01:03:13,2026-04-07T01:03:13,0.0,7050.6,Textiles
6f21fccc-a9ea-4e61-a485-07b82c45f96a,Marsa Maroc,Agadir,Hamburg,2026-05-11T18:17:08,2026-05-11T18:17:08,0.0,17816.3,Automotive
a7bb1ef2-994b-45d2-9059-78d11bfb15db,CMA-CGM,Busan,Los Angeles,2026-04-24T14:35:51,2026-04-24T14:35:51,0.0,12804.6,Textiles
472663c0-6c64-454d-b1ee-67120328ba5d,Evergreen,Singapore,Felixstowe,2026-09-02T10:11:41,2026-09-06T21:23:41,107.2,20443.6,Textiles
860821c1-c8c0-4c2c-9f72-67f6906299db,CMA-CGM,Tanger Med,Barcelona,2026-07-04T16:11:10,2026-07-04T16:11:10,0.0,8162.1,Electronics
ab89cf3b-5097-4192-ad2b-1e3784074572,Maersk,Tanger Med,Barcelona,2026-06-05T07:57:59,2026-06-05T07:57:59,0.0,23649.2,Automotive
78195ae6-9ea5-4052-af39-3266f08d6654,Maersk,Tanger Med,Rotterdam,2026-03-03T15:39:40,2026-03-03T15:39:40,0.0,14076.9,Chemicals
4c94ed1c-e656-4cde-b367-93b894d8bb94,COSCO,Tanger Med,Rotterdam,2026-06-10T06:41:41,2026-06-10T06:41:41,0.0,23344.8,Automotive
1aa6c3b2-6919-4d1d-9df6-9cddf96078a3,COSCO,Busan,Los Angeles,2026-07-27T23:10:20,2026-07-27T23:10:20,0.0,24949.9,Food
53e42f59-0bce-4ca8-88ef-a4289a9f73d2,COSCO,Tanger Med,Barcelona,2026-05-31T11:13:01,2026-05-31T11:13:01,0.0,5159.5,Electronics
a031863d-d78a-412d-8a7a-7b59c3d4087e,Marsa Maroc,Singapore,Felixstowe,2026-08-21T11:52:36,2026-08-21T11:52:36,0.0,8954.0,Food
6d6c4237-083f-49a3-8ada-ffee1b0faf0d,Evergreen,Tanger Med,Rotterdam,2026-06-12T16:34:02,2026-06-12T16:34:02,0.0,4629.0,Food
822863e2-02ab-40da-85ee-ce044cc3163c,MSC,Agadir,Hamburg,2026-07-07T00:19:49,2026-07-07T00:19:49,0.0,21065.5,Food
a6d2f716-bd93-4de9-8f76-5a755f2d5054,Maersk,Shenzhen,Hamburg,2026-06-26T06:20:21,2026-06-26T06:20:21,0.0,9787.8,Textiles
e6d1f032-725f-4ad5-b126-b9bd6f029247,CMA-CGM,Tanger Med,Barcelona,2026-03-05T10:35:19,2026-03-07T01:35:19,39.0,13708.4,Electronics
52df8ce0-cfd4-4f2a-91b0-04625e40bf3c,CMA-CGM,Shanghai,Rotterdam,2026-06-10T13:51:07,2026-06-10T13:51:07,0.0,6986.4,Electronics
bd9b2308-5632-4666-a197-4d3961817b94,MSC,Singapore,Felixstowe,2026-07-18T15:16:06,2026-07-23T07:34:06,112.3,23998.8,Food
1559a5f5-ab14-4835-8bee-b075f115444b,COSCO,Tanger Med,Rotterdam,2026-05-31T18:29:58,2026-06-05T02:05:58,103.6,1908.7,Electronics
8bdbfb7f-a97e-436c-812e-e4028c46b18d,CMA-CGM,Busan,Los Angeles,2026-03-25T03:02:26,2026-03-25T03:02:26,0.0,3125.5,Textiles
d643ffdd-b4f9-4b56-bda5-3efc87fb14fb,COSCO,Casablanca,Marseille,2026-04-15T21:56:07,2026-04-15T21:56:07,0.0,2982.8,Chemicals
e85bcd70-10b7-4292-a503-e6c50310eb4b,Maersk,Agadir,Hamburg,2026-08-28T17:47:44,2026-08-28T17:47:44,0.0,22513.5,Chemicals
1ff002bf-e318-45c8-8d0f-99be472506dd,COSCO,Tanger Med,Barcelona,2026-06-28T03:38:32,2026-06-28T03:38:32,0.0,19351.5,Textiles
41416ef4-a904-4a37-b3cb-90f11932e551,COSCO,Agadir,Hamburg,2026-05-02T00:40:07,2026-05-02T00:40:07,0.0,7832.5,Chemicals
d602b451-678f-4c4a-ad44-36325da15099,Evergreen,Casablanca,Marseille,2026-08-05T10:45:24,2026-08-06T10:27:24,23.7,11245.0,Chemicals
ff518526-8bad-4b65-8a43-deffa470cb0f,MSC,Casablanca,Marseille,2026-09-12T03:49:48,2026-09-12T03:49:48,0.0,11132.0,Textiles
a5f3774b-68b7-4a05-b97e-5dc83eab45f5,Maersk,Agadir,Hamburg,2026-06-29T18:31:28,2026-06-29T18:31:28,0.0,1486.3,Chemicals
905792a9-d546-43f6-8860-4eaf8db7e3b3,Marsa Maroc,Singapore,Felixstowe,2026-04-15T14:23:38,2026-04-15T14:23:38,0.0,1274.4,Automotive
add0f07d-73a5-4f46-bf1d-5ae9a771e631,Marsa Maroc,Busan,Los Angeles,2026-06-23T13:56:59,2026-06-24T14:44:59,24.8,12482.2,Chemicals
c5a6f301-a610-413c-abe3-e04bf6a7803c,CMA-CGM,Casablanca,Marseille,2026-07-21T17:45:26,2026-07-21T17:45:26,0.0,19618.3,Chemicals
cbca5d32-2ede-483a-8227-201dd4630e9c,Marsa Maroc,Ningbo,New York,2026-05-25T18:27:50,2026-05-30T01:33:50,103.1,10026.8,Electronics
9d2453c1-c36c-4330-8adb-1a56e9c39918,Comanav,Tanger Med,Barcelona,2026-05-25T02:25:35,2026-05-25T02:25:35,0.0,4310.8,Food
7e9a2181-27f0-4200-a0c8-5d6a693b28e6,Comanav,Tanger Med,Rotterdam,2026-04-21T20:57:04,2026-04-21T20:57:04,0.0,1775.0,Textiles
7d22ffdf-c3bd-42c1-923a-5830f9ebd766,Evergreen,Singapore,Felixstowe,2026-09-02T16:58:42,2026-09-02T16:58:42,0.0,11141.0,Textiles
28d31af9-ed43-4d0e-8cb4-e40c78948afe,COSCO,Shanghai,Rotterdam,2026-04-29T11:47:34,2026-04-29T11:47:34,0.0,11009.3,Food
bc7038b8-747b-4c9f-8c4a-cca372ca79f0,Marsa Maroc,Casablanca,Marseille,2026-08-24T16:42:30,2026-08-24T16:42:30,0.0,6611.9,Electronics
c22c45c6-cb49-46e9-ae77-d8c38c870d98,Marsa Maroc,Shanghai,Rotterdam,2026-07-24T02:26:09,2026-07-24T02:26:09,0.0,20604.9,Automotive
96a2f389-fb08-413d-8199-8fc246ca29a8,Marsa Maroc,Busan,Los Angeles,2026-08-09T11:57:43,2026-08-09T11:57:43,0.0,3025.1,Food
76c622ed-3a08-4f66-8b5f-49bb4f133494,MSC,Casablanca,Marseille,2026-08-30T20:26:08,2026-09-03T00:14:08,75.8,16044.7,Automotive
db4fee48-71e3-406b-9210-d6f559d54f6d,MSC,Tanger Med,Barcelona,2026-05-24T19:44:37,2026-05-24T19:44:37,0.0,7209.6,Automotive
2c90d37b-afd3-433a-bb6e-e60528bcd189,COSCO,Casablanca,Marseille,2026-06-05T02:32:41,2026-06-05T02:32:41,0.0,5391.3,Electronics
e9ea4e71-2202-417c-ba60-032fc5c5f58a,COSCO,Singapore,Felixstowe,2026-04-01T19:05:11,2026-04-01T19:05:11,0.0,17653.9,Automotive
66352418-4cda-45da-8e67-7929b9f02daa,CMA-CGM,Agadir,Hamburg,2026-08-21T11:59:34,2026-08-21T11:59:34,0.0,2003.1,Chemicals
98a7497b-8a52-4e89-861e-0caf31b40ffe,CMA-CGM,Tanger Med,Rotterdam,2026-07-19T12:04:45,2026-07-19T12:04:45,0.0,9407.6,Textiles
dc6e6bbc-3cd2-41ff-8155-605097554fb0,MSC,Singapore,Felixstowe,2026-03-31T07:58:12,2026-03-31T07:58:12,0.0,1665.1,Electronics
1f515533-1812-44bb-b2e1-081bf0e4d6c4,Maersk,Tanger Med,Rotterdam,2026-04-13T13:51:42,2026-04-13T13:51:42,0.0,8380.2,Textiles
94eb5a90-ff6c-4446-b2e5-5674ad7eb7d3,CMA-CGM,Busan,Los Angeles,2026-03-24T23:37:36,2026-03-25T22:31:36,22.9,5028.6,Chemicals
18fedef2-2920-477b-a60a-af3e346cd6f4,CMA-CGM,Shenzhen,Hamburg,2026-09-13T07:28:51,2026-09-13T07:28:51,0.0,2873.7,Electronics
bb6eb7ab-c37b-4df4-aea2-ed9c328c1f76,Comanav,Ningbo,New York,2026-05-18T12:14:15,2026-05-20T12:02:15,47.8,18661.7,Textiles
5d91df76-e490-440b-b650-db8dbce1a5e6,Evergreen,Ningbo,New York,2026-04-28T04:43:31,2026-04-28T04:43:31,0.0,16431.1,Automotive
f7b46601-06d4-462d-91aa-130239d7afa7,Maersk,Singapore,Felixstowe,2026-05-03T21:35:50,2026-05-04T23:41:50,26.1,18693.4,Electronics
d803502a-989e-4cdb-ac11-c3d132f4a9c6,Evergreen,Tanger Med,Rotterdam,2026-07-06T10:16:40,2026-07-10T21:46:40,107.5,20526.5,Automotive
87f41c6e-a7eb-4f52-9cb8-e2e876542d2f,Maersk,Busan,Los Angeles,2026-08-19T14:15:08,2026-08-19T14:15:08,0.0,13891.2,Textiles
e96bbf4e-6142-4405-8db8-b5c7be311a3b,Marsa Maroc,Shanghai,Rotterdam,2026-04-15T03:26:07,2026-04-15T03:26:07,0.0,19144.2,Food
2b9f34c6-51e6-4aed-9f57-e9ef2aca43ab,Maersk,Casablanca,Marseille,2026-05-19T18:28:50,2026-05-19T18:28:50,0.0,10746.2,Textiles
082e8efa-6edc-4c66-871a-050f4aa82004,CMA-CGM,Ningbo,New York,2026-09-06T20:12:24,2026-09-09T08:36:24,60.4,18074.5,Chemicals
c459259c-429e-498a-a7e9-fbc1ebd8003f,COSCO,Tanger Med,Barcelona,2026-04-05T07:38:15,2026-04-05T07:38:15,0.0,23317.6,Food
26b44dad-9f5f-4ce7-a6d8-568862503514,MSC,Tanger Med,Rotterdam,2026-08-21T00:11:58,2026-08-21T00:11:58,0.0,17569.3,Automotive
154451fa-4106-4c32-be12-7f702e0ae0af,Maersk,Shanghai,Rotterdam,2026-03-22T14:33:47,2026-03-23T09:09:47,18.6,24325.6,Automotive
aa775516-0334-4b99-9567-d2dce488ebb4,COSCO,Singapore,Felixstowe,2026-08-24T02:17:43,2026-08-24T02:17:43,0.0,21821.3,Electronics
32b20c35-96f7-4f96-904b-f5e6fe1eeb67,COSCO,Casablanca,Marseille,2026-04-21T05:48:37,2026-04-21T05:48:37,0.0,9911.7,Chemicals
ef74f289-bf1d-452b-b995-0bd139e61168,Evergreen,Singapore,Felixstowe,2026-08-09T08:02:15,2026-08-09T08:02:15,0.0,5009.6,Automotive
2dfeb46f-355e-4aa7-8370-846231f46b50,Evergreen,Agadir,Hamburg,2026-08-25T09:40:13,2026-08-25T09:40:13,0.0,22039.3,Food
5697c08c-c532-4c35-9086-344b0464cc72,Evergreen,Busan,Los Angeles,2026-03-23T10:08:44,2026-03-23T10:08:44,0.0,13364.3,Textiles
00c30841-9d55-43ab-b041-8721c9d1aeb7,CMA-CGM,Agadir,Hamburg,2026-08-27T13:40:41,2026-08-27T13:40:41,0.0,14027.7,Automotive
96c4d2a6-306c-4496-9e82-54bb1d5dd3a4,Maersk,Agadir,Hamburg,2026-06-28T16:20:54,2026-06-28T16:20:54,0.0,7650.2,Automotive
a9da0d7a-d39f-4d99-8a74-d8264aa20f4c,MSC,Shanghai,Rotterdam,2026-03-09T10:54:55,2026-03-09T10:54:55,0.0,19870.2,Automotive
2a1f6fc1-1306-4504-9dd2-eee3e0c01265,Evergreen,Agadir,Hamburg,2026-08-01T18:30:34,2026-08-01T18:30:34,0.0,16391.8,Food
8ea0ca4c-5bb4-4ef7-9f68-889e4457541a,CMA-CGM,Shenzhen,Hamburg,2026-06-07T19:42:47,2026-06-07T19:42:47,0.0,17783.8,Food
3b1076f1-c5d1-4921-9281-4af4ab167fc4,Marsa Maroc,Shanghai,Rotterdam,2026-03-02T04:06:22,2026-03-02T04:06:22,0.0,22509.2,Textiles
4fb2aebf-76c5-4584-b130-054cfd5abc16,Maersk,Shenzhen,Hamburg,2026-05-24T14:59:14,2026-05-24T14:59:14,0.0,755.0,Textiles
e35de18d-b499-45be-b0ee-0bdd807bda13,Marsa Maroc,Agadir,Hamburg,2026-03-29T08:41:04,2026-03-30T15:47:04,31.1,24304.3,Food
e12e8d80-d2e8-44ff-ae80-58fba6b7c7a1,Marsa Maroc,Tanger Med,Barcelona,2026-03-18T14:07:53,2026-03-18T14:07:53,0.0,9858.5,Textiles
2fca704e-352d-4183-b7d6-89993fd835ab,MSC,Ningbo,New York,2026-08-12T13:08:45,2026-08-12T13:08:45,0.0,5905.7,Textiles
b50f1087-963b-4d26-afe8-11b1c39627e7,Evergreen,Agadir,Hamburg,2026-07-12T19:14:30,2026-07-12T19:14:30,0.0,21526.4,Chemicals
c5462d5a-5cd9-4e5d-81a6-445b3e8294ca,COSCO,Casablanca,Marseille,2026-03-25T18:17:07,2026-03-25T18:17:07,0.0,18294.0,Textiles
cda8e979-0ff6-4531-bf98-67f884aa5b2d,COSCO,Casablanca,Marseille,2026-03-24T09:37:23,2026-03-24T09:37:23,0.0,4947.1,Automotive
e4e42052-dd1d-440e-9a6d-337c026de64e,MSC,Casablanca,Marseille,2026-03-27T19:18:18,2026-03-27T19:18:18,0.0,23612.2,Automotive
3905a498-9622-40eb-8205-616d539c2f95,Maersk,Shanghai,Rotterdam,2026-08-31T08:01:21,2026-08-31T08:01:21,0.0,22188.7,Chemicals
24508426-f60d-4702-812c-fc17dc064b5b,Maersk,Agadir,Hamburg,2026-03-13T07:47:25,2026-03-13T07:47:25,0.0,10946.7,Chemicals
cc4521e3-c970-419d-b57e-18d6d0f9f402,Maersk,Singapore,Felixstowe,2026-06-20T11:52:45,2026-06-20T11:52:45,0.0,3863.6,Electronics
486dd23e-a8ff-45a0-b1e7-aac5253a8986,COSCO,Tanger Med,Barcelona,2026-08-06T18:54:57,2026-08-06T18:54:57,0.0,3195.9,Electronics
90e25dd4-81ed-4154-8d83-f73fd0fee34f,MSC,Tanger Med,Rotterdam,2026-05-09T21:32:51,2026-05-09T21:32:51,0.0,2548.1,Automotive
84f649c3-b3a7-4714-af91-6303ca268b2c,Comanav,Tanger Med,Rotterdam,2026-04-22T14:17:18,2026-04-27T09:41:18,115.4,3105.3,Textiles
c6a837b3-465f-4cbf-95f3-b767e7bc84c6,MSC,Tanger Med,Barcelona,2026-08-11T06:03:26,2026-08-11T06:03:26,0.0,19112.0,Chemicals
803d83ef-eb7c-470b-b95c-772fa174ec8b,CMA-CGM,Casablanca,Marseille,2026-07-24T10:13:43,2026-07-24T10:13:43,0.0,4285.6,Electronics
862c1ca8-dee1-4a28-af33-e2db23d335e4,Marsa Maroc,Ningbo,New York,2026-07-27T12:58:06,2026-07-27T12:58:06,0.0,13818.5,Electronics
1dff5d41-3ba7-47ae-935b-a658a8246f6a,Maersk,Tanger Med,Rotterdam,2026-08-22T04:40:08,2026-08-22T04:40:08,0.0,3012.9,Chemicals
39cdfa8d-f732-4d93-9803-95cf8ab0dc1f,Maersk,Casablanca,Marseille,2026-07-25T14:31:15,2026-07-26T05:07:15,14.6,10964.8,Automotive
f207337d-6e08-4185-b9e9-5adcce1b505d,Marsa Maroc,Shenzhen,Hamburg,2026-07-24T21:16:12,2026-07-24T21:16:12,0.0,23081.4,Chemicals
5ed3eae7-9295-4161-aadb-a9389b11ffe7,COSCO,Tanger Med,Barcelona,2026-04-01T03:59:02,2026-04-01T03:59:02,0.0,3198.3,Electronics
8390200f-3123-42ad-9695-a6ee6c7ab86a,CMA-CGM,Shanghai,Rotterdam,2026-04-21T15:33:17,2026-04-21T15:33:17,0.0,8676.3,Textiles
fc43773c-f468-4132-9990-f37b4898f2e3,Maersk,Tanger Med,Barcelona,2026-07-14T01:27:01,2026-07-14T01:27:01,0.0,4862.7,Food
80e5433c-5d90-4132-b343-248a6e1087fc,Evergreen,Shenzhen,Hamburg,2026-04-16T01:44:28,2026-04-16T01:44:28,0.0,10918.5,Textiles
82693642-086a-4b33-bdcd-fab7825895eb,CMA-CGM,Shanghai,Rotterdam,2026-05-09T07:29:41,2026-05-11T00:47:41,41.3,12731.6,Textiles
fdbbab00-73d1-44d5-9b71-db86205b5c63,Comanav,Shanghai,Rotterdam,2026-07-31T15:34:19,2026-08-04T17:52:19,98.3,19827.0,Automotive
d467d160-cc60-456f-bc15-c0b307800a50,CMA-CGM,Casablanca,Marseille,2026-04-19T10:57:39,2026-04-19T10:57:39,0.0,11444.0,Chemicals
2df300c0-9aa3-4d1e-8efe-8682f30c3eb3,Maersk,Tanger Med,Barcelona,2026-05-26T11:37:23,2026-05-26T11:37:23,0.0,24009.8,Textiles
071d0c75-0862-4f52-ae0f-b9b2be530ae3,Maersk,Casablanca,Marseille,2026-03-02T08:22:24,2026-03-02T08:22:24,0.0,3624.6,Chemicals
eea56b92-50aa-4cc4-9496-edbb6232e1cb,CMA-CGM,Shenzhen,Hamburg,2026-03-09T19:54:30,2026-03-09T19:54:30,0.0,12291.6,Chemicals
1fc580e3-8c02-4bf5-85ca-e66d15333404,MSC,Shenzhen,Hamburg,2026-06-24T20:56:40,2026-06-24T20:56:40,0.0,16521.9,Automotive
d6948804-334d-4f77-92e0-01b6e3fb510b,COSCO,Singapore,Felixstowe,2026-08-27T19:30:32,2026-08-27T19:30:32,0.0,13699.3,Chemicals
aaa7c2da-a1f6-4124-b70e-4948ea093a74,Evergreen,Ningbo,New York,2026-08-12T17:09:35,2026-08-14T22:39:35,53.5,14733.6,Chemicals
6acdcfaf-8eee-4420-9774-69ed1a5a498e,Evergreen,Ningbo,New York,2026-07-26T07:06:46,2026-07-30T10:42:46,99.6,5873.7,Electronics
218f768a-06a4-406f-96d8-ba56fa9c889f,CMA-CGM,Agadir,Hamburg,2026-05-29T04:37:27,2026-05-29T04:37:27,0.0,24850.7,Electronics
5a61a08a-f274-4d30-bfe2-7e90269a69c9,Evergreen,Shenzhen,Hamburg,2026-06-05T02:58:45,2026-06-05T02:58:45,0.0,3773.0,Electronics
1c54ccac-5aa1-4506-b709-4afa6270b8d3,CMA-CGM,Tanger Med,Rotterdam,2026-08-26T21:20:19,2026-08-26T21:20:19,0.0,21308.6,Automotive
4e891e11-386f-4115-8bd9-4097baf1ef78,COSCO,Shanghai,Rotterdam,2026-07-13T10:26:33,2026-07-13T10:26:33,0.0,21406.1,Chemicals
7133e7fc-8e04-4df2-a626-0a4a80cce612,MSC,Agadir,Hamburg,2026-04-30T05:50:09,2026-04-30T23:50:09,18.0,3876.1,Automotive
2ef29a5f-a6b8-4462-ad33-2ba18d8f3621,Marsa Maroc,Singapore,Felixstowe,2026-06-16T01:14:30,2026-06-16T01:14:30,0.0,24140.4,Textiles
387aee81-a1d0-45a2-a651-5fdb1259cd70,Marsa Maroc,Tanger Med,Rotterdam,2026-05-13T04:45:54,2026-05-13T04:45:54,0.0,14749.4,Chemicals
d7fc9d72-d227-4e0c-a37c-e5b34a4106f5,Maersk,Casablanca,Marseille,2026-04-13T19:47:17,2026-04-13T19:47:17,0.0,3961.3,Automotive
43a64b72-e645-4e62-a2f1-a3aadb9f574d,Maersk,Tanger Med,Barcelona,2026-03-13T12:17:13,2026-03-13T12:17:13,0.0,20435.9,Automotive
0d2766d6-56ce-4d02-9ce8-239b3a432eb4,COSCO,Casablanca,Marseille,2026-08-10T19:36:20,2026-08-10T19:36:20,0.0,18828.6,Textiles
4125c41e-dedf-4857-b7a8-bbaac1b203f5,COSCO,Busan,Los Angeles,2026-03-07T01:49:45,2026-03-07T01:49:45,0.0,11377.4,Electronics
f68e0b10-08b7-4807-bc0e-9a4e7a2dd066,Maersk,Shanghai,Rotterdam,2026-06-02T11:10:20,2026-06-02T11:10:20,0.0,22088.3,Electronics
d0a05c9f-755a-4511-90e7-ed2666df4d45,Evergreen,Casablanca,Marseille,2026-05-20T00:49:11,2026-05-20T00:49:11,0.0,10211.6,Chemicals
d6c9fee2-aa1d-4aa4-b78a-a023e65f8158,Evergreen,Busan,Los Angeles,2026-03-27T03:11:48,2026-03-27T03:11:48,0.0,6822.3,Food
660dea0a-c90c-4b9c-ab5d-d1353a3340f8,CMA-CGM,Ningbo,New York,2026-04-09T04:25:31,2026-04-09T04:25:31,0.0,10879.9,Automotive
77fb6e16-ab71-4845-baf4-07f1552e990c,Maersk,Shanghai,Rotterdam,2026-03-14T00:57:12,2026-03-14T00:57:12,0.0,24459.2,Automotive
fa76cfd6-0632-4298-afbd-903ec4eadbee,COSCO,Agadir,Hamburg,2026-08-21T09:07:56,2026-08-21T09:07:56,0.0,5863.2,Automotive
c7301907-6348-4600-85cd-864174b80a18,Evergreen,Ningbo,New York,2026-03-19T21:41:46,2026-03-24T01:53:46,100.2,11976.7,Textiles
0c0c82d1-d830-40a7-8c76-c647d5048546,Comanav,Singapore,Felixstowe,2026-06-04T01:05:15,2026-06-04T01:05:15,0.0,1839.5,Textiles
e28463c4-8f67-4bc6-adb2-4ca47fe0fde7,MSC,Singapore,Felixstowe,2026-03-18T04:18:58,2026-03-18T04:18:58,0.0,3057.8,Textiles
5fd08320-798c-497b-a174-0127b2049156,Maersk,Shenzhen,Hamburg,2026-08-04T05:23:05,2026-08-04T05:23:05,0.0,4487.6,Electronics
48bb4d6c-d028-4928-b5b4-9a5e71237a10,MSC,Tanger Med,Barcelona,2026-08-18T11:25:47,2026-08-18T11:25:47,0.0,19034.8,Textiles
110f126a-ebdf-4783-9793-0b1a46b3271f,Evergreen,Agadir,Hamburg,2026-05-31T00:12:01,2026-05-31T00:12:01,0.0,23265.4,Automotive
cce2f624-9b56-4b3b-a903-ac36b71f9245,Maersk,Shanghai,Rotterdam,2026-05-24T09:05:44,2026-05-27T10:05:44,73.0,14311.6,Chemicals
e008708d-02b3-4d0f-a70c-d77a6d767027,Maersk,Tanger Med,Rotterdam,2026-03-22T22:05:47,2026-03-22T22:05:47,0.0,23616.0,Electronics
ee1f16ef-d326-4f40-a342-9c864f2b4bdc,Comanav,Shenzhen,Hamburg,2026-04-24T10:09:29,2026-04-24T10:09:29,0.0,10254.3,Automotive
fb3209e3-767e-495c-8d44-b46d4901bf8b,Comanav,Shenzhen,Hamburg,2026-09-12T16:38:58,2026-09-12T16:38:58,0.0,9218.0,Automotive
f43ee80d-35cc-49ca-b62f-ad697ede70fc,CMA-CGM,Tanger Med,Barcelona,2026-06-21T08:07:50,2026-06-21T08:07:50,0.0,18665.6,Electronics
e4e7e2ee-86fc-4153-bc65-da95660a3b77,Comanav,Ningbo,New York,2026-05-30T22:32:36,2026-05-30T22:32:36,0.0,1080.3,Chemicals
45c33dbb-c731-407c-9c1c-521d45d1f7fb,Evergreen,Busan,Los Angeles,2026-07-02T20:23:52,2026-07-03T12:23:52,16.0,4450.0,Chemicals
07accc7f-ac21-47c8-9661-282350e11e29,Marsa Maroc,Tanger Med,Barcelona,2026-07-03T12:48:55,2026-07-03T12:48:55,0.0,18102.3,Automotive
dbd4bac5-d000-44dd-962a-efbabd90b98d,Comanav,Casablanca,Marseille,2026-06-01T00:06:20,2026-06-01T00:06:20,0.0,24838.7,Food
97f2286f-6f07-43da-afe3-057a56d5d432,Marsa Maroc,Ningbo,New York,2026-06-26T04:38:54,2026-06-26T04:38:54,0.0,13320.5,Textiles
adee6de5-bf57-4592-a70a-1c89ef7eedb7,Comanav,Busan,Los Angeles,2026-04-25T15:17:02,2026-04-25T15:17:02,0.0,7625.6,Food
0573f43f-3c6e-4771-bb2b-fdc41bfbf973,Maersk,Singapore,Felixstowe,2026-05-25T20:16:03,2026-05-29T19:52:03,95.6,9997.0,Automotive
5ab0fd1a-e3bb-486f-ba90-920a6f9a2526,MSC,Tanger Med,Barcelona,2026-08-08T14:39:37,2026-08-08T14:39:37,0.0,24862.9,Electronics
243df2c2-8bdf-4209-95ca-dc40d4dc43db,MSC,Tanger Med,Rotterdam,2026-06-25T16:52:18,2026-06-25T16:52:18,0.0,8083.8,Electronics
036dd430-d80e-4dc0-8fc0-e9cfb6493123,Maersk,Busan,Los Angeles,2026-06-15T20:37:13,2026-06-15T20:37:13,0.0,4658.1,Textiles
5b1bfd8e-aa05-48e3-b7e4-565b6870ab91,Maersk,Casablanca,Marseille,2026-03-24T16:09:58,2026-03-24T16:09:58,0.0,9401.5,Electronics
cb9fad8c-2947-4884-bea7-e62cbc1e7a07,MSC,Tanger Med,Barcelona,2026-05-08T00:21:34,2026-05-08T00:21:34,0.0,11788.2,Chemicals
9436925a-e948-4426-8893-524f47229d3b,Comanav,Shanghai,Rotterdam,2026-08-13T21:47:52,2026-08-17T07:59:52,82.2,3941.0,Electronics
e3bf9721-e43f-42c4-b79f-bc92489cf6bb,Maersk,Busan,Los Angeles,2026-09-09T11:31:14,2026-09-09T11:31:14,0.0,7522.3,Chemicals
93040f78-0c8e-42eb-bbf9-95cea735b712,COSCO,Casablanca,Marseille,2026-03-19T04:59:29,2026-03-19T04:59:29,0.0,21198.5,Textiles
c94cc4f8-4a65-4406-aea6-25869a907963,Maersk,Shenzhen,Hamburg,2026-07-12T18:10:43,2026-07-12T18:10:43,0.0,12895.6,Textiles
44d91684-b4ee-4e2b-a6e5-d6d0275126da,Evergreen,Tanger Med,Rotterdam,2026-07-27T00:37:07,2026-07-27T18:49:07,18.2,19869.5,Food
41e7b0df-0d95-46be-a20b-dcc1cb8817a8,MSC,Tanger Med,Rotterdam,2026-07-02T18:49:13,2026-07-04T14:13:13,43.4,4376.0,Chemicals
7e0fd025-7815-46a6-96ff-fa5ec04a79e4,MSC,Tanger Med,Barcelona,2026-08-09T16:25:36,2026-08-09T16:25:36,0.0,11825.8,Electronics
32f82c46-02be-46fb-9bb7-745b40bf6729,COSCO,Shenzhen,Hamburg,2026-08-06T13:15:04,2026-08-06T13:15:04,0.0,13610.3,Chemicals
f4068292-d506-4bb5-ae0a-d34539c7d739,Maersk,Tanger Med,Barcelona,2026-04-27T22:48:32,2026-04-27T22:48:32,0.0,3154.5,Chemicals
19a8b0fd-277a-4514-b40f-543fa9b1794a,MSC,Singapore,Felixstowe,2026-06-25T11:09:48,2026-06-25T11:09:48,0.0,2079.6,Textiles
81677996-528a-4b86-a41d-064658f50e77,MSC,Busan,Los Angeles,2026-07-25T04:51:47,2026-07-25T04:51:47,0.0,12167.4,Textiles
76c0c33d-87ce-47fc-ae6a-44c68bf5a744,Maersk,Busan,Los Angeles,2026-05-11T09:52:34,2026-05-11T09:52:34,0.0,23739.1,Automotive
e95d18eb-879c-449f-af96-63f63d8b32df,CMA-CGM,Agadir,Hamburg,2026-08-31T21:30:55,2026-08-31T21:30:55,0.0,24701.4,Chemicals
da43479d-0a21-4945-a0fe-846bd016803d,Comanav,Tanger Med,Rotterdam,2026-06-02T13:59:10,2026-06-02T13:59:10,0.0,11037.7,Chemicals
12de220e-1a55-4e9e-a836-21b606c31f93,Maersk,Agadir,Hamburg,2026-05-27T12:21:48,2026-05-27T12:21:48,0.0,1062.1,Chemicals
ddea575d-aa6b-496a-91f7-0dbdd8e60566,CMA-CGM,Shanghai,Rotterdam,2026-06-25T19:03:59,2026-06-25T19:03:59,0.0,2548.0,Electronics
b1affa39-ea70-4232-8010-9e0c601580e6,COSCO,Shanghai,Rotterdam,2026-04-26T01:27:20,2026-04-26T01:27:20,0.0,21907.5,Chemicals
c5c68568-a2ff-47ee-8b79-f0e467b9a166,Evergreen,Singapore,Felixstowe,2026-08-27T19:42:26,2026-08-27T19:42:26,0.0,22380.3,Automotive
e5f02661-ebc3-410d-86f9-f4a346137d1b,Maersk,Tanger Med,Rotterdam,2026-03-23T09:05:38,2026-03-25T19:23:38,58.3,24102.5,Textiles
2715459e-0803-4768-98d3-24cc30adf32a,MSC,Casablanca,Marseille,2026-08-08T06:25:58,2026-08-08T06:25:58,0.0,10768.0,Chemicals
98f31b49-257f-408e-a778-7c7f370c3c15,Marsa Maroc,Ningbo,New York,2026-08-09T18:08:04,2026-08-09T18:08:04,0.0,24157.0,Chemicals
6431ebe7-28de-4b30-bbaa-8ad9e3b34134,Marsa Maroc,Shenzhen,Hamburg,2026-04-22T01:50:06,2026-04-22T01:50:06,0.0,20663.9,Food
adafc36b-6ec4-4f46-9c20-37ce7dafa3c2,Maersk,Agadir,Hamburg,2026-07-29T20:19:40,2026-07-29T20:19:40,0.0,14673.0,Automotive
dd6f9eec-9f58-4ddf-9b6f-2a260e0df735,Marsa Maroc,Shenzhen,Hamburg,2026-06-03T07:36:19,2026-06-08T01:00:19,113.4,18699.5,Textiles
d384751a-2a04-49ff-87fa-2e74dd40451c,MSC,Tanger Med,Rotterdam,2026-06-08T00:43:54,2026-06-12T17:37:54,112.9,12736.4,Textiles
2f7e36cb-6a39-4303-bb6d-524cd6be321c,Comanav,Tanger Med,Barcelona,2026-05-18T23:14:08,2026-05-21T07:08:08,55.9,13256.9,Electronics
b629b410-14e6-4114-8cf6-ca8ae50bda44,Comanav,Busan,Los Angeles,2026-07-07T06:16:27,2026-07-10T14:46:27,80.5,16153.5,Food
5da023f4-3dde-481b-99a8-37ec020adab4,Maersk,Tanger Med,Barcelona,2026-03-31T16:59:23,2026-03-31T16:59:23,0.0,24486.3,Chemicals
934f98a6-ec12-4878-a7a4-bd15c5bc91bc,Comanav,Ningbo,New York,2026-08-22T16:19:01,2026-08-22T16:19:01,0.0,9750.1,Textiles
2d5bfcf9-1ce5-49b9-b189-60bcffff0f3e,MSC,Agadir,Hamburg,2026-07-23T02:41:34,2026-07-26T04:59:34,74.3,852.1,Textiles
e756de1b-04c7-47c8-a0ec-6bcbd852f660,CMA-CGM,Tanger Med,Rotterdam,2026-04-05T21:49:36,2026-04-08T16:01:36,66.2,21760.1,Chemicals
6df8c92b-1cc4-42a5-90b8-2b7276aabd44,COSCO,Busan,Los Angeles,2026-05-13T23:25:02,2026-05-13T23:25:02,0.0,9129.2,Food
639ca292-38b6-45d4-be6d-a7ff3e54205d,Evergreen,Singapore,Felixstowe,2026-03-21T00:21:22,2026-03-23T00:39:22,48.3,23195.5,Chemicals
d400feb5-7ffe-49b4-a07d-863901d36072,CMA-CGM,Singapore,Felixstowe,2026-06-13T06:14:36,2026-06-13T06:14:36,0.0,15074.8,Food
da931d65-814e-4d2e-92d9-c2fd97761c68,COSCO,Singapore,Felixstowe,2026-07-25T11:27:37,2026-07-25T11:27:37,0.0,16660.3,Chemicals
37266315-f64c-4dbc-801b-c83b50036728,Marsa Maroc,Shanghai,Rotterdam,2026-03-16T08:36:35,2026-03-16T08:36:35,0.0,23165.8,Electronics
dffeb811-6a82-4466-b465-369d0c6a676c,Comanav,Tanger Med,Barcelona,2026-03-29T06:23:56,2026-03-30T04:05:56,21.7,902.4,Chemicals
88161807-637c-497f-9c3c-cdabb6e2ed61,COSCO,Tanger Med,Barcelona,2026-05-13T01:48:32,2026-05-13T01:48:32,0.0,15783.7,Food
8cd37dd3-b5d3-4d0b-9f7e-47d7749b53b3,Marsa Maroc,Tanger Med,Barcelona,2026-05-24T06:44:26,2026-05-24T06:44:26,0.0,14740.2,Electronics
1bf877d1-8b33-491a-9437-b4cb280e58b4,Comanav,Shanghai,Rotterdam,2026-09-03T04:16:40,2026-09-03T04:16:40,0.0,5960.5,Chemicals
387fe9ed-43fc-41b4-b467-06dcda3e8211,COSCO,Ningbo,New York,2026-05-21T02:59:14,2026-05-21T02:59:14,0.0,21480.4,Electronics
b19e1cc4-63c3-40c3-9bd7-35a49359594d,Comanav,Shenzhen,Hamburg,2026-07-08T07:27:08,2026-07-10T16:03:08,56.6,20600.2,Chemicals
75696275-9d21-4715-b30a-30bf77b4528e,CMA-CGM,Tanger Med,Rotterdam,2026-06-26T17:55:01,2026-06-26T17:55:01,0.0,12935.2,Textiles
1c8772e4-474a-419e-bcfa-7f40f124ea02,CMA-CGM,Shanghai,Rotterdam,2026-03-06T22:55:13,2026-03-06T22:55:13,0.0,19980.9,Chemicals
3c0acb43-c714-4edf-b116-e1f644bc067a,Maersk,Agadir,Hamburg,2026-05-22T06:11:29,2026-05-24T14:59:29,56.8,880.5,Automotive
044bd63f-9570-4ad4-bc35-e67fa7a5aa5c,Comanav,Shenzhen,Hamburg,2026-05-13T19:08:57,2026-05-17T23:44:57,100.6,15198.7,Textiles
fd04c0c4-2b29-407c-b5cf-f8dc92cba55c,Evergreen,Casablanca,Marseille,2026-04-15T13:27:58,2026-04-17T03:33:58,38.1,24350.5,Automotive
fa3e9ef1-f4ce-43ee-aa6a-2fdad7429469,Comanav,Singapore,Felixstowe,2026-09-02T23:51:57,2026-09-02T23:51:57,0.0,23332.5,Chemicals
dc00f683-2f79-425f-ae7a-75a10bfb75b6,Marsa Maroc,Casablanca,Marseille,2026-06-03T05:07:56,2026-06-03T05:07:56,0.0,18338.8,Chemicals
42ba5cf4-7430-44b8-9b5b-f85738631639,Evergreen,Shenzhen,Hamburg,2026-05-19T10:12:02,2026-05-19T10:12:02,0.0,6158.8,Automotive
d09052ff-810a-41c4-a493-827d4bb0db3e,Maersk,Ningbo,New York,2026-08-02T00:52:43,2026-08-02T00:52:43,0.0,19714.9,Textiles
e54ac6de-3d14-4114-88d1-f01b434a99f9,MSC,Ningbo,New York,2026-06-01T22:43:34,2026-06-03T08:43:34,34.0,2785.0,Chemicals
1d711a5b-6b2c-4198-abec-739cd352c4e8,Marsa Maroc,Tanger Med,Rotterdam,2026-07-03T21:40:08,2026-07-03T21:40:08,0.0,4249.7,Food
0206521c-10a0-4b2c-97c1-00e4f4cc25fa,Maersk,Ningbo,New York,2026-06-18T22:18:10,2026-06-18T22:18:10,0.0,1119.6,Automotive
ac5cbf46-7bb3-43be-8608-350f924e2c94,Marsa Maroc,Busan,Los Angeles,2026-07-26T20:01:28,2026-07-26T20:01:28,0.0,9274.0,Automotive
c26aa418-4f76-4a75-8cea-6dfef043f8e5,CMA-CGM,Agadir,Hamburg,2026-08-29T01:46:09,2026-08-29T01:46:09,0.0,21091.2,Chemicals
e24bc6c3-b706-4439-985a-acdec4afcc83,Marsa Maroc,Shanghai,Rotterdam,2026-07-18T12:32:30,2026-07-18T12:32:30,0.0,2532.6,Automotive
3c4677fd-2a14-45db-939a-829c76b77028,Marsa Maroc,Tanger Med,Rotterdam,2026-06-28T18:42:14,2026-07-03T04:18:14,105.6,3217.8,Food
e23fcbf8-849a-443c-a7ee-903bd776ffe2,Maersk,Tanger Med,Barcelona,2026-06-10T13:55:51,2026-06-10T13:55:51,0.0,6918.9,Automotive
ff4a88ed-428e-4712-bf05-081e61498137,Maersk,Tanger Med,Barcelona,2026-07-18T16:07:50,2026-07-18T16:07:50,0.0,9354.2,Automotive
65a2ec7c-f5af-4e1d-a99c-df5b39e983f6,Maersk,Singapore,Felixstowe,2026-09-10T02:57:37,2026-09-10T02:57:37,0.0,1037.9,Electronics
95a5f635-b2e4-4606-9c06-6df5a9a93939,Marsa Maroc,Busan,Los Angeles,2026-08-28T23:28:21,2026-08-28T23:28:21,0.0,17339.7,Chemicals
48a8d1fd-3296-44c8-9dc1-971209eb18c0,Marsa Maroc,Shenzhen,Hamburg,2026-04-08T07:05:43,2026-04-12T10:23:43,99.3,4905.3,Electronics
790430e2-dedf-4411-9b6a-2c2482fb2f85,Marsa Maroc,Casablanca,Marseille,2026-08-30T07:58:04,2026-08-30T07:58:04,0.0,15363.0,Electronics
45395c89-e327-4f9b-92aa-5165599b4043,CMA-CGM,Tanger Med,Barcelona,2026-07-03T08:47:25,2026-07-06T01:05:25,64.3,15543.1,Food
65193c80-a137-436d-848b-2ca6f6fb8ba2,MSC,Tanger Med,Rotterdam,2026-05-18T21:17:07,2026-05-18T21:17:07,0.0,6735.3,Electronics
d289e9d5-1657-44f6-9935-4751434869ca,Evergreen,Agadir,Hamburg,2026-07-22T23:13:13,2026-07-22T23:13:13,0.0,1064.4,Food
a278ce61-bfaf-4bb6-8962-5bf547824071,MSC,Casablanca,Marseille,2026-06-30T12:38:40,2026-07-01T13:02:40,24.4,5815.5,Textiles
cb977830-a173-4647-bb0d-a038fd9f73b3,MSC,Casablanca,Marseille,2026-08-08T18:06:31,2026-08-08T18:06:31,0.0,17444.2,Automotive
3c251f31-3187-4e2b-907c-524fa13184bf,CMA-CGM,Shanghai,Rotterdam,2026-03-18T18:05:55,2026-03-18T18:05:55,0.0,23854.1,Textiles
dadb6109-99e0-400f-813f-b14595f97990,Marsa Maroc,Ningbo,New York,2026-05-25T22:25:26,2026-05-25T22:25:26,0.0,18757.3,Chemicals
54fc6956-51ad-4bfe-8867-95af445e2957,Evergreen,Singapore,Felixstowe,2026-04-26T16:05:53,2026-05-01T07:41:53,111.6,6627.3,Automotive
dbdee4a7-c2b4-424a-ae62-c3168ff8ce55,COSCO,Shanghai,Rotterdam,2026-03-07T07:10:49,2026-03-07T07:10:49,0.0,19932.3,Food
0bc0ecaa-6536-45de-9855-c85d498954fb,MSC,Shanghai,Rotterdam,2026-06-10T06:35:27,2026-06-10T06:35:27,0.0,23867.2,Chemicals
88bad8c0-cfc6-4cd7-aee0-9a0a589ac02a,COSCO,Singapore,Felixstowe,2026-08-10T04:06:35,2026-08-10T04:06:35,0.0,18803.4,Textiles
7f0c5bae-891f-49f7-9edf-407e951cc6ef,Evergreen,Tanger Med,Barcelona,2026-06-23T15:23:29,2026-06-23T15:23:29,0.0,5393.2,Textiles
3b9796c6-64e2-48cb-9a33-279c72d9f3b0,Marsa Maroc,Shenzhen,Hamburg,2026-04-29T04:34:38,2026-04-29T04:34:38,0.0,11510.4,Electronics
b0db2e38-5840-4a68-a9c4-f856451b9ba7,CMA-CGM,Ningbo,New York,2026-05-16T04:38:23,2026-05-16T04:38:23,0.0,7690.1,Food
15b140d4-dc52-49d5-a691-2e4294c726a2,COSCO,Shenzhen,Hamburg,2026-07-07T02:34:02,2026-07-07T02:34:02,0.0,4907.7,Textiles
8b638373-7a1c-498e-afae-edda0c5afee1,Comanav,Singapore,Felixstowe,2026-05-29T07:55:44,2026-05-29T07:55:44,0.0,6510.3,Automotive
6d7ae610-86b2-4a6b-8b2d-1ef9bd31065d,CMA-CGM,Shenzhen,Hamburg,2026-07-26T12:21:47,2026-07-26T12:21:47,0.0,8204.1,Electronics
a306b431-036c-4de1-9f02-77e165bbebab,Marsa Maroc,Shenzhen,Hamburg,2026-06-04T10:22:11,2026-06-04T10:22:11,0.0,8557.3,Chemicals
13b0cd27-59f1-4839-bddb-c1467bd43215,MSC,Shenzhen,Hamburg,2026-09-10T21:49:37,2026-09-10T21:49:37,0.0,9947.0,Food
80020797-0340-425e-a923-6351fcaa2d35,Evergreen,Agadir,Hamburg,2026-07-10T02:19:37,2026-07-10T02:19:37,0.0,14243.5,Food
5e7173ce-9de9-4bd8-8fc1-76873ccf9beb,Evergreen,Tanger Med,Barcelona,2026-06-08T22:27:33,2026-06-11T07:57:33,57.5,19026.9,Textiles
0f4760e2-15af-4bfe-accb-b4f2e44cdd89,MSC,Shenzhen,Hamburg,2026-09-06T18:16:43,2026-09-06T18:16:43,0.0,20166.8,Chemicals
f3dd16f8-5b17-48f3-b75b-da788723f7a9,CMA-CGM,Tanger Med,Rotterdam,2026-09-07T12:40:56,2026-09-07T12:40:56,0.0,3540.3,Automotive
db3dcc4e-6f67-476f-ad53-4f9aba520fd0,Evergreen,Shenzhen,Hamburg,2026-08-26T23:14:15,2026-08-26T23:14:15,0.0,14622.1,Textiles
456cebf2-ee59-4e73-85d8-c84752c3c5d8,Marsa Maroc,Tanger Med,Rotterdam,2026-05-05T08:03:04,2026-05-05T08:03:04,0.0,14606.1,Electronics
7044a99e-f9c7-4949-b0e6-ea4c7510145d,CMA-CGM,Busan,Los Angeles,2026-07-15T18:31:11,2026-07-15T18:31:11,0.0,24187.9,Electronics
fc3bf6fb-7c14-406d-9253-18a3a3cb67d8,Evergreen,Ningbo,New York,2026-05-05T17:40:14,2026-05-05T17:40:14,0.0,16297.0,Electronics
144e8a8a-07e1-4a56-afcf-68954449118c,Maersk,Busan,Los Angeles,2026-04-24T08:30:28,2026-04-24T08:30:28,0.0,10669.4,Textiles
4503e8b5-b604-4c59-bc77-942f47b033b4,CMA-CGM,Shanghai,Rotterdam,2026-09-06T15:26:16,2026-09-06T15:26:16,0.0,10308.4,Food
c83a2aab-bc78-4032-8e82-7c0d82ac1fff,COSCO,Shenzhen,Hamburg,2026-05-11T11:26:58,2026-05-11T11:26:58,0.0,10136.5,Chemicals
791612d6-a5ab-41f2-b8c8-f71c3f01d2cf,Comanav,Busan,Los Angeles,2026-03-23T19:25:20,2026-03-23T19:25:20,0.0,22806.6,Textiles
cff13b08-bd2c-42c0-95e0-89c32ef4b608,Maersk,Tanger Med,Barcelona,2026-03-14T03:15:36,2026-03-14T03:15:36,0.0,20723.7,Automotive
c9a9e99e-a434-4171-8cc9-5190e5d3190b,CMA-CGM,Tanger Med,Barcelona,2026-03-29T20:48:34,2026-04-02T15:00:34,90.2,6045.4,Electronics
85104f03-d78f-48de-8fd4-2332987f8f36,Marsa Maroc,Agadir,Hamburg,2026-03-19T20:11:12,2026-03-21T23:59:12,51.8,22620.6,Electronics
7246cff5-9588-4c54-873e-b9d5d1ca584c,CMA-CGM,Tanger Med,Rotterdam,2026-03-03T11:30:05,2026-03-04T04:12:05,16.7,1676.1,Textiles
e830c7fc-626a-4ce1-bce4-78c2dfc017c2,CMA-CGM,Tanger Med,Barcelona,2026-08-08T03:46:26,2026-08-08T03:46:26,0.0,15512.4,Chemicals
6b5f97c0-17b8-43d4-bf3b-0c8c30918d2f,Marsa Maroc,Shanghai,Rotterdam,2026-04-23T09:30:50,2026-04-23T09:30:50,0.0,3875.2,Chemicals
dae0c761-0aee-4af0-a721-7e0be3ba73ad,MSC,Tanger Med,Barcelona,2026-05-29T21:06:56,2026-05-29T21:06:56,0.0,4126.0,Food
946a43d4-0d8b-4d35-8831-0ec420ecd3aa,Marsa Maroc,Singapore,Felixstowe,2026-03-27T09:30:25,2026-03-27T09:30:25,0.0,3498.1,Food
454e4860-eb1e-4b28-abe2-fb94ef9f9a73,Evergreen,Agadir,Hamburg,2026-04-28T15:41:54,2026-04-28T15:41:54,0.0,12507.5,Textiles
54fa6c9a-ca75-4fd6-9070-becf06447eb0,Comanav,Shenzhen,Hamburg,2026-03-04T13:12:16,2026-03-04T13:12:16,0.0,6032.8,Textiles
3291ef23-9652-4f77-a71e-2d4f044690f2,Marsa Maroc,Shanghai,Rotterdam,2026-05-24T22:36:54,2026-05-24T22:36:54,0.0,14183.6,Automotive
aeaeef40-031d-4852-aa9f-e3a4dfbcd9c5,Marsa Maroc,Agadir,Hamburg,2026-09-13T09:46:20,2026-09-13T09:46:20,0.0,24308.2,Electronics
a1ad9b36-2df0-4a6b-bce7-f148553236c2,Maersk,Agadir,Hamburg,2026-08-25T02:19:05,2026-08-25T02:19:05,0.0,11969.7,Chemicals
814355ee-b89e-41ba-bf20-52f956d82d6f,COSCO,Agadir,Hamburg,2026-07-23T22:28:57,2026-07-23T22:28:57,0.0,5612.2,Food
32e84216-dcb2-4477-b2d9-f67b966c73b6,Evergreen,Ningbo,New York,2026-03-24T11:26:09,2026-03-28T09:32:09,94.1,8139.7,Chemicals
690ab5a9-b934-4fc0-b032-81583d0209f2,Comanav,Casablanca,Marseille,2026-09-04T15:47:20,2026-09-04T15:47:20,0.0,22896.1,Automotive
1ecb5020-75f9-423e-9d9a-a6430cfe41d8,COSCO,Shenzhen,Hamburg,2026-09-06T11:07:56,2026-09-10T20:49:56,105.7,13079.9,Chemicals
177295f2-c6f4-4dfa-a26a-335603922c3f,Maersk,Agadir,Hamburg,2026-03-07T02:37:50,2026-03-07T02:37:50,0.0,4522.8,Textiles
97c50be3-93de-4e54-a2cb-b502c237a76d,MSC,Tanger Med,Barcelona,2026-03-03T13:37:53,2026-03-03T13:37:53,0.0,3125.7,Electronics
54d00c3c-f617-4bb6-9250-2aceb3e4706a,Maersk,Agadir,Hamburg,2026-08-07T17:57:10,2026-08-09T02:09:10,32.2,1200.4,Food
ab0abd00-fa30-49ab-bf33-3edb91e8d049,CMA-CGM,Busan,Los Angeles,2026-03-05T14:27:32,2026-03-05T14:27:32,0.0,23209.7,Electronics
d2dfc459-9bfb-40f3-9bde-95fc37f2ab7b,COSCO,Shenzhen,Hamburg,2026-03-07T11:53:56,2026-03-07T11:53:56,0.0,10224.7,Chemicals
ade9e6df-738b-4855-adfd-9ffbfba76447,CMA-CGM,Ningbo,New York,2026-06-15T16:46:09,2026-06-15T16:46:09,0.0,7178.4,Electronics
71bce739-bbca-4b40-96b4-b8d737d0fbfe,Marsa Maroc,Tanger Med,Rotterdam,2026-06-20T08:07:51,2026-06-20T08:07:51,0.0,23236.5,Automotive
b2126edd-b9a9-447e-a997-b41b7f0f0567,MSC,Shanghai,Rotterdam,2026-03-07T15:46:50,2026-03-07T15:46:50,0.0,15054.2,Food
16d9c694-0474-487c-9b59-fb293348d5b8,Evergreen,Busan,Los Angeles,2026-09-12T00:59:33,2026-09-12T00:59:33,0.0,17188.4,Automotive
b7849c4a-3003-43aa-bcff-592238308a32,MSC,Tanger Med,Barcelona,2026-08-15T05:13:59,2026-08-15T05:13:59,0.0,22428.9,Food
bb2c7be2-da7b-4079-9ba5-9545daf1cf28,MSC,Shanghai,Rotterdam,2026-05-09T14:53:17,2026-05-09T14:53:17,0.0,2975.3,Automotive
367cb939-be88-4a35-a2a1-133fe5c21247,COSCO,Singapore,Felixstowe,2026-04-11T13:27:55,2026-04-11T13:27:55,0.0,5887.3,Textiles
6a5f6db8-2531-48f9-9b37-a5744b728f59,MSC,Busan,Los Angeles,2026-04-07T09:42:37,2026-04-07T09:42:37,0.0,5487.6,Textiles
fababeda-46a3-4bdd-b04e-e6fba184a006,Marsa Maroc,Shanghai,Rotterdam,2026-04-27T19:49:30,2026-04-27T19:49:30,0.0,5034.4,Food
6040dca7-2cea-4aba-9c30-4463fc67028d,Marsa Maroc,Busan,Los Angeles,2026-06-02T13:59:32,2026-06-02T13:59:32,0.0,22713.4,Automotive
a44ae4fe-7efd-410c-a9bd-0bc5d8e683cf,CMA-CGM,Casablanca,Marseille,2026-05-14T12:56:11,2026-05-14T12:56:11,0.0,4582.8,Textiles
0e03699a-5f5e-40ee-81f5-eb337045db38,MSC,Busan,Los Angeles,2026-06-07T00:42:29,2026-06-10T12:36:29,83.9,10984.1,Electronics
d45e24a2-895a-4a74-869b-9de1daaacfc1,CMA-CGM,Casablanca,Marseille,2026-07-16T15:37:49,2026-07-17T22:01:49,30.4,19126.4,Electronics
e53fb6fa-3035-4439-a822-a0aa2c4fab39,COSCO,Shenzhen,Hamburg,2026-06-12T19:38:49,2026-06-12T19:38:49,0.0,12463.5,Automotive
6d5c4016-c29c-499a-846e-fa6c7ddfc616,Maersk,Busan,Los Angeles,2026-08-02T03:20:34,2026-08-02T03:20:34,0.0,926.1,Textiles
3d3c8abd-612e-479b-ac71-b5954c96cc0a,Evergreen,Agadir,Hamburg,2026-03-31T16:30:45,2026-03-31T16:30:45,0.0,18997.3,Electronics
a6418b5f-3fb0-4bc1-829b-105e4c5e889e,CMA-CGM,Tanger Med,Barcelona,2026-07-23T21:05:33,2026-07-23T21:05:33,0.0,8724.1,Chemicals
9d016510-7683-418f-9d6e-da1dcda19b73,Evergreen,Shenzhen,Hamburg,2026-08-05T16:26:59,2026-08-05T16:26:59,0.0,12419.1,Textiles
997e8121-22ad-4894-91ad-cd16ce127b55,Maersk,Busan,Los Angeles,2026-08-26T06:10:08,2026-08-26T06:10:08,0.0,7877.8,Textiles
ddecbf22-c845-45bd-95a3-5f1dea53fc9e,Comanav,Ningbo,New York,2026-06-03T10:51:42,2026-06-03T10:51:42,0.0,21695.6,Food
e8936125-7da4-47eb-8064-19af547fc9fe,Maersk,Busan,Los Angeles,2026-05-27T17:08:31,2026-05-27T17:08:31,0.0,13223.1,Electronics
030db1f9-c79b-46b1-bd3b-a461839f4be4,COSCO,Casablanca,Marseille,2026-06-25T11:57:58,2026-06-28T23:09:58,83.2,3970.0,Chemicals
ab1999d3-c6a6-4af2-8f1f-e82216553b18,MSC,Tanger Med,Rotterdam,2026-04-01T07:24:14,2026-04-01T07:24:14,0.0,17547.2,Chemicals
ea86b1e3-3ecb-4ac1-8da7-8b360a6516ef,MSC,Shenzhen,Hamburg,2026-03-13T07:19:15,2026-03-13T07:19:15,0.0,5249.1,Chemicals
ec07de27-a50c-446f-acab-8908bbe3e08a,CMA-CGM,Tanger Med,Barcelona,2026-04-06T07:29:16,2026-04-09T20:47:16,85.3,22530.9,Chemicals
43731b50-b0bc-456d-86cd-9452a0b93f1f,MSC,Ningbo,New York,2026-08-05T09:28:03,2026-08-05T09:28:03,0.0,17137.1,Textiles
078cfcf0-1040-4846-8cb1-fd117d524413,Evergreen,Singapore,Felixstowe,2026-07-26T06:59:48,2026-07-26T06:59:48,0.0,24851.6,Textiles
747ce66d-af34-4b50-af62-01199c9abf14,Maersk,Agadir,Hamburg,2026-07-25T11:28:30,2026-07-25T11:28:30,0.0,17695.0,Food
da1a1b0d-0616-492b-a3ce-82019c6f06d1,COSCO,Tanger Med,Barcelona,2026-09-01T20:41:20,2026-09-04T21:53:20,73.2,19916.9,Textiles
4cb7527f-eb2a-4c6f-9b68-9c802001a2c6,Maersk,Shanghai,Rotterdam,2026-03-22T19:01:44,2026-03-25T12:55:44,65.9,17295.4,Chemicals
77197eca-29fd-41ec-979d-5e087fce9e8d,Evergreen,Casablanca,Marseille,2026-03-04T16:04:55,2026-03-07T23:28:55,79.4,16775.8,Textiles
71c2eff0-c338-4a8d-be83-5846155c7842,CMA-CGM,Busan,Los Angeles,2026-05-06T13:24:38,2026-05-06T13:24:38,0.0,7720.8,Chemicals
b514e445-80b8-4f0c-8a59-5d22c8afaee5,MSC,Tanger Med,Rotterdam,2026-04-02T02:41:25,2026-04-02T02:41:25,0.0,15030.3,Electronics
76bd1a79-2a92-4dce-8428-f685b8d0209e,CMA-CGM,Busan,Los Angeles,2026-09-11T03:01:04,2026-09-11T03:01:04,0.0,9130.3,Electronics
dfdfaa27-36bd-4e43-9e81-765e12387288,CMA-CGM,Tanger Med,Rotterdam,2026-08-16T12:19:51,2026-08-16T12:19:51,0.0,22028.7,Food
07b10b75-b6d6-4e97-879d-3024fad9d86f,MSC,Ningbo,New York,2026-07-07T15:39:57,2026-07-11T08:39:57,89.0,3994.8,Automotive
b2871f9a-67b0-41f2-b465-27b446f21f38,Evergreen,Singapore,Felixstowe,2026-04-07T00:50:12,2026-04-08T20:14:12,43.4,1287.3,Textiles
843d655f-e7ab-4224-9900-ffb4c149bc7d,Comanav,Agadir,Hamburg,2026-03-17T12:36:40,2026-03-17T12:36:40,0.0,9962.9,Chemicals
00913c71-6ed2-4e55-830d-84828d658251,CMA-CGM,Tanger Med,Barcelona,2026-05-29T05:34:44,2026-06-01T10:04:44,76.5,4745.9,Chemicals
9732a568-361d-4195-bb7d-9a9797ea1f51,Comanav,Shenzhen,Hamburg,2026-05-22T02:32:59,2026-05-22T02:32:59,0.0,17241.4,Automotive
7c0e9585-a296-4109-855c-d82c1ed51a08,MSC,Shanghai,Rotterdam,2026-09-01T15:59:02,2026-09-01T15:59:02,0.0,5388.3,Textiles
d735e3a4-808b-4a2d-9f1a-2cf2d1132d78,CMA-CGM,Tanger Med,Barcelona,2026-06-14T06:47:20,2026-06-14T06:47:20,0.0,15893.8,Food
5eb1d05c-2af7-452d-8bc8-37c53c9ecb07,COSCO,Casablanca,Marseille,2026-03-19T01:59:20,2026-03-19T01:59:20,0.0,20929.4,Electronics
9955d69c-ee9e-45de-b198-6e79c44d1e1e,Evergreen,Casablanca,Marseille,2026-03-29T20:58:26,2026-03-29T20:58:26,0.0,8174.9,Textiles
00c4c146-20f9-4db7-9015-a5e5da929cb4,CMA-CGM,Busan,Los Angeles,2026-06-17T21:15:57,2026-06-17T21:15:57,0.0,10802.4,Chemicals
448241fc-b843-431f-9a1e-b94c7a030589,Maersk,Busan,Los Angeles,2026-03-13T18:40:00,2026-03-14T09:34:00,14.9,19285.9,Electronics
57a97520-98dd-4182-bc6c-474ac7b99592,Evergreen,Casablanca,Marseille,2026-05-09T15:42:18,2026-05-13T16:42:18,97.0,14717.9,Textiles
8ff8ffd8-3194-4975-9db6-5a19e1fd707d,Evergreen,Casablanca,Marseille,2026-07-01T03:12:35,2026-07-01T03:12:35,0.0,14356.6,Textiles
5d413d29-d8f6-41ea-a386-a33ba814791d,Comanav,Tanger Med,Rotterdam,2026-03-07T01:56:38,2026-03-08T03:32:38,25.6,16916.9,Chemicals
3e317e54-8266-4e02-8f77-5da27ff9d650,COSCO,Ningbo,New York,2026-05-20T10:51:12,2026-05-21T07:57:12,21.1,7119.3,Electronics
1055173c-0002-41eb-ad51-94470f67322b,Evergreen,Shenzhen,Hamburg,2026-04-25T23:57:45,2026-04-25T23:57:45,0.0,7619.1,Chemicals
ac9f277d-ba4c-4696-bba1-3df0ca253d64,Comanav,Shenzhen,Hamburg,2026-08-02T16:23:16,2026-08-02T16:23:16,0.0,18641.6,Food
5eacf93a-0107-4611-8387-71499492c460,Marsa Maroc,Tanger Med,Rotterdam,2026-03-30T21:06:33,2026-03-30T21:06:33,0.0,4031.7,Chemicals
841b2f31-1466-4dd1-8175-7b389a13e253,MSC,Casablanca,Marseille,2026-06-25T05:27:46,2026-06-28T14:33:46,81.1,4292.0,Textiles
512697cf-6921-4af4-87e8-bfd2a9d80b72,Comanav,Tanger Med,Rotterdam,2026-05-03T02:08:45,2026-05-03T02:08:45,0.0,17350.5,Electronics
d37d40cd-80a1-4275-a5ba-0718d1b247ee,Maersk,Tanger Med,Barcelona,2026-06-02T09:21:47,2026-06-02T09:21:47,0.0,22057.5,Food
7ac99906-fdaa-4ac8-87b3-cd22a84e6be3,MSC,Tanger Med,Barcelona,2026-07-30T03:12:08,2026-07-30T03:12:08,0.0,12106.7,Food
60f00f05-3700-4c1e-8bd9-7065e4e80168,COSCO,Busan,Los Angeles,2026-07-07T19:56:46,2026-07-07T19:56:46,0.0,3484.4,Chemicals
ae1e3b62-a769-45c3-b0e5-758d0aba20eb,MSC,Busan,Los Angeles,2026-07-28T01:42:21,2026-08-01T08:36:21,102.9,13894.6,Food
b5003be0-602d-4c4a-a9b1-5ef2c29f01fd,Comanav,Busan,Los Angeles,2026-04-24T08:26:02,2026-04-24T08:26:02,0.0,3518.3,Automotive
9447d196-efa1-418f-a4d7-608fb5e8ff78,MSC,Tanger Med,Rotterdam,2026-03-31T10:59:56,2026-03-31T10:59:56,0.0,18742.7,Automotive
198b2224-1e3a-4c0b-9bf0-90c1e55344e9,Evergreen,Casablanca,Marseille,2026-09-11T11:43:39,2026-09-11T11:43:39,0.0,13893.7,Chemicals
96ffcc27-d441-4de1-ae30-7bfa31f2e10e,CMA-CGM,Busan,Los Angeles,2026-07-13T07:38:39,2026-07-13T07:38:39,0.0,2950.5,Food
080fd40b-2791-485a-93c0-4dd014b9d66f,CMA-CGM,Busan,Los Angeles,2026-03-21T20:29:13,2026-03-21T20:29:13,0.0,10084.1,Electronics
8b85e909-f64d-4060-9e98-371b7ca61682,COSCO,Busan,Los Angeles,2026-04-07T22:29:51,2026-04-09T02:29:51,28.0,7443.8,Electronics
1c5beb85-a0f4-4aa5-b4df-b115c9a36633,Maersk,Singapore,Felixstowe,2026-08-17T17:57:28,2026-08-17T17:57:28,0.0,1335.0,Food
3bde1209-2e18-47e8-83ea-00fe4561b161,Maersk,Busan,Los Angeles,2026-05-30T03:44:20,2026-06-01T06:02:20,50.3,3912.9,Chemicals
8ffed67a-a48a-4462-89a3-f90e9ca12aa0,Maersk,Shanghai,Rotterdam,2026-03-30T12:32:29,2026-04-01T15:08:29,50.6,21468.1,Food
7418681d-8aa8-42e1-9d06-ec7167d760dd,CMA-CGM,Agadir,Hamburg,2026-07-11T06:33:16,2026-07-14T03:15:16,68.7,13069.6,Automotive
b9ba37b9-8777-4855-bb89-daf9d3180d82,CMA-CGM,Casablanca,Marseille,2026-08-02T01:32:25,2026-08-02T01:32:25,0.0,14297.1,Chemicals
dda34eb4-356d-4e88-a45e-02b65550e921,CMA-CGM,Casablanca,Marseille,2026-07-05T18:03:03,2026-07-05T18:03:03,0.0,16631.9,Chemicals
a3a86776-149a-4951-9c7c-e78e117ddfbe,Comanav,Tanger Med,Barcelona,2026-03-12T12:07:52,2026-03-12T12:07:52,0.0,9724.8,Chemicals
1c2968f9-1307-470a-985f-459f56bab84b,Evergreen,Casablanca,Marseille,2026-06-15T03:35:33,2026-06-15T03:35:33,0.0,12921.0,Food
51d4286c-8937-4267-baba-73b8f63221bf,MSC,Shanghai,Rotterdam,2026-08-22T23:25:55,2026-08-22T23:25:55,0.0,14926.9,Food
dceaf64d-4cf6-4ab0-8385-b7702cc506bd,Evergreen,Shenzhen,Hamburg,2026-09-07T12:45:20,2026-09-07T12:45:20,0.0,10392.5,Electronics
e2592b35-075f-4248-b09b-6dae3a1b1d6a,Comanav,Tanger Med,Rotterdam,2026-05-28T14:24:14,2026-05-28T14:24:14,0.0,6176.8,Electronics
cb2cf2dc-4d42-4e9d-bfaf-2b14d875e9d5,Marsa Maroc,Busan,Los Angeles,2026-07-17T04:24:02,2026-07-17T04:24:02,0.0,19117.8,Automotive
f285158d-fb0f-4ea7-8522-ee8a330bbde6,MSC,Tanger Med,Barcelona,2026-07-24T19:13:59,2026-07-24T19:13:59,0.0,9910.0,Chemicals
bcd4d57b-37f4-48ad-b147-c694c1613158,Maersk,Tanger Med,Barcelona,2026-08-15T17:06:52,2026-08-15T17:06:52,0.0,3304.6,Electronics
b0ec432e-65d8-48c9-a55d-7188d5a5d8f9,Comanav,Busan,Los Angeles,2026-05-12T03:12:07,2026-05-12T03:12:07,0.0,15966.7,Electronics
1b2c5d86-f0b8-484c-b5e4-2c5215596324,CMA-CGM,Casablanca,Marseille,2026-07-26T14:32:04,2026-07-26T14:32:04,0.0,11513.0,Automotive
7624fc39-b8aa-4b79-9a49-f87d132db2fe,MSC,Ningbo,New York,2026-04-03T06:43:37,2026-04-03T06:43:37,0.0,12532.0,Textiles
635e7c27-b1c3-4cf6-b688-645edcc868a6,MSC,Agadir,Hamburg,2026-06-23T17:08:10,2026-06-23T17:08:10,0.0,11134.5,Food
06bbd004-49ce-421a-b727-797b5f0f54db,Maersk,Agadir,Hamburg,2026-06-04T17:04:42,2026-06-04T17:04:42,0.0,15913.3,Electronics
cf191674-d4b1-49a4-8255-866588c3d482,Maersk,Agadir,Hamburg,2026-03-29T13:07:55,2026-03-29T13:07:55,0.0,22385.6,Textiles
62e4450c-b88b-48ab-8868-4ee4949a34aa,Evergreen,Singapore,Felixstowe,2026-04-01T20:38:58,2026-04-01T20:38:58,0.0,2263.1,Automotive
2499c12e-62a8-4678-8d60-6c2625fd2a0d,COSCO,Ningbo,New York,2026-06-13T01:40:49,2026-06-13T01:40:49,0.0,5583.1,Chemicals
5e6f2040-5bab-42a4-a260-21b9ed1888c1,CMA-CGM,Ningbo,New York,2026-04-29T21:26:36,2026-04-29T21:26:36,0.0,22544.0,Automotive
d3f1e851-d9b7-4de1-b06f-873ef73ae989,COSCO,Tanger Med,Barcelona,2026-07-26T13:51:23,2026-07-26T13:51:23,0.0,9714.9,Electronics
10e9007f-96b7-4a20-b58f-e7a134ef9a63,MSC,Tanger Med,Barcelona,2026-04-29T21:57:53,2026-04-29T21:57:53,0.0,7806.6,Electronics
bc323382-57fc-46f8-b1db-e321ecb4394d,MSC,Busan,Los Angeles,2026-07-30T07:32:24,2026-07-30T07:32:24,0.0,13743.2,Electronics
a422c52a-44e3-4665-a9ea-a8a656c9fb0d,Comanav,Agadir,Hamburg,2026-07-01T23:39:18,2026-07-06T15:15:18,111.6,6658.9,Textiles
51019456-8759-4bea-a3a5-683142b4c5dc,Comanav,Tanger Med,Barcelona,2026-07-19T01:58:11,2026-07-23T22:34:11,116.6,2332.0,Food
693f3c87-ef7f-43ea-a083-45175d23afa5,Comanav,Agadir,Hamburg,2026-04-11T09:07:35,2026-04-11T09:07:35,0.0,15475.6,Textiles
ab0c327e-6e69-434e-beee-fcc0cf0a9ca4,Evergreen,Singapore,Felixstowe,2026-04-05T13:01:56,2026-04-05T13:01:56,0.0,17589.2,Electronics
ca582233-0586-4716-ae01-d9303351c1f7,CMA-CGM,Busan,Los Angeles,2026-03-03T00:25:22,2026-03-03T00:25:22,0.0,1290.7,Chemicals
f7b4b1a3-3d4d-4c3a-b29d-9194989da1ed,MSC,Shanghai,Rotterdam,2026-06-28T17:15:39,2026-06-28T17:15:39,0.0,19236.0,Automotive
300243fe-7b8d-4d25-8f3b-c53b837a8b5d,Evergreen,Agadir,Hamburg,2026-08-20T17:14:19,2026-08-22T16:50:19,47.6,19054.9,Electronics
bffefb22-99c9-43ae-a481-12186b172fda,COSCO,Agadir,Hamburg,2026-07-18T18:40:27,2026-07-18T18:40:27,0.0,23725.9,Food
abcf7677-04d5-4fae-89dc-5ec03a127dc4,CMA-CGM,Tanger Med,Rotterdam,2026-06-13T18:24:19,2026-06-18T13:00:19,114.6,15154.6,Food
204b66d3-986c-4480-8f7c-1264750ab5e2,Evergreen,Tanger Med,Barcelona,2026-04-09T16:51:57,2026-04-09T16:51:57,0.0,3671.9,Electronics
7ecedd95-3dfb-4aff-8276-d64db0301b02,Maersk,Tanger Med,Barcelona,2026-04-21T11:03:17,2026-04-21T11:03:17,0.0,6018.5,Textiles
66f92d98-caca-4b2e-8e4f-ca86e4427dc1,COSCO,Singapore,Felixstowe,2026-04-03T21:40:09,2026-04-03T21:40:09,0.0,21320.9,Automotive
be1e03b7-70b7-48e7-8f3e-ec0f8ad4f736,Maersk,Tanger Med,Rotterdam,2026-05-12T18:37:04,2026-05-12T18:37:04,0.0,19654.7,Automotive
1f34caf0-0428-43b6-ace1-25af67348886,Evergreen,Ningbo,New York,2026-08-15T09:01:12,2026-08-18T22:37:12,85.6,18579.1,Food
05be7256-4e34-4099-8983-41f9d41ed3fe,Maersk,Busan,Los Angeles,2026-08-22T07:31:34,2026-08-22T07:31:34,0.0,9742.1,Automotive
2f0b68d6-59e3-4d4f-a5fc-cd0f061b2e6d,Marsa Maroc,Singapore,Felixstowe,2026-08-06T11:14:50,2026-08-06T11:14:50,0.0,3875.4,Chemicals
257e1190-33c4-42a5-8828-888b2a645cf6,Evergreen,Tanger Med,Barcelona,2026-04-10T02:45:35,2026-04-12T06:27:35,51.7,5244.3,Chemicals
20308017-c4fc-4af9-90cc-90decdd2d811,MSC,Tanger Med,Rotterdam,2026-03-11T04:46:43,2026-03-11T04:46:43,0.0,14921.1,Automotive
cfd1645a-484c-4d32-a970-0e30d29a76a3,Marsa Maroc,Singapore,Felixstowe,2026-04-04T19:18:29,2026-04-04T19:18:29,0.0,20289.5,Food
f3657760-098e-4be8-a067-13bfd2c5f9f3,Comanav,Tanger Med,Rotterdam,2026-07-16T10:43:12,2026-07-16T10:43:12,0.0,18135.8,Electronics
46d276df-2289-4703-8a1f-3ba13f411c11,Maersk,Tanger Med,Barcelona,2026-04-06T03:25:18,2026-04-06T03:25:18,0.0,4924.5,Electronics
b26baabb-c55c-4225-8ab6-220a4c552ae7,CMA-CGM,Shenzhen,Hamburg,2026-07-04T23:54:35,2026-07-04T23:54:35,0.0,22315.4,Textiles
5c103031-b773-484e-868b-5adafba6deab,Evergreen,Casablanca,Marseille,2026-07-28T14:40:39,2026-07-28T14:40:39,0.0,16610.8,Electronics
b9f859ad-1f58-4f40-8943-f92f2e9e623f,CMA-CGM,Tanger Med,Barcelona,2026-03-05T19:01:22,2026-03-07T05:13:22,34.2,17778.8,Textiles
46a72f1a-76ed-468b-8899-e173fc06a0dc,COSCO,Agadir,Hamburg,2026-06-22T08:12:52,2026-06-22T08:12:52,0.0,23565.0,Food
ea72feb3-2576-4582-bb91-130c182ec5f3,Comanav,Shanghai,Rotterdam,2026-08-08T16:59:21,2026-08-08T16:59:21,0.0,13407.7,Textiles
47dd2ffa-3c4a-4c9a-9953-83ea49fff8ad,Marsa Maroc,Shenzhen,Hamburg,2026-07-29T14:33:13,2026-07-29T14:33:13,0.0,3057.3,Textiles
0157d8aa-0837-4d4e-90cb-65ed14025cd2,Marsa Maroc,Singapore,Felixstowe,2026-04-02T21:27:24,2026-04-05T13:57:24,64.5,2421.9,Automotive
7f268b91-a5c1-4c6c-ab65-6d46e7d11c19,MSC,Ningbo,New York,2026-06-03T06:31:27,2026-06-03T06:31:27,0.0,14047.7,Electronics
70cff02f-56e3-43e1-84dc-bfc2a0270ec3,Marsa Maroc,Shenzhen,Hamburg,2026-05-05T20:37:38,2026-05-05T20:37:38,0.0,3978.1,Automotive
61a90015-4ce1-4dd6-badb-139d73cfb5b3,Marsa Maroc,Busan,Los Angeles,2026-07-26T20:40:46,2026-07-26T20:40:46,0.0,23849.6,Electronics
4056ec15-c6dd-4ded-a6fb-d27e2bac38bb,Comanav,Busan,Los Angeles,2026-05-05T19:52:14,2026-05-05T19:52:14,0.0,7310.2,Chemicals
eaed3660-d340-4343-9939-fefa15c7ffb7,Comanav,Shanghai,Rotterdam,2026-04-23T22:04:59,2026-04-24T16:28:59,18.4,21437.1,Chemicals
a27e2950-1373-4fc1-9efe-e7ed1e4c12b4,Maersk,Busan,Los Angeles,2026-06-13T10:30:23,2026-06-13T10:30:23,0.0,9924.2,Electronics
6cd08355-b2bd-4db2-a63c-6012d24abc36,MSC,Agadir,Hamburg,2026-06-25T22:44:48,2026-06-25T22:44:48,0.0,16668.2,Food
bf354044-ef30-43d5-9d33-76eb008a31cb,Marsa Maroc,Tanger Med,Rotterdam,2026-06-13T05:43:57,2026-06-13T05:43:57,0.0,13768.0,Textiles
7bc45ef6-9758-43fa-84ac-ccecd178da2b,Evergreen,Tanger Med,Rotterdam,2026-09-08T12:14:53,2026-09-08T12:14:53,0.0,8737.3,Textiles
b32e9981-94d4-44c9-877f-723f014397c4,Comanav,Agadir,Hamburg,2026-04-26T16:12:40,2026-04-26T16:12:40,0.0,18281.8,Food
992d16dd-5df7-40cc-ad46-903180dc20d7,Comanav,Singapore,Felixstowe,2026-03-25T13:41:33,2026-03-25T13:41:33,0.0,18366.0,Electronics
642c9c27-8cb3-483b-881d-25b7fcf49c3c,Evergreen,Tanger Med,Barcelona,2026-05-04T22:29:09,2026-05-04T22:29:09,0.0,18171.8,Textiles
3bd0ff9b-aa5c-49d0-84f2-1c0d00adada2,COSCO,Ningbo,New York,2026-08-16T19:28:35,2026-08-16T19:28:35,0.0,18120.9,Food
b519d3ca-60d3-4fb8-808a-a14648d576c0,MSC,Shanghai,Rotterdam,2026-06-16T04:09:03,2026-06-18T18:39:03,62.5,24819.0,Automotive
e317b2db-2c42-4f7d-bffd-6a1663f17d5a,Maersk,Casablanca,Marseille,2026-08-11T12:57:29,2026-08-11T12:57:29,0.0,17223.7,Textiles
8ec1bbde-2900-4176-8e37-deb455102b8a,MSC,Tanger Med,Barcelona,2026-06-25T09:53:36,2026-06-25T09:53:36,0.0,7747.7,Food
61e46cde-de41-41d5-a6ad-d538a1c09bba,Maersk,Singapore,Felixstowe,2026-09-05T01:21:46,2026-09-05T01:21:46,0.0,9361.5,Textiles
e8563ed9-1696-439b-abe4-20634b14c11b,Maersk,Tanger Med,Rotterdam,2026-03-30T20:57:32,2026-03-30T20:57:32,0.0,16689.0,Textiles
e154f058-3c09-4b5d-82a7-faaa55ccac57,COSCO,Casablanca,Marseille,2026-07-19T05:55:41,2026-07-19T05:55:41,0.0,11277.8,Chemicals
db31f01d-7250-47f1-9ad0-7e02c0692a13,CMA-CGM,Tanger Med,Rotterdam,2026-06-06T18:00:41,2026-06-06T18:00:41,0.0,21186.0,Automotive
996077de-38d3-4e94-a81b-256dc2ceed91,Maersk,Singapore,Felixstowe,2026-06-04T18:23:09,2026-06-04T18:23:09,0.0,2448.9,Food
a06c5e5e-e68f-4c01-9ce8-4531eb2a72f0,CMA-CGM,Ningbo,New York,2026-09-09T13:12:49,2026-09-12T00:48:49,59.6,6821.2,Textiles
1ce6e301-0a16-4b6d-8169-6ce317ec9a19,Comanav,Shanghai,Rotterdam,2026-05-15T22:38:29,2026-05-15T22:38:29,0.0,6071.8,Automotive
77750910-24e1-4bff-b187-9bc0c64675b2,Comanav,Casablanca,Marseille,2026-08-25T19:34:47,2026-08-25T19:34:47,0.0,1714.7,Electronics
f6bd502f-dd8d-4a1d-a700-9fdf1017e8a5,MSC,Tanger Med,Rotterdam,2026-04-11T13:03:17,2026-04-11T13:03:17,0.0,21584.0,Food
96c41a77-b009-4de3-be0e-836afedeae5d,Maersk,Shenzhen,Hamburg,2026-04-22T14:51:14,2026-04-22T14:51:14,0.0,6084.8,Textiles
3f0eeb98-ac25-4a28-bd90-0833a34b8290,Maersk,Shanghai,Rotterdam,2026-06-27T07:37:06,2026-06-27T07:37:06,0.0,21508.5,Textiles
62c94002-ce35-4475-9382-9a1f7e598ffa,Marsa Maroc,Ningbo,New York,2026-03-03T15:04:35,2026-03-03T15:04:35,0.0,6250.1,Electronics
6e6b15b9-6ca2-4514-8ae5-1fcbc7c15643,Evergreen,Tanger Med,Barcelona,2026-08-01T16:06:59,2026-08-01T16:06:59,0.0,13020.4,Automotive
8bb99170-bb7d-4e42-9a23-bf0b593e287d,CMA-CGM,Agadir,Hamburg,2026-07-08T00:29:19,2026-07-08T00:29:19,0.0,20813.9,Chemicals
c7a31994-28c0-4e4e-9a91-cf338ead07ac,Marsa Maroc,Tanger Med,Barcelona,2026-07-26T12:49:51,2026-07-26T12:49:51,0.0,7435.6,Electronics
196d39da-ca87-43bc-bc42-79092ca12ffa,Evergreen,Shenzhen,Hamburg,2026-07-06T23:33:05,2026-07-08T23:45:05,48.2,10499.4,Textiles
54a31e09-a922-414f-be7b-28141d09c266,CMA-CGM,Busan,Los Angeles,2026-08-18T23:10:30,2026-08-18T23:10:30,0.0,4427.7,Electronics
c0888af2-d703-4641-94f1-ea40ae03f62a,MSC,Shanghai,Rotterdam,2026-07-08T23:58:03,2026-07-09T14:46:03,14.8,15421.4,Textiles
67a44079-3d81-4207-b518-3c00305cc9bd,Marsa Maroc,Ningbo,New York,2026-08-15T05:38:02,2026-08-15T05:38:02,0.0,12950.5,Food
8ad5ae54-accf-443e-b8dc-ab46ea0de33d,MSC,Shenzhen,Hamburg,2026-04-22T20:46:19,2026-04-22T20:46:19,0.0,14775.8,Automotive
c7dce7e1-0432-41f3-a5ff-68e9b912ea22,Comanav,Singapore,Felixstowe,2026-06-25T16:15:35,2026-06-26T12:45:35,20.5,2394.1,Automotive
d2407b10-7806-4aed-836b-ace74fbde5d3,Evergreen,Ningbo,New York,2026-07-03T12:48:57,2026-07-03T12:48:57,0.0,18481.8,Food
90fcad45-5f5c-4c20-8098-8e09e8a726c8,Comanav,Tanger Med,Barcelona,2026-05-18T00:04:17,2026-05-22T02:16:17,98.2,15374.0,Food
fc580f61-31a1-42b1-b647-c22ae80fe550,COSCO,Ningbo,New York,2026-09-03T00:41:39,2026-09-03T00:41:39,0.0,5278.1,Food
739f4c6e-d05c-49a4-989b-757c0cf7a86e,MSC,Shanghai,Rotterdam,2026-07-01T00:24:01,2026-07-01T00:24:01,0.0,20075.6,Textiles
8fb54ef2-ef71-4d46-ad31-32d15e7928ad,COSCO,Agadir,Hamburg,2026-05-08T23:41:57,2026-05-08T23:41:57,0.0,24323.7,Automotive
0d2f2d05-c56a-429f-ae0d-c474b65cafa7,Marsa Maroc,Busan,Los Angeles,2026-08-02T15:51:42,2026-08-05T00:09:42,56.3,2452.4,Food
8251b11e-4dd3-434f-ac3e-eb7c0d7dc590,Maersk,Ningbo,New York,2026-07-02T22:34:43,2026-07-06T09:10:43,82.6,15327.9,Chemicals
507d3d73-7633-41a0-9902-900783a2b21a,MSC,Singapore,Felixstowe,2026-06-22T04:29:37,2026-06-22T04:29:37,0.0,20756.2,Automotive
7e194094-90cc-43eb-b2d1-47d9a2b2a275,MSC,Ningbo,New York,2026-09-07T16:31:11,2026-09-07T16:31:11,0.0,10486.6,Food
552a4188-86ee-4a21-9da9-a425e9c65b14,Evergreen,Casablanca,Marseille,2026-06-03T03:33:29,2026-06-03T03:33:29,0.0,7528.7,Textiles
adb76fda-1cc1-4565-a599-253119eec3d6,Maersk,Tanger Med,Barcelona,2026-07-05T13:28:47,2026-07-05T13:28:47,0.0,12873.1,Automotive
2835de64-eca5-4c47-91ef-1916d1c7e3e5,Marsa Maroc,Busan,Los Angeles,2026-07-25T01:05:22,2026-07-26T10:29:22,33.4,4907.9,Chemicals
c7a29216-9747-46a5-b604-3a8d9011109a,MSC,Tanger Med,Rotterdam,2026-06-17T20:35:12,2026-06-17T20:35:12,0.0,6952.7,Food
70b6d35e-e44a-4b55-b1dc-ce69c1532902,Marsa Maroc,Busan,Los Angeles,2026-07-31T14:25:15,2026-07-31T14:25:15,0.0,21801.7,Chemicals
1833e8ec-09b0-45b6-846c-1959d544e2ac,Marsa Maroc,Tanger Med,Rotterdam,2026-07-20T18:11:29,2026-07-20T18:11:29,0.0,2288.9,Food
b033cb45-6f0f-4ebc-8dcd-2e66adaa7b80,COSCO,Ningbo,New York,2026-04-14T05:30:41,2026-04-16T07:48:41,50.3,10356.8,Food
e92e20dc-2d71-4c8c-846d-3e394fd544d3,Marsa Maroc,Agadir,Hamburg,2026-05-17T14:16:17,2026-05-17T14:16:17,0.0,8751.8,Textiles
3ccfa2a1-2468-4eed-8ad2-0e20ec401a49,Marsa Maroc,Tanger Med,Barcelona,2026-05-09T21:02:35,2026-05-09T21:02:35,0.0,18599.3,Textiles
6b5274e8-a733-463f-9149-d9d804656de0,COSCO,Busan,Los Angeles,2026-03-11T10:52:34,2026-03-11T10:52:34,0.0,18647.1,Chemicals
4c5e2c1b-5185-4a37-897d-54e6fa9f2fb8,Comanav,Shanghai,Rotterdam,2026-08-27T06:37:51,2026-08-27T06:37:51,0.0,3797.8,Automotive
cc955d01-4476-48e4-bf13-7c3eabc9df57,Maersk,Ningbo,New York,2026-05-21T10:03:52,2026-05-21T10:03:52,0.0,690.7,Food
7cf79a7a-fafc-4337-9c34-6cdee420db55,Marsa Maroc,Shenzhen,Hamburg,2026-08-18T06:41:46,2026-08-18T06:41:46,0.0,9794.7,Chemicals
7d0b7773-225c-4610-ad66-04a7f4b29fea,Evergreen,Casablanca,Marseille,2026-06-22T03:24:13,2026-06-22T03:24:13,0.0,7342.8,Electronics
31e68309-d541-43f0-9095-500cb92ddbec,CMA-CGM,Agadir,Hamburg,2026-03-27T20:36:19,2026-03-27T20:36:19,0.0,1683.1,Food
cc075884-ce8f-4cdc-b4b9-0ddbdcafe56d,Evergreen,Ningbo,New York,2026-08-06T21:28:33,2026-08-06T21:28:33,0.0,23237.1,Textiles
5d1c2f9e-e2bb-4ca2-b927-88cbcf4eecef,COSCO,Shenzhen,Hamburg,2026-09-10T21:50:35,2026-09-10T21:50:35,0.0,4871.2,Automotive
ff332145-0bb6-453b-9b79-6b6bcc9d5e98,Comanav,Tanger Med,Rotterdam,2026-04-24T01:14:36,2026-04-28T12:32:36,107.3,18409.1,Chemicals
366c7e8d-1fd9-4748-818b-f4e716bd3751,CMA-CGM,Ningbo,New York,2026-06-26T14:36:17,2026-06-26T14:36:17,0.0,15579.2,Electronics
b096b5d2-9d3f-41ed-9ece-029656945392,CMA-CGM,Shenzhen,Hamburg,2026-06-02T23:48:02,2026-06-02T23:48:02,0.0,7552.2,Chemicals
1df8aee2-a8f0-46dc-923d-4ba5fed2503d,MSC,Busan,Los Angeles,2026-06-07T03:09:50,2026-06-08T22:21:50,43.2,22983.5,Food
df390cc7-842e-4f2f-aff4-444003226dff,MSC,Tanger Med,Barcelona,2026-04-29T20:43:08,2026-04-29T20:43:08,0.0,3954.6,Automotive
5e7cc9a2-ce4f-4a2e-a9c6-7e21201e21c3,Comanav,Ningbo,New York,2026-08-12T07:50:18,2026-08-12T07:50:18,0.0,4636.9,Food
8cf951ad-0a83-4480-94f0-922f1385e0bc,Evergreen,Tanger Med,Rotterdam,2026-07-25T09:48:32,2026-07-25T09:48:32,0.0,5280.8,Chemicals
73c56485-6b7f-4f2d-a18a-85effaf9be85,CMA-CGM,Tanger Med,Rotterdam,2026-03-29T17:24:18,2026-03-29T17:24:18,0.0,23574.2,Food
3527166e-a540-45b8-a851-9c6651f935d3,Marsa Maroc,Singapore,Felixstowe,2026-08-22T09:36:18,2026-08-22T09:36:18,0.0,3591.4,Chemicals
98a143b4-b41b-4c93-9424-28924ba0f084,Maersk,Shanghai,Rotterdam,2026-09-03T02:47:28,2026-09-03T02:47:28,0.0,23020.0,Electronics
5fd420d1-925a-4957-919a-1dd550875cbd,COSCO,Busan,Los Angeles,2026-08-03T15:46:27,2026-08-03T15:46:27,0.0,2628.2,Automotive
639fee0b-44f1-461f-aa45-3d6bf9b80aed,Marsa Maroc,Shanghai,Rotterdam,2026-09-13T17:58:19,2026-09-13T17:58:19,0.0,24226.8,Electronics
cd355a59-deff-4463-8c44-d6c056223805,Marsa Maroc,Agadir,Hamburg,2026-08-10T10:50:42,2026-08-10T10:50:42,0.0,4339.8,Textiles
39ec0ff2-7cff-4c5b-ad1d-f30f43e638bc,COSCO,Shanghai,Rotterdam,2026-03-15T06:40:34,2026-03-15T06:40:34,0.0,13064.7,Electronics
d09da8e7-e2e1-4391-bfab-a371c528e7c3,Maersk,Shenzhen,Hamburg,2026-07-18T15:03:27,2026-07-18T15:03:27,0.0,23343.0,Food
d5da2828-2256-4f67-bfb1-039b47868745,MSC,Shenzhen,Hamburg,2026-04-03T00:05:20,2026-04-06T11:29:20,83.4,22000.6,Electronics
fd6a204e-5810-4ad0-88d2-5772d87c6604,MSC,Tanger Med,Rotterdam,2026-04-12T11:23:48,2026-04-12T11:23:48,0.0,9717.1,Automotive
0a415eab-8ae2-4192-bd6b-0bc9e337673c,CMA-CGM,Agadir,Hamburg,2026-06-05T09:40:49,2026-06-05T09:40:49,0.0,12370.4,Automotive
8abed876-97cd-4025-8526-c2932dbacdd8,CMA-CGM,Busan,Los Angeles,2026-07-16T20:55:19,2026-07-16T20:55:19,0.0,16051.9,Electronics
0c53bf27-e804-4b73-819a-1867dbf420f3,Comanav,Ningbo,New York,2026-05-04T14:23:13,2026-05-04T14:23:13,0.0,5747.6,Chemicals
02a9f437-27dc-4fe4-8b97-e8b8aa8f6a98,COSCO,Tanger Med,Barcelona,2026-03-18T04:52:30,2026-03-18T04:52:30,0.0,5609.4,Automotive
e8539735-fa70-4bba-b409-eca8ff4e337c,COSCO,Tanger Med,Rotterdam,2026-08-03T04:42:26,2026-08-03T04:42:26,0.0,15527.8,Food
153e99ae-f53c-43ed-9427-7935d7269519,Marsa Maroc,Agadir,Hamburg,2026-07-07T18:42:18,2026-07-07T18:42:18,0.0,13496.3,Automotive
b0994b46-556a-4a68-9d64-44123e491942,Comanav,Shanghai,Rotterdam,2026-08-15T04:08:11,2026-08-15T04:08:11,0.0,7656.8,Chemicals
d0267b77-1aec-4879-ac63-749c9130b7e3,Comanav,Busan,Los Angeles,2026-04-11T03:28:29,2026-04-11T03:28:29,0.0,15147.1,Food
34b31c3c-addd-4d9c-95ce-99f0dc9e64fc,CMA-CGM,Busan,Los Angeles,2026-03-05T02:18:44,2026-03-05T02:18:44,0.0,3253.0,Textiles
41b0325a-2ece-4e4c-a1dc-665add32c736,COSCO,Singapore,Felixstowe,2026-04-08T07:04:47,2026-04-08T07:04:47,0.0,16729.2,Electronics
a2cdd7bd-4f70-4dae-a845-f517304edcab,COSCO,Casablanca,Marseille,2026-06-09T11:36:59,2026-06-12T22:54:59,83.3,9015.7,Chemicals
41b0cb9a-0cc1-47d8-896a-50e2c29dce35,Comanav,Casablanca,Marseille,2026-05-26T05:12:00,2026-05-30T11:54:00,102.7,21668.2,Food
8d054a8b-6949-4b24-bf07-c44073919f89,Marsa Maroc,Singapore,Felixstowe,2026-05-25T20:09:54,2026-05-25T20:09:54,0.0,7627.8,Food
ab439ed1-7323-412a-a1ea-8b8754b138de,Comanav,Agadir,Hamburg,2026-08-21T02:57:26,2026-08-21T21:33:26,18.6,19409.1,Textiles
8b6a48bb-d1b8-4609-922d-ab170b5aeba0,COSCO,Shenzhen,Hamburg,2026-07-24T07:02:49,2026-07-24T07:02:49,0.0,11327.8,Chemicals
a4a16394-1d74-4ff9-8e9b-f7aa3d216920,Maersk,Shanghai,Rotterdam,2026-07-30T21:38:04,2026-07-30T21:38:04,0.0,18340.6,Textiles
dd81f137-f239-4ec6-8f6a-2ea66ba5ddbd,CMA-CGM,Tanger Med,Rotterdam,2026-08-27T20:03:42,2026-08-27T20:03:42,0.0,5922.1,Automotive
45caf4fb-e0e7-4ca5-9aee-3afef149bd18,MSC,Ningbo,New York,2026-09-11T08:40:45,2026-09-11T08:40:45,0.0,3202.7,Food
e8b46ecf-edb1-403a-9819-318643efc905,MSC,Shenzhen,Hamburg,2026-04-28T13:02:40,2026-04-28T13:02:40,0.0,988.0,Electronics
782b3ee7-54da-4fda-8635-f979be06e7f0,Maersk,Singapore,Felixstowe,2026-07-12T23:19:44,2026-07-12T23:19:44,0.0,8665.6,Textiles
c41a353b-8885-432c-b4f3-550b6efe4214,Maersk,Ningbo,New York,2026-03-10T12:56:25,2026-03-10T12:56:25,0.0,13206.9,Textiles
41a4251d-c480-4ebf-af74-1ffeb8e9b45e,MSC,Ningbo,New York,2026-09-04T11:45:09,2026-09-08T18:15:09,102.5,10190.4,Automotive
c8ecec66-224e-407b-94d6-fe8c10bfb2f6,Comanav,Shanghai,Rotterdam,2026-04-10T14:28:14,2026-04-10T14:28:14,0.0,9660.1,Chemicals
4622ef96-4b72-41df-af76-a3b1647e8bf9,Evergreen,Agadir,Hamburg,2026-06-23T17:37:40,2026-06-23T17:37:40,0.0,23530.3,Electronics
b60eefa6-8e99-48cb-a02a-9425416b99ed,Comanav,Tanger Med,Rotterdam,2026-08-09T13:10:19,2026-08-10T12:16:19,23.1,10249.5,Chemicals
4dc581d6-9c5b-42f3-97db-8f78deea3436,MSC,Tanger Med,Rotterdam,2026-04-03T08:13:29,2026-04-03T08:13:29,0.0,1094.0,Automotive
3e3015e3-7cd2-490b-9ee1-e43b8cbb94ad,CMA-CGM,Tanger Med,Rotterdam,2026-04-15T01:50:40,2026-04-15T01:50:40,0.0,20418.4,Chemicals
5d0c9a90-1228-44ef-bb6d-0d074c50c462,MSC,Singapore,Felixstowe,2026-04-25T00:30:30,2026-04-25T00:30:30,0.0,21977.2,Electronics
1921f0ff-1e6c-40e1-b067-8a6aeb938ab2,Maersk,Tanger Med,Barcelona,2026-07-14T06:39:30,2026-07-14T06:39:30,0.0,17735.5,Chemicals
44cb1bff-d92c-41b1-8351-ed7efde924f2,Maersk,Tanger Med,Rotterdam,2026-06-30T03:01:43,2026-06-30T03:01:43,0.0,13771.6,Automotive
69770cc1-265d-456d-bbb6-b416badbccb9,Marsa Maroc,Tanger Med,Barcelona,2026-07-12T05:36:47,2026-07-12T05:36:47,0.0,10082.5,Food
4645e17d-80bd-4fd2-b69f-cdca29ec4bf3,Comanav,Shanghai,Rotterdam,2026-08-24T20:00:27,2026-08-24T20:00:27,0.0,13052.7,Electronics
4dffec59-fa4b-4879-bf62-0bc35f3f4d04,CMA-CGM,Shanghai,Rotterdam,2026-05-20T08:08:35,2026-05-20T08:08:35,0.0,2942.1,Food
549e71ce-2b8f-4877-a2db-2892424acc2d,COSCO,Busan,Los Angeles,2026-09-04T13:11:47,2026-09-04T13:11:47,0.0,2780.0,Chemicals
46e09974-4a70-4938-82ad-41b7e3e7a2ed,CMA-CGM,Ningbo,New York,2026-07-14T06:23:38,2026-07-14T06:23:38,0.0,22737.8,Food
c6648298-d030-45e3-829b-a52d9a7fd0b3,MSC,Ningbo,New York,2026-09-01T22:09:23,2026-09-01T22:09:23,0.0,24832.3,Chemicals
02ddd5f0-2019-4fc1-984e-3871a5575ad2,Comanav,Shenzhen,Hamburg,2026-04-07T21:54:45,2026-04-07T21:54:45,0.0,3153.5,Automotive
309bc88c-f9d0-41d6-979a-76a4a2420b68,COSCO,Tanger Med,Rotterdam,2026-08-18T04:00:09,2026-08-18T04:00:09,0.0,11453.6,Chemicals
8e671b25-32b6-4867-a45c-37990679104e,Marsa Maroc,Tanger Med,Barcelona,2026-08-23T17:06:48,2026-08-23T17:06:48,0.0,4022.4,Electronics
dc653a4a-b601-49a6-821a-d10c16ea2cd5,Evergreen,Tanger Med,Barcelona,2026-07-02T20:27:06,2026-07-02T20:27:06,0.0,21688.3,Chemicals
77caccf9-ef69-4a7c-afe7-56cb1a225d21,Maersk,Agadir,Hamburg,2026-03-27T02:06:36,2026-03-27T02:06:36,0.0,15604.0,Chemicals
95050cf1-309a-4923-8b1f-71115cff62ac,Marsa Maroc,Ningbo,New York,2026-06-25T14:39:50,2026-06-29T12:45:50,94.1,1943.9,Chemicals
4a710e9a-a7d9-4574-9ff8-72a42fbcac1d,COSCO,Shanghai,Rotterdam,2026-03-18T08:28:34,2026-03-18T08:28:34,0.0,8777.8,Automotive
8c5e0f44-1758-4a07-8e26-ac0e70d37dc4,CMA-CGM,Tanger Med,Rotterdam,2026-04-14T16:40:20,2026-04-14T16:40:20,0.0,15168.9,Electronics
af16a1a1-241d-42cf-b692-c4d345228b06,Marsa Maroc,Shanghai,Rotterdam,2026-03-09T18:30:30,2026-03-09T18:30:30,0.0,14279.0,Chemicals
3bf8294f-8ad6-4f2d-a6a7-25c490c1f503,COSCO,Ningbo,New York,2026-07-12T05:43:05,2026-07-12T05:43:05,0.0,16474.2,Textiles
bf6bd19b-f7f1-47b2-b6b3-0bb168bc472f,Marsa Maroc,Busan,Los Angeles,2026-04-12T11:20:02,2026-04-12T11:20:02,0.0,14092.8,Electronics
c54083ed-bb5e-4570-8ee4-83cb148fa4f6,COSCO,Tanger Med,Barcelona,2026-05-03T19:53:28,2026-05-03T19:53:28,0.0,9704.3,Electronics
1013eceb-e344-4549-9df7-98c30dcc0afa,Evergreen,Casablanca,Marseille,2026-06-03T17:26:00,2026-06-03T17:26:00,0.0,4571.8,Chemicals
1974248c-6b5a-476b-8d62-2149b3621936,Maersk,Tanger Med,Barcelona,2026-05-07T18:01:19,2026-05-10T11:31:19,65.5,15841.0,Food
0772f570-db9c-4598-9b49-9f60e018482a,MSC,Busan,Los Angeles,2026-05-02T04:34:22,2026-05-02T04:34:22,0.0,13903.6,Chemicals
5fe8929f-4f23-4e49-82a1-741b6f5b40e7,CMA-CGM,Tanger Med,Rotterdam,2026-07-07T13:02:49,2026-07-07T13:02:49,0.0,24895.7,Textiles
0d599a89-01fb-4a14-a8be-29377404f82a,CMA-CGM,Ningbo,New York,2026-08-13T14:03:02,2026-08-13T14:03:02,0.0,9605.0,Automotive
2f559b81-b16c-4e31-b2c3-ff39c73cc755,CMA-CGM,Casablanca,Marseille,2026-08-27T10:39:24,2026-08-27T10:39:24,0.0,5509.3,Food
5972b2f7-698f-4c3e-9ad3-a96157d30b52,Evergreen,Shenzhen,Hamburg,2026-05-30T01:03:01,2026-05-30T01:03:01,0.0,12066.7,Automotive
6590b28c-afb0-440f-ada6-5f8d85314ab2,Marsa Maroc,Shenzhen,Hamburg,2026-08-05T07:18:56,2026-08-05T07:18:56,0.0,21383.7,Automotive
8ddb7a12-d50f-429a-92a6-7a228b773fbd,Evergreen,Casablanca,Marseille,2026-05-11T15:12:54,2026-05-11T15:12:54,0.0,12109.8,Textiles
1e2c028f-4777-4150-8827-9f62fc1d21b5,MSC,Singapore,Felixstowe,2026-05-12T09:15:07,2026-05-12T09:15:07,0.0,2142.7,Electronics
a269fd1d-b542-4efb-8dcc-a81ca26230db,Marsa Maroc,Shanghai,Rotterdam,2026-08-15T19:47:06,2026-08-15T19:47:06,0.0,17504.1,Food
37cd9f1e-e6ce-434b-a7f1-e5e149c6d9b8,CMA-CGM,Busan,Los Angeles,2026-08-01T15:05:42,2026-08-01T15:05:42,0.0,15811.8,Food
e83a0782-c7fb-4fec-acd0-5f9a38614731,Maersk,Casablanca,Marseille,2026-03-12T08:05:30,2026-03-12T08:05:30,0.0,14199.3,Automotive
a72603a3-c082-4840-a45e-4d964ca44257,Marsa Maroc,Shenzhen,Hamburg,2026-05-16T15:11:49,2026-05-16T15:11:49,0.0,5219.7,Textiles
3621af98-d067-49f5-86e5-41bee2c87c21,Evergreen,Singapore,Felixstowe,2026-08-22T14:20:34,2026-08-22T14:20:34,0.0,9498.2,Chemicals
aea47311-1d53-4be6-94c0-087ebf5b154d,Evergreen,Shanghai,Rotterdam,2026-08-14T19:43:21,2026-08-14T19:43:21,0.0,16654.5,Electronics
0847e0df-ab3c-4817-ae40-f7a9c2747f2b,Maersk,Casablanca,Marseille,2026-07-30T00:12:43,2026-07-30T00:12:43,0.0,7359.6,Textiles
288594ff-7bfa-4407-a0dc-88bc2007762a,MSC,Tanger Med,Barcelona,2026-03-02T17:28:38,2026-03-02T17:28:38,0.0,14889.3,Chemicals
36990747-50d6-40b8-b528-8cfd3abd5c8e,Evergreen,Shenzhen,Hamburg,2026-05-23T10:02:41,2026-05-26T14:02:41,76.0,7292.3,Food
985e92ad-512e-4d5b-9402-4edc1ac1cfa0,MSC,Busan,Los Angeles,2026-05-19T22:03:01,2026-05-19T22:03:01,0.0,19692.4,Automotive
681ab937-e7a4-4d0d-b1ae-ffb160f1f948,Comanav,Tanger Med,Barcelona,2026-06-17T02:21:42,2026-06-17T02:21:42,0.0,4011.7,Chemicals
bb0e9faa-cdbe-479c-9a75-9354f72a1f29,CMA-CGM,Tanger Med,Rotterdam,2026-03-25T07:08:11,2026-03-25T07:08:11,0.0,24261.1,Automotive
221d3163-1168-424a-a6da-fb80c261d953,Comanav,Ningbo,New York,2026-04-09T12:23:52,2026-04-09T12:23:52,0.0,16788.6,Textiles
92a73db2-e58e-4508-a041-24b1634fbba1,Evergreen,Shanghai,Rotterdam,2026-05-12T14:35:31,2026-05-14T04:35:31,38.0,10134.5,Chemicals
bdb3b2b7-294d-4d64-b25e-9bd7cdb31fa4,CMA-CGM,Busan,Los Angeles,2026-07-21T01:26:17,2026-07-21T01:26:17,0.0,13288.6,Food
c3157a10-0170-4383-ad15-64c3ca893034,Evergreen,Tanger Med,Barcelona,2026-07-05T14:23:58,2026-07-10T09:35:58,115.2,23664.5,Textiles
2e37b587-aefb-40bf-b231-7b7fe924ea81,Comanav,Casablanca,Marseille,2026-05-16T12:51:55,2026-05-16T12:51:55,0.0,11320.3,Textiles
9d503359-0525-4c5a-98f8-ac7d8df4d3b4,Evergreen,Tanger Med,Barcelona,2026-08-25T16:40:44,2026-08-29T03:04:44,82.4,4861.3,Textiles
37fe0eda-77e8-4c1a-9e55-63bb5769c30a,Comanav,Busan,Los Angeles,2026-04-14T06:08:14,2026-04-14T06:08:14,0.0,18348.0,Automotive
158f311d-db82-43a6-92a2-7cf508322562,MSC,Ningbo,New York,2026-06-10T21:18:39,2026-06-10T21:18:39,0.0,4885.6,Electronics
2054210e-55c2-4938-800e-9119e7631eaa,COSCO,Agadir,Hamburg,2026-09-07T02:19:16,2026-09-07T02:19:16,0.0,5274.8,Food
6ef6822f-e125-403d-b840-d47d191657a5,CMA-CGM,Shanghai,Rotterdam,2026-06-30T17:08:16,2026-06-30T17:08:16,0.0,9537.3,Textiles
aa321370-a561-46e1-b074-f5f2f99cf2dd,Maersk,Ningbo,New York,2026-07-29T22:22:49,2026-07-29T22:22:49,0.0,1321.4,Textiles
458bcaec-2ac0-439c-824a-a99295637ad7,COSCO,Busan,Los Angeles,2026-07-31T10:46:31,2026-07-31T10:46:31,0.0,17539.7,Textiles
3da64cde-4379-40cf-92ad-d8f0aff8f044,Marsa Maroc,Shanghai,Rotterdam,2026-04-14T08:43:12,2026-04-14T08:43:12,0.0,14518.4,Electronics
3b88b6a5-5f3e-42ad-95dc-964a311a4432,Evergreen,Busan,Los Angeles,2026-07-14T02:53:33,2026-07-14T02:53:33,0.0,12512.4,Chemicals
c655a6e1-b75f-49d0-aef2-9c19030e50fe,Comanav,Ningbo,New York,2026-07-15T16:44:14,2026-07-15T16:44:14,0.0,9553.6,Food
19d95f50-4a62-4c50-9584-60baf753dc5d,Marsa Maroc,Casablanca,Marseille,2026-08-25T19:34:11,2026-08-25T19:34:11,0.0,21837.4,Automotive
6b92f44d-f111-42c2-b171-a6856af683be,COSCO,Tanger Med,Barcelona,2026-05-07T00:04:22,2026-05-08T00:58:22,24.9,11362.8,Electronics
0088c828-8338-49a5-bf19-945e6579fbc5,Maersk,Shenzhen,Hamburg,2026-06-24T12:23:12,2026-06-24T12:23:12,0.0,7298.2,Automotive
e813d8ae-5458-45e0-ba26-97bb65f23b48,CMA-CGM,Tanger Med,Rotterdam,2026-04-02T21:56:44,2026-04-02T21:56:44,0.0,21281.6,Textiles
375edbe8-e5b8-4647-aeb7-1ced086b5d03,Evergreen,Casablanca,Marseille,2026-04-22T00:29:01,2026-04-22T00:29:01,0.0,9473.3,Electronics
1817701d-f234-47f3-ac48-4664cee94259,COSCO,Singapore,Felixstowe,2026-06-30T15:06:09,2026-07-04T03:24:09,84.3,2091.4,Food
b57c7809-c741-4927-9a2d-9398552a434a,Marsa Maroc,Casablanca,Marseille,2026-04-15T18:33:00,2026-04-15T18:33:00,0.0,4728.3,Electronics
f8d386ec-8adf-4132-a5e0-68b65dd40dbe,Evergreen,Shanghai,Rotterdam,2026-06-01T15:39:32,2026-06-01T15:39:32,0.0,12883.9,Automotive
fbf95411-2e93-4554-a4a7-b3b5930c1239,CMA-CGM,Tanger Med,Rotterdam,2026-06-27T14:20:52,2026-06-27T14:20:52,0.0,9091.8,Textiles
107c8205-720a-4a6e-b915-fce4b66e54fa,Evergreen,Busan,Los Angeles,2026-04-15T10:02:34,2026-04-16T07:20:34,21.3,23291.7,Electronics
ce99084d-d1ea-4c2b-9e57-9ca30ef32dd1,Maersk,Tanger Med,Barcelona,2026-05-11T02:05:54,2026-05-11T02:05:54,0.0,2617.2,Textiles
616b5eb5-8a42-46f6-9651-82c619887d7a,Comanav,Tanger Med,Rotterdam,2026-07-23T23:27:53,2026-07-23T23:27:53,0.0,755.7,Textiles
e89d31a8-7d02-4f76-ae6b-9033426b0a04,Maersk,Busan,Los Angeles,2026-04-24T21:33:25,2026-04-24T21:33:25,0.0,23609.3,Textiles
7fcaac72-eb9c-4a7e-a36c-50d0ce367321,Marsa Maroc,Agadir,Hamburg,2026-07-29T20:44:24,2026-07-29T20:44:24,0.0,3752.0,Electronics
7f1514f9-6f5c-48b8-bb71-434b52eaeb41,Marsa Maroc,Singapore,Felixstowe,2026-08-10T10:16:15,2026-08-10T10:16:15,0.0,7334.6,Food
ec0d19de-12d7-4f76-898e-b89dbca238ec,COSCO,Shenzhen,Hamburg,2026-04-23T13:00:58,2026-04-23T13:00:58,0.0,5112.0,Automotive
0763edc2-8bf1-4c9a-afc6-bfc6a649a1d1,CMA-CGM,Casablanca,Marseille,2026-07-28T00:26:09,2026-07-28T00:26:09,0.0,11270.2,Electronics
21d3037e-e6ae-43c7-9036-aa1049e319a1,CMA-CGM,Busan,Los Angeles,2026-08-12T07:00:26,2026-08-12T07:00:26,0.0,9047.1,Food
1373f384-1271-4aa5-89d4-03d93b04c3f3,Comanav,Busan,Los Angeles,2026-05-12T03:20:59,2026-05-12T03:20:59,0.0,20877.4,Electronics
de81b5cd-34c3-4c91-90c2-b4ca0030f711,MSC,Singapore,Felixstowe,2026-09-06T00:05:42,2026-09-06T00:05:42,0.0,5661.2,Chemicals
88593b9c-31a5-4711-8044-9322d497ae39,Marsa Maroc,Shenzhen,Hamburg,2026-05-07T06:39:55,2026-05-07T06:39:55,0.0,20008.6,Automotive
9d2f266b-90b9-4d52-b764-9f0422286a60,Marsa Maroc,Shenzhen,Hamburg,2026-05-04T19:17:57,2026-05-07T18:53:57,71.6,18706.7,Textiles
b37cb541-dece-4774-86e0-6b84cab08127,Evergreen,Tanger Med,Barcelona,2026-09-07T03:47:40,2026-09-08T19:41:40,39.9,11958.4,Electronics
e407673b-f3a7-4066-8df8-e74a72d843b5,Evergreen,Tanger Med,Barcelona,2026-06-21T04:08:06,2026-06-21T04:08:06,0.0,5067.4,Automotive
b14d209c-cc99-4c08-9344-da22e526c658,Evergreen,Busan,Los Angeles,2026-04-24T11:39:30,2026-04-24T11:39:30,0.0,14312.4,Food
faf6fcd6-0a2b-440c-90ce-26f176f53cdd,CMA-CGM,Tanger Med,Rotterdam,2026-05-12T15:53:06,2026-05-12T15:53:06,0.0,15922.1,Electronics
57b24cd4-bb44-4177-a7c1-d45782e667fc,COSCO,Casablanca,Marseille,2026-07-01T04:05:53,2026-07-01T04:05:53,0.0,8748.5,Electronics
aa69446d-af81-4063-8533-d8ec59ab6cfe,CMA-CGM,Casablanca,Marseille,2026-08-23T03:38:01,2026-08-23T03:38:01,0.0,11937.6,Automotive
2f511de1-a5e9-465e-b685-195c2e907a47,COSCO,Tanger Med,Rotterdam,2026-03-21T19:41:35,2026-03-24T08:59:35,61.3,14611.1,Chemicals
3aea436f-616c-47f1-a947-8c51d5caa865,COSCO,Singapore,Felixstowe,2026-07-18T10:29:15,2026-07-20T01:47:15,39.3,9643.8,Textiles
fd47bf80-0e0e-4cbf-98e3-5e5a76597ac7,Marsa Maroc,Busan,Los Angeles,2026-03-04T17:19:26,2026-03-04T17:19:26,0.0,1483.2,Automotive
f21bb195-f549-47aa-9526-d2c680be4d75,Maersk,Ningbo,New York,2026-09-05T04:52:57,2026-09-05T04:52:57,0.0,19464.8,Food
4f4bd9be-a31c-4d88-ba40-1e8bdefd0d70,Evergreen,Singapore,Felixstowe,2026-04-23T00:35:44,2026-04-23T00:35:44,0.0,13049.0,Textiles
a607625a-5f4f-4e3a-ab79-0e268f211af4,MSC,Ningbo,New York,2026-05-15T18:43:45,2026-05-18T20:01:45,73.3,3919.0,Textiles
05aa143f-6314-4979-9f08-a9fce9cec188,Maersk,Tanger Med,Rotterdam,2026-07-28T02:37:08,2026-07-28T02:37:08,0.0,19262.7,Textiles
eef61323-8bb8-4e53-8459-243d2f55675a,COSCO,Busan,Los Angeles,2026-09-13T07:01:25,2026-09-13T07:01:25,0.0,520.7,Automotive
3b4d1f4f-0fd9-4a00-aba1-8b7905972e9b,MSC,Agadir,Hamburg,2026-09-09T05:27:12,2026-09-09T05:27:12,0.0,2469.2,Automotive
d51c5aa1-3598-4a53-90ac-a308c31be2bc,COSCO,Agadir,Hamburg,2026-08-06T21:24:30,2026-08-06T21:24:30,0.0,6495.9,Food
b9fd52ce-6cd9-418e-bbcd-bb5cf6a6983a,Maersk,Shenzhen,Hamburg,2026-09-07T23:13:02,2026-09-07T23:13:02,0.0,8945.4,Chemicals
8d27ae7b-f127-4aa4-926e-33a13850627f,Marsa Maroc,Ningbo,New York,2026-08-09T09:57:23,2026-08-09T09:57:23,0.0,5706.1,Chemicals
0a1f3e98-c3ff-4e67-a409-9877401f65bd,Comanav,Singapore,Felixstowe,2026-08-20T08:59:53,2026-08-20T08:59:53,0.0,6447.2,Electronics
077bc897-3782-4ce4-ba36-5c7327615980,MSC,Singapore,Felixstowe,2026-09-06T19:00:34,2026-09-06T19:00:34,0.0,23413.9,Chemicals
7a96f4f6-d1cb-4f76-a86b-a7d85b704edb,CMA-CGM,Shenzhen,Hamburg,2026-05-04T22:54:55,2026-05-04T22:54:55,0.0,18394.1,Chemicals
37c722a2-a3ba-4125-9acd-c1f0edcc06a7,Evergreen,Singapore,Felixstowe,2026-04-02T02:32:45,2026-04-02T02:32:45,0.0,12463.6,Food
fcd5513f-531e-4c48-bc34-d7dba75c1203,MSC,Tanger Med,Rotterdam,2026-03-12T23:38:33,2026-03-14T06:50:33,31.2,6261.4,Textiles
9e1cdaf6-71e7-4a6b-b2ef-487a2bd67e66,Evergreen,Shenzhen,Hamburg,2026-05-25T15:29:02,2026-05-28T21:23:02,77.9,18916.3,Electronics
65120f8b-0246-4052-b9ad-6b03aaedaa7e,MSC,Agadir,Hamburg,2026-06-22T10:28:31,2026-06-22T10:28:31,0.0,1584.1,Textiles
d7e0c30a-dff5-4360-a077-583d9bd1b487,Maersk,Singapore,Felixstowe,2026-03-13T16:44:25,2026-03-13T16:44:25,0.0,16524.1,Chemicals
fe271f34-dbb4-4056-b0a9-26b2b8d331c1,CMA-CGM,Casablanca,Marseille,2026-06-15T17:48:53,2026-06-15T17:48:53,0.0,17044.2,Chemicals
33eb1068-9f59-4253-844e-355010504142,CMA-CGM,Tanger Med,Rotterdam,2026-05-27T07:41:33,2026-05-29T17:11:33,57.5,4506.8,Food
a8260d26-43e5-4c90-8ef0-92537e661f01,COSCO,Tanger Med,Barcelona,2026-06-21T02:36:08,2026-06-23T04:00:08,49.4,18450.4,Chemicals
8c554efb-d6f4-4ee1-ac1a-919528ac4d24,MSC,Tanger Med,Rotterdam,2026-05-05T07:49:16,2026-05-05T07:49:16,0.0,14579.7,Chemicals
d2b7ee3b-747d-45d3-b357-ced97b56ea10,Maersk,Busan,Los Angeles,2026-08-25T14:32:39,2026-08-25T14:32:39,0.0,24018.1,Chemicals
43e64071-4f48-4759-8b2f-5b433bcf3f6f,Comanav,Singapore,Felixstowe,2026-09-09T08:39:17,2026-09-09T08:39:17,0.0,10912.0,Electronics
d3b3306f-71f1-496e-ab91-77a7641cf68a,Evergreen,Busan,Los Angeles,2026-04-13T23:12:10,2026-04-13T23:12:10,0.0,12101.9,Textiles
fe8a63de-ab2a-4af1-a4f3-c82f5a2b7c68,CMA-CGM,Ningbo,New York,2026-04-14T08:28:59,2026-04-14T08:28:59,0.0,4881.6,Chemicals
5731b848-260d-41e7-9d7f-1e4f44167d50,Comanav,Ningbo,New York,2026-06-13T00:54:20,2026-06-13T00:54:20,0.0,17030.6,Automotive
c60f2c62-736f-4e54-9244-e851bbdd0763,CMA-CGM,Tanger Med,Rotterdam,2026-07-21T11:23:58,2026-07-25T03:47:58,88.4,6817.0,Food
4a73e437-ce17-4a99-b313-9a699303ddb0,COSCO,Busan,Los Angeles,2026-03-17T03:50:17,2026-03-17T03:50:17,0.0,7402.0,Electronics
c880c7cc-6c93-4f90-87a8-5bb3549ef34b,COSCO,Busan,Los Angeles,2026-08-19T09:50:04,2026-08-19T09:50:04,0.0,22284.6,Textiles
fa9b23ff-2904-4ad5-9a73-143c499689bf,COSCO,Shanghai,Rotterdam,2026-05-24T20:57:30,2026-05-24T20:57:30,0.0,7755.5,Electronics
4c0cdf46-708a-4425-9e3c-488714de1f68,CMA-CGM,Ningbo,New York,2026-08-13T02:43:44,2026-08-13T02:43:44,0.0,9243.7,Electronics
cb963484-e3b7-4188-a366-9c5d6e4e4f10,CMA-CGM,Busan,Los Angeles,2026-04-09T18:35:25,2026-04-09T18:35:25,0.0,1372.6,Electronics
e97aecb1-d628-4bf6-bfda-9718df9cc771,Marsa Maroc,Shenzhen,Hamburg,2026-06-05T03:09:43,2026-06-05T03:09:43,0.0,18597.7,Automotive
9c13a392-77d6-4bd9-94c2-8602f65ecf58,Maersk,Casablanca,Marseille,2026-06-24T14:50:54,2026-06-24T14:50:54,0.0,3588.3,Automotive
aeb8a95a-e4f7-4d18-a6b1-5d43317f849b,COSCO,Busan,Los Angeles,2026-03-13T12:24:32,2026-03-15T13:42:32,49.3,11721.8,Food
915eda42-bc88-4edf-a303-4dcd91892243,Comanav,Agadir,Hamburg,2026-08-22T15:48:33,2026-08-27T08:30:33,112.7,20601.9,Food
b6417113-3618-4a76-b579-2f34285f9176,Maersk,Busan,Los Angeles,2026-06-11T01:36:55,2026-06-11T01:36:55,0.0,9633.5,Automotive
c255a378-6d78-4a4e-8c5e-b2929a8d258f,COSCO,Tanger Med,Barcelona,2026-07-14T08:58:22,2026-07-14T08:58:22,0.0,18272.3,Textiles
2ee13db8-2a28-49d7-bdc4-cb418c2cd5ed,COSCO,Shanghai,Rotterdam,2026-04-03T18:44:25,2026-04-03T18:44:25,0.0,5006.3,Textiles
00e794b2-b503-4e37-867d-40ed4c313f55,Comanav,Tanger Med,Barcelona,2026-08-18T12:25:41,2026-08-23T08:37:41,116.2,19944.3,Food
0b5fe6d4-1cb8-4368-be9a-24f1182bcdd2,CMA-CGM,Shanghai,Rotterdam,2026-04-15T14:07:01,2026-04-15T14:07:01,0.0,13709.4,Automotive
a63bf330-0ae8-4719-b492-5beae06df323,CMA-CGM,Tanger Med,Rotterdam,2026-06-01T00:29:50,2026-06-01T00:29:50,0.0,5772.6,Chemicals
e54ec2d1-4348-4091-831f-08f73b90a68d,Marsa Maroc,Shanghai,Rotterdam,2026-05-21T12:12:22,2026-05-21T12:12:22,0.0,5050.0,Food
d41f8103-3ad1-4c74-aa3f-0d51046013ca,Evergreen,Tanger Med,Rotterdam,2026-07-15T04:06:58,2026-07-15T04:06:58,0.0,4940.9,Textiles
1349b433-b2b7-4c7b-aeb5-64bdd786b360,Maersk,Shanghai,Rotterdam,2026-08-14T06:48:22,2026-08-14T06:48:22,0.0,958.6,Chemicals
f8481ff4-4ed5-4dc8-ba9e-fdb882f7c930,CMA-CGM,Casablanca,Marseille,2026-05-04T11:03:38,2026-05-04T11:03:38,0.0,15177.4,Textiles
05caf036-c29f-43c0-9864-ef7155371785,MSC,Tanger Med,Barcelona,2026-04-24T01:45:50,2026-04-24T01:45:50,0.0,17870.7,Automotive
127b8245-9b20-4b17-a45e-3f68a05b5983,Evergreen,Tanger Med,Barcelona,2026-05-20T05:50:05,2026-05-20T05:50:05,0.0,17944.8,Chemicals
ff4bc896-1fc3-4143-b60d-80875ab401af,Marsa Maroc,Singapore,Felixstowe,2026-05-20T08:50:45,2026-05-20T08:50:45,0.0,13765.7,Chemicals
c5bb0af6-a51e-4086-b367-8f732840d33e,Maersk,Ningbo,New York,2026-03-24T01:15:18,2026-03-24T01:15:18,0.0,8331.2,Chemicals
9d4ed955-8a9d-47c6-a7cc-6e743562091d,COSCO,Casablanca,Marseille,2026-07-15T05:50:14,2026-07-17T23:44:14,65.9,13539.9,Automotive
4c0b416a-00af-47d5-ad89-651f5b9b7463,CMA-CGM,Singapore,Felixstowe,2026-06-18T03:54:08,2026-06-18T03:54:08,0.0,16687.1,Food
8d87b8fe-f609-4912-8387-6adb8b01c41a,Marsa Maroc,Tanger Med,Barcelona,2026-05-05T09:23:26,2026-05-05T09:23:26,0.0,24631.2,Electronics
095fa682-9871-477d-be7b-6d87e3baf113,Marsa Maroc,Agadir,Hamburg,2026-07-04T16:40:13,2026-07-06T20:34:13,51.9,7649.7,Textiles
be6cc3a2-d327-4626-b1ac-c915f3c29932,Marsa Maroc,Busan,Los Angeles,2026-06-22T15:33:11,2026-06-22T15:33:11,0.0,4319.6,Food
83c5a114-31a4-4232-a677-a4c5854cb6cb,Evergreen,Casablanca,Marseille,2026-06-21T08:46:52,2026-06-21T08:46:52,0.0,11072.5,Electronics
d2ea4036-9c7b-4f73-a647-395cce6ca2c0,Evergreen,Shanghai,Rotterdam,2026-06-12T19:49:04,2026-06-12T19:49:04,0.0,24747.2,Chemicals
5ab9ccc7-6716-4e79-b94a-fff460041176,MSC,Ningbo,New York,2026-04-06T23:33:46,2026-04-06T23:33:46,0.0,23746.1,Electronics
e3cf27e1-4962-4816-9d3b-703fb193d699,COSCO,Tanger Med,Barcelona,2026-04-22T15:46:48,2026-04-22T15:46:48,0.0,24807.2,Food
3fa15163-02c6-484f-80c8-f38cb7adcf78,MSC,Shanghai,Rotterdam,2026-08-07T20:21:17,2026-08-11T19:09:17,94.8,24617.4,Chemicals
d9aa6f4f-af9c-4415-8d8f-a6fdb8e9dc63,COSCO,Ningbo,New York,2026-03-24T00:35:04,2026-03-24T00:35:04,0.0,5834.9,Food
09addcf3-f1ce-4cff-971b-1ce9e7f906a9,CMA-CGM,Shanghai,Rotterdam,2026-06-16T16:50:33,2026-06-16T16:50:33,0.0,15941.8,Textiles
1c837410-adbd-4055-b8ec-adf343d4068b,Evergreen,Ningbo,New York,2026-04-19T06:41:00,2026-04-19T06:41:00,0.0,6014.9,Chemicals
53bede4a-846f-4d40-8564-c173fe6b08b8,Comanav,Busan,Los Angeles,2026-04-21T12:46:06,2026-04-21T12:46:06,0.0,20740.4,Chemicals
d2861987-3eb8-43ff-b2de-a6ae8b592d96,Comanav,Casablanca,Marseille,2026-06-05T23:09:38,2026-06-05T23:09:38,0.0,7566.0,Food
b173008b-eb82-4537-ad0b-f7c1586477fe,Comanav,Shenzhen,Hamburg,2026-04-26T19:05:15,2026-04-26T19:05:15,0.0,4720.6,Electronics
a410fc32-691a-4a1d-b002-5d5149c39003,Evergreen,Singapore,Felixstowe,2026-07-04T02:09:32,2026-07-04T02:09:32,0.0,24369.1,Chemicals
07b92628-b227-4342-9242-8b54d661760e,Marsa Maroc,Agadir,Hamburg,2026-06-05T03:22:38,2026-06-05T03:22:38,0.0,5992.7,Food
5e3d3072-d420-4c8f-ad87-64b411405724,Maersk,Ningbo,New York,2026-07-31T12:14:10,2026-07-31T12:14:10,0.0,18437.6,Electronics
6d387a87-0743-4417-9c8d-03d4dacbd6a0,Evergreen,Shenzhen,Hamburg,2026-09-07T02:05:09,2026-09-07T02:05:09,0.0,14448.0,Chemicals
65693f9e-1782-4abd-9b27-71d6174fbc90,CMA-CGM,Tanger Med,Barcelona,2026-04-25T05:08:08,2026-04-25T05:08:08,0.0,15232.9,Chemicals
27ea04e1-c7d8-437a-9536-f74dae53ae75,Evergreen,Ningbo,New York,2026-06-13T08:37:31,2026-06-17T16:25:31,103.8,4453.8,Textiles
cd94dac6-ef90-4366-81b0-edf727ee75f4,MSC,Agadir,Hamburg,2026-08-08T20:51:27,2026-08-08T20:51:27,0.0,17963.4,Automotive
2ffe1bac-0497-4b78-9f93-ef9989176c61,MSC,Shenzhen,Hamburg,2026-07-24T16:51:34,2026-07-24T16:51:34,0.0,22413.9,Automotive
3c1ee9f2-bc53-436d-a579-230203d3607c,COSCO,Busan,Los Angeles,2026-08-23T12:52:05,2026-08-23T12:52:05,0.0,15279.6,Automotive
9f29bbb1-13d1-428b-8ab2-5edd8c3ecd4e,COSCO,Casablanca,Marseille,2026-03-30T07:51:45,2026-03-30T07:51:45,0.0,3223.4,Food
8631413a-822f-484b-a7ce-af1dcbdd8db4,Comanav,Shenzhen,Hamburg,2026-04-06T03:42:22,2026-04-07T08:54:22,29.2,11824.2,Electronics
af5514fa-304b-4e82-a619-d577a1d0e86f,Marsa Maroc,Tanger Med,Rotterdam,2026-08-04T10:50:28,2026-08-04T10:50:28,0.0,17083.4,Food
ff06adae-4c42-4f65-a657-d27240d15b74,Comanav,Busan,Los Angeles,2026-06-17T01:15:04,2026-06-17T01:15:04,0.0,19684.5,Textiles
fc281dd7-ebbb-4f76-8bb1-3688c643888f,Maersk,Ningbo,New York,2026-07-22T07:59:33,2026-07-22T07:59:33,0.0,15370.9,Food
d3b68321-c162-429e-9ed1-dcb3f95b5a55,COSCO,Tanger Med,Rotterdam,2026-08-24T14:04:14,2026-08-24T14:04:14,0.0,18287.8,Textiles
dd571145-f7df-4a5b-8b1e-99160dbbd2f9,Comanav,Singapore,Felixstowe,2026-09-06T12:54:15,2026-09-10T11:54:15,95.0,9402.6,Food
69d49431-8732-4707-8b3b-e283e3f79c90,COSCO,Busan,Los Angeles,2026-07-06T02:33:25,2026-07-06T02:33:25,0.0,3038.8,Textiles
8c932c79-03a7-4823-9f01-dc2f2f8f04ec,Marsa Maroc,Tanger Med,Barcelona,2026-03-01T23:03:02,2026-03-01T23:03:02,0.0,10615.9,Textiles
232bea3b-7acf-4ebe-b233-ead32288be13,MSC,Casablanca,Marseille,2026-04-06T04:08:35,2026-04-06T04:08:35,0.0,5647.1,Electronics
68a31a19-ccfe-4119-a14f-b75d93e3a069,Marsa Maroc,Shenzhen,Hamburg,2026-08-26T01:03:24,2026-08-26T01:03:24,0.0,11726.9,Chemicals
9c6462f0-2fb4-4972-b1a2-a4c15074d388,Comanav,Agadir,Hamburg,2026-07-18T02:52:40,2026-07-18T02:52:40,0.0,7734.7,Chemicals
fef5657a-212a-4972-88a7-2f2e79404bc2,Comanav,Shenzhen,Hamburg,2026-03-25T14:17:05,2026-03-25T14:17:05,0.0,6819.1,Textiles
5a597db9-21b6-41c2-b4a5-f409547b5ac7,Comanav,Tanger Med,Rotterdam,2026-08-02T10:58:50,2026-08-02T10:58:50,0.0,13283.6,Electronics
5292526b-c3a6-40f6-9a5d-730439b4dbfd,CMA-CGM,Agadir,Hamburg,2026-05-24T14:19:19,2026-05-24T14:19:19,0.0,17988.2,Textiles
593245f7-9c90-498a-a167-b7cd580bc7ef,Evergreen,Casablanca,Marseille,2026-08-14T20:33:50,2026-08-14T20:33:50,0.0,12144.5,Chemicals
9a65f02f-58a3-453b-99d3-325eebeb30e8,MSC,Shanghai,Rotterdam,2026-05-22T06:35:55,2026-05-22T06:35:55,0.0,17529.5,Automotive
aac527ad-245b-406c-9d33-b408524fbdb2,Comanav,Shanghai,Rotterdam,2026-09-09T03:04:39,2026-09-09T03:04:39,0.0,16100.7,Electronics
f9e6262c-6e65-48be-bf75-9f3cd4817f21,Evergreen,Agadir,Hamburg,2026-06-13T06:56:41,2026-06-13T06:56:41,0.0,14813.8,Textiles
87456007-8ab2-477a-8773-1a1d64401cb3,Marsa Maroc,Shenzhen,Hamburg,2026-07-04T09:19:16,2026-07-04T09:19:16,0.0,21820.7,Food
e7538c71-2ec6-48d4-b85a-6d90abedc773,COSCO,Singapore,Felixstowe,2026-06-19T03:16:44,2026-06-19T03:16:44,0.0,4675.0,Textiles
b58a5657-2e1e-4ebc-8017-2de68b232574,Evergreen,Casablanca,Marseille,2026-07-10T04:06:22,2026-07-12T02:00:22,45.9,9671.9,Chemicals
499c2046-3ef2-443f-a89a-298a60cec420,Comanav,Casablanca,Marseille,2026-04-20T17:13:35,2026-04-20T17:13:35,0.0,4797.0,Chemicals
d8a946a4-1ac1-461b-a22a-da49ae983c4b,Marsa Maroc,Tanger Med,Rotterdam,2026-09-05T11:40:37,2026-09-07T12:40:37,49.0,8078.1,Automotive
07dbcc53-64f1-49e7-9a85-29ce02a083bf,CMA-CGM,Casablanca,Marseille,2026-07-12T11:53:07,2026-07-12T11:53:07,0.0,18354.7,Electronics
43b4baa4-af03-41af-b48b-a3811febdd51,CMA-CGM,Agadir,Hamburg,2026-03-19T19:12:25,2026-03-19T19:12:25,0.0,14450.5,Electronics
276ca40a-6d87-4c28-8fd5-120b3aa39fa3,MSC,Ningbo,New York,2026-03-18T20:13:08,2026-03-18T20:13:08,0.0,9407.2,Electronics
686d3871-d19e-435e-a579-df9add2d0d61,Marsa Maroc,Singapore,Felixstowe,2026-04-08T16:06:13,2026-04-08T16:06:13,0.0,8573.1,Electronics
586fc989-d18c-40fc-9169-2fc4ce49f0d3,Evergreen,Shanghai,Rotterdam,2026-08-26T11:36:45,2026-08-30T19:00:45,103.4,13674.4,Electronics
a4360bd4-5ba5-45b8-bec5-094df5c94a89,COSCO,Tanger Med,Rotterdam,2026-03-07T07:45:11,2026-03-07T07:45:11,0.0,6575.3,Textiles
363dac56-9782-4033-ba40-593b2ac314e1,Marsa Maroc,Casablanca,Marseille,2026-04-18T05:58:27,2026-04-22T14:34:27,104.6,6094.3,Chemicals
e50648f0-978e-40a8-838c-1fc600039155,Maersk,Casablanca,Marseille,2026-05-01T08:30:47,2026-05-03T01:12:47,40.7,7298.2,Automotive
b4c369a1-764f-439f-863c-00c018135bc7,MSC,Tanger Med,Barcelona,2026-08-19T09:04:59,2026-08-19T09:04:59,0.0,1991.2,Automotive
619a84a0-93c5-49b4-ad76-ffa9206c887f,Evergreen,Agadir,Hamburg,2026-08-25T07:03:26,2026-08-27T22:33:26,63.5,2907.6,Electronics
28f3155c-c9ca-4a72-bb82-bf537018559b,Comanav,Shenzhen,Hamburg,2026-03-01T06:18:00,2026-03-01T06:18:00,0.0,5312.4,Electronics
babe4c94-222a-46fe-ba42-6a8ed5f634f6,Maersk,Busan,Los Angeles,2026-08-14T03:22:42,2026-08-14T03:22:42,0.0,2947.0,Food
5b263acc-1dd9-4ed0-82b2-492826796c96,Evergreen,Agadir,Hamburg,2026-05-18T13:44:32,2026-05-18T13:44:32,0.0,14448.6,Food
7be3259f-e50b-4b8c-992d-83d04ec9feaf,Comanav,Singapore,Felixstowe,2026-04-21T05:31:08,2026-04-24T23:19:08,89.8,11344.7,Automotive
4fb230b3-8d79-417f-8f3f-7e0796f7a5fa,Maersk,Busan,Los Angeles,2026-06-26T05:35:25,2026-06-26T05:35:25,0.0,10475.6,Textiles
86c55500-7a7c-4afc-b010-975c9db2b264,Marsa Maroc,Busan,Los Angeles,2026-05-01T17:46:38,2026-05-01T17:46:38,0.0,12928.7,Food
c378af75-e0e2-48ad-944c-92d70cb63db8,Marsa Maroc,Shanghai,Rotterdam,2026-06-15T10:02:47,2026-06-15T10:02:47,0.0,21747.9,Automotive
5dc39c09-5444-49f6-b5b1-dde26756303d,CMA-CGM,Shenzhen,Hamburg,2026-04-06T05:59:30,2026-04-06T05:59:30,0.0,12825.0,Chemicals
792efd15-d7c5-4be8-b066-c2f824c3bd87,Comanav,Tanger Med,Barcelona,2026-07-18T23:30:04,2026-07-21T16:12:04,64.7,8320.6,Food
fbb7e071-7b77-4c1c-917f-07f4d5300512,COSCO,Busan,Los Angeles,2026-06-06T05:47:50,2026-06-06T05:47:50,0.0,2106.2,Chemicals
cc8df70d-5d4b-4a53-9881-4a4f78b8af26,Maersk,Shanghai,Rotterdam,2026-04-02T00:12:54,2026-04-04T12:06:54,59.9,16128.1,Food
d22bfb37-7390-43b6-8bed-cae7a8face88,MSC,Casablanca,Marseille,2026-07-23T09:50:06,2026-07-23T09:50:06,0.0,19189.9,Automotive
ac643178-623a-4d1b-97af-854efa994de5,Evergreen,Shanghai,Rotterdam,2026-05-04T06:48:20,2026-05-04T06:48:20,0.0,19277.3,Chemicals
fbea5190-dc87-4be0-a8eb-a12937762794,Marsa Maroc,Tanger Med,Barcelona,2026-03-21T02:41:32,2026-03-21T02:41:32,0.0,15433.4,Food
0a5f5fe5-dd17-49ca-97d5-8a4bc9803fa1,CMA-CGM,Casablanca,Marseille,2026-08-01T22:10:16,2026-08-01T22:10:16,0.0,19276.7,Automotive
cb6b3749-d49b-49d0-a3ce-91a80e6e7d26,Evergreen,Casablanca,Marseille,2026-06-27T15:33:09,2026-06-27T15:33:09,0.0,8479.2,Food
3473429a-d307-4616-9082-680bbbcbb71d,Marsa Maroc,Busan,Los Angeles,2026-05-30T22:22:43,2026-05-30T22:22:43,0.0,10714.3,Textiles
c5482c1c-60ed-4c72-828d-f85dc2e9db7a,CMA-CGM,Agadir,Hamburg,2026-08-14T16:43:20,2026-08-14T16:43:20,0.0,21477.8,Textiles
9253ff05-9c19-4b60-a4fa-819efe206e13,MSC,Shenzhen,Hamburg,2026-04-05T10:02:16,2026-04-05T10:02:16,0.0,18304.4,Textiles
03bede99-60a1-4647-bac7-5f4fb8fd99d5,CMA-CGM,Busan,Los Angeles,2026-04-06T23:10:34,2026-04-06T23:10:34,0.0,10141.8,Chemicals
c82286e2-edd6-462c-ada6-940d99070439,Comanav,Tanger Med,Rotterdam,2026-03-01T10:07:30,2026-03-02T04:07:30,18.0,10515.3,Automotive
1a7b57b7-7210-4dec-bb88-04745af56515,Comanav,Busan,Los Angeles,2026-05-22T21:13:46,2026-05-22T21:13:46,0.0,20554.1,Automotive
4ab7b51a-5225-4267-b311-2a5499b3133f,Marsa Maroc,Agadir,Hamburg,2026-09-02T04:09:38,2026-09-02T04:09:38,0.0,7722.5,Textiles
ce1682be-1986-46a6-83be-d327ec754661,CMA-CGM,Tanger Med,Rotterdam,2026-03-31T06:26:29,2026-03-31T06:26:29,0.0,9869.0,Food
33b88412-3acd-489a-8a81-d8cc7d1f06dc,Marsa Maroc,Ningbo,New York,2026-04-21T12:51:06,2026-04-21T12:51:06,0.0,5767.0,Food
7240cf1f-bd53-4dd4-93e9-74b472266171,Comanav,Busan,Los Angeles,2026-05-27T20:15:05,2026-05-27T20:15:05,0.0,2323.5,Automotive
9adf88fe-68d9-4dea-8975-ff33b3f9f3a4,Marsa Maroc,Shenzhen,Hamburg,2026-08-20T20:19:26,2026-08-20T20:19:26,0.0,18171.0,Chemicals
3a53e87d-8d8a-442d-a381-ddef234d7404,Comanav,Tanger Med,Rotterdam,2026-03-04T14:33:38,2026-03-04T14:33:38,0.0,17351.1,Chemicals
a3bc3967-4ed2-475b-84e1-7a2bf7ec3f96,CMA-CGM,Agadir,Hamburg,2026-03-04T03:08:54,2026-03-07T06:26:54,75.3,1953.3,Electronics
e23be98c-e32d-4088-adee-5791a947a6a2,CMA-CGM,Shenzhen,Hamburg,2026-07-12T10:20:35,2026-07-12T10:20:35,0.0,11234.0,Textiles
549d7656-d05e-4d85-9ffd-69647bd2b2e3,COSCO,Tanger Med,Barcelona,2026-04-16T20:00:55,2026-04-16T20:00:55,0.0,18870.7,Textiles
74be42a2-4189-42f9-91e5-2a0947045f70,Comanav,Singapore,Felixstowe,2026-08-12T00:15:04,2026-08-12T00:15:04,0.0,4185.3,Textiles
b6595fa8-75d6-47c2-8901-72bfc53e65e6,Evergreen,Agadir,Hamburg,2026-04-21T07:57:42,2026-04-21T07:57:42,0.0,6508.1,Food
d5662922-8e11-4024-a4e0-bcce49bd247c,Comanav,Ningbo,New York,2026-09-02T12:29:20,2026-09-02T12:29:20,0.0,14138.5,Textiles
0d9263cf-da67-48a7-b1b5-53551cbd1393,MSC,Tanger Med,Rotterdam,2026-03-28T12:10:03,2026-03-28T12:10:03,0.0,2166.1,Textiles
0fdb7ee2-1210-4bd4-af15-43b31c9dc728,Comanav,Shenzhen,Hamburg,2026-05-28T21:56:22,2026-05-28T21:56:22,0.0,22172.3,Automotive
11c53bb1-70cc-49f9-99ec-ad24edfa754c,COSCO,Shenzhen,Hamburg,2026-07-27T18:28:13,2026-07-27T18:28:13,0.0,9374.0,Automotive
bb103a99-137e-474d-8213-1a650fc11fb1,CMA-CGM,Shanghai,Rotterdam,2026-04-04T16:37:33,2026-04-04T16:37:33,0.0,23350.7,Automotive
9e30f2ad-717c-447a-8bdc-04c5768cc89b,Marsa Maroc,Tanger Med,Barcelona,2026-04-09T18:41:25,2026-04-09T18:41:25,0.0,10209.5,Chemicals
108ba370-ffa1-4df9-92a0-5b4fbd15daef,Comanav,Tanger Med,Rotterdam,2026-04-10T01:54:28,2026-04-10T01:54:28,0.0,22868.1,Food
5ad06b4b-a6b5-40cc-b370-a7adcdc47f53,Maersk,Shenzhen,Hamburg,2026-06-30T16:38:50,2026-06-30T16:38:50,0.0,24893.5,Food
f524af86-d709-4536-bc26-f247095d6a02,Comanav,Shenzhen,Hamburg,2026-07-21T17:55:23,2026-07-21T17:55:23,0.0,7424.8,Textiles
393a1a2e-8009-4eee-b2a4-88601d415817,Marsa Maroc,Tanger Med,Barcelona,2026-06-25T05:15:42,2026-06-25T05:15:42,0.0,2757.5,Food
428d4bf1-6e85-410c-bae6-15f40531506c,Evergreen,Tanger Med,Barcelona,2026-04-23T06:08:15,2026-04-23T06:08:15,0.0,13080.8,Electronics
158f7ed3-c172-4e27-8359-dbb90b3935ad,Evergreen,Busan,Los Angeles,2026-07-27T15:13:07,2026-07-27T15:13:07,0.0,5176.7,Electronics
fad674a6-bf2c-47f4-8463-7806fba7c65d,Comanav,Singapore,Felixstowe,2026-04-21T17:00:46,2026-04-21T17:00:46,0.0,11556.6,Automotive
24740666-e183-432e-a1c5-e128d7804213,Maersk,Shenzhen,Hamburg,2026-04-25T11:29:13,2026-04-25T11:29:13,0.0,14593.0,Chemicals
17beaddc-0736-4c2e-8e4a-9b17761a90f3,Comanav,Ningbo,New York,2026-03-27T13:38:32,2026-03-27T13:38:32,0.0,20595.1,Chemicals
a70b3a71-451b-4637-9924-49f7c9582f4e,COSCO,Tanger Med,Rotterdam,2026-03-04T06:59:25,2026-03-04T06:59:25,0.0,655.7,Chemicals
b5a3ba50-d84c-4e35-b526-92b0a26a73cf,Maersk,Tanger Med,Rotterdam,2026-05-03T17:40:37,2026-05-03T17:40:37,0.0,10965.2,Textiles
6d9ddd69-ed85-4f2f-91c6-df8624671972,Evergreen,Agadir,Hamburg,2026-08-18T22:01:26,2026-08-18T22:01:26,0.0,8502.2,Chemicals
3df9dae8-e5b2-48e6-b478-7e06d28074bc,Comanav,Agadir,Hamburg,2026-07-15T09:18:24,2026-07-20T01:12:24,111.9,22384.5,Food
47d0e582-0ec4-4d7a-8092-35c30ad43916,MSC,Casablanca,Marseille,2026-05-22T17:49:14,2026-05-22T17:49:14,0.0,5550.5,Automotive
ab420ceb-8735-48d5-b637-92c820869f18,Maersk,Tanger Med,Barcelona,2026-04-28T18:54:32,2026-04-28T18:54:32,0.0,23640.1,Electronics
4d97d926-5000-4ebf-9fb2-612767f06b70,Evergreen,Casablanca,Marseille,2026-08-07T21:24:51,2026-08-07T21:24:51,0.0,2197.0,Textiles
64d60cad-8893-4997-9292-5ba51a1719cf,Marsa Maroc,Agadir,Hamburg,2026-08-19T19:18:59,2026-08-19T19:18:59,0.0,7921.8,Chemicals
10313002-b88c-4d9d-a349-5a983021bb53,MSC,Shanghai,Rotterdam,2026-05-24T08:52:01,2026-05-25T20:22:01,35.5,9205.9,Automotive
a0f47c7d-4caf-4523-baed-067d6c79cdbb,Maersk,Busan,Los Angeles,2026-04-03T15:59:27,2026-04-03T15:59:27,0.0,9690.3,Chemicals
7876129b-f12b-4b13-bf61-f471ef0a081a,COSCO,Agadir,Hamburg,2026-04-09T00:24:09,2026-04-09T00:24:09,0.0,11244.4,Automotive
fff447f3-0436-4cd4-ba04-5127a3361860,Comanav,Agadir,Hamburg,2026-04-24T09:01:01,2026-04-24T09:01:01,0.0,20455.2,Electronics
f846fe09-772f-4cca-af3e-f47966c3d893,Evergreen,Casablanca,Marseille,2026-04-17T19:54:30,2026-04-21T14:06:30,90.2,3481.7,Automotive
915fd93b-3dd8-45cb-bc71-dee588dd0aef,COSCO,Tanger Med,Barcelona,2026-07-28T03:26:12,2026-07-28T03:26:12,0.0,9280.6,Textiles
d5cfede5-778b-4059-b2bd-0dfb5ff09295,MSC,Singapore,Felixstowe,2026-07-15T12:32:58,2026-07-15T12:32:58,0.0,2724.4,Food
9e84ae3e-7df9-455c-8224-3d7cea33dcad,COSCO,Shenzhen,Hamburg,2026-08-14T18:11:35,2026-08-14T18:11:35,0.0,3243.8,Chemicals
43c38644-345e-4603-87f8-00916b82a842,Maersk,Tanger Med,Rotterdam,2026-07-01T03:23:11,2026-07-01T03:23:11,0.0,10790.3,Electronics
62605a38-ad1b-4190-8123-1a2bf27ef3b1,CMA-CGM,Shenzhen,Hamburg,2026-04-24T07:18:42,2026-04-28T13:36:42,102.3,11136.6,Textiles
c3e6d7a4-aa94-4bc6-be79-ee71b05e44fa,Marsa Maroc,Agadir,Hamburg,2026-06-05T05:32:11,2026-06-05T05:32:11,0.0,16267.8,Chemicals
5d33e216-e491-4d4d-bfd5-f0802050d8ff,Maersk,Busan,Los Angeles,2026-06-16T13:31:32,2026-06-18T07:13:32,41.7,16360.3,Textiles
f75c3181-6a2b-45a3-a609-3afb8c2a0555,MSC,Tanger Med,Rotterdam,2026-04-02T17:15:17,2026-04-04T00:27:17,31.2,727.2,Food
fdf791e2-9e46-4846-84b5-d245a72d8f7a,MSC,Casablanca,Marseille,2026-06-05T09:05:03,2026-06-05T09:05:03,0.0,19176.1,Electronics
17a8b051-45ae-483e-be8e-960a88cfcb68,Comanav,Agadir,Hamburg,2026-06-19T15:39:15,2026-06-19T15:39:15,0.0,7680.6,Food
e8b75f64-e583-4f27-8759-5b9a463145bf,Comanav,Singapore,Felixstowe,2026-03-11T10:01:17,2026-03-11T10:01:17,0.0,4724.3,Food
dad6ec3c-14db-4a7d-89a9-8da8d893920c,Marsa Maroc,Casablanca,Marseille,2026-06-26T03:34:32,2026-06-26T03:34:32,0.0,16882.4,Textiles
0cd028a8-4bfa-454b-ac0d-ca7bec1d1d53,Comanav,Tanger Med,Barcelona,2026-05-19T18:53:34,2026-05-19T18:53:34,0.0,12690.1,Textiles
145fc8db-255d-488e-815b-d0064584b9ff,Marsa Maroc,Singapore,Felixstowe,2026-09-14T21:05:40,2026-09-14T21:05:40,0.0,21114.9,Food
e39e2d10-8d02-4684-887a-d26b83ef68d4,Maersk,Shenzhen,Hamburg,2026-05-13T06:18:46,2026-05-13T06:18:46,0.0,8623.8,Chemicals
13db4238-967e-4bfe-b734-7cc804856ce3,Marsa Maroc,Tanger Med,Rotterdam,2026-07-31T03:23:02,2026-08-04T18:05:02,110.7,1639.2,Chemicals
38b0dc1f-873a-4bab-8bea-5bb3325569fd,MSC,Ningbo,New York,2026-06-23T18:39:05,2026-06-23T18:39:05,0.0,866.0,Automotive
e8725cdd-2ecd-4b10-a8d0-88f4b508ca44,COSCO,Tanger Med,Barcelona,2026-03-22T04:37:16,2026-03-23T04:43:16,24.1,12154.4,Chemicals
3c5dfc55-b925-45ea-83ce-8d94619ccb86,COSCO,Ningbo,New York,2026-06-01T22:49:13,2026-06-01T22:49:13,0.0,15280.1,Electronics
d7930784-0169-41cc-bc0f-3ad1badfa946,COSCO,Shanghai,Rotterdam,2026-09-09T04:41:16,2026-09-09T04:41:16,0.0,22620.6,Automotive
05d1efa2-62d3-43c4-8355-9cd0937b03b6,Marsa Maroc,Shenzhen,Hamburg,2026-07-28T20:42:51,2026-07-28T20:42:51,0.0,23944.2,Electronics
9c738fad-567e-4446-a749-cbd431ecbe8b,COSCO,Busan,Los Angeles,2026-04-13T18:50:49,2026-04-13T18:50:49,0.0,21373.2,Automotive
b92e8d0d-0a8c-4ccb-8b4f-5c00939451d8,MSC,Casablanca,Marseille,2026-06-02T15:02:41,2026-06-02T15:02:41,0.0,20233.5,Automotive
fe1d34e3-d695-493b-ac5b-6105245ea28f,Marsa Maroc,Agadir,Hamburg,2026-09-11T00:26:48,2026-09-11T00:26:48,0.0,2822.3,Chemicals
1a6bbc9a-798d-4702-ab36-4270f744b7dd,Evergreen,Shanghai,Rotterdam,2026-03-28T13:52:47,2026-03-28T13:52:47,0.0,6042.5,Automotive
f991ff85-51c2-4584-ba77-76b77080a483,CMA-CGM,Shanghai,Rotterdam,2026-03-05T16:28:21,2026-03-05T16:28:21,0.0,11822.7,Food
4f671759-3f0c-42f7-8ed4-21adfea5a5b0,Evergreen,Ningbo,New York,2026-07-19T05:40:45,2026-07-19T05:40:45,0.0,22147.8,Automotive
b3acba51-7065-40d7-95f7-71dd6ea67dad,COSCO,Shenzhen,Hamburg,2026-07-01T21:44:20,2026-07-01T21:44:20,0.0,4057.9,Electronics
c9cae135-16fa-4c9d-b9f1-299ee245a499,Marsa Maroc,Singapore,Felixstowe,2026-04-21T06:10:10,2026-04-21T06:10:10,0.0,5348.5,Automotive
1808c291-6115-4c8b-843d-7d002ad4455e,MSC,Tanger Med,Rotterdam,2026-07-29T05:35:37,2026-07-29T05:35:37,0.0,20966.8,Automotive
99d75497-8d28-4047-83c5-48ba40220ff3,COSCO,Casablanca,Marseille,2026-08-11T10:43:56,2026-08-11T10:43:56,0.0,14516.1,Chemicals
8f18255c-7ff7-4242-9c50-99dba744ef02,MSC,Shenzhen,Hamburg,2026-07-20T21:53:27,2026-07-20T21:53:27,0.0,20516.2,Food
6c8c1cdf-00d5-4715-b000-620b089f9c5a,COSCO,Singapore,Felixstowe,2026-05-07T02:20:09,2026-05-09T15:14:09,60.9,6938.7,Chemicals
1db4633b-d0ee-4684-a1f8-961cde66e5ef,Marsa Maroc,Tanger Med,Barcelona,2026-08-30T22:10:28,2026-08-30T22:10:28,0.0,19328.5,Textiles
9e096030-816a-472c-87be-c09c3ca20a39,MSC,Shenzhen,Hamburg,2026-03-29T08:19:59,2026-03-29T08:19:59,0.0,20271.2,Chemicals
cf096039-ec9f-41dd-a4de-a21ab8222dc4,COSCO,Ningbo,New York,2026-03-07T11:33:23,2026-03-07T11:33:23,0.0,16866.3,Textiles
5fff4085-64e4-41f4-969b-d94ee57d934e,CMA-CGM,Ningbo,New York,2026-03-27T05:26:57,2026-03-27T05:26:57,0.0,9452.8,Electronics
9045bbac-77c8-46f1-afc0-31c3a70ac145,MSC,Ningbo,New York,2026-03-06T08:33:50,2026-03-06T08:33:50,0.0,24389.7,Electronics
a060477b-ef27-4edd-834d-54234fdf3004,Evergreen,Tanger Med,Barcelona,2026-06-10T19:44:38,2026-06-10T19:44:38,0.0,3594.3,Textiles
c5a2e469-5576-4109-9e80-f8c3120b911b,COSCO,Shanghai,Rotterdam,2026-05-23T18:52:11,2026-05-23T18:52:11,0.0,24615.6,Electronics
03768436-4b3d-4a9d-ad13-65f01613ad01,MSC,Ningbo,New York,2026-03-16T11:12:47,2026-03-16T11:12:47,0.0,23560.6,Food
4ba6dd73-1820-4db6-8f59-c7dd978c5636,MSC,Agadir,Hamburg,2026-03-24T11:36:38,2026-03-25T23:36:38,36.0,909.6,Textiles
2069bb9b-2c21-4281-b044-cc2259f7599f,Evergreen,Ningbo,New York,2026-08-02T13:23:45,2026-08-05T14:11:45,72.8,13498.8,Electronics
d9d4100d-c900-4246-a6b6-97e8fa9f2005,CMA-CGM,Ningbo,New York,2026-09-13T17:57:11,2026-09-13T17:57:11,0.0,17495.5,Food
1144bd53-0a48-4297-93d6-6b68776c8c98,CMA-CGM,Casablanca,Marseille,2026-06-20T06:15:35,2026-06-20T06:15:35,0.0,17169.7,Food
b865fe2f-39fa-4542-9e38-51af546acd59,Comanav,Agadir,Hamburg,2026-09-11T14:06:53,2026-09-15T07:24:53,89.3,13750.1,Food
7ed5c306-6c5c-4398-81cd-46ebfd268e6e,Comanav,Singapore,Felixstowe,2026-08-09T08:06:24,2026-08-09T08:06:24,0.0,1698.3,Chemicals
519439e1-ea76-4567-8572-d93d7b0a1d5b,COSCO,Shanghai,Rotterdam,2026-08-12T12:00:26,2026-08-17T09:00:26,117.0,22396.7,Chemicals
dc0ed086-4660-40c8-813a-849c09038895,MSC,Shenzhen,Hamburg,2026-08-04T05:29:50,2026-08-04T05:29:50,0.0,7849.8,Electronics
3d788965-7a8e-47c9-b820-b332714e380c,Marsa Maroc,Shanghai,Rotterdam,2026-04-02T00:16:58,2026-04-02T00:16:58,0.0,8134.3,Food
71cbb5f7-f233-41af-a324-afaf991810b6,Maersk,Tanger Med,Barcelona,2026-04-29T07:05:05,2026-04-29T07:05:05,0.0,3937.4,Chemicals
6ba746e8-2fa7-4901-a87d-6ff9da7181e3,Comanav,Casablanca,Marseille,2026-06-16T18:11:12,2026-06-21T15:41:12,117.5,24469.5,Chemicals
7b3e12bd-4419-44d5-8e75-f9e716ba9b83,Marsa Maroc,Casablanca,Marseille,2026-04-02T11:10:52,2026-04-02T11:10:52,0.0,14989.7,Automotive
054fecac-22b0-4905-8e87-c1f907e9c5d4,Maersk,Shenzhen,Hamburg,2026-06-29T08:32:29,2026-06-29T08:32:29,0.0,23751.7,Automotive
371c7007-9766-4018-b0ec-006170d00f23,Maersk,Singapore,Felixstowe,2026-03-31T16:32:03,2026-03-31T16:32:03,0.0,14855.3,Automotive
35a73b7f-dd5e-4b0f-bc0b-ec43c7e04c23,COSCO,Agadir,Hamburg,2026-05-18T21:56:16,2026-05-18T21:56:16,0.0,7249.0,Textiles
dfa7d9e5-fb7f-4767-b9da-b992bc051700,Marsa Maroc,Tanger Med,Rotterdam,2026-04-30T08:13:11,2026-04-30T08:13:11,0.0,8123.4,Electronics
64d89921-86a5-4e60-88e3-a6cc1ce4e248,MSC,Busan,Los Angeles,2026-07-05T21:32:00,2026-07-05T21:32:00,0.0,7821.1,Electronics
95313840-f65e-4180-9732-832a2e89306e,Marsa Maroc,Ningbo,New York,2026-07-30T17:52:53,2026-07-30T17:52:53,0.0,4265.1,Textiles
5198a798-f56f-46c5-b2d5-44097d8ea7db,Maersk,Shanghai,Rotterdam,2026-03-26T16:14:14,2026-03-26T16:14:14,0.0,22332.4,Electronics
52e08ad6-bb0e-40c3-a216-6ed8395978a7,COSCO,Busan,Los Angeles,2026-06-29T10:59:21,2026-06-29T10:59:21,0.0,21967.9,Chemicals
e9873ef5-72ce-4bba-b8da-b85356f74270,MSC,Shanghai,Rotterdam,2026-08-17T21:39:55,2026-08-17T21:39:55,0.0,2670.0,Food
808426c1-2f79-4c46-a8dd-5d2f5ffe1493,MSC,Shenzhen,Hamburg,2026-06-01T16:15:42,2026-06-05T04:03:42,83.8,20999.4,Chemicals
0670e295-2d05-4b50-9977-b106f8e011d2,Maersk,Singapore,Felixstowe,2026-03-23T11:43:21,2026-03-23T11:43:21,0.0,21696.6,Textiles
2b69e711-5cfb-4db4-be69-4e5b9efdeb66,CMA-CGM,Shanghai,Rotterdam,2026-06-03T22:42:59,2026-06-03T22:42:59,0.0,8556.3,Textiles
f29d3779-a94a-46c1-acf2-b3d8e0f27fcb,Maersk,Shenzhen,Hamburg,2026-04-03T11:33:41,2026-04-03T11:33:41,0.0,17970.8,Chemicals
c116d38a-4310-46f3-9b83-644a20cdf46a,Evergreen,Agadir,Hamburg,2026-08-16T17:40:50,2026-08-16T17:40:50,0.0,14981.6,Textiles
003a71af-0fea-4d8f-89a7-71b48c985a4e,Comanav,Tanger Med,Barcelona,2026-04-15T01:04:23,2026-04-17T17:46:23,64.7,15362.7,Food
ea718764-938d-4935-9211-630c42cda63e,Evergreen,Singapore,Felixstowe,2026-08-24T01:43:54,2026-08-24T01:43:54,0.0,23168.5,Chemicals
c586f1a8-a76c-4cc2-9361-4bfcf8a88e26,Evergreen,Tanger Med,Rotterdam,2026-03-22T08:54:14,2026-03-22T08:54:14,0.0,21036.0,Electronics
78339ae8-9de2-460a-aaf1-2e199fbfbb3b,Maersk,Tanger Med,Barcelona,2026-06-29T02:47:32,2026-06-30T16:35:32,37.8,14713.0,Food
35e8a680-dd11-4366-992f-60e189de15a7,Comanav,Singapore,Felixstowe,2026-05-08T05:08:18,2026-05-08T05:08:18,0.0,18735.6,Textiles
b98925b3-8902-4d03-a5c4-a66d95513143,Comanav,Busan,Los Angeles,2026-04-16T09:17:22,2026-04-16T09:17:22,0.0,21653.6,Electronics
923612d0-7882-4f3d-bbe2-07cea413ae27,Comanav,Singapore,Felixstowe,2026-03-05T22:02:45,2026-03-09T18:26:45,92.4,11079.0,Electronics
7d98984a-4415-4c09-a563-255901157328,Evergreen,Agadir,Hamburg,2026-04-23T06:54:23,2026-04-23T06:54:23,0.0,15947.8,Textiles
b3c30851-2d09-452e-a5b2-d9a81fd3a0d0,CMA-CGM,Tanger Med,Barcelona,2026-03-05T09:47:43,2026-03-09T12:23:43,98.6,18361.9,Textiles
4cae3ddc-e337-4eaa-a5fa-d6fbc6f3ab37,Comanav,Shenzhen,Hamburg,2026-05-03T15:01:50,2026-05-03T15:01:50,0.0,9133.3,Automotive
0d669ec6-9917-4285-83a5-9e1ef9432241,COSCO,Shanghai,Rotterdam,2026-09-09T18:54:13,2026-09-09T18:54:13,0.0,8450.6,Textiles
b137b56d-0ed8-4a4d-bbf1-5e44e52a619f,MSC,Casablanca,Marseille,2026-07-13T15:31:33,2026-07-13T15:31:33,0.0,21655.3,Textiles
ccc0a9d9-3208-4166-a7c2-c1cb4e5aafb1,Comanav,Singapore,Felixstowe,2026-06-09T16:21:24,2026-06-09T16:21:24,0.0,20479.0,Chemicals
bf523603-771b-4e75-860a-3102feccee2e,CMA-CGM,Tanger Med,Barcelona,2026-05-04T20:12:27,2026-05-04T20:12:27,0.0,13686.8,Automotive
a49f980c-4d3b-486b-beb0-f883da73118e,Comanav,Shenzhen,Hamburg,2026-07-23T10:04:27,2026-07-23T10:04:27,0.0,22897.2,Electronics
7af4e32d-a7bb-423f-ae6a-4eddde70324e,CMA-CGM,Singapore,Felixstowe,2026-04-19T07:04:44,2026-04-19T07:04:44,0.0,16167.1,Chemicals
48537ade-fd14-4915-b846-bc6e7bb85af0,CMA-CGM,Agadir,Hamburg,2026-06-13T09:03:59,2026-06-16T01:27:59,64.4,8756.5,Chemicals
c3f15d76-0fe6-4269-8a4b-f9d26eab7031,Comanav,Shenzhen,Hamburg,2026-04-15T20:22:06,2026-04-15T20:22:06,0.0,4629.3,Electronics
97fa2569-5693-4849-986f-48ee7b4b57e4,MSC,Tanger Med,Barcelona,2026-03-12T09:37:12,2026-03-12T09:37:12,0.0,22766.3,Food
8c4d0341-9544-4512-9edb-f76ca543f26f,Comanav,Shanghai,Rotterdam,2026-07-09T02:31:44,2026-07-09T02:31:44,0.0,4858.7,Food
dd752c88-51b6-469b-9fc2-0bb4293c0ced,MSC,Tanger Med,Barcelona,2026-08-14T17:35:42,2026-08-14T17:35:42,0.0,17935.8,Chemicals
fbd7267b-0a4a-44a6-9ea5-c39af35de0a9,MSC,Shanghai,Rotterdam,2026-06-14T15:02:34,2026-06-14T15:02:34,0.0,13554.3,Chemicals
26822a31-2838-44d2-94ce-20a67aae43b6,COSCO,Casablanca,Marseille,2026-03-25T19:19:48,2026-03-25T19:19:48,0.0,23923.8,Textiles
fc69a069-e6ae-4db7-953a-fdbb64c3b1f6,CMA-CGM,Tanger Med,Barcelona,2026-06-11T02:52:06,2026-06-13T14:40:06,59.8,1498.9,Food
589392eb-6762-4e50-a612-fee4904fedb6,Marsa Maroc,Casablanca,Marseille,2026-03-30T22:20:41,2026-03-31T13:08:41,14.8,5999.5,Automotive
3f3e5149-c308-4d0c-a593-fbbcba6524e5,MSC,Agadir,Hamburg,2026-09-09T16:25:49,2026-09-09T16:25:49,0.0,20382.4,Automotive
0f671c51-f89a-45b1-b98b-060b40eca9cc,CMA-CGM,Tanger Med,Rotterdam,2026-08-24T18:45:02,2026-08-24T18:45:02,0.0,1009.0,Food
7d1936be-4f2f-42ec-b446-d02e5f99509a,Comanav,Busan,Los Angeles,2026-07-18T20:35:52,2026-07-18T20:35:52,0.0,14129.9,Food
dda881e7-e276-4967-9171-178d551e32eb,COSCO,Agadir,Hamburg,2026-03-22T12:43:47,2026-03-22T12:43:47,0.0,13205.0,Chemicals
c7a809b7-9a4a-46d7-b77b-8dba0f366441,Marsa Maroc,Singapore,Felixstowe,2026-09-11T00:42:09,2026-09-11T00:42:09,0.0,20021.5,Textiles
5cbbcaef-27c7-4555-ab2b-91d6c3281d83,COSCO,Shanghai,Rotterdam,2026-05-04T19:26:50,2026-05-04T19:26:50,0.0,22551.3,Automotive
ffd8d6d4-28c3-4c00-860b-85ea820f11c0,Evergreen,Shenzhen,Hamburg,2026-07-21T19:05:54,2026-07-21T19:05:54,0.0,23973.2,Automotive
6d79ae1a-4f2f-4c4d-898c-4f559a9c75cd,Comanav,Shenzhen,Hamburg,2026-05-01T02:14:07,2026-05-04T18:08:07,87.9,19991.1,Food
e096635a-3b92-4015-91b6-2e359c053a1c,Maersk,Casablanca,Marseille,2026-06-08T01:51:15,2026-06-12T02:33:15,96.7,12932.6,Chemicals
3344ede0-a801-439d-8194-a1943394a5a2,CMA-CGM,Ningbo,New York,2026-04-09T23:08:35,2026-04-09T23:08:35,0.0,20744.2,Automotive
b0dcd6f8-1feb-46b7-b131-422167582015,Marsa Maroc,Shenzhen,Hamburg,2026-04-14T18:59:13,2026-04-14T18:59:13,0.0,24424.1,Automotive
4938f95d-388e-45df-8e7e-e865aef4d139,CMA-CGM,Busan,Los Angeles,2026-05-28T16:53:00,2026-05-28T16:53:00,0.0,1803.4,Food
72954c9c-2e8d-4222-ad39-f0f42ba29b1f,COSCO,Busan,Los Angeles,2026-09-14T14:35:30,2026-09-14T14:35:30,0.0,2084.1,Automotive
27b11617-7f03-4d81-bfb7-d5615927efaf,Evergreen,Tanger Med,Rotterdam,2026-03-01T23:56:24,2026-03-01T23:56:24,0.0,16431.8,Textiles
f3c57652-7c8e-4666-9c5d-e4cd23ccfacb,Comanav,Busan,Los Angeles,2026-03-18T02:27:46,2026-03-18T02:27:46,0.0,2062.5,Textiles
1c1fc303-4adb-4ef2-9168-3596564227a8,Marsa Maroc,Tanger Med,Barcelona,2026-03-05T18:31:59,2026-03-05T18:31:59,0.0,6674.3,Electronics
95e229af-2f49-4f38-b5f4-ddbfe88c3b44,COSCO,Busan,Los Angeles,2026-06-03T23:23:05,2026-06-03T23:23:05,0.0,23597.3,Chemicals
2f031db6-44fb-4392-85e6-9dad71e14a40,Marsa Maroc,Agadir,Hamburg,2026-03-18T20:34:44,2026-03-18T20:34:44,0.0,13690.7,Textiles
f275c075-b72d-4cc1-85bd-10eac5786f1d,MSC,Shenzhen,Hamburg,2026-08-31T05:09:52,2026-08-31T05:09:52,0.0,21961.2,Chemicals
a5c704c4-5dd5-4a49-9a7b-9f0bd861f32d,Comanav,Casablanca,Marseille,2026-07-20T08:30:24,2026-07-20T08:30:24,0.0,17192.4,Textiles
db4af46f-e6a4-40fa-90f9-08a90737b0be,Evergreen,Tanger Med,Rotterdam,2026-07-27T17:37:38,2026-07-27T17:37:38,0.0,18984.4,Food
215493d4-7b20-416f-af7c-1b39c448e8d2,Comanav,Tanger Med,Barcelona,2026-04-28T06:53:25,2026-05-01T13:11:25,78.3,13479.4,Automotive
9a23d661-4dd2-4f4a-a067-a1a45db0fa66,MSC,Agadir,Hamburg,2026-05-09T12:02:12,2026-05-13T11:38:12,95.6,24745.0,Automotive
33900dac-211b-4b11-a5d7-33ef18f26654,Marsa Maroc,Tanger Med,Rotterdam,2026-03-14T17:36:44,2026-03-18T12:18:44,90.7,8628.9,Electronics
bd644ab0-bb05-4b2f-867f-a27b4a7643a2,Evergreen,Singapore,Felixstowe,2026-08-10T20:48:18,2026-08-10T20:48:18,0.0,17291.1,Chemicals
45167cc9-9337-4a54-aa73-eed3446a36dc,Marsa Maroc,Singapore,Felixstowe,2026-05-27T04:38:03,2026-05-27T04:38:03,0.0,21258.0,Automotive
a96e9683-0716-4037-8acc-cca49e6ef3d0,CMA-CGM,Tanger Med,Barcelona,2026-07-03T23:24:43,2026-07-03T23:24:43,0.0,17827.9,Textiles
c535a366-9a1a-43c8-98b0-6911c0953e53,Maersk,Busan,Los Angeles,2026-06-05T09:58:50,2026-06-05T09:58:50,0.0,10335.0,Automotive
0d0782c9-9fb4-4a5d-90e8-d66a56f7c30e,Marsa Maroc,Shenzhen,Hamburg,2026-08-09T15:47:33,2026-08-09T15:47:33,0.0,8823.1,Electronics
4f789e51-293e-4a4b-8ca2-75846628accf,CMA-CGM,Ningbo,New York,2026-07-03T06:00:41,2026-07-03T06:00:41,0.0,15350.9,Food
78455473-86bd-4800-9498-7b19bdd73f05,Marsa Maroc,Tanger Med,Rotterdam,2026-06-14T08:18:26,2026-06-14T08:18:26,0.0,4628.6,Food
7a929deb-af60-404e-a206-1a113b525f10,Maersk,Tanger Med,Rotterdam,2026-03-31T05:57:36,2026-03-31T05:57:36,0.0,8003.5,Food
d15ce4fe-ac2e-4c58-a141-a533d82cc8c9,Comanav,Shenzhen,Hamburg,2026-07-23T18:49:26,2026-07-23T18:49:26,0.0,4723.6,Food
715a5117-0cab-418e-9507-abd7b5edb0ae,MSC,Busan,Los Angeles,2026-04-16T08:53:50,2026-04-16T08:53:50,0.0,24406.5,Electronics
42cf47f4-252d-4bcd-b32b-46d7364b6062,Evergreen,Casablanca,Marseille,2026-09-11T23:21:38,2026-09-11T23:21:38,0.0,4834.7,Chemicals
7f2d8976-fbd2-4213-bf02-e589cd15444c,Evergreen,Casablanca,Marseille,2026-03-21T10:56:24,2026-03-21T10:56:24,0.0,20565.4,Electronics
10746dee-536c-4493-927b-5dc06f83befb,Evergreen,Tanger Med,Rotterdam,2026-05-09T15:36:37,2026-05-13T17:18:37,97.7,3446.9,Textiles
3ce5bad4-9a5c-43da-bf89-a5a156d5baa9,Maersk,Shanghai,Rotterdam,2026-05-26T16:14:07,2026-05-26T16:14:07,0.0,4920.2,Food
d7b457a4-40d0-4d45-a4df-9ce277de5680,Maersk,Casablanca,Marseille,2026-03-18T20:05:07,2026-03-18T20:05:07,0.0,15285.8,Food
ca70cb9a-c5c8-4aca-8ad4-e307e0df36ac,COSCO,Shenzhen,Hamburg,2026-08-03T16:53:25,2026-08-06T16:05:25,71.2,10026.7,Chemicals
dc91dc98-e439-4a74-a953-5011e209d804,Marsa Maroc,Tanger Med,Barcelona,2026-03-27T18:26:27,2026-03-27T18:26:27,0.0,8789.4,Textiles
c43f9d2e-a5d8-4a9e-bb51-3ea2b9c7551d,MSC,Casablanca,Marseille,2026-08-28T14:59:30,2026-08-31T07:59:30,65.0,19954.3,Electronics
c118315d-9ff1-4a65-8e25-9083a237b32e,Maersk,Shenzhen,Hamburg,2026-06-18T15:17:26,2026-06-23T06:47:26,111.5,20367.2,Food
33107d91-4bd9-4870-a9bf-24a8857b82dc,Comanav,Tanger Med,Barcelona,2026-06-29T15:54:47,2026-06-29T15:54:47,0.0,16756.1,Textiles
355c413a-c9ba-48bf-85c8-85bec50f9fd9,Evergreen,Ningbo,New York,2026-07-06T02:39:56,2026-07-06T02:39:56,0.0,13532.2,Chemicals
ae5c9db3-6f15-4d9b-8556-4beb4337a478,Marsa Maroc,Ningbo,New York,2026-04-03T13:10:17,2026-04-03T13:10:17,0.0,8347.8,Chemicals
d6880dc9-6070-4d1c-91cd-874f95aa8153,CMA-CGM,Agadir,Hamburg,2026-08-25T09:10:58,2026-08-27T19:10:58,58.0,11160.9,Electronics
ee37bdac-c871-4e96-a897-ee36eb4a0572,Maersk,Busan,Los Angeles,2026-03-04T02:16:41,2026-03-04T02:16:41,0.0,8377.1,Chemicals
be09ccd2-b7ca-46cb-b1b7-5d999392fe34,CMA-CGM,Singapore,Felixstowe,2026-07-22T06:34:39,2026-07-22T06:34:39,0.0,19765.8,Textiles
aa5afad1-8501-47d9-b86a-297b6f957df8,Evergreen,Tanger Med,Rotterdam,2026-05-17T22:23:26,2026-05-19T06:41:26,32.3,2685.1,Food
924a585e-a653-4e59-be38-2db334758a41,MSC,Ningbo,New York,2026-06-22T05:51:47,2026-06-22T05:51:47,0.0,18611.8,Food
2fe79b00-cf98-401b-a171-5e073c1e9eda,Maersk,Tanger Med,Rotterdam,2026-06-27T00:38:24,2026-06-29T06:14:24,53.6,9118.3,Food
e803ed38-9b5f-4c38-a96a-5efb6c4ef632,Comanav,Tanger Med,Rotterdam,2026-06-03T05:02:48,2026-06-07T15:26:48,106.4,18594.2,Food
8fe342cb-b7ea-463f-9e55-054c80fe54a9,Evergreen,Casablanca,Marseille,2026-08-28T04:06:36,2026-08-28T04:06:36,0.0,17630.0,Automotive
4ac888d7-a549-48c7-82c9-4ed101201b3a,COSCO,Tanger Med,Barcelona,2026-07-22T00:33:32,2026-07-26T12:57:32,108.4,17954.1,Electronics
c84b808c-4b95-40da-b8a6-767541dab791,COSCO,Agadir,Hamburg,2026-09-08T14:27:17,2026-09-08T14:27:17,0.0,16190.3,Electronics
33b3c074-c56e-4e62-8a33-52d2279f4080,COSCO,Tanger Med,Rotterdam,2026-05-15T21:28:08,2026-05-15T21:28:08,0.0,17390.0,Textiles
6db36ef1-bd73-4cdf-b7fa-2628a0bfe63d,MSC,Tanger Med,Rotterdam,2026-06-04T04:44:53,2026-06-04T04:44:53,0.0,22923.5,Textiles
f9a47708-9c0d-426b-972a-8221fcd77a98,COSCO,Casablanca,Marseille,2026-04-28T11:22:49,2026-04-30T15:34:49,52.2,21025.8,Electronics
64dff533-a379-4209-8b6e-2a151b8fd68b,MSC,Casablanca,Marseille,2026-03-03T11:26:46,2026-03-03T11:26:46,0.0,15733.2,Textiles
93028eba-6fa8-4213-932e-60973dff0ee7,Marsa Maroc,Singapore,Felixstowe,2026-08-07T05:48:48,2026-08-07T05:48:48,0.0,21661.7,Textiles
5884336f-61f9-4e66-af1d-e77aefa671a9,Marsa Maroc,Agadir,Hamburg,2026-03-10T06:51:35,2026-03-10T06:51:35,0.0,7179.1,Electronics
836b723f-5f66-4a29-b1ea-bd0ce8c14555,Comanav,Singapore,Felixstowe,2026-05-30T11:41:46,2026-05-30T11:41:46,0.0,7313.1,Automotive
dc5a0ccb-02fb-4359-a367-3d3bf57de37d,CMA-CGM,Busan,Los Angeles,2026-07-13T12:54:10,2026-07-13T12:54:10,0.0,15850.2,Chemicals
0dfa7cf7-b4de-41a9-abd9-1c19a3cf393b,Marsa Maroc,Tanger Med,Rotterdam,2026-03-04T17:25:48,2026-03-04T17:25:48,0.0,3657.8,Automotive
d3008868-6e58-47b1-bb04-8b123fe5aaad,Marsa Maroc,Tanger Med,Barcelona,2026-07-09T02:35:17,2026-07-09T02:35:17,0.0,4393.6,Chemicals
6683ec63-ed96-41fd-9459-82a4fb3e83b1,MSC,Tanger Med,Barcelona,2026-03-01T13:37:37,2026-03-01T13:37:37,0.0,4600.5,Textiles
e629b538-1d25-4098-b81c-196bf0050f2e,CMA-CGM,Singapore,Felixstowe,2026-07-25T03:08:08,2026-07-25T03:08:08,0.0,7475.3,Food
2f0b7759-a815-4d6c-8344-016d6639e586,Maersk,Shanghai,Rotterdam,2026-06-28T10:12:24,2026-06-28T10:12:24,0.0,10175.2,Automotive
1e9e31b4-18b5-4437-90ec-16c18c50713c,Evergreen,Tanger Med,Barcelona,2026-04-10T08:52:30,2026-04-11T18:34:30,33.7,13196.5,Electronics
cdd49752-41a1-4d18-91da-6aab3ff7ad7a,COSCO,Busan,Los Angeles,2026-05-19T16:33:00,2026-05-19T16:33:00,0.0,6101.8,Chemicals
84462e09-10cc-4859-a4c1-7b841bd99d76,Maersk,Casablanca,Marseille,2026-06-01T11:52:58,2026-06-01T11:52:58,0.0,20257.0,Automotive
b9ece4f5-3570-41b7-b46e-ff172fd16baa,Evergreen,Singapore,Felixstowe,2026-08-11T00:58:02,2026-08-11T00:58:02,0.0,18589.5,Chemicals
f11885a4-f643-4f0c-98a8-bfad1d0c2f34,Marsa Maroc,Tanger Med,Rotterdam,2026-09-08T02:02:29,2026-09-12T00:50:29,94.8,5129.8,Automotive
d093362a-772e-4b64-b5f4-1f065dce5f4b,Maersk,Shenzhen,Hamburg,2026-03-24T06:15:45,2026-03-24T06:15:45,0.0,23740.4,Textiles
783d8cd9-2c84-4ef9-b953-657b0425198a,MSC,Shanghai,Rotterdam,2026-04-25T07:01:01,2026-04-25T07:01:01,0.0,5415.9,Electronics
3f43053e-ef3d-44a9-b4e0-8edc168a93d2,COSCO,Singapore,Felixstowe,2026-06-17T16:09:38,2026-06-17T16:09:38,0.0,7649.2,Electronics
ddb4c04f-01d6-4bc0-9aec-3345edaff83b,MSC,Agadir,Hamburg,2026-04-06T03:04:16,2026-04-06T03:04:16,0.0,8729.3,Chemicals
4986866d-3fbc-4579-9b2e-f349fc08c02c,Comanav,Tanger Med,Rotterdam,2026-03-18T01:10:48,2026-03-18T01:10:48,0.0,21163.8,Food
122d6ea5-aa03-4084-8982-56cd26e519ee,CMA-CGM,Ningbo,New York,2026-05-29T21:28:50,2026-05-29T21:28:50,0.0,4012.4,Textiles
f85c01a9-8c30-4c38-b9b5-72c3fc6a570c,Maersk,Tanger Med,Rotterdam,2026-08-08T09:58:06,2026-08-08T09:58:06,0.0,10543.1,Food
13ee214c-094a-42e2-8b37-58091105e26d,Evergreen,Tanger Med,Rotterdam,2026-07-23T15:52:36,2026-07-23T15:52:36,0.0,18239.9,Textiles
035dcac6-650e-4aef-a20a-ac0211aa0f30,Maersk,Shenzhen,Hamburg,2026-08-26T01:08:18,2026-08-26T01:08:18,0.0,3042.9,Automotive
01055697-bc09-43a9-b3ea-87279cc30d08,COSCO,Tanger Med,Rotterdam,2026-04-02T23:20:52,2026-04-02T23:20:52,0.0,1931.2,Chemicals
6d02e078-7917-4768-aeb7-0835b7f7744c,Comanav,Tanger Med,Barcelona,2026-04-07T02:50:32,2026-04-07T02:50:32,0.0,15893.0,Food
edb702e2-ab88-4842-a0d7-7883ac88d375,Maersk,Ningbo,New York,2026-09-13T06:55:41,2026-09-13T06:55:41,0.0,20688.0,Chemicals
7f050bac-5c0d-41b8-a5bd-c846b0833fc3,CMA-CGM,Singapore,Felixstowe,2026-04-21T20:26:21,2026-04-21T20:26:21,0.0,9975.8,Automotive
3a1930f5-3b0b-44cc-b07e-afe3b45c796c,Evergreen,Busan,Los Angeles,2026-08-01T03:37:13,2026-08-01T03:37:13,0.0,24513.2,Chemicals
44478fa3-20a1-4c05-a949-51b6c5d8ebbb,MSC,Busan,Los Angeles,2026-03-30T01:28:14,2026-03-30T01:28:14,0.0,22046.4,Automotive
0204b64e-364d-4876-8ed9-6fdc12fbc880,CMA-CGM,Casablanca,Marseille,2026-03-25T04:31:06,2026-03-25T04:31:06,0.0,4771.7,Chemicals
2f3bf1cd-1488-47f3-be34-e652ccb4ac21,MSC,Shanghai,Rotterdam,2026-08-16T22:20:03,2026-08-16T22:20:03,0.0,1013.0,Textiles
aa2e1e11-709d-4ccd-b3a8-542d70055a06,Maersk,Casablanca,Marseille,2026-04-20T18:17:22,2026-04-20T18:17:22,0.0,17911.8,Food
12e25343-ecd5-4e29-b5a1-45902a7e9ae3,COSCO,Agadir,Hamburg,2026-05-31T22:52:21,2026-05-31T22:52:21,0.0,15849.2,Automotive
d86ff14d-6c4c-4c2b-840a-82143dcacdb1,COSCO,Singapore,Felixstowe,2026-06-22T06:37:03,2026-06-24T20:19:03,61.7,11581.6,Chemicals
c21a569b-0a61-40cb-be0d-15b15bf2e309,CMA-CGM,Busan,Los Angeles,2026-06-10T08:36:42,2026-06-10T08:36:42,0.0,16801.6,Automotive
6e228c91-69ab-47da-9dcf-32836bf68780,MSC,Ningbo,New York,2026-07-01T08:05:45,2026-07-01T08:05:45,0.0,17958.5,Food
e4753b3a-3bfe-409c-9c92-49ad0d47da06,Comanav,Agadir,Hamburg,2026-07-31T14:35:03,2026-07-31T14:35:03,0.0,19711.1,Textiles
f5bd5bd6-a1e9-406a-8f75-134522698655,Evergreen,Busan,Los Angeles,2026-07-05T16:53:06,2026-07-09T18:23:06,97.5,9683.0,Textiles
d5399c21-a185-42df-811d-4c9d6e361c0b,COSCO,Agadir,Hamburg,2026-07-02T12:30:46,2026-07-02T12:30:46,0.0,3161.9,Chemicals
ecf6b0aa-e9c0-494b-ae2c-d5b5a3091db8,Comanav,Shanghai,Rotterdam,2026-08-23T20:00:32,2026-08-28T06:00:32,106.0,10596.9,Automotive
d0d42c5f-2d69-412f-a79c-f85013ace1f9,CMA-CGM,Agadir,Hamburg,2026-06-14T14:48:44,2026-06-14T14:48:44,0.0,4339.6,Chemicals
8aa32859-3f81-430e-a106-835da1dfdc4b,COSCO,Ningbo,New York,2026-05-30T17:24:52,2026-05-30T17:24:52,0.0,11353.0,Automotive
a824a63c-103d-44b7-9662-f2ec02bb7db4,Evergreen,Singapore,Felixstowe,2026-03-30T00:08:14,2026-03-30T00:08:14,0.0,7196.3,Food
7619bd52-89bf-417c-86db-be173b1ffa6d,Marsa Maroc,Casablanca,Marseille,2026-05-18T17:25:07,2026-05-18T17:25:07,0.0,19655.5,Automotive
47d1767e-d6f8-498c-a01f-b12c3b16a6e0,COSCO,Casablanca,Marseille,2026-04-22T20:39:15,2026-04-22T20:39:15,0.0,6519.6,Automotive
b247ee4d-0ec4-4425-be47-6edaad6fa4ba,CMA-CGM,Busan,Los Angeles,2026-04-12T07:42:01,2026-04-12T07:42:01,0.0,19203.1,Food
b27ad3e8-dd3d-415c-aafc-ea8320838ca5,Marsa Maroc,Tanger Med,Rotterdam,2026-04-30T08:31:52,2026-04-30T08:31:52,0.0,2101.3,Electronics
14211ac8-1813-4ca6-867b-145c3b6059bd,Comanav,Tanger Med,Rotterdam,2026-04-11T00:48:05,2026-04-13T00:36:05,47.8,2703.7,Textiles
e287a6e8-8958-476a-8f5e-ef7519820658,Marsa Maroc,Agadir,Hamburg,2026-05-03T20:05:09,2026-05-03T20:05:09,0.0,5718.8,Electronics
407f43fe-76c0-4b85-bf11-5da4db3d0f9b,Evergreen,Shenzhen,Hamburg,2026-08-22T14:15:56,2026-08-25T17:15:56,75.0,20792.2,Chemicals
b3753a51-44b9-4c33-b96a-fec05ea4e80f,Marsa Maroc,Shenzhen,Hamburg,2026-08-28T23:56:54,2026-08-28T23:56:54,0.0,7929.4,Food
c239c4e3-a026-4476-967e-e2b563b5b606,MSC,Casablanca,Marseille,2026-06-30T23:00:08,2026-06-30T23:00:08,0.0,3401.8,Food
262db857-cbb4-4e1e-a19a-d3b79a047059,MSC,Singapore,Felixstowe,2026-08-05T20:58:17,2026-08-05T20:58:17,0.0,15902.7,Textiles
09f901c7-1bca-44d4-b817-92dc699bcdfc,Maersk,Agadir,Hamburg,2026-04-16T21:20:52,2026-04-16T21:20:52,0.0,4092.8,Chemicals
c4b5d656-606c-44a6-91da-84500590056a,Comanav,Tanger Med,Barcelona,2026-07-18T03:28:51,2026-07-18T03:28:51,0.0,22065.7,Chemicals
1ed6f77f-dd89-43c8-a59f-2c01215f366f,COSCO,Singapore,Felixstowe,2026-05-20T15:18:35,2026-05-20T15:18:35,0.0,988.9,Textiles
0ab399a5-778f-476d-a7a8-e9800faf830d,Evergreen,Busan,Los Angeles,2026-08-23T12:10:20,2026-08-23T12:10:20,0.0,11459.7,Electronics
f417dae7-1e1d-48cd-8b4a-8b1276442772,Marsa Maroc,Busan,Los Angeles,2026-06-28T17:38:10,2026-06-28T17:38:10,0.0,22197.3,Electronics
1bcc7e07-6f88-47ed-9525-2273ad08efde,Maersk,Shenzhen,Hamburg,2026-08-27T22:42:11,2026-08-27T22:42:11,0.0,15788.8,Chemicals
b1969515-6457-464b-9874-809f64b29bf4,Maersk,Casablanca,Marseille,2026-06-11T22:03:10,2026-06-15T23:27:10,97.4,16888.1,Textiles
310e6310-edf3-4659-b6e6-b607e2ef2e4d,Marsa Maroc,Shanghai,Rotterdam,2026-04-16T13:40:31,2026-04-16T13:40:31,0.0,19771.1,Textiles
16beb190-4fd0-42ec-b001-de4178f78518,Maersk,Busan,Los Angeles,2026-04-05T02:47:01,2026-04-05T02:47:01,0.0,14962.9,Automotive
20523e6c-5ee3-4eea-9497-bb3b2fe1f080,Comanav,Shenzhen,Hamburg,2026-05-01T05:04:54,2026-05-01T05:04:54,0.0,13078.9,Food
5423589f-864a-427e-9ba1-34360de4cc5d,COSCO,Tanger Med,Rotterdam,2026-06-27T03:29:20,2026-06-27T03:29:20,0.0,4588.6,Automotive
811593e1-4e3e-4d67-bc31-a26bfd2f2cbc,CMA-CGM,Shanghai,Rotterdam,2026-03-16T15:54:03,2026-03-16T15:54:03,0.0,11107.3,Electronics
090a1e1e-1c09-47c0-8398-f7e21ac0913c,Marsa Maroc,Shanghai,Rotterdam,2026-05-23T12:08:20,2026-05-26T23:02:20,82.9,16655.6,Textiles
2c12a575-9a72-46bb-9523-7e4b94af6376,Maersk,Ningbo,New York,2026-07-06T07:15:30,2026-07-06T07:15:30,0.0,24467.1,Food
d06f901b-60de-4fde-bab6-052a535afcb1,Marsa Maroc,Tanger Med,Rotterdam,2026-04-27T14:28:40,2026-04-27T14:28:40,0.0,7916.4,Automotive
bdeff6ac-cfd4-4cce-beac-0f455c2bfa5a,COSCO,Busan,Los Angeles,2026-04-05T10:09:57,2026-04-05T10:09:57,0.0,17534.6,Textiles
2ce09e04-e262-41d7-a221-c3ddb8268beb,CMA-CGM,Singapore,Felixstowe,2026-06-05T09:34:00,2026-06-05T09:34:00,0.0,13058.3,Chemicals
25262766-61ad-4b3c-adf9-2b0dae54863a,Marsa Maroc,Singapore,Felixstowe,2026-07-17T03:45:46,2026-07-17T03:45:46,0.0,23601.2,Textiles
797100e7-ad13-4b71-b449-cafcd3006434,MSC,Ningbo,New York,2026-08-01T21:15:57,2026-08-01T21:15:57,0.0,7033.5,Chemicals
5301f3e8-dee9-4945-8ee0-ecb138cedc3e,Comanav,Tanger Med,Barcelona,2026-03-20T00:15:10,2026-03-20T00:15:10,0.0,8306.0,Food
51d3cad5-dc16-48ec-aba4-fd070fd58972,Maersk,Tanger Med,Barcelona,2026-06-25T01:23:50,2026-06-25T01:23:50,0.0,20252.6,Electronics
688ffb5b-ad8f-4acc-ae35-3cdca78f0fda,Maersk,Agadir,Hamburg,2026-06-10T00:55:48,2026-06-10T00:55:48,0.0,2091.5,Food
238c7147-6390-4ee7-8337-8f9299e0f2f9,Comanav,Agadir,Hamburg,2026-05-07T12:33:53,2026-05-07T12:33:53,0.0,2347.6,Electronics
056ff2a8-f2c1-48bc-9c86-0b8182ea6da5,Comanav,Shenzhen,Hamburg,2026-03-13T01:42:21,2026-03-13T21:18:21,19.6,14777.5,Chemicals
cc736e7d-51a7-4a49-b892-581e8c135b27,Comanav,Shenzhen,Hamburg,2026-08-05T01:12:31,2026-08-05T01:12:31,0.0,15507.8,Electronics
48d83113-8516-4163-8973-08830bffd643,MSC,Casablanca,Marseille,2026-08-23T14:49:13,2026-08-28T06:55:13,112.1,5046.6,Electronics
4c752f24-2fa0-46b3-b6cb-52cb10dd0537,COSCO,Tanger Med,Rotterdam,2026-06-06T00:47:43,2026-06-07T13:59:43,37.2,1725.0,Electronics
00c5b710-e631-4dd3-8a0d-4227a2a33368,CMA-CGM,Singapore,Felixstowe,2026-04-06T18:54:12,2026-04-06T18:54:12,0.0,5219.6,Automotive
49713e8a-6dc9-418a-9068-b79524a1d24a,Evergreen,Busan,Los Angeles,2026-08-27T10:33:18,2026-08-27T10:33:18,0.0,11995.7,Food
7dd1a450-9bc1-4fda-9226-0dec2696b8b9,COSCO,Tanger Med,Rotterdam,2026-04-09T13:50:43,2026-04-09T13:50:43,0.0,654.7,Automotive
a3739fab-b501-4c6f-b953-9cd1fc04989a,CMA-CGM,Agadir,Hamburg,2026-04-24T06:57:56,2026-04-24T06:57:56,0.0,13779.0,Automotive
19aab3ce-a9e8-4653-9c13-804b7eb3bcb2,Marsa Maroc,Tanger Med,Barcelona,2026-04-17T04:01:35,2026-04-17T04:01:35,0.0,5110.9,Textiles
87e9c9b0-fb6f-4ac8-9cf3-a8eebdc6b5ab,MSC,Agadir,Hamburg,2026-03-05T15:26:47,2026-03-05T15:26:47,0.0,20983.0,Textiles
91e33756-d26d-456c-9b37-b797a715f39e,Evergreen,Singapore,Felixstowe,2026-03-24T22:47:54,2026-03-24T22:47:54,0.0,5847.3,Textiles
0b5e14e7-5830-45d3-a185-ed04301626c3,Marsa Maroc,Shenzhen,Hamburg,2026-05-26T07:52:32,2026-05-26T07:52:32,0.0,671.1,Textiles
9ad66a6f-d19f-41dd-88f2-0a7252a21754,Comanav,Shanghai,Rotterdam,2026-04-20T18:21:15,2026-04-20T18:21:15,0.0,2009.7,Chemicals
91ff52f9-748a-4f7d-ab0d-32b38c1046a9,Marsa Maroc,Shenzhen,Hamburg,2026-05-16T22:44:01,2026-05-16T22:44:01,0.0,19013.4,Chemicals
2d9fcba7-1e4f-467b-89cb-e41acc548730,Marsa Maroc,Tanger Med,Barcelona,2026-08-03T13:41:35,2026-08-03T13:41:35,0.0,18044.7,Electronics
5c42f40c-552d-4fce-ac32-c8fa5be10a2f,CMA-CGM,Tanger Med,Barcelona,2026-07-23T13:31:33,2026-07-23T13:31:33,0.0,22950.2,Textiles
d96de491-9335-472a-ba78-127f8e2b6bca,Evergreen,Tanger Med,Barcelona,2026-04-02T15:18:15,2026-04-02T15:18:15,0.0,21073.3,Chemicals
5c610d04-d2d7-495b-a6b1-0cd4c5045287,Marsa Maroc,Shenzhen,Hamburg,2026-06-09T12:22:59,2026-06-09T12:22:59,0.0,9575.9,Textiles
41c24fbc-efe4-4fb3-b05e-f31664a586bf,CMA-CGM,Busan,Los Angeles,2026-03-30T02:55:52,2026-03-30T02:55:52,0.0,18751.7,Automotive
159a62ab-5678-43fb-834f-b039d0d5a8d2,Maersk,Casablanca,Marseille,2026-03-09T11:11:32,2026-03-09T11:11:32,0.0,10538.4,Chemicals
548793e5-39ec-4c17-bb29-a10a5556d338,Comanav,Shenzhen,Hamburg,2026-03-26T00:55:22,2026-03-30T21:55:22,117.0,11858.8,Chemicals
ecf45b6f-8e37-451d-b985-3015dd4d5e8c,MSC,Busan,Los Angeles,2026-05-16T19:10:00,2026-05-16T19:10:00,0.0,18888.5,Chemicals
4a8d284e-3327-46e1-bb6a-ca98d787d715,Comanav,Tanger Med,Rotterdam,2026-08-20T05:04:46,2026-08-20T05:04:46,0.0,8259.7,Automotive
c517bf0c-7cc9-424e-b989-6fe41a184883,CMA-CGM,Singapore,Felixstowe,2026-04-20T00:25:27,2026-04-20T00:25:27,0.0,19888.7,Automotive
4ceb068c-efdd-46b6-b2ee-a465488653b2,Evergreen,Casablanca,Marseille,2026-04-05T17:18:10,2026-04-07T04:42:10,35.4,901.5,Chemicals
0e3e7765-8f77-4ac8-af9c-e94860e13969,CMA-CGM,Casablanca,Marseille,2026-07-07T18:16:08,2026-07-07T18:16:08,0.0,1031.2,Chemicals
49b133fc-0b61-447d-ac10-5fc366765756,CMA-CGM,Casablanca,Marseille,2026-04-17T14:02:26,2026-04-17T14:02:26,0.0,21418.5,Textiles
c9e725a4-24f7-477a-8852-22801e5a3073,MSC,Agadir,Hamburg,2026-03-17T13:57:30,2026-03-17T13:57:30,0.0,18231.4,Chemicals
b05657d4-b45c-4826-8b3e-d1f35afda0e6,Comanav,Singapore,Felixstowe,2026-08-27T00:47:02,2026-08-27T00:47:02,0.0,24242.9,Electronics
fc1a8843-ae9a-4025-8314-ffdcc96f5076,Maersk,Shenzhen,Hamburg,2026-03-20T15:58:39,2026-03-20T15:58:39,0.0,8420.4,Chemicals
4b1037bc-1253-4d12-bdb9-1c45b7f84eae,MSC,Shanghai,Rotterdam,2026-05-05T05:46:22,2026-05-05T05:46:22,0.0,23611.8,Automotive
49bcb803-b780-43de-aaa9-7b595093afd0,COSCO,Singapore,Felixstowe,2026-08-16T05:18:36,2026-08-16T05:18:36,0.0,8046.2,Automotive
3344eed8-3040-496f-8323-96281dc390ea,Marsa Maroc,Shenzhen,Hamburg,2026-08-01T09:39:16,2026-08-01T09:39:16,0.0,15652.8,Food
576a32d1-c2de-488c-8854-2c1e1a1940ba,Evergreen,Tanger Med,Barcelona,2026-09-09T16:13:59,2026-09-09T16:13:59,0.0,7406.5,Textiles
28e31de3-6cb3-4a04-8a1a-550df63cfd6e,CMA-CGM,Casablanca,Marseille,2026-03-12T10:47:41,2026-03-12T10:47:41,0.0,12101.3,Electronics
444caf69-5c39-449a-a0e9-4b60b548f346,CMA-CGM,Busan,Los Angeles,2026-07-27T15:17:48,2026-07-27T15:17:48,0.0,5631.7,Textiles
563612d9-daba-4048-a209-acc6cf056432,Comanav,Agadir,Hamburg,2026-08-13T16:47:48,2026-08-17T01:17:48,80.5,22595.1,Chemicals
585b61d7-4631-43f3-8215-6409f387c912,Evergreen,Shanghai,Rotterdam,2026-05-07T02:40:47,2026-05-07T02:40:47,0.0,19948.5,Automotive
71f1d49e-4af5-4016-acb1-7d96c5a4fd05,CMA-CGM,Casablanca,Marseille,2026-07-16T10:59:24,2026-07-16T10:59:24,0.0,14520.7,Automotive
2fcf587e-9ac0-4c20-b002-e3ad6b7eb696,Comanav,Agadir,Hamburg,2026-05-23T09:17:56,2026-05-26T02:05:56,64.8,12008.9,Electronics
4a021f21-5623-44e0-9bf1-3bcef91ddfcd,Evergreen,Shenzhen,Hamburg,2026-05-12T16:22:29,2026-05-14T21:52:29,53.5,4134.7,Textiles
ec35ce97-7f03-434f-89b7-8a82336329fb,Evergreen,Tanger Med,Barcelona,2026-06-15T19:00:57,2026-06-15T19:00:57,0.0,15263.7,Textiles
a979641f-33ca-453e-ae74-5f8c399961f0,COSCO,Tanger Med,Barcelona,2026-06-17T16:26:00,2026-06-17T16:26:00,0.0,5233.0,Textiles
34c5acd0-0a9b-415b-9fbb-5b8ccf65a3a4,CMA-CGM,Casablanca,Marseille,2026-08-21T05:07:40,2026-08-21T05:07:40,0.0,1946.0,Automotive
5984c1e9-b755-4b0c-aca0-bdd09ac60954,Marsa Maroc,Agadir,Hamburg,2026-04-27T17:20:42,2026-04-27T17:20:42,0.0,9226.1,Food
d76ff2c5-0a4e-435e-a1c1-d03e4bf203c0,Evergreen,Busan,Los Angeles,2026-03-14T10:57:22,2026-03-14T10:57:22,0.0,7182.6,Textiles
2ce66881-4ecc-4af4-a82f-cc4217b16aad,CMA-CGM,Busan,Los Angeles,2026-06-04T10:52:48,2026-06-04T10:52:48,0.0,13639.6,Automotive
ee5a6383-aca2-4851-8e96-b6a9695fb356,CMA-CGM,Tanger Med,Barcelona,2026-06-23T14:34:46,2026-06-23T14:34:46,0.0,18519.6,Automotive
7500ed20-a0af-414b-9c8a-0abf7048931c,Comanav,Ningbo,New York,2026-09-10T18:00:24,2026-09-10T18:00:24,0.0,6581.5,Chemicals
689ff09b-46d7-4e1f-a01b-5921081e0abf,Marsa Maroc,Singapore,Felixstowe,2026-08-08T00:02:44,2026-08-08T00:02:44,0.0,767.4,Textiles
a6b41b99-97b8-40f2-bc50-6af2d4e3a3fe,MSC,Agadir,Hamburg,2026-09-03T00:53:30,2026-09-03T00:53:30,0.0,1206.1,Chemicals
fe437f11-30c0-473a-b986-806540b9ef7b,CMA-CGM,Tanger Med,Barcelona,2026-03-24T16:21:58,2026-03-24T16:21:58,0.0,22790.3,Automotive
1fc9178f-6813-4b21-9389-0cbcae04e1b6,Marsa Maroc,Busan,Los Angeles,2026-04-04T01:37:26,2026-04-04T01:37:26,0.0,4346.0,Chemicals
fa0e87fd-7510-42cd-9c48-04ccc949959a,Maersk,Shenzhen,Hamburg,2026-06-17T15:42:04,2026-06-20T04:54:04,61.2,5345.6,Food
e6e2caba-6cbe-44ae-b2da-db2b735a40f5,CMA-CGM,Busan,Los Angeles,2026-07-27T17:57:40,2026-07-27T17:57:40,0.0,3649.1,Electronics
dc5fc25c-1e2d-4a08-babd-27fdfc7aa7cc,Maersk,Tanger Med,Barcelona,2026-04-23T07:07:56,2026-04-23T07:07:56,0.0,14038.1,Textiles
f51d61e0-8199-43a7-add6-a18d4c775a60,CMA-CGM,Casablanca,Marseille,2026-08-10T19:33:06,2026-08-10T19:33:06,0.0,9688.2,Electronics
4a22cbbb-4864-4228-af2b-1d61ee4d77cb,Marsa Maroc,Singapore,Felixstowe,2026-05-17T11:04:53,2026-05-17T11:04:53,0.0,4861.0,Food
8d68acb6-e507-4e71-880f-f6a0bd4bfe31,Marsa Maroc,Tanger Med,Rotterdam,2026-06-05T18:13:31,2026-06-05T18:13:31,0.0,14357.6,Food
e52ccda8-b92c-4879-9ace-c02427ff6ebf,Evergreen,Tanger Med,Rotterdam,2026-03-08T14:01:57,2026-03-08T14:01:57,0.0,18073.1,Automotive
73465173-c470-4a3d-a2f4-7546ba25222e,Maersk,Busan,Los Angeles,2026-07-27T13:08:25,2026-07-28T16:14:25,27.1,3005.2,Automotive
67730c5d-b640-4914-84d8-13c7913d18e6,Maersk,Agadir,Hamburg,2026-07-18T11:10:02,2026-07-18T11:10:02,0.0,24321.8,Textiles
1aed98a8-8643-49c4-9b56-d94a631732ef,COSCO,Tanger Med,Barcelona,2026-09-03T06:58:58,2026-09-03T06:58:58,0.0,2204.6,Chemicals
c0e9a801-0143-4af6-add4-428cec26de9a,Maersk,Ningbo,New York,2026-09-05T05:32:24,2026-09-05T05:32:24,0.0,16224.6,Chemicals
30974b8b-cd5c-4f7d-9da5-61ff6d2907f5,Evergreen,Casablanca,Marseille,2026-07-12T14:37:49,2026-07-16T18:37:49,100.0,11488.2,Electronics
88b53add-18f9-4a22-a7b3-8a06ccde9443,MSC,Shanghai,Rotterdam,2026-09-12T02:38:40,2026-09-12T02:38:40,0.0,16296.6,Food
c8710a98-5371-4b0e-9f1e-24eb472e1dff,Maersk,Tanger Med,Rotterdam,2026-07-03T21:34:13,2026-07-03T21:34:13,0.0,17583.6,Chemicals
c07d4e23-c94d-4564-b11e-282d364ff60b,Maersk,Tanger Med,Rotterdam,2026-07-29T19:58:33,2026-07-29T19:58:33,0.0,6200.3,Automotive
7af23907-b870-4e96-bc07-12467379fd24,Evergreen,Casablanca,Marseille,2026-06-14T00:38:35,2026-06-14T00:38:35,0.0,9994.4,Chemicals
eb55e05b-6d48-4e56-b7e4-006df9088eb2,Evergreen,Tanger Med,Rotterdam,2026-05-09T20:00:19,2026-05-12T13:12:19,65.2,16906.2,Chemicals
fe05b477-c0ff-48dd-bed1-f005ca5aa7f4,Maersk,Ningbo,New York,2026-03-11T02:55:28,2026-03-11T02:55:28,0.0,14946.9,Automotive
48241898-1b78-41ef-81ff-ff12a68dd4de,Evergreen,Agadir,Hamburg,2026-07-02T20:09:15,2026-07-02T20:09:15,0.0,9059.8,Electronics
37f44022-2591-4213-91e6-304f5ed20e5e,Evergreen,Shenzhen,Hamburg,2026-05-25T01:24:58,2026-05-26T07:06:58,29.7,5713.1,Food
f11e44a0-9121-49a0-9d79-e35e7566522f,Marsa Maroc,Tanger Med,Rotterdam,2026-03-12T09:07:40,2026-03-12T09:07:40,0.0,7394.7,Food
aa0d11e8-2349-4db1-8834-6fe7f9820509,Evergreen,Shenzhen,Hamburg,2026-06-18T02:28:56,2026-06-18T02:28:56,0.0,20953.1,Food
06c1a91e-d913-4078-afaa-a2ae6e2a1dd1,CMA-CGM,Shanghai,Rotterdam,2026-03-23T18:06:35,2026-03-23T18:06:35,0.0,22499.2,Chemicals
631e1475-cd95-4e33-ac82-5f437bcd39fa,Marsa Maroc,Tanger Med,Barcelona,2026-08-31T04:25:01,2026-08-31T04:25:01,0.0,1206.0,Food
52003cf1-0c23-4b3f-a448-1ac23fb9b7d5,Comanav,Ningbo,New York,2026-07-17T19:30:57,2026-07-17T19:30:57,0.0,5028.4,Electronics
d664d895-acdf-4227-a9f0-f2055d658aec,Comanav,Singapore,Felixstowe,2026-05-30T09:30:00,2026-05-30T09:30:00,0.0,23360.5,Automotive
b4195289-b39f-4b33-8b0d-d1bb22ebef96,Comanav,Agadir,Hamburg,2026-05-01T23:48:39,2026-05-01T23:48:39,0.0,18808.2,Automotive
77d76754-66ef-4c59-9b47-01bfc51d44ee,CMA-CGM,Shanghai,Rotterdam,2026-04-08T21:19:10,2026-04-08T21:19:10,0.0,16371.8,Automotive
4f2e1dc6-494f-46c6-81c0-d2d7cbec9cbe,MSC,Shanghai,Rotterdam,2026-06-05T06:11:42,2026-06-05T06:11:42,0.0,8092.6,Automotive
768656b8-2ce0-460f-a504-4e70aa0ad103,Comanav,Casablanca,Marseille,2026-06-02T15:42:25,2026-06-02T15:42:25,0.0,12740.0,Chemicals
a1a9895c-6cd7-4b28-aa97-4ac68e7fa481,COSCO,Shenzhen,Hamburg,2026-06-12T12:12:42,2026-06-15T17:12:42,77.0,4548.8,Chemicals
982fc84e-be43-4c69-9e14-c1c1e822be2b,Evergreen,Busan,Los Angeles,2026-03-22T17:06:23,2026-03-22T17:06:23,0.0,19977.6,Automotive
269f3ef9-a18f-4392-8d90-f378052827b1,Evergreen,Tanger Med,Barcelona,2026-05-25T05:03:51,2026-05-25T05:03:51,0.0,506.6,Electronics
b575f2ac-adc1-4c19-b459-b13aa02392a8,Comanav,Tanger Med,Rotterdam,2026-07-29T20:21:37,2026-07-29T20:21:37,0.0,7218.7,Electronics
0e27dd3e-05c7-4f96-9692-aba155017fd0,COSCO,Shanghai,Rotterdam,2026-07-16T19:01:07,2026-07-16T19:01:07,0.0,14418.7,Automotive
1d784a3d-5255-4513-9b82-176ae536acc2,Maersk,Tanger Med,Barcelona,2026-05-07T11:06:48,2026-05-07T11:06:48,0.0,16321.4,Chemicals
bfee714b-7392-4cde-b7b7-5a035d93fe59,Maersk,Shenzhen,Hamburg,2026-05-08T09:22:27,2026-05-08T09:22:27,0.0,16513.8,Textiles
e28e2626-984d-4b83-8b5f-f730ed69cfc4,Maersk,Tanger Med,Rotterdam,2026-05-31T20:48:58,2026-05-31T20:48:58,0.0,6936.8,Automotive
38f2a7d3-2cd5-4924-8842-4b7fa373790b,Marsa Maroc,Tanger Med,Barcelona,2026-07-02T12:00:55,2026-07-02T12:00:55,0.0,17204.8,Electronics
93789250-e5cc-4bd2-810a-4006262f053b,MSC,Busan,Los Angeles,2026-07-18T08:06:04,2026-07-18T08:06:04,0.0,2609.3,Automotive
09725ac8-159f-41c0-a810-66e3346c44b4,Comanav,Busan,Los Angeles,2026-03-11T22:54:15,2026-03-15T14:00:15,87.1,7191.8,Electronics
2b76d267-ce92-4263-957f-b944cecfef9d,Maersk,Busan,Los Angeles,2026-07-15T13:54:54,2026-07-15T13:54:54,0.0,4255.7,Electronics
e26dfcfc-d199-475a-8076-d4d1dc7cdcbe,Marsa Maroc,Singapore,Felixstowe,2026-04-25T04:29:21,2026-04-25T04:29:21,0.0,1410.4,Chemicals
1a688026-0457-4c99-9654-829e230ec4f4,COSCO,Busan,Los Angeles,2026-05-13T02:27:53,2026-05-13T02:27:53,0.0,825.1,Electronics
68512fdd-65b3-4df6-807a-cf03ad9cd367,Comanav,Tanger Med,Barcelona,2026-09-08T03:53:08,2026-09-11T20:35:08,88.7,18112.3,Automotive
f0023e69-d18f-4b24-8551-e081f4a1f63a,Maersk,Shanghai,Rotterdam,2026-06-29T00:35:00,2026-06-29T00:35:00,0.0,24098.1,Automotive
fed44a26-5164-4079-8001-37748fe37725,Marsa Maroc,Agadir,Hamburg,2026-05-08T04:18:27,2026-05-08T04:18:27,0.0,547.7,Electronics
4f329efb-4a9b-4a6b-80b1-0b4669a8526c,Evergreen,Singapore,Felixstowe,2026-09-07T11:11:55,2026-09-10T03:59:55,64.8,6172.3,Electronics
7e029f93-de90-443b-bf5f-3c0f9a59f08a,CMA-CGM,Shanghai,Rotterdam,2026-03-15T17:50:51,2026-03-15T17:50:51,0.0,9498.8,Chemicals
30d8ec91-6d64-45aa-a633-e67b0d58f81d,MSC,Ningbo,New York,2026-04-05T01:15:35,2026-04-05T01:15:35,0.0,22594.6,Food
c1042492-d631-42a8-b433-57b1df6def6a,MSC,Ningbo,New York,2026-03-22T19:31:24,2026-03-22T19:31:24,0.0,16163.2,Chemicals
f4d64976-10eb-4858-bfc5-1d3b1d48248c,Evergreen,Casablanca,Marseille,2026-05-30T08:12:24,2026-05-30T08:12:24,0.0,11953.4,Textiles
fda8d7c9-e892-4fcb-bf69-b5ce54f6ad63,MSC,Shanghai,Rotterdam,2026-05-24T23:26:49,2026-05-24T23:26:49,0.0,18915.7,Chemicals
419afbfb-d857-46ca-a0ea-c417520672e2,COSCO,Ningbo,New York,2026-03-08T17:44:32,2026-03-08T17:44:32,0.0,11076.9,Food
b4dffea1-950c-48ca-8593-9dca64a956e8,MSC,Shanghai,Rotterdam,2026-09-02T15:10:49,2026-09-02T15:10:49,0.0,9287.4,Chemicals
ada54934-1151-4683-92fc-11d6eb5f84ab,Comanav,Busan,Los Angeles,2026-03-01T06:22:14,2026-03-01T06:22:14,0.0,17168.3,Electronics
d9df5d7d-9aea-4c23-8b3c-21306031885e,Evergreen,Shenzhen,Hamburg,2026-07-07T19:59:05,2026-07-12T18:05:05,118.1,4053.7,Textiles
e3a6fc21-a4a1-4ead-8a97-8679aae3d842,Marsa Maroc,Ningbo,New York,2026-05-18T05:47:02,2026-05-19T10:59:02,29.2,20069.0,Automotive
9c8dd8d3-4553-4d02-b2d4-6946f86b1412,Comanav,Agadir,Hamburg,2026-04-20T16:15:02,2026-04-20T16:15:02,0.0,2502.7,Chemicals
2f5ab733-5898-4667-bb5c-fe8ccb1fda56,Evergreen,Tanger Med,Barcelona,2026-07-11T08:06:16,2026-07-11T08:06:16,0.0,13229.4,Food
60de8846-fdec-4bc4-9521-3a916c9d940a,CMA-CGM,Tanger Med,Rotterdam,2026-05-08T22:02:45,2026-05-12T09:50:45,83.8,4535.2,Automotive
15bb75a9-744d-4a98-a6b4-a152ca7b285a,COSCO,Shenzhen,Hamburg,2026-07-04T16:03:58,2026-07-04T16:03:58,0.0,18430.4,Textiles
e0f8d8f4-3bea-43bd-ba82-791972f7724c,COSCO,Ningbo,New York,2026-03-24T03:06:06,2026-03-24T03:06:06,0.0,20574.3,Automotive
9ab4e9fe-eb86-43cc-8019-834d769fbedf,Marsa Maroc,Shenzhen,Hamburg,2026-03-09T12:14:34,2026-03-09T12:14:34,0.0,18913.4,Electronics
e0179502-a861-4a9b-8c75-16db73a52e7d,Marsa Maroc,Agadir,Hamburg,2026-04-27T08:46:32,2026-04-27T08:46:32,0.0,4314.7,Automotive
3f16acf6-4a13-4f76-b3a7-3e5704fb94c6,Comanav,Tanger Med,Rotterdam,2026-04-25T00:17:54,2026-04-29T02:41:54,98.4,12632.5,Electronics
9f6f5a5c-1f8e-422e-a108-5f985e4f5c6f,MSC,Shanghai,Rotterdam,2026-04-13T01:51:17,2026-04-13T01:51:17,0.0,7920.0,Automotive
587a97ae-c9c6-4c14-8435-1a3ce55cc9e9,Marsa Maroc,Ningbo,New York,2026-07-20T17:01:11,2026-07-20T17:01:11,0.0,20455.1,Electronics
0f762ca8-8818-41c0-bcc5-82fe6d246240,Maersk,Tanger Med,Rotterdam,2026-03-29T04:02:36,2026-03-29T04:02:36,0.0,5573.6,Electronics
59548842-c0bb-4372-8a6a-e15ca237cb63,CMA-CGM,Tanger Med,Barcelona,2026-07-24T02:07:06,2026-07-24T02:07:06,0.0,3414.3,Textiles
f6a9c2f6-e74e-499d-b89b-084e3e3cd6ad,Maersk,Singapore,Felixstowe,2026-08-01T15:13:04,2026-08-01T15:13:04,0.0,7855.3,Chemicals
5af254f7-f9cd-41ff-b993-84ad10053719,MSC,Shenzhen,Hamburg,2026-04-09T05:41:17,2026-04-09T05:41:17,0.0,15671.8,Chemicals
ee27b350-c51c-440a-9c77-15f0cc011987,Marsa Maroc,Tanger Med,Rotterdam,2026-07-09T16:58:35,2026-07-09T16:58:35,0.0,1272.2,Textiles
d2568654-0980-4c1f-a8b9-7866519782c2,Maersk,Shenzhen,Hamburg,2026-06-26T04:39:18,2026-06-26T04:39:18,0.0,12103.1,Chemicals
5a7b179e-1b26-4b95-84e2-60e75447b571,Comanav,Ningbo,New York,2026-07-04T06:52:47,2026-07-04T06:52:47,0.0,17370.5,Food
1be29a8d-1755-4a50-b50e-c48023383ee8,Marsa Maroc,Shenzhen,Hamburg,2026-04-22T23:49:18,2026-04-22T23:49:18,0.0,1169.5,Electronics
79598163-8adc-4d16-b8e9-927c6cdc503b,Comanav,Busan,Los Angeles,2026-05-01T04:02:33,2026-05-03T19:20:33,63.3,13821.5,Electronics
164a3b29-4533-46ad-b9d5-53bfb8ca1d3f,Marsa Maroc,Agadir,Hamburg,2026-08-17T15:54:30,2026-08-21T00:06:30,80.2,2803.1,Chemicals
00e0716e-e343-4e69-b288-f0f7cbb3eecd,MSC,Shenzhen,Hamburg,2026-09-06T05:01:59,2026-09-06T05:01:59,0.0,11997.3,Textiles
f37308b9-e417-480d-8490-853ae41a484f,Evergreen,Shanghai,Rotterdam,2026-07-02T05:17:44,2026-07-06T13:35:44,104.3,5805.6,Chemicals
109ce998-875d-4a4d-9e57-96fdd3de472f,Maersk,Tanger Med,Barcelona,2026-05-07T15:41:11,2026-05-07T15:41:11,0.0,15039.0,Electronics
f9bf7602-a1ea-48db-8aa7-8d4d8c86bd3a,COSCO,Ningbo,New York,2026-07-17T13:51:18,2026-07-17T13:51:18,0.0,4940.2,Textiles
a042fb5e-897e-4e34-b4b9-cf6b19d630ce,Comanav,Singapore,Felixstowe,2026-05-26T16:43:17,2026-05-30T03:19:17,82.6,1693.5,Food
9bc1d8b0-0368-4d27-b0b1-1e5097e8081f,Marsa Maroc,Tanger Med,Barcelona,2026-05-08T02:23:44,2026-05-08T02:23:44,0.0,4761.0,Chemicals
530830d5-e215-424e-87d3-198b2151d2f2,Comanav,Shanghai,Rotterdam,2026-07-25T22:47:43,2026-07-25T22:47:43,0.0,7612.0,Textiles
ea9f281b-776d-4296-aeb4-171995450793,Maersk,Singapore,Felixstowe,2026-06-28T03:47:59,2026-06-28T03:47:59,0.0,24229.8,Electronics
22afb7ae-679b-4fdf-87b1-1c78495d47a6,COSCO,Agadir,Hamburg,2026-06-23T09:05:59,2026-06-23T09:05:59,0.0,639.5,Automotive
45368ccd-479b-4ca2-a28e-d6d535c81dfe,Maersk,Singapore,Felixstowe,2026-04-19T10:58:22,2026-04-19T10:58:22,0.0,5973.9,Food
1b0d2202-a348-40e1-9011-d500574267c3,MSC,Busan,Los Angeles,2026-05-09T00:21:40,2026-05-09T00:21:40,0.0,20306.3,Electronics
4a8c3397-dc60-45e4-9ae0-1b388353647f,MSC,Tanger Med,Barcelona,2026-03-01T16:45:27,2026-03-01T16:45:27,0.0,18638.7,Food
7ca9953d-4aad-43a9-b024-8d03869f3109,COSCO,Tanger Med,Rotterdam,2026-07-31T01:59:23,2026-07-31T01:59:23,0.0,19961.3,Chemicals
37edb8b8-089c-4363-bbb2-5b2cb349c540,Marsa Maroc,Tanger Med,Rotterdam,2026-03-13T13:49:44,2026-03-13T13:49:44,0.0,17498.4,Food
d7a4a43f-63f4-4be2-ad02-7e3422895606,COSCO,Tanger Med,Barcelona,2026-05-10T17:07:29,2026-05-10T17:07:29,0.0,7333.1,Food
8e57c7d6-5828-4936-aaf2-a111e5b3a02d,Maersk,Singapore,Felixstowe,2026-07-02T13:59:47,2026-07-02T13:59:47,0.0,6938.0,Textiles
1a83d832-a351-4e51-9344-98c859b829e8,COSCO,Busan,Los Angeles,2026-05-25T18:53:34,2026-05-25T18:53:34,0.0,6459.2,Automotive
806ccebb-378e-418d-88e3-4977df484645,Maersk,Tanger Med,Barcelona,2026-04-10T10:22:39,2026-04-10T10:22:39,0.0,14475.3,Automotive
6e10135a-2a11-4c8a-bf47-ec41a9ac4880,Marsa Maroc,Busan,Los Angeles,2026-09-09T16:46:47,2026-09-11T21:04:47,52.3,6943.7,Electronics
ff57b4b9-ca36-4157-9cd6-3578cd2d02f8,Evergreen,Casablanca,Marseille,2026-04-24T14:53:28,2026-04-24T14:53:28,0.0,14211.8,Automotive
eab3d307-89a4-45f1-a1a7-573466f26657,MSC,Agadir,Hamburg,2026-07-07T14:42:48,2026-07-07T14:42:48,0.0,18792.7,Chemicals
a01a1287-ea56-4f1c-b51c-7eb1c54c2660,CMA-CGM,Tanger Med,Rotterdam,2026-03-31T05:12:37,2026-03-31T05:12:37,0.0,19808.1,Electronics
ab318d86-99fb-49fa-b64c-ca840908d0a1,Marsa Maroc,Ningbo,New York,2026-06-01T10:16:58,2026-06-01T10:16:58,0.0,13497.7,Textiles
c4bd1a98-6015-42ea-a35f-069f5671140d,CMA-CGM,Casablanca,Marseille,2026-07-13T16:30:16,2026-07-18T01:24:16,104.9,20130.0,Automotive
3f07213d-beb6-470b-b09e-bda00b62cf91,COSCO,Busan,Los Angeles,2026-07-03T02:07:47,2026-07-03T02:07:47,0.0,2926.7,Chemicals
a18fa7d4-b67d-4fb2-84a0-f4756b900a9d,Marsa Maroc,Ningbo,New York,2026-05-05T04:49:26,2026-05-05T04:49:26,0.0,21538.0,Electronics
81c011cb-9ebe-47ad-9a40-ff8cc13f5646,Marsa Maroc,Casablanca,Marseille,2026-04-04T10:59:10,2026-04-04T10:59:10,0.0,12991.8,Electronics
6d41817b-d25e-4808-90b5-f9664040a0f6,Evergreen,Busan,Los Angeles,2026-07-09T09:24:42,2026-07-10T05:12:42,19.8,4536.0,Chemicals
bd25198e-c60c-46bf-910b-aacd9a5490e8,MSC,Shenzhen,Hamburg,2026-08-21T10:53:33,2026-08-23T18:47:33,55.9,18933.1,Electronics
f1589d82-e697-4d94-abc8-3cabf546a614,Comanav,Shenzhen,Hamburg,2026-03-05T10:12:53,2026-03-05T10:12:53,0.0,5218.8,Textiles
4bbaa6eb-104c-4d45-8289-b6edcc85d99a,COSCO,Singapore,Felixstowe,2026-06-11T23:57:32,2026-06-11T23:57:32,0.0,21739.9,Automotive
1284c50f-ee52-4577-9b2e-d2e8665f007d,Evergreen,Busan,Los Angeles,2026-05-21T10:23:57,2026-05-24T05:23:57,67.0,10460.0,Automotive
cb8d8d60-fccf-4e21-8f6f-1cfeba7afe7c,Evergreen,Agadir,Hamburg,2026-06-05T21:53:21,2026-06-05T21:53:21,0.0,12679.8,Electronics
f2f059cb-ca59-4ec6-9cde-7753863a2fdf,Evergreen,Singapore,Felixstowe,2026-03-27T07:53:35,2026-03-27T07:53:35,0.0,2125.2,Electronics
1c10b288-a64a-4f62-a78f-e524a06907f5,Comanav,Casablanca,Marseille,2026-07-15T02:43:16,2026-07-15T02:43:16,0.0,9553.3,Chemicals
7bc11857-9a04-489f-8e62-db02e197874c,COSCO,Shanghai,Rotterdam,2026-06-08T16:13:31,2026-06-08T16:13:31,0.0,24673.6,Textiles
7f29dd30-e1dc-4cfa-ada0-a136a00981d5,Comanav,Shanghai,Rotterdam,2026-04-11T22:57:19,2026-04-11T22:57:19,0.0,8513.7,Textiles
c6df034c-be67-49f8-9ea2-c4444b583af5,Evergreen,Busan,Los Angeles,2026-03-01T11:56:28,2026-03-01T11:56:28,0.0,19056.7,Food
e531949a-daee-42bf-9cf2-91019c237a0a,Marsa Maroc,Ningbo,New York,2026-03-19T16:46:00,2026-03-19T16:46:00,0.0,16694.7,Food
84325a3b-90f1-485e-93d2-0555558ac859,COSCO,Casablanca,Marseille,2026-07-28T21:11:40,2026-07-28T21:11:40,0.0,17439.9,Textiles
748d5fc7-0ee0-437f-bb1e-cebc0774fb81,Evergreen,Ningbo,New York,2026-08-18T04:30:27,2026-08-18T04:30:27,0.0,2041.9,Textiles
714b8bfa-bbea-4da1-ad31-d2fe71d648f2,Comanav,Shanghai,Rotterdam,2026-08-10T23:27:05,2026-08-10T23:27:05,0.0,13081.2,Textiles
9d461f21-e43b-49e5-8a22-63a374d32e84,MSC,Shenzhen,Hamburg,2026-05-04T14:23:11,2026-05-04T14:23:11,0.0,9038.6,Textiles
5d6bfa2f-32a3-41e3-aa47-fb3fa67ead43,Comanav,Agadir,Hamburg,2026-08-08T18:56:17,2026-08-08T18:56:17,0.0,17064.5,Textiles
4740c2a3-58ae-4628-a537-12421382a8fa,Evergreen,Shanghai,Rotterdam,2026-09-08T11:51:26,2026-09-08T11:51:26,0.0,16648.2,Food
0a7878a9-3a8f-4d73-b0d3-0e306fb3818a,Comanav,Casablanca,Marseille,2026-07-26T01:51:25,2026-07-26T01:51:25,0.0,7727.9,Textiles
d0073141-dca9-4ef1-8bff-ff466f3e0c71,Evergreen,Ningbo,New York,2026-07-15T09:42:42,2026-07-15T09:42:42,0.0,20051.8,Food
23e74544-3c07-4ae0-88ee-d85b88e4b894,MSC,Ningbo,New York,2026-07-24T18:29:34,2026-07-24T18:29:34,0.0,18207.2,Textiles
9a69c340-064c-4e7a-a070-ac4d7e64d16d,MSC,Agadir,Hamburg,2026-04-09T09:22:57,2026-04-09T09:22:57,0.0,16019.4,Textiles
2607c56d-4044-4132-ab07-797d84ca86e2,Marsa Maroc,Casablanca,Marseille,2026-09-03T05:09:49,2026-09-03T05:09:49,0.0,9687.5,Chemicals
e12985d2-c7b1-4e9b-9730-bfafb0c98736,Marsa Maroc,Busan,Los Angeles,2026-05-27T14:35:00,2026-05-27T14:35:00,0.0,14420.6,Food
af500094-9ec7-4c91-aa04-26d56a989bb9,MSC,Shenzhen,Hamburg,2026-05-03T04:04:06,2026-05-03T04:04:06,0.0,2265.2,Electronics
28858f81-8b97-4194-8fc0-a2f9681213e1,Comanav,Singapore,Felixstowe,2026-08-23T06:18:13,2026-08-23T06:18:13,0.0,10130.5,Electronics
053ff658-bfc9-4e19-827c-781be350c7d0,Comanav,Agadir,Hamburg,2026-03-29T15:01:16,2026-04-03T07:13:16,112.2,11641.6,Food
a6b3291b-0d5c-456c-8576-7bfd1fcde91e,Evergreen,Shanghai,Rotterdam,2026-03-13T23:25:47,2026-03-13T23:25:47,0.0,5380.2,Electronics
ec4658a4-aa95-4984-af86-2b4ec1d6edbe,Marsa Maroc,Singapore,Felixstowe,2026-06-23T12:44:51,2026-06-26T17:02:51,76.3,12171.0,Chemicals
162a8c66-f31c-49f3-be76-e0f206456d78,Maersk,Shenzhen,Hamburg,2026-03-08T19:08:25,2026-03-08T19:08:25,0.0,3511.5,Electronics
4e4195f3-6094-4184-b979-3a11eb249113,Comanav,Tanger Med,Rotterdam,2026-07-02T18:39:24,2026-07-02T18:39:24,0.0,3132.8,Food
9719bb64-4873-4deb-85d0-217d733a5f31,MSC,Shanghai,Rotterdam,2026-06-10T09:53:11,2026-06-10T09:53:11,0.0,23180.8,Chemicals
69ce5611-b3b7-42f1-8bfc-f04989e1e442,Maersk,Agadir,Hamburg,2026-04-10T16:06:29,2026-04-13T17:18:29,73.2,741.5,Textiles
d6dd5043-60a7-4446-a2c8-10ed24afe30c,CMA-CGM,Shanghai,Rotterdam,2026-03-29T19:35:52,2026-03-29T19:35:52,0.0,6147.0,Food
24b2bcd5-dfe4-4f64-888a-baed45ca2730,Evergreen,Shanghai,Rotterdam,2026-07-11T17:53:00,2026-07-11T17:53:00,0.0,6290.9,Electronics
4cf5eb0c-5764-4ff5-b4de-8dc26faa68d2,Evergreen,Ningbo,New York,2026-05-06T01:29:43,2026-05-06T01:29:43,0.0,5886.9,Chemicals
4b4c6107-5384-48c1-989b-f9a93c1192d3,Evergreen,Agadir,Hamburg,2026-07-24T19:31:16,2026-07-24T19:31:16,0.0,23884.6,Electronics
d7b67edd-bbda-4eb3-aee2-6f375c519134,Comanav,Shanghai,Rotterdam,2026-05-02T11:44:18,2026-05-02T11:44:18,0.0,2844.2,Chemicals
562ea21b-f169-49d5-a097-3534d481002f,MSC,Agadir,Hamburg,2026-03-30T03:04:23,2026-03-30T03:04:23,0.0,4558.2,Automotive
19424399-349d-4e8d-bb74-b14569e78296,CMA-CGM,Agadir,Hamburg,2026-04-06T03:47:54,2026-04-06T03:47:54,0.0,6349.9,Textiles
4c98cae5-837b-4914-b03f-d2be78f06daf,Evergreen,Singapore,Felixstowe,2026-07-10T05:55:39,2026-07-14T13:43:39,103.8,11431.0,Automotive
b451d8dc-69ac-496e-8182-d92eb89a167b,Comanav,Tanger Med,Barcelona,2026-09-04T11:25:58,2026-09-04T11:25:58,0.0,17954.4,Chemicals
60fcf1c5-d872-4fd8-8d4a-f4c0417cfc59,Marsa Maroc,Casablanca,Marseille,2026-03-13T00:52:39,2026-03-17T08:46:39,103.9,18892.0,Electronics
5fd8f40b-e0b1-4833-b663-e60e9acfbd99,Comanav,Ningbo,New York,2026-08-15T12:13:29,2026-08-15T12:13:29,0.0,22104.3,Chemicals
c03e0179-4eeb-4944-bde8-54a71d9c07cc,Comanav,Singapore,Felixstowe,2026-05-04T01:53:07,2026-05-06T02:53:07,49.0,1007.5,Food
5340a027-3793-4942-8297-d31b63ccdfe4,Comanav,Singapore,Felixstowe,2026-08-16T15:02:27,2026-08-16T15:02:27,0.0,5534.0,Automotive
492af39e-9052-4877-bffd-190203441d83,Evergreen,Tanger Med,Barcelona,2026-05-01T00:18:48,2026-05-04T14:06:48,85.8,4625.4,Chemicals
a7fd8194-fc61-4e96-a297-d6d21f92e697,MSC,Agadir,Hamburg,2026-03-21T19:10:32,2026-03-21T19:10:32,0.0,10425.0,Automotive
4e136b34-3e25-461f-90cd-12f06bf01c7c,MSC,Shanghai,Rotterdam,2026-04-09T07:47:28,2026-04-09T07:47:28,0.0,22004.4,Electronics
bba9fa38-009e-4b52-b05d-3c56ea2ca01b,Marsa Maroc,Agadir,Hamburg,2026-07-07T14:01:30,2026-07-07T14:01:30,0.0,11580.0,Electronics
f0b55c7c-bdb7-4cbb-8a99-2b76f2d9d61d,Evergreen,Singapore,Felixstowe,2026-05-19T19:52:09,2026-05-19T19:52:09,0.0,9833.8,Chemicals
bbf436c6-0efb-43d5-a767-27eb12376747,Marsa Maroc,Singapore,Felixstowe,2026-05-13T18:46:53,2026-05-13T18:46:53,0.0,10891.4,Chemicals
d03726a1-0347-4223-8f15-b1a50cdbd83e,CMA-CGM,Shanghai,Rotterdam,2026-08-06T22:45:53,2026-08-06T22:45:53,0.0,9481.6,Textiles
2bc5cce1-c352-414c-93c0-9204e3615b37,MSC,Busan,Los Angeles,2026-06-12T00:26:48,2026-06-12T00:26:48,0.0,21414.4,Food
c2b7b739-7bf2-4ee7-8e56-f00267546bed,Comanav,Ningbo,New York,2026-06-18T07:59:06,2026-06-18T07:59:06,0.0,1389.2,Chemicals
ff52a29f-1d52-4801-83ad-2e0f5301abcd,Maersk,Shenzhen,Hamburg,2026-06-24T11:58:29,2026-06-24T11:58:29,0.0,2704.3,Automotive
1a0f11f0-b1d4-444f-9907-47e9fa6d934a,Evergreen,Tanger Med,Barcelona,2026-06-01T06:06:37,2026-06-01T06:06:37,0.0,1726.6,Electronics
54a41325-33b8-43e5-b017-64d31fd8bd5d,CMA-CGM,Ningbo,New York,2026-04-07T06:00:04,2026-04-07T06:00:04,0.0,7682.2,Chemicals
be684e3a-5405-4c64-a99e-5a69a2cd034a,Comanav,Shanghai,Rotterdam,2026-03-20T06:38:09,2026-03-21T19:20:09,36.7,8134.2,Food
6ae76b96-2da3-4a65-85cd-cfed9a790dec,MSC,Tanger Med,Barcelona,2026-07-31T14:06:50,2026-08-03T21:12:50,79.1,14528.9,Automotive
de7805f5-5664-4f5e-8b86-97802b670627,Evergreen,Shanghai,Rotterdam,2026-09-07T15:58:10,2026-09-07T15:58:10,0.0,10870.0,Automotive
7d78b1df-6a51-4827-9f1c-95d80ce928cd,Maersk,Agadir,Hamburg,2026-04-29T15:33:43,2026-04-29T15:33:43,0.0,5286.9,Electronics
22ccc937-4c55-44ff-9264-bdd68dbda744,Comanav,Tanger Med,Barcelona,2026-03-22T04:01:19,2026-03-22T04:01:19,0.0,20523.6,Automotive
2296f2cc-c73a-4c4e-b40a-227ff0301fab,Maersk,Ningbo,New York,2026-07-19T03:10:09,2026-07-19T03:10:09,0.0,14059.2,Textiles
37a4bc24-b351-46bc-8762-5cf42e436066,MSC,Casablanca,Marseille,2026-03-02T11:33:49,2026-03-02T11:33:49,0.0,5076.8,Electronics
f2aa0b9c-cdeb-4cba-afec-96f9ab7dd8d3,Comanav,Shenzhen,Hamburg,2026-08-14T01:34:35,2026-08-14T01:34:35,0.0,7172.3,Electronics
50926fc8-0670-4928-9f00-782465e8049d,Evergreen,Ningbo,New York,2026-04-04T00:45:19,2026-04-06T07:15:19,54.5,4591.5,Chemicals
e1d78fbf-1caf-47bd-a94b-c65529332a07,Comanav,Casablanca,Marseille,2026-06-23T09:23:59,2026-06-23T09:23:59,0.0,21611.4,Textiles
e5856eb8-57f5-4129-acce-d20a5cc14269,COSCO,Shanghai,Rotterdam,2026-09-03T12:59:06,2026-09-03T12:59:06,0.0,4791.1,Electronics
505a19a2-029a-4ca8-a798-f593d80d5b93,MSC,Agadir,Hamburg,2026-05-17T13:06:14,2026-05-17T13:06:14,0.0,18985.6,Electronics
95c2ce58-57a9-4290-8ed3-6b0eceb25359,MSC,Singapore,Felixstowe,2026-04-07T15:59:00,2026-04-07T15:59:00,0.0,11788.9,Chemicals
4fc7eb7e-4c59-4aa6-9c2c-63250a9073e4,Evergreen,Singapore,Felixstowe,2026-03-10T23:52:26,2026-03-10T23:52:26,0.0,10395.5,Food
5f529a02-d93d-4aaf-b962-687033434619,Marsa Maroc,Busan,Los Angeles,2026-05-20T08:56:29,2026-05-22T11:08:29,50.2,15335.2,Chemicals
96d31ec0-8232-4111-ba1d-a9aba17cf113,Evergreen,Shanghai,Rotterdam,2026-05-06T08:16:17,2026-05-07T14:16:17,30.0,21519.2,Automotive
42d54298-37c4-4267-bc6c-044171ab4e60,MSC,Tanger Med,Rotterdam,2026-06-22T07:52:47,2026-06-22T07:52:47,0.0,24870.5,Textiles
9944a233-9bc6-43ae-85ac-4f2d580996b5,Evergreen,Tanger Med,Barcelona,2026-04-01T19:41:59,2026-04-04T00:59:59,53.3,7838.2,Electronics
5e06a319-d971-4529-b4c8-a6e381060e84,COSCO,Shenzhen,Hamburg,2026-08-31T21:59:54,2026-08-31T21:59:54,0.0,893.0,Chemicals
af8b9740-5c1c-42bc-9975-ba375389445c,COSCO,Casablanca,Marseille,2026-04-14T20:37:16,2026-04-18T22:01:16,97.4,18856.0,Textiles
94c39db7-1bfc-4818-929a-32e1289623cd,MSC,Singapore,Felixstowe,2026-06-28T18:03:43,2026-06-28T18:03:43,0.0,22562.3,Chemicals
1bbce5b1-e3f2-4122-bc0f-e24ca0d1c5ed,COSCO,Shanghai,Rotterdam,2026-08-02T08:39:51,2026-08-02T08:39:51,0.0,17965.8,Textiles
4e829001-fc65-43d5-8bfe-62899cad8c5b,COSCO,Agadir,Hamburg,2026-08-30T21:31:13,2026-08-30T21:31:13,0.0,24010.6,Automotive
25dd2cfa-9a0b-4c76-90e6-9004fe2193da,Marsa Maroc,Casablanca,Marseille,2026-09-06T22:42:45,2026-09-08T18:36:45,43.9,1801.4,Chemicals
48cef312-4c6e-457c-8ffc-fda3b460ec25,Marsa Maroc,Singapore,Felixstowe,2026-06-11T22:01:12,2026-06-12T18:25:12,20.4,7701.8,Food
562216ed-5d33-4f2b-ab73-c16ac3d26039,COSCO,Ningbo,New York,2026-04-05T09:27:26,2026-04-05T09:27:26,0.0,24543.3,Chemicals
fbd7baed-5aa3-47f4-9c49-d92cc536cea1,CMA-CGM,Tanger Med,Barcelona,2026-07-29T12:00:52,2026-07-29T12:00:52,0.0,8103.4,Food
5f5eba90-69b8-4377-8266-87ccd1cd8523,Maersk,Casablanca,Marseille,2026-05-11T19:13:04,2026-05-12T23:01:04,27.8,17922.1,Textiles
26f83112-c467-4c1d-b849-6f7753c905ad,Maersk,Tanger Med,Rotterdam,2026-07-23T02:09:42,2026-07-23T02:09:42,0.0,15951.5,Textiles
42e19313-f4f3-4191-81d9-654961dca3e4,COSCO,Tanger Med,Rotterdam,2026-07-27T03:19:36,2026-07-27T03:19:36,0.0,20063.5,Chemicals
e6ead725-1895-43f0-a6ec-d224b97a1d02,Evergreen,Shenzhen,Hamburg,2026-07-22T11:04:23,2026-07-22T11:04:23,0.0,9515.2,Food
eb6ee710-9439-45a1-a9f4-79a21e2cb149,COSCO,Tanger Med,Barcelona,2026-05-12T11:04:44,2026-05-12T11:04:44,0.0,11118.5,Food
e4d998ea-de1d-4a1a-941a-82be557869de,Marsa Maroc,Tanger Med,Rotterdam,2026-08-21T02:55:36,2026-08-21T02:55:36,0.0,18352.3,Food
c7322800-e4f2-4425-b782-d99247f0ee5d,Maersk,Ningbo,New York,2026-03-18T07:51:35,2026-03-19T12:27:35,28.6,20705.5,Textiles
509d653d-c33b-42bb-96d7-3be22476db03,Marsa Maroc,Busan,Los Angeles,2026-06-11T06:05:46,2026-06-11T06:05:46,0.0,7044.1,Automotive
43ffe139-1c30-491a-a247-4fecc19caf8f,Maersk,Agadir,Hamburg,2026-08-18T18:40:40,2026-08-18T18:40:40,0.0,7256.1,Automotive
2e84e834-e837-40af-88ea-110cd06a445d,Maersk,Tanger Med,Rotterdam,2026-08-28T14:39:15,2026-08-28T14:39:15,0.0,23862.2,Automotive
4b444444-1d14-4d6a-aa82-4be5ab9a6768,Evergreen,Singapore,Felixstowe,2026-06-11T07:04:24,2026-06-11T07:04:24,0.0,20087.1,Automotive
f871bced-22e3-4a3c-b897-ec6d2b2f2dc2,Evergreen,Singapore,Felixstowe,2026-05-27T20:43:51,2026-05-27T20:43:51,0.0,24765.4,Automotive
89992163-24b2-4b43-9c90-3989f4984900,Maersk,Tanger Med,Rotterdam,2026-06-13T07:10:45,2026-06-13T07:10:45,0.0,1417.8,Chemicals
6a401dac-1577-4cee-8a06-52edda9da8f5,MSC,Tanger Med,Barcelona,2026-03-24T22:31:14,2026-03-24T22:31:14,0.0,24539.3,Chemicals
552ab342-6023-4bc0-91c0-0d0d8b862fd6,Maersk,Tanger Med,Barcelona,2026-04-28T16:38:23,2026-04-28T16:38:23,0.0,20386.4,Textiles
6e5f5f20-3a82-4277-a9eb-e436167ddf29,Comanav,Shenzhen,Hamburg,2026-04-07T13:20:01,2026-04-07T13:20:01,0.0,23934.8,Food
80ee8ff9-9093-44cc-bfae-7e640e56d4d8,Evergreen,Ningbo,New York,2026-04-03T06:51:00,2026-04-07T10:51:00,100.0,8599.7,Textiles
0aed80df-941a-4d87-9798-5cba16d65ece,MSC,Ningbo,New York,2026-07-12T12:22:04,2026-07-12T12:22:04,0.0,20966.3,Food
51053973-36eb-4ce1-95d6-ab477d6354d0,Marsa Maroc,Ningbo,New York,2026-08-08T18:38:06,2026-08-08T18:38:06,0.0,15049.3,Automotive
7d2c1e12-f989-45d9-b5ce-8b32bedccb96,Comanav,Agadir,Hamburg,2026-05-28T08:34:21,2026-05-28T08:34:21,0.0,12343.2,Textiles
d5e7f393-01a5-4f0a-8a14-53407d4c0e26,CMA-CGM,Ningbo,New York,2026-03-24T16:24:34,2026-03-24T16:24:34,0.0,18244.8,Chemicals
95a459cc-dc8d-445c-b6e7-26ad61d0b6fe,Evergreen,Tanger Med,Rotterdam,2026-07-29T08:05:25,2026-07-29T08:05:25,0.0,21646.6,Electronics
8a820680-9f3a-4bfc-9c09-c01058343c4d,Evergreen,Casablanca,Marseille,2026-08-10T13:56:01,2026-08-10T13:56:01,0.0,19695.2,Automotive
1e15d224-31b3-4719-b7fa-f234cfe1e75f,MSC,Busan,Los Angeles,2026-09-01T09:41:02,2026-09-05T00:59:02,87.3,12893.2,Chemicals
f47f4201-a3c2-44c7-bd57-241488dce297,COSCO,Singapore,Felixstowe,2026-05-31T12:20:34,2026-05-31T12:20:34,0.0,7827.6,Automotive
71ae8509-7c8f-4870-b26e-1038bfda8b29,Evergreen,Casablanca,Marseille,2026-09-01T23:05:10,2026-09-01T23:05:10,0.0,23246.0,Electronics
826c005b-5742-402d-a618-6c8b346c75e5,Maersk,Shenzhen,Hamburg,2026-06-25T01:30:12,2026-06-25T01:30:12,0.0,20469.0,Automotive
24aa3e94-2028-49b2-8921-b4b0480cad51,COSCO,Singapore,Felixstowe,2026-03-31T15:54:51,2026-04-02T15:54:51,48.0,9574.3,Textiles
9ce191eb-64b6-4738-b2dd-fa33a81021fd,COSCO,Agadir,Hamburg,2026-08-01T07:50:36,2026-08-04T00:56:36,65.1,23977.7,Food
f1788d8c-06e9-4dc7-8029-aca8d6c32373,COSCO,Agadir,Hamburg,2026-03-14T11:41:34,2026-03-14T11:41:34,0.0,6260.2,Automotive
a1ee44f0-6bc6-4d4f-8e2b-f881d9b6462d,CMA-CGM,Casablanca,Marseille,2026-09-11T23:55:29,2026-09-11T23:55:29,0.0,8515.0,Chemicals
a5cb1126-b8db-4f8b-8b86-5b4559f33700,Maersk,Tanger Med,Barcelona,2026-04-27T06:18:42,2026-04-27T06:18:42,0.0,20006.8,Electronics
90b0bb8e-ac58-4c06-a253-9605bf23b7fc,Evergreen,Casablanca,Marseille,2026-04-16T17:06:29,2026-04-16T17:06:29,0.0,22466.2,Automotive
e836e14a-ddfd-4e16-80a7-dcbcc65ff3cd,Maersk,Tanger Med,Rotterdam,2026-08-22T09:21:13,2026-08-22T09:21:13,0.0,1300.8,Textiles
d1a718b2-3fcc-4c06-8ba5-c7bed99150c4,Marsa Maroc,Shenzhen,Hamburg,2026-05-07T03:20:55,2026-05-07T03:20:55,0.0,20755.6,Textiles
3450bbc9-1db1-4249-bcc0-1ef15aef5ad9,Maersk,Tanger Med,Barcelona,2026-05-04T22:05:19,2026-05-04T22:05:19,0.0,8089.3,Electronics
9a83ba2f-4ce8-45af-95ad-1fda21760f0c,Evergreen,Tanger Med,Rotterdam,2026-05-22T06:57:33,2026-05-22T06:57:33,0.0,1468.1,Electronics
e8a1a238-070d-4db8-95dc-807d2013ecbf,Comanav,Agadir,Hamburg,2026-05-14T20:20:14,2026-05-14T20:20:14,0.0,10076.2,Chemicals
1a85aee8-7f91-41a2-8e0c-1c7ffd45926b,CMA-CGM,Tanger Med,Barcelona,2026-04-19T00:08:19,2026-04-19T00:08:19,0.0,15578.2,Food
1f655f1b-2dd6-4237-88e1-8f3aa8a4ecab,Comanav,Tanger Med,Barcelona,2026-03-17T13:46:05,2026-03-17T13:46:05,0.0,3896.1,Chemicals
c8763f25-93e2-4e5e-88c0-0f6657e73171,MSC,Shanghai,Rotterdam,2026-08-12T10:08:24,2026-08-12T10:08:24,0.0,17648.6,Electronics
7b072b55-5bd6-4312-8fd5-2e2d62bf4e6a,Evergreen,Busan,Los Angeles,2026-03-31T10:26:51,2026-03-31T10:26:51,0.0,7450.6,Chemicals
6b7a20c2-1792-4d1f-a5c7-96ceccf6872c,Marsa Maroc,Shenzhen,Hamburg,2026-08-17T02:09:33,2026-08-17T02:09:33,0.0,12080.2,Chemicals
71b39f7b-827c-4665-8db7-62dbffe89bd3,Evergreen,Shenzhen,Hamburg,2026-05-18T10:01:26,2026-05-18T10:01:26,0.0,16510.5,Chemicals
981cffb9-3d9c-478f-be39-e4fadb4f5e91,Comanav,Singapore,Felixstowe,2026-04-27T10:19:30,2026-05-01T12:07:30,97.8,21254.5,Textiles
077134db-8c21-4a18-b2ac-103105398754,MSC,Agadir,Hamburg,2026-06-09T03:40:30,2026-06-09T03:40:30,0.0,17729.2,Electronics
28db1b35-c6fb-4688-85ff-03aaba2edaba,Maersk,Tanger Med,Barcelona,2026-07-03T04:16:52,2026-07-03T04:16:52,0.0,3384.1,Electronics
fae86589-2737-42ba-853d-aa65ce007a83,MSC,Busan,Los Angeles,2026-03-27T00:35:48,2026-03-27T00:35:48,0.0,2299.3,Textiles
f3add570-86f7-4ab9-ae6a-a1afc9d1bc73,Evergreen,Shenzhen,Hamburg,2026-04-03T19:09:16,2026-04-03T19:09:16,0.0,12299.1,Chemicals
38acb4fb-9e1d-4aff-91df-d60ed46f81bd,Marsa Maroc,Tanger Med,Barcelona,2026-07-29T17:20:46,2026-07-29T17:20:46,0.0,16955.2,Food
dd71529d-5812-4d04-801c-b44f4de3e29e,Marsa Maroc,Shanghai,Rotterdam,2026-08-02T07:37:01,2026-08-02T07:37:01,0.0,12094.1,Electronics
88463046-093c-41d7-bf0e-28cd8465c890,MSC,Shenzhen,Hamburg,2026-07-05T15:43:19,2026-07-05T15:43:19,0.0,8954.6,Electronics
2fb320ba-8062-4bb7-9af7-429bd1f73267,Comanav,Tanger Med,Rotterdam,2026-06-16T06:22:41,2026-06-17T21:34:41,39.2,5070.8,Chemicals
601ac2af-f454-463a-a508-efec306d3f14,Marsa Maroc,Busan,Los Angeles,2026-08-25T22:20:03,2026-08-29T22:56:03,96.6,21633.1,Chemicals
24865cdc-17c4-4e1f-b6e0-5004c35507d2,Comanav,Casablanca,Marseille,2026-03-05T19:14:20,2026-03-05T19:14:20,0.0,24184.1,Chemicals
f9f82e75-0743-4dd6-b07b-b0bd97350945,Comanav,Shenzhen,Hamburg,2026-08-10T22:53:52,2026-08-10T22:53:52,0.0,17646.5,Electronics
fb93dd2e-beba-4209-82a6-507f5a5d7040,CMA-CGM,Casablanca,Marseille,2026-04-13T16:45:05,2026-04-13T16:45:05,0.0,12428.9,Textiles
473431c4-2130-4d8a-b338-bcbd709bd82a,Maersk,Casablanca,Marseille,2026-08-08T22:52:59,2026-08-10T12:46:59,37.9,15296.1,Textiles
9715ff57-f186-45d5-9535-baf21ecbcf86,Marsa Maroc,Agadir,Hamburg,2026-04-28T02:46:03,2026-04-28T02:46:03,0.0,1442.0,Electronics
2e3e68b8-c55a-4b4d-b061-3a5ee4aaa47b,Marsa Maroc,Shenzhen,Hamburg,2026-04-27T13:19:18,2026-04-27T13:19:18,0.0,15564.5,Textiles
40e01c7e-c049-449e-974f-fea2849a8512,Maersk,Tanger Med,Rotterdam,2026-04-08T21:58:08,2026-04-08T21:58:08,0.0,20695.9,Food
77f6c803-8515-45ac-a228-fa5d83373291,MSC,Agadir,Hamburg,2026-04-11T00:35:16,2026-04-11T00:35:16,0.0,17168.7,Food
532305bd-839f-4fd6-90d6-8deac63724ba,Evergreen,Shanghai,Rotterdam,2026-04-09T05:17:56,2026-04-09T05:17:56,0.0,13454.0,Food
50be02e2-a740-4fa5-a080-a5ef457d24a9,COSCO,Agadir,Hamburg,2026-06-20T02:34:43,2026-06-20T02:34:43,0.0,18416.1,Electronics
57bb7945-74ac-48b2-bc61-fed074734a57,Marsa Maroc,Busan,Los Angeles,2026-07-12T13:05:34,2026-07-12T13:05:34,0.0,7609.7,Chemicals
cd65708a-2e58-49dd-84a3-05502090f025,CMA-CGM,Tanger Med,Rotterdam,2026-08-07T13:46:21,2026-08-07T13:46:21,0.0,10479.7,Electronics
56bcbfef-2aa6-4fb9-b517-57c9850a7cb9,Comanav,Busan,Los Angeles,2026-06-11T13:55:54,2026-06-16T06:13:54,112.3,22895.6,Food
2f9dceb5-15cc-4d39-9d64-5ebb1519544a,CMA-CGM,Agadir,Hamburg,2026-07-27T18:13:26,2026-07-27T18:13:26,0.0,5961.0,Textiles
674355f5-7878-469e-ae95-ae39207e4bdc,Marsa Maroc,Shanghai,Rotterdam,2026-09-05T13:58:41,2026-09-09T18:10:41,100.2,16876.6,Food
48edfe62-394c-4bf2-9cf0-65c1c662811c,COSCO,Shanghai,Rotterdam,2026-08-31T17:06:50,2026-08-31T17:06:50,0.0,13503.2,Electronics
37f6d658-b03b-4481-a4c3-ae26ce88114d,Comanav,Agadir,Hamburg,2026-03-15T13:12:19,2026-03-15T13:12:19,0.0,10226.0,Chemicals
2219b9ad-0629-4405-86b5-8d8e66eddacf,Maersk,Tanger Med,Rotterdam,2026-05-06T21:01:04,2026-05-06T21:01:04,0.0,7204.1,Food
602adccb-a19c-4131-b229-bd2922faf9de,Maersk,Singapore,Felixstowe,2026-06-15T23:02:45,2026-06-15T23:02:45,0.0,23838.6,Textiles
81a23a09-596d-4728-9a61-1ae6a391e42c,COSCO,Tanger Med,Rotterdam,2026-08-04T11:59:22,2026-08-05T22:59:22,35.0,16701.6,Textiles
b0c4bf39-fe62-4a39-8871-1cb710739668,Comanav,Tanger Med,Barcelona,2026-04-25T20:48:14,2026-04-25T20:48:14,0.0,24737.3,Food
9b6f0f95-9846-4ce0-b987-9c4d71952a5b,MSC,Shenzhen,Hamburg,2026-08-04T00:18:03,2026-08-04T00:18:03,0.0,5406.3,Chemicals
e8bdce6d-0038-4e81-a135-9e6bc0b21af0,CMA-CGM,Tanger Med,Barcelona,2026-03-16T01:28:45,2026-03-16T01:28:45,0.0,23691.2,Electronics
04f86053-05d4-46d3-8e4c-0e77ebf32722,MSC,Tanger Med,Barcelona,2026-08-01T17:03:20,2026-08-05T11:57:20,90.9,4641.1,Textiles
fce84b0f-293b-4ecc-afdf-f438c3256e13,COSCO,Shanghai,Rotterdam,2026-07-07T17:44:55,2026-07-07T17:44:55,0.0,10948.0,Automotive
c47ce3d8-dd24-470e-bfa3-870c43cccae2,Maersk,Shenzhen,Hamburg,2026-06-01T06:23:58,2026-06-01T06:23:58,0.0,7575.1,Food
840e5f7c-d6a5-46c0-b5ab-531b293cb354,Marsa Maroc,Ningbo,New York,2026-03-20T03:25:30,2026-03-20T03:25:30,0.0,24578.9,Electronics
5cb5fb89-fd62-4b3f-919d-4f5a25ea1647,MSC,Tanger Med,Rotterdam,2026-09-01T13:21:16,2026-09-01T13:21:16,0.0,19373.3,Textiles
b6fe10d9-2a67-458b-b4e2-8427963ee0d2,Maersk,Casablanca,Marseille,2026-06-13T07:23:15,2026-06-13T07:23:15,0.0,8769.5,Food
ef4ab148-8ec1-4800-b1f7-6cb474fb037b,COSCO,Ningbo,New York,2026-07-23T15:23:56,2026-07-23T15:23:56,0.0,12290.4,Food
d67ed265-79d2-4874-9fe4-7171621be0ae,Comanav,Shanghai,Rotterdam,2026-03-08T20:35:03,2026-03-08T20:35:03,0.0,19830.5,Textiles
e95c0da4-7959-4eca-8c65-9c91a3699de9,COSCO,Casablanca,Marseille,2026-07-10T05:08:24,2026-07-13T04:02:24,70.9,6631.8,Electronics
d563ae86-b35c-4f0e-965a-a9b666952a1b,Maersk,Tanger Med,Barcelona,2026-06-26T16:40:36,2026-06-26T16:40:36,0.0,8881.5,Food
1a9378f4-6b91-46f7-9067-697b9801c362,MSC,Ningbo,New York,2026-06-29T18:15:27,2026-06-29T18:15:27,0.0,23155.5,Textiles
321766da-cb91-4d5b-a6f5-d1e084e26537,CMA-CGM,Tanger Med,Rotterdam,2026-06-17T21:01:12,2026-06-21T22:37:12,97.6,11093.8,Food
691b323b-edfe-4637-bad7-f40a18ae48fc,MSC,Singapore,Felixstowe,2026-09-07T22:13:23,2026-09-07T22:13:23,0.0,15716.3,Chemicals
a4dc4521-1ab9-468f-b706-d3ec43263f3b,Marsa Maroc,Tanger Med,Barcelona,2026-04-08T03:27:08,2026-04-08T03:27:08,0.0,16597.1,Chemicals
e7373e7f-02ea-4202-a600-cddea55390bc,Comanav,Ningbo,New York,2026-05-28T12:43:01,2026-05-28T12:43:01,0.0,8394.2,Textiles
5bc6c5ff-6b9c-4276-ad02-6107494f0acc,Maersk,Agadir,Hamburg,2026-04-22T04:33:49,2026-04-22T04:33:49,0.0,5108.0,Food
c9029562-1737-4979-9d07-888a93e52609,Maersk,Shenzhen,Hamburg,2026-06-25T16:40:50,2026-06-30T09:34:50,112.9,16393.6,Chemicals
c19e81a2-c708-4306-92f7-0ce7401a89ef,CMA-CGM,Tanger Med,Rotterdam,2026-08-20T02:05:24,2026-08-20T23:17:24,21.2,21154.0,Food
73792133-433c-4864-b4d1-d8e4ce10e24f,Evergreen,Ningbo,New York,2026-07-03T14:42:34,2026-07-06T18:42:34,76.0,12099.0,Food
0690e879-4e26-4e09-9680-85211e258a25,Marsa Maroc,Ningbo,New York,2026-06-13T15:10:34,2026-06-13T15:10:34,0.0,3433.9,Electronics
7622bb82-8f6f-4c02-93d1-c95b86380740,MSC,Shenzhen,Hamburg,2026-08-09T20:36:12,2026-08-09T20:36:12,0.0,20643.0,Textiles
bcbbbb02-e969-4dec-affe-102bdcd0ab38,Comanav,Tanger Med,Rotterdam,2026-04-04T16:12:49,2026-04-04T16:12:49,0.0,23506.7,Automotive
c74b09b5-2a1f-49e6-b668-2ac3b86e65ca,Comanav,Shanghai,Rotterdam,2026-05-12T23:41:15,2026-05-12T23:41:15,0.0,4249.4,Textiles
1d947ab2-37c5-4b8c-b8f4-923c80a56512,Maersk,Singapore,Felixstowe,2026-08-19T13:05:49,2026-08-21T16:23:49,51.3,12708.0,Textiles
d869022f-42cc-443b-b806-0df77fb67623,Maersk,Singapore,Felixstowe,2026-05-22T02:18:08,2026-05-22T02:18:08,0.0,7486.3,Automotive
e503ac39-b1f6-4efc-bb5f-17c84f8c2581,Comanav,Tanger Med,Barcelona,2026-08-06T03:06:10,2026-08-06T03:06:10,0.0,13361.4,Food
6baee3dd-52a3-4c6f-93df-6ddd6b75cfbe,CMA-CGM,Tanger Med,Barcelona,2026-09-05T03:29:51,2026-09-05T03:29:51,0.0,24378.7,Textiles
40bfe12d-8d2d-41ca-a4ad-afd475e035f2,Maersk,Shenzhen,Hamburg,2026-07-24T05:05:44,2026-07-24T05:05:44,0.0,5701.6,Electronics
db63fb79-b64f-4ceb-945c-124d2741098f,Maersk,Agadir,Hamburg,2026-03-22T19:52:34,2026-03-22T19:52:34,0.0,21115.9,Food
c5bba291-c7c3-4850-af68-1dc3f04f1646,Comanav,Ningbo,New York,2026-05-01T17:43:50,2026-05-01T17:43:50,0.0,17963.9,Food
a0680092-fde0-4f7d-b85f-231cf11d7a47,CMA-CGM,Ningbo,New York,2026-03-26T11:35:40,2026-03-29T22:41:40,83.1,2960.7,Chemicals
83ab2d6f-18f5-4d5f-ba4d-d5ac888ea9f9,CMA-CGM,Tanger Med,Rotterdam,2026-06-29T19:52:38,2026-07-02T05:16:38,57.4,16618.5,Textiles
f5f02aa6-7971-4929-baa6-63ce69890fe5,MSC,Tanger Med,Rotterdam,2026-09-13T19:40:27,2026-09-13T19:40:27,0.0,23750.1,Food
1809d84a-0a87-4c1c-8403-75fbac261a18,Maersk,Tanger Med,Rotterdam,2026-08-04T15:49:19,2026-08-05T08:25:19,16.6,20332.8,Chemicals
3bd940d5-f2c8-45c2-a98e-e73ede669208,Maersk,Ningbo,New York,2026-04-22T16:20:52,2026-04-22T16:20:52,0.0,14975.9,Food
62a60b23-5ce6-4bd5-9b10-9882121ae631,Maersk,Agadir,Hamburg,2026-03-12T05:48:59,2026-03-12T05:48:59,0.0,5035.7,Food
167dfff9-8f3f-485e-9486-d221923d4429,Marsa Maroc,Tanger Med,Barcelona,2026-05-07T11:20:58,2026-05-07T11:20:58,0.0,12022.7,Automotive
035fea50-b7bf-4cd7-9953-1709bf518481,Marsa Maroc,Casablanca,Marseille,2026-05-14T20:41:07,2026-05-19T05:59:07,105.3,12987.3,Chemicals
549f676d-055f-474d-b19c-ad89d45bbbf8,Marsa Maroc,Tanger Med,Rotterdam,2026-05-17T22:54:32,2026-05-17T22:54:32,0.0,7196.2,Automotive
b80c19a7-1f9c-43ba-a2a5-ea05060072ee,Evergreen,Busan,Los Angeles,2026-03-23T09:07:38,2026-03-23T09:07:38,0.0,11028.2,Food
5e695184-bc76-4e6b-8436-48c19bc89357,MSC,Singapore,Felixstowe,2026-06-05T21:25:04,2026-06-07T17:01:04,43.6,3837.2,Food
a4e0c4ae-4297-478d-abee-b5f707d3b81d,Evergreen,Singapore,Felixstowe,2026-03-13T20:14:40,2026-03-13T20:14:40,0.0,6601.3,Electronics
7817928f-6047-4806-9b06-d06747dc5e28,CMA-CGM,Singapore,Felixstowe,2026-08-25T06:24:35,2026-08-25T06:24:35,0.0,12693.1,Electronics
61ebf5f6-6bc3-42e8-94ad-930e98c98573,Evergreen,Singapore,Felixstowe,2026-03-20T15:14:47,2026-03-20T15:14:47,0.0,6696.9,Automotive
95b288bf-b874-4a5b-9767-93c59b613806,Comanav,Casablanca,Marseille,2026-07-18T22:56:21,2026-07-18T22:56:21,0.0,3439.4,Automotive
adc6efe0-39d0-4275-b823-5e676b3152f7,Marsa Maroc,Casablanca,Marseille,2026-05-17T07:50:15,2026-05-17T07:50:15,0.0,24954.6,Electronics
d40d6df1-0054-40b3-856f-b69cd52f3ec7,Marsa Maroc,Tanger Med,Barcelona,2026-06-15T09:39:19,2026-06-15T09:39:19,0.0,24147.9,Textiles
321f4365-127b-426a-aa1f-d845fe48f1ec,Evergreen,Tanger Med,Barcelona,2026-07-22T01:17:19,2026-07-22T01:17:19,0.0,5650.0,Electronics
6f2a4595-4aac-477a-980a-5c94dbae5001,COSCO,Tanger Med,Rotterdam,2026-08-28T06:49:46,2026-08-28T06:49:46,0.0,5555.2,Automotive
e8519fe1-934e-4bfa-8856-aeab9ecd6922,Marsa Maroc,Casablanca,Marseille,2026-09-13T04:07:08,2026-09-13T04:07:08,0.0,3519.5,Textiles
89f03fe7-8500-4a7f-8e78-beb619f7e6d5,COSCO,Shenzhen,Hamburg,2026-08-02T03:46:12,2026-08-02T03:46:12,0.0,13212.2,Textiles
b5f5d929-54d6-483c-a741-2cc2cc626598,Marsa Maroc,Busan,Los Angeles,2026-04-18T02:34:43,2026-04-18T02:34:43,0.0,16058.8,Automotive
734b739d-fc08-404d-9819-5abf2c2b156d,CMA-CGM,Singapore,Felixstowe,2026-03-12T20:52:10,2026-03-12T20:52:10,0.0,16813.5,Automotive
9a4dd334-c96c-4350-a0a6-e11ba2b54643,COSCO,Busan,Los Angeles,2026-06-02T23:01:35,2026-06-05T10:13:35,59.2,6676.7,Chemicals
a412fd61-5286-4153-994e-9acb92aba26a,MSC,Busan,Los Angeles,2026-07-23T15:38:30,2026-07-23T15:38:30,0.0,22278.9,Electronics
42ce368e-ae7f-4a6d-b369-436e2c9c6df1,Evergreen,Busan,Los Angeles,2026-09-06T19:49:21,2026-09-06T19:49:21,0.0,10628.4,Textiles
db85509e-e94d-48a0-aa17-737130565a49,CMA-CGM,Casablanca,Marseille,2026-08-21T05:59:07,2026-08-21T05:59:07,0.0,10940.7,Electronics
4db57298-7bcc-49c2-aa86-78e468493b97,Comanav,Busan,Los Angeles,2026-05-08T23:11:59,2026-05-08T23:11:59,0.0,2099.7,Chemicals
507232ea-1376-41d1-858b-debb63bae69e,CMA-CGM,Shenzhen,Hamburg,2026-09-01T07:25:39,2026-09-01T07:25:39,0.0,11508.9,Textiles
517a9ebe-a62b-42b9-9ddc-2d348cfae13e,COSCO,Busan,Los Angeles,2026-07-14T19:59:54,2026-07-14T19:59:54,0.0,12268.6,Chemicals
9b4b8faa-d886-4988-8284-c4bfe7415a93,Maersk,Casablanca,Marseille,2026-07-12T16:37:59,2026-07-12T16:37:59,0.0,16307.9,Chemicals
acf5970b-fb3c-4002-a5dc-aef12a0efe42,Evergreen,Agadir,Hamburg,2026-05-03T12:03:26,2026-05-03T12:03:26,0.0,23382.4,Electronics
a801638b-2c35-410a-88c8-c52ac35da836,Marsa Maroc,Shanghai,Rotterdam,2026-06-09T10:53:06,2026-06-09T10:53:06,0.0,6742.9,Electronics
825b01fb-e3d9-4451-bff2-eff841edf515,Comanav,Shanghai,Rotterdam,2026-04-05T02:30:49,2026-04-05T02:30:49,0.0,20086.8,Chemicals
72bfe361-0669-426f-b383-71c5e6e12b73,Maersk,Tanger Med,Rotterdam,2026-06-19T17:02:21,2026-06-19T17:02:21,0.0,22177.8,Automotive
7a9bde48-6b74-4c95-baca-810a56e6f5db,CMA-CGM,Shanghai,Rotterdam,2026-03-11T15:51:25,2026-03-11T15:51:25,0.0,19064.6,Food
40976784-8a71-4778-8644-4ec3754c5df7,MSC,Ningbo,New York,2026-07-29T03:03:11,2026-07-29T03:03:11,0.0,24447.6,Electronics
b1a77bb8-3438-4864-9e9c-4b39424c68a9,Maersk,Casablanca,Marseille,2026-03-20T06:46:52,2026-03-20T06:46:52,0.0,17396.1,Food
9178b3f9-0547-42b7-992d-5c7bcfeb00bb,Evergreen,Singapore,Felixstowe,2026-05-03T06:24:25,2026-05-03T06:24:25,0.0,12285.0,Automotive
e173d302-d550-4f6b-ac47-2db36e5ea2c8,Marsa Maroc,Tanger Med,Barcelona,2026-05-23T05:35:38,2026-05-23T05:35:38,0.0,19222.0,Textiles
d2f69ce3-3216-46a2-b71b-62cf0f24ae4d,Evergreen,Shanghai,Rotterdam,2026-05-25T23:08:29,2026-05-25T23:08:29,0.0,10347.9,Food
c770cdcc-40c4-4298-b431-f054e1641157,Maersk,Shenzhen,Hamburg,2026-05-27T10:11:46,2026-05-27T10:11:46,0.0,15803.2,Automotive
a1d8a129-e409-483c-9dab-f7c71a02db54,Maersk,Shenzhen,Hamburg,2026-05-20T06:52:20,2026-05-20T06:52:20,0.0,9243.6,Automotive
98b47036-87ab-4cff-bb4f-5a4248b3e719,CMA-CGM,Ningbo,New York,2026-06-13T12:02:26,2026-06-13T12:02:26,0.0,11055.2,Food
326cdbc3-b1a4-47cd-9078-9d73202350b6,Marsa Maroc,Tanger Med,Rotterdam,2026-08-07T00:53:01,2026-08-07T00:53:01,0.0,14346.4,Automotive
14e92502-781b-4ee0-bade-2a9cb29f5e5f,COSCO,Agadir,Hamburg,2026-03-08T18:54:05,2026-03-10T05:00:05,34.1,10602.8,Electronics
82e98109-43d4-4e07-b46a-f7f2737b986d,Marsa Maroc,Tanger Med,Barcelona,2026-03-04T10:56:06,2026-03-07T10:08:06,71.2,18101.6,Automotive
cae4dcd9-f19e-4c4f-9421-43c43f77cd0f,MSC,Agadir,Hamburg,2026-09-01T02:54:22,2026-09-01T02:54:22,0.0,1397.1,Electronics
34f4b120-1d32-4145-97ab-664df1ac150a,Maersk,Singapore,Felixstowe,2026-04-21T09:15:24,2026-04-24T18:39:24,81.4,22300.1,Automotive
c4133199-cafd-4a4a-9008-fb111bbc3d54,CMA-CGM,Tanger Med,Barcelona,2026-05-07T06:20:49,2026-05-10T12:26:49,78.1,2791.0,Textiles
3b86bcd4-c1aa-4d0e-be90-484653d3cd5f,Marsa Maroc,Ningbo,New York,2026-03-04T06:53:15,2026-03-04T06:53:15,0.0,19142.3,Electronics
2883ba66-135a-464c-9ca8-dbca57da3928,Marsa Maroc,Busan,Los Angeles,2026-05-26T21:41:16,2026-05-26T21:41:16,0.0,4592.4,Electronics
6cf3f586-a1ff-44f5-a3c4-16b6529bfe33,Comanav,Busan,Los Angeles,2026-06-07T00:26:57,2026-06-11T02:20:57,97.9,22243.0,Electronics
c2f36aea-00c6-4ac7-a7c0-2c81310768fa,Evergreen,Tanger Med,Barcelona,2026-06-27T15:05:26,2026-06-27T15:05:26,0.0,23157.9,Textiles
51259843-d658-4b87-af87-2b8380f1e33f,COSCO,Tanger Med,Rotterdam,2026-06-15T22:42:51,2026-06-15T22:42:51,0.0,23399.0,Chemicals
53678726-a044-480c-9d9d-bdd69424db9a,Marsa Maroc,Ningbo,New York,2026-08-12T14:09:56,2026-08-12T14:09:56,0.0,18603.1,Food
e9b738a5-b533-489e-be1c-2729dd992b17,Marsa Maroc,Tanger Med,Rotterdam,2026-07-25T05:00:19,2026-07-25T05:00:19,0.0,4715.7,Automotive
6ae337d5-ced8-4178-a201-4f7b2321b2e3,Marsa Maroc,Agadir,Hamburg,2026-07-14T10:12:19,2026-07-14T10:12:19,0.0,4895.1,Automotive
7ea790e5-6344-4096-8ed8-42a315b050b8,MSC,Agadir,Hamburg,2026-08-26T06:10:17,2026-08-26T06:10:17,0.0,2001.2,Chemicals
b912d829-419a-4324-8ced-d294e1721879,Evergreen,Agadir,Hamburg,2026-06-06T20:47:53,2026-06-06T20:47:53,0.0,3388.0,Automotive
0ac4dfb4-2e04-4c83-b70a-6e49c02ad026,Marsa Maroc,Shenzhen,Hamburg,2026-05-24T17:51:20,2026-05-24T17:51:20,0.0,19146.8,Chemicals
0ad634ec-2148-4766-8cce-0398df0e4265,Marsa Maroc,Casablanca,Marseille,2026-08-29T05:56:26,2026-08-29T05:56:26,0.0,22578.3,Chemicals
4568c050-8000-4126-b03d-4887ef91ce59,Maersk,Singapore,Felixstowe,2026-06-26T08:11:46,2026-06-26T08:11:46,0.0,1360.7,Automotive
44917b50-ddd3-4d74-bd14-dd2dfcf737b3,Maersk,Singapore,Felixstowe,2026-08-02T05:43:47,2026-08-02T05:43:47,0.0,4359.6,Electronics
3a00ec72-c399-42d7-b61a-c2e855935cd2,COSCO,Casablanca,Marseille,2026-04-09T17:37:04,2026-04-09T17:37:04,0.0,6116.8,Automotive
b1fe82a8-0bfb-499e-ace1-7b4b6056bcff,Marsa Maroc,Shanghai,Rotterdam,2026-03-03T20:29:03,2026-03-03T20:29:03,0.0,14097.4,Food
54aed146-e681-4bfb-b408-d9d0def445b9,COSCO,Shenzhen,Hamburg,2026-07-24T08:04:27,2026-07-24T08:04:27,0.0,24931.8,Food
cbf8c1f8-04fc-4340-9ae0-6739626e9ffd,COSCO,Agadir,Hamburg,2026-06-18T18:44:22,2026-06-18T18:44:22,0.0,15468.2,Chemicals
e0b3034a-8e9b-4b90-a100-9bc4f5acd583,CMA-CGM,Shanghai,Rotterdam,2026-06-24T21:59:50,2026-06-24T21:59:50,0.0,5746.6,Electronics
2f2a9704-63e5-4b50-b11f-bdbd3f7f3a36,COSCO,Agadir,Hamburg,2026-04-11T23:36:26,2026-04-11T23:36:26,0.0,19427.7,Chemicals
6a0191e1-e7cd-4503-8100-1e75c3bc94b9,Comanav,Tanger Med,Barcelona,2026-09-04T02:07:39,2026-09-04T02:07:39,0.0,20016.7,Automotive
40b753b8-ce8d-459a-8a90-54860b18bbc0,MSC,Tanger Med,Rotterdam,2026-03-25T19:00:16,2026-03-25T19:00:16,0.0,13571.8,Electronics
0c4e8b49-e5c0-43fd-aab7-83acf3cabd18,COSCO,Ningbo,New York,2026-07-09T14:23:26,2026-07-09T14:23:26,0.0,16416.6,Automotive
9ded23ea-696b-4885-a397-7972a3a39034,Evergreen,Tanger Med,Rotterdam,2026-06-16T09:00:38,2026-06-16T09:00:38,0.0,21957.1,Automotive
f8882348-3ccc-4872-9802-d9caca79f478,Maersk,Agadir,Hamburg,2026-07-05T06:29:49,2026-07-05T06:29:49,0.0,15369.1,Electronics
b96ce115-dc4c-40c6-9889-a8f4d58b5df4,Evergreen,Agadir,Hamburg,2026-06-16T12:45:16,2026-06-16T12:45:16,0.0,8808.2,Food
826555e7-0b83-4a26-a152-d08c8694aefa,CMA-CGM,Tanger Med,Barcelona,2026-06-10T10:03:56,2026-06-10T10:03:56,0.0,13948.2,Automotive
60a2b84b-b2bd-43a5-a0c9-babbeac8360d,COSCO,Tanger Med,Rotterdam,2026-06-25T00:56:06,2026-06-25T00:56:06,0.0,21028.6,Automotive
9cbc3da1-115d-4b3f-952b-c52824dba892,Marsa Maroc,Agadir,Hamburg,2026-05-13T03:38:35,2026-05-13T03:38:35,0.0,13189.9,Food
7e283021-9507-4b71-aeb5-c51f5b72d1aa,Maersk,Busan,Los Angeles,2026-04-28T05:26:32,2026-04-28T05:26:32,0.0,16029.4,Electronics
5140ef3e-8fea-4980-ba56-d04e7b23f005,COSCO,Shenzhen,Hamburg,2026-06-02T07:46:39,2026-06-02T07:46:39,0.0,7269.6,Textiles
362473e7-4cc2-4d1b-96c0-1e1852ca9a06,Maersk,Tanger Med,Rotterdam,2026-03-23T01:10:41,2026-03-23T01:10:41,0.0,19611.2,Electronics
d022d4b5-525a-4427-873f-c8c0bd83fb06,Maersk,Tanger Med,Rotterdam,2026-08-04T22:28:13,2026-08-04T22:28:13,0.0,19060.2,Food
772542d9-0696-4296-b732-e39935c0cb44,Maersk,Tanger Med,Barcelona,2026-07-03T02:45:17,2026-07-03T02:45:17,0.0,12279.1,Electronics
0e1bdb0e-4ae3-4885-bc28-ee557ebf58ae,Comanav,Busan,Los Angeles,2026-04-24T08:14:15,2026-04-27T18:08:15,81.9,1902.6,Food
180267d0-c81f-4962-8207-689f1ca71280,Marsa Maroc,Tanger Med,Rotterdam,2026-03-10T21:15:37,2026-03-10T21:15:37,0.0,9156.8,Chemicals
5671b5c0-365d-4224-a63f-dc58ef18cdfc,Comanav,Tanger Med,Barcelona,2026-09-10T03:51:02,2026-09-13T13:33:02,81.7,18937.0,Textiles
ab549e11-3db0-4797-9968-b180c901ce98,Maersk,Casablanca,Marseille,2026-06-23T19:14:05,2026-06-23T19:14:05,0.0,4124.6,Food
0bf11e32-83cd-416b-924a-b92e4f4ce8a3,COSCO,Ningbo,New York,2026-06-09T18:01:41,2026-06-09T18:01:41,0.0,13294.4,Electronics
3d2f10bb-1e0a-4165-9373-6988fc18a4e9,MSC,Casablanca,Marseille,2026-08-10T13:18:53,2026-08-12T08:30:53,43.2,15730.5,Electronics
c0a14203-5677-4470-9fa4-fbbf1fbc8fab,COSCO,Shenzhen,Hamburg,2026-08-05T03:08:06,2026-08-05T03:08:06,0.0,12925.0,Chemicals
41d55db3-2f87-4bc6-9406-fabe4e30fcc8,Maersk,Tanger Med,Rotterdam,2026-07-29T18:59:04,2026-07-29T18:59:04,0.0,568.5,Textiles
670936f4-08d5-4ce7-af3d-b728985d5189,COSCO,Agadir,Hamburg,2026-03-14T17:11:49,2026-03-14T17:11:49,0.0,8866.5,Textiles
602b7e29-9366-4564-b4cd-236039ed7798,CMA-CGM,Ningbo,New York,2026-05-13T18:08:15,2026-05-13T18:08:15,0.0,10427.0,Food
0482bc63-ba7b-4859-a29e-689f8858f47c,MSC,Tanger Med,Barcelona,2026-07-12T06:32:55,2026-07-12T06:32:55,0.0,20043.7,Food
7e9cf787-c189-4c29-a9e1-ea61e69d703f,CMA-CGM,Agadir,Hamburg,2026-05-26T08:34:30,2026-05-26T08:34:30,0.0,1700.4,Textiles
cc9d4e71-cb81-4f25-a94c-2c9a86326410,Comanav,Casablanca,Marseille,2026-09-01T18:10:24,2026-09-01T18:10:24,0.0,18375.2,Food
d3745304-4c48-4481-8a38-711eeae37e34,Marsa Maroc,Tanger Med,Rotterdam,2026-07-18T05:26:07,2026-07-18T05:26:07,0.0,10464.9,Automotive
4a5518a6-f5f5-4eba-a976-f4fb53ef50b1,Evergreen,Singapore,Felixstowe,2026-09-14T00:31:01,2026-09-17T00:49:01,72.3,15643.2,Electronics
17cbbbef-1919-4a0f-b771-afd7d7208b21,MSC,Ningbo,New York,2026-06-25T14:01:06,2026-06-25T14:01:06,0.0,1987.4,Electronics
e69f44b3-5e63-4001-a54c-411d31699265,Comanav,Tanger Med,Barcelona,2026-05-06T00:23:25,2026-05-06T00:23:25,0.0,20955.0,Electronics
cc4b06d2-5878-4045-97c5-46c70e98ec70,Evergreen,Ningbo,New York,2026-05-10T08:18:30,2026-05-10T08:18:30,0.0,6909.4,Textiles
3c201474-efb4-447a-9af4-796104a7ce80,Evergreen,Casablanca,Marseille,2026-06-23T02:15:57,2026-06-25T20:03:57,65.8,23307.0,Food
e3b10a8a-b599-43de-9863-81a23622fa3f,COSCO,Agadir,Hamburg,2026-04-07T21:43:35,2026-04-07T21:43:35,0.0,5098.3,Electronics
1f5ba7a2-c9f2-4ff0-94dc-219f395767c1,CMA-CGM,Singapore,Felixstowe,2026-08-30T19:59:44,2026-08-30T19:59:44,0.0,16988.5,Automotive
8774264e-2423-4e5b-935f-2838327fb560,Evergreen,Singapore,Felixstowe,2026-04-19T16:31:32,2026-04-19T16:31:32,0.0,18286.7,Food
120d4047-7bda-4b7a-85f8-9568e0561287,COSCO,Shanghai,Rotterdam,2026-06-09T10:48:35,2026-06-09T10:48:35,0.0,1007.4,Chemicals
184f48b4-4f70-43b8-ba42-f30e44166bf2,CMA-CGM,Casablanca,Marseille,2026-05-11T02:19:14,2026-05-11T02:19:14,0.0,21203.5,Chemicals
040511be-6e15-4ab9-9f17-f8b310fa812b,Maersk,Agadir,Hamburg,2026-07-09T08:19:16,2026-07-09T08:19:16,0.0,19568.2,Electronics
0b608215-d703-4eab-abb7-ea5c533041bf,Comanav,Busan,Los Angeles,2026-04-04T16:20:04,2026-04-04T16:20:04,0.0,10059.5,Chemicals
c4458939-533f-48a7-8ddd-c49cf70caebb,CMA-CGM,Casablanca,Marseille,2026-05-26T07:33:10,2026-05-28T11:57:10,52.4,7620.0,Electronics
907ebe8f-04a8-41b6-9c2e-b6bab2a494e2,COSCO,Casablanca,Marseille,2026-07-16T23:28:52,2026-07-16T23:28:52,0.0,18167.5,Textiles
e2e22413-3d05-492e-913c-3509597b8353,Evergreen,Shenzhen,Hamburg,2026-05-26T17:34:01,2026-05-26T17:34:01,0.0,7698.9,Electronics
c695dbd9-4f02-45fb-9db6-3a35b35be6c0,COSCO,Tanger Med,Barcelona,2026-06-28T06:14:31,2026-06-28T06:14:31,0.0,10574.2,Textiles
25c55d7b-9d89-407e-a70d-15b5fd6d4e57,Evergreen,Shanghai,Rotterdam,2026-08-11T07:05:18,2026-08-11T07:05:18,0.0,20460.7,Food
38db8def-7563-4bf1-a764-f41a47553d3a,Comanav,Tanger Med,Rotterdam,2026-07-07T16:05:58,2026-07-07T16:05:58,0.0,3169.6,Automotive
a11e6bd3-43e4-4615-a792-ea871c7726df,Marsa Maroc,Ningbo,New York,2026-07-23T08:19:52,2026-07-23T08:19:52,0.0,4872.1,Textiles
8e5392d0-8768-4ec0-8ee6-77365210c86b,Marsa Maroc,Shenzhen,Hamburg,2026-06-10T04:35:17,2026-06-12T18:53:17,62.3,20878.0,Electronics
26fb77f3-dc10-48bb-9c4f-e33e86bc001a,Maersk,Shenzhen,Hamburg,2026-06-23T04:45:18,2026-06-23T04:45:18,0.0,16157.5,Textiles
2acf7e6c-3970-4974-89ae-96a2a4d38ddf,MSC,Agadir,Hamburg,2026-08-28T02:33:44,2026-08-29T13:09:44,34.6,19243.6,Textiles
37b3c99a-9bb8-4e56-b91c-82f3abac02c5,Comanav,Agadir,Hamburg,2026-04-15T17:48:10,2026-04-15T17:48:10,0.0,14884.5,Electronics
1025761c-7162-4ed0-ba8c-becb17ab76c3,Marsa Maroc,Singapore,Felixstowe,2026-08-30T17:43:07,2026-08-30T17:43:07,0.0,3964.7,Electronics
09fd9116-6fb3-41bb-b781-946cb330ca18,Maersk,Tanger Med,Barcelona,2026-03-21T20:18:19,2026-03-21T20:18:19,0.0,11641.2,Chemicals
e9748842-bd89-4a36-a928-8730b114c8f6,Evergreen,Tanger Med,Barcelona,2026-03-28T15:46:43,2026-03-28T15:46:43,0.0,24402.0,Automotive
37cd16b0-5ba7-42e5-b2aa-f7f625759c1a,Marsa Maroc,Tanger Med,Barcelona,2026-08-31T09:24:23,2026-08-31T09:24:23,0.0,12568.2,Automotive
c921f7b6-2393-4bcc-88ef-ec569e0eee45,Marsa Maroc,Singapore,Felixstowe,2026-05-15T13:16:46,2026-05-15T13:16:46,0.0,6030.1,Chemicals
4bba3ac3-99fe-4dfb-abe5-9b3a25b0fbb8,Marsa Maroc,Tanger Med,Rotterdam,2026-09-11T08:47:14,2026-09-11T08:47:14,0.0,2554.7,Food
810b1fab-41d1-499d-99e8-8f7856087095,COSCO,Ningbo,New York,2026-04-16T12:45:55,2026-04-16T12:45:55,0.0,8522.3,Chemicals
930728b2-316b-4376-8b72-0a87c7a00ed1,COSCO,Tanger Med,Barcelona,2026-07-27T05:24:53,2026-07-31T14:06:53,104.7,19583.4,Food
8f2f02cf-70e5-4ddf-97ae-fbce49ac472e,Maersk,Tanger Med,Rotterdam,2026-06-24T20:52:37,2026-06-26T07:22:37,34.5,1150.9,Electronics
f3a1b9d0-9457-46d7-bfd9-4c430542953c,CMA-CGM,Tanger Med,Barcelona,2026-08-08T10:26:19,2026-08-08T10:26:19,0.0,3244.4,Automotive
07caf7c4-2ec6-45cd-b3c8-8064dc1e64f5,Maersk,Ningbo,New York,2026-03-21T23:53:38,2026-03-21T23:53:38,0.0,9743.6,Chemicals
c4cb7523-3b24-4d65-8a46-29128a21d144,CMA-CGM,Busan,Los Angeles,2026-04-28T13:21:25,2026-04-28T13:21:25,0.0,20664.5,Food
a37365e8-cfa9-4cc6-9ee8-0309403e4206,Marsa Maroc,Tanger Med,Barcelona,2026-04-23T08:20:13,2026-04-27T23:20:13,111.0,22115.9,Automotive
d8a5cfad-0624-4ce7-ba89-7230611a65a6,CMA-CGM,Singapore,Felixstowe,2026-05-17T18:53:58,2026-05-17T18:53:58,0.0,8971.9,Electronics
fc60e74d-187f-4e72-b54e-feb1970cb52a,CMA-CGM,Tanger Med,Barcelona,2026-07-12T01:54:53,2026-07-12T01:54:53,0.0,20308.6,Food
9fa9ba09-749a-4e05-a335-99bbe3f616e7,Maersk,Shanghai,Rotterdam,2026-08-06T21:56:39,2026-08-06T21:56:39,0.0,6033.2,Chemicals
11ef682d-d035-4f6c-b30d-7256c9b787f1,COSCO,Ningbo,New York,2026-08-25T16:52:29,2026-08-25T16:52:29,0.0,1146.2,Automotive
091c4f7e-fc5f-473c-8b96-89bb27026867,MSC,Singapore,Felixstowe,2026-04-25T14:56:45,2026-04-25T14:56:45,0.0,18212.4,Automotive
f888f223-7384-4a56-ab68-2901c46e2557,MSC,Ningbo,New York,2026-07-01T20:54:27,2026-07-01T20:54:27,0.0,11556.7,Textiles
feeed5b0-30cd-4797-854f-f781eb33aa83,COSCO,Shenzhen,Hamburg,2026-05-10T01:02:48,2026-05-10T01:02:48,0.0,6751.1,Electronics
88adc832-2e1e-41d2-9851-340b2333439a,MSC,Shanghai,Rotterdam,2026-04-01T09:13:02,2026-04-01T09:13:02,0.0,10477.6,Electronics
573a9d6a-c641-442d-9285-aa12cb84ad45,Marsa Maroc,Shenzhen,Hamburg,2026-09-06T08:34:58,2026-09-06T08:34:58,0.0,19904.8,Automotive
89cbbaee-b476-42e3-be5e-24679f0d1d2b,COSCO,Busan,Los Angeles,2026-07-08T04:19:52,2026-07-08T04:19:52,0.0,24174.1,Electronics
6f7b0392-a2cf-4faa-ad4d-f5bff9023589,Marsa Maroc,Ningbo,New York,2026-05-08T16:07:17,2026-05-08T16:07:17,0.0,18785.4,Chemicals
d4b85fcd-783e-4092-876f-0178fe98d5c6,Maersk,Tanger Med,Rotterdam,2026-06-30T17:13:51,2026-07-05T03:43:51,106.5,1857.0,Automotive
d8cf49fc-35eb-4f4b-86a4-7c4f0d903e75,COSCO,Shenzhen,Hamburg,2026-03-23T12:43:33,2026-03-23T12:43:33,0.0,15382.0,Electronics
11e79d1f-d2aa-4faf-9056-730b1a2b36ee,MSC,Singapore,Felixstowe,2026-03-02T19:55:58,2026-03-02T19:55:58,0.0,2280.6,Automotive
3e04c324-aeae-412d-9faa-8242775a2948,MSC,Tanger Med,Barcelona,2026-08-23T13:26:29,2026-08-23T13:26:29,0.0,6723.7,Textiles
5d3e6284-2398-41eb-b86e-a9a335c5deca,Maersk,Shenzhen,Hamburg,2026-06-15T05:27:52,2026-06-15T05:27:52,0.0,12972.4,Automotive
a3f065d9-0d28-4893-b8a5-326599f9a4ac,Evergreen,Singapore,Felixstowe,2026-05-21T07:35:06,2026-05-21T07:35:06,0.0,15846.3,Chemicals
4c214ce0-cc52-45d8-a35f-1c3fbfcf7c28,Comanav,Singapore,Felixstowe,2026-05-05T11:31:10,2026-05-05T11:31:10,0.0,22609.2,Food
0ff8576f-dca4-462b-88c6-78b082f5d22d,Evergreen,Agadir,Hamburg,2026-05-01T12:43:20,2026-05-03T08:07:20,43.4,24096.7,Electronics
5d49a026-fcda-4642-b541-4bd50aaf3eb2,CMA-CGM,Agadir,Hamburg,2026-09-07T03:11:21,2026-09-07T15:41:21,12.5,13431.3,Chemicals
c47cf564-7251-4d0e-948f-210903b3e4c7,CMA-CGM,Agadir,Hamburg,2026-04-04T04:36:17,2026-04-04T04:36:17,0.0,12183.7,Food
724c3a0b-9a2e-49dd-a4a3-185f688440e4,MSC,Ningbo,New York,2026-04-20T06:09:03,2026-04-20T06:09:03,0.0,5693.0,Textiles
e85b8fbe-3b0b-4189-b25e-2f1c288e6166,Maersk,Tanger Med,Barcelona,2026-08-16T10:29:00,2026-08-16T10:29:00,0.0,9578.8,Electronics
667cc24b-92f2-401c-8769-f0fad710a13b,Evergreen,Tanger Med,Rotterdam,2026-08-14T18:23:19,2026-08-14T18:23:19,0.0,14329.3,Electronics
5400fe34-6d1a-4412-9a5e-61805c179d21,CMA-CGM,Shanghai,Rotterdam,2026-08-04T15:53:59,2026-08-04T15:53:59,0.0,23406.6,Chemicals
f2cf5628-754b-4dc0-b520-9dc5fc79c8f3,Evergreen,Shanghai,Rotterdam,2026-08-14T14:48:25,2026-08-16T22:18:25,55.5,15147.3,Food
038d7ad9-4f0f-4b5e-9f27-cb4d23003861,Comanav,Singapore,Felixstowe,2026-09-02T09:41:35,2026-09-02T09:41:35,0.0,20297.7,Textiles
ccf51f24-5788-44fe-b99f-525690622141,Marsa Maroc,Ningbo,New York,2026-07-27T20:46:04,2026-07-27T20:46:04,0.0,15207.6,Chemicals
4d643b7a-bc98-4b68-90a9-dbc94f6e710f,Evergreen,Tanger Med,Barcelona,2026-03-02T19:31:10,2026-03-02T19:31:10,0.0,13614.0,Textiles
b630ede9-c2b6-480e-a2da-d5939a056e32,Marsa Maroc,Singapore,Felixstowe,2026-03-15T15:37:31,2026-03-17T06:25:31,38.8,8593.7,Electronics
c18734b9-f2c8-458b-9538-63516e69825b,Maersk,Shanghai,Rotterdam,2026-05-17T10:40:31,2026-05-17T10:40:31,0.0,22239.8,Food
14a7183d-4472-4cc4-84df-4b9b3a369b08,MSC,Agadir,Hamburg,2026-07-23T21:33:25,2026-07-24T21:15:25,23.7,21060.1,Automotive
63584597-8ec1-4338-8525-e83ec5273d45,Comanav,Shanghai,Rotterdam,2026-03-06T11:12:29,2026-03-06T11:12:29,0.0,24243.2,Chemicals
dba4a95c-23af-4f13-8f56-0424c073d84a,Maersk,Ningbo,New York,2026-07-04T03:14:38,2026-07-04T03:14:38,0.0,17642.1,Food
735fefd5-53bd-444d-b872-452e98c4a630,MSC,Busan,Los Angeles,2026-05-14T00:18:13,2026-05-14T00:18:13,0.0,3384.1,Chemicals
a9b4d3ce-6dcf-4594-a02e-3a374cbff28f,Marsa Maroc,Tanger Med,Rotterdam,2026-03-07T22:59:25,2026-03-07T22:59:25,0.0,18857.3,Textiles
d7414f7a-0b72-4d79-acf9-7cabbaf0ff25,Marsa Maroc,Ningbo,New York,2026-03-02T14:26:12,2026-03-02T14:26:12,0.0,15364.9,Textiles
dd7bd39a-2edb-4486-8063-3ba114db3749,Marsa Maroc,Shenzhen,Hamburg,2026-06-05T15:11:58,2026-06-05T15:11:58,0.0,23776.6,Automotive
3388dd52-72c2-4886-bfc7-10878b5a1ab6,Comanav,Ningbo,New York,2026-05-27T20:56:57,2026-05-27T20:56:57,0.0,20559.9,Textiles
b3e506f8-71ac-45e5-928f-c93ba1e2229e,CMA-CGM,Tanger Med,Rotterdam,2026-07-12T17:34:21,2026-07-17T05:22:21,107.8,3386.2,Automotive
db03ec48-276c-486e-893b-4a7dce5dcf94,CMA-CGM,Singapore,Felixstowe,2026-06-30T04:54:38,2026-06-30T04:54:38,0.0,20212.3,Automotive
996984c3-7de2-4edf-a401-cf7ec74c6aa0,Evergreen,Singapore,Felixstowe,2026-04-20T01:43:19,2026-04-23T00:31:19,70.8,4092.0,Textiles
8c42b50d-81b7-40ea-82aa-5710dd38bc82,Comanav,Tanger Med,Barcelona,2026-04-09T21:18:36,2026-04-09T21:18:36,0.0,14536.4,Textiles
e3163440-f734-49ed-8215-31378def76e6,Marsa Maroc,Singapore,Felixstowe,2026-07-27T22:56:58,2026-07-27T22:56:58,0.0,20815.8,Electronics
48863d33-4e90-43a4-8b23-535f335971c2,COSCO,Ningbo,New York,2026-09-12T11:26:09,2026-09-13T10:02:09,22.6,20850.0,Automotive
f876a69a-b564-467c-84f5-1c53c8cc31c7,Comanav,Agadir,Hamburg,2026-06-27T21:11:58,2026-06-27T21:11:58,0.0,14501.9,Electronics
cdac2b9d-e4a8-435f-afa5-75e3733473f0,Comanav,Shanghai,Rotterdam,2026-05-04T20:44:27,2026-05-04T20:44:27,0.0,7042.7,Food
7669a7d6-4348-4115-850a-2826daa9e4f4,MSC,Casablanca,Marseille,2026-03-26T08:31:08,2026-03-26T08:31:08,0.0,19442.0,Food
66118041-af09-4a28-a291-a2b28760ef65,Marsa Maroc,Shanghai,Rotterdam,2026-03-18T18:07:33,2026-03-23T02:25:33,104.3,20897.0,Automotive
9b0c67b1-7f44-448a-8116-0bbaec216b21,Comanav,Busan,Los Angeles,2026-06-24T19:26:47,2026-06-24T19:26:47,0.0,659.6,Food
8ebc36e9-2519-4831-9fa4-a04086a48175,Evergreen,Singapore,Felixstowe,2026-06-21T22:42:41,2026-06-21T22:42:41,0.0,22188.2,Electronics
e7fe2699-8463-4542-9f71-2fff5dfdbe48,Maersk,Tanger Med,Rotterdam,2026-08-25T01:32:28,2026-08-25T01:32:28,0.0,19199.7,Food
9fd2dc7e-70b3-4ed2-9d27-d66269c4be1f,Maersk,Agadir,Hamburg,2026-07-10T04:51:06,2026-07-10T04:51:06,0.0,5236.7,Food
f3e22688-c097-4d68-af8c-e4577b6e7f8c,Comanav,Shenzhen,Hamburg,2026-08-16T10:03:10,2026-08-20T18:21:10,104.3,1673.9,Electronics
befab567-64c1-4d5e-abb6-12aff687c8fd,Evergreen,Singapore,Felixstowe,2026-04-21T23:00:28,2026-04-21T23:00:28,0.0,16383.0,Electronics
3e580579-04c2-4cd0-8a54-87971d9af771,Marsa Maroc,Shanghai,Rotterdam,2026-07-12T02:30:05,2026-07-12T02:30:05,0.0,21517.0,Textiles
a4fffbc9-6e42-4ace-bf22-3faf9b0f1ef2,COSCO,Tanger Med,Rotterdam,2026-09-07T08:47:47,2026-09-07T08:47:47,0.0,4841.1,Food
69bac8d4-abb5-465f-94ee-a4983442033c,Comanav,Agadir,Hamburg,2026-07-18T12:27:39,2026-07-18T12:27:39,0.0,11361.2,Chemicals
7a348719-bd6e-48b6-8824-9998d043c928,Maersk,Casablanca,Marseille,2026-05-13T04:15:28,2026-05-13T04:15:28,0.0,5902.5,Textiles
aee4dbbe-f056-4ea8-aa82-037d62ecfe31,Maersk,Shanghai,Rotterdam,2026-05-04T00:49:32,2026-05-06T12:25:32,59.6,15171.5,Chemicals
c31eb575-a337-4f59-9749-55d8335786c4,Maersk,Casablanca,Marseille,2026-08-04T15:52:57,2026-08-04T15:52:57,0.0,11501.1,Automotive
b9d0ab7d-37fc-4b25-9893-cd57aae2d4e4,Comanav,Singapore,Felixstowe,2026-03-08T10:15:19,2026-03-11T22:45:19,84.5,15109.6,Textiles
dea4b8b7-04eb-4222-8c27-2970a455faaa,Evergreen,Tanger Med,Rotterdam,2026-05-28T17:00:45,2026-06-01T13:36:45,92.6,12556.3,Chemicals
87dfdd75-2ca6-4ad5-99b6-6f350e970801,Maersk,Singapore,Felixstowe,2026-05-27T02:49:35,2026-05-30T03:55:35,73.1,23345.9,Electronics
5a3ec277-80b1-46af-987a-9dc40f5e4a80,Maersk,Shanghai,Rotterdam,2026-04-20T22:55:35,2026-04-20T22:55:35,0.0,13337.5,Food
4710eaac-8991-431e-b0d1-8a494a2f2b05,Maersk,Shanghai,Rotterdam,2026-05-22T00:26:08,2026-05-23T09:50:08,33.4,11619.7,Electronics
8ee1a9ce-ce9a-43f4-9974-49a2e3ae92ed,CMA-CGM,Casablanca,Marseille,2026-03-09T12:14:47,2026-03-09T12:14:47,0.0,23300.0,Automotive
79e6c31b-0cde-411b-b08a-f2745aa324ee,COSCO,Shenzhen,Hamburg,2026-09-12T23:31:32,2026-09-12T23:31:32,0.0,13844.8,Electronics
6eefd697-a1a2-49c3-9e0b-c22bcd2fa7ff,Maersk,Busan,Los Angeles,2026-05-05T15:03:07,2026-05-05T15:03:07,0.0,24904.7,Automotive
21740eb0-856c-472c-b3e8-d1c98263dff1,Maersk,Tanger Med,Barcelona,2026-04-17T19:57:10,2026-04-17T19:57:10,0.0,511.4,Electronics
0d94caf3-13cc-4a83-a624-314ec1e9bc49,Comanav,Agadir,Hamburg,2026-07-21T08:52:47,2026-07-21T08:52:47,0.0,20716.6,Textiles
ea90b8b3-0d33-40ec-b3fc-3f567b1e6f2d,COSCO,Casablanca,Marseille,2026-03-15T12:15:08,2026-03-15T12:15:08,0.0,14549.2,Textiles
32718e54-7bf7-4c63-b504-d1cb2b4d538c,Maersk,Singapore,Felixstowe,2026-07-24T17:02:48,2026-07-24T17:02:48,0.0,11463.5,Food
e8dfea7d-e4f9-405d-b8ae-0e29cf170261,CMA-CGM,Shanghai,Rotterdam,2026-06-08T08:07:40,2026-06-08T08:07:40,0.0,1705.0,Automotive
bce880f5-7c97-4394-af80-a665eaeaf4e9,Maersk,Shenzhen,Hamburg,2026-03-19T20:51:47,2026-03-19T20:51:47,0.0,10191.9,Food
0706e17a-1d62-4347-8aa6-af4e00a47d51,Comanav,Tanger Med,Rotterdam,2026-03-19T15:01:23,2026-03-19T15:01:23,0.0,7247.1,Electronics
411fee92-f12a-4690-8aab-3ce0032601f0,COSCO,Agadir,Hamburg,2026-04-11T23:41:25,2026-04-11T23:41:25,0.0,6628.1,Electronics
9458b6bd-0dc0-4260-b2df-ad81190a3ef1,COSCO,Singapore,Felixstowe,2026-03-08T16:00:23,2026-03-08T16:00:23,0.0,23228.3,Chemicals
43d3fa7d-f331-474e-94c3-54beda1d42da,Marsa Maroc,Busan,Los Angeles,2026-03-19T17:34:59,2026-03-19T17:34:59,0.0,22921.7,Electronics
970cfc95-b622-46c4-84e1-d3bb0014374e,Comanav,Tanger Med,Rotterdam,2026-04-14T23:14:21,2026-04-14T23:14:21,0.0,2760.6,Chemicals
41a7690f-5198-439b-8a49-d6c30df6a367,Comanav,Ningbo,New York,2026-08-09T20:37:47,2026-08-09T20:37:47,0.0,15892.5,Textiles
0e331efe-f3eb-48fb-99b3-69d0992393b8,COSCO,Ningbo,New York,2026-08-20T13:18:33,2026-08-20T13:18:33,0.0,13880.1,Chemicals
1e990fcd-9e1c-45f9-bd25-64014a9e1d24,MSC,Busan,Los Angeles,2026-07-26T16:13:19,2026-07-26T16:13:19,0.0,21731.3,Automotive
c7db9e74-32cf-475b-939e-fce76a2898cc,MSC,Ningbo,New York,2026-04-17T23:59:22,2026-04-22T07:35:22,103.6,4841.8,Textiles
56201e18-193d-4f66-a4f6-98130dce56ac,Maersk,Singapore,Felixstowe,2026-06-07T03:41:29,2026-06-07T03:41:29,0.0,14524.4,Chemicals
a4b33fc9-6f9d-4197-b814-d3ef8857713d,COSCO,Tanger Med,Rotterdam,2026-09-01T05:41:39,2026-09-01T05:41:39,0.0,14921.0,Chemicals
e02ad027-24b7-4b41-a6c6-555dea03a15a,Marsa Maroc,Singapore,Felixstowe,2026-04-29T11:14:52,2026-04-30T12:08:52,24.9,12218.9,Electronics
b49be3b1-b8a9-47ea-8908-a81e0bad9557,Comanav,Singapore,Felixstowe,2026-05-19T19:21:05,2026-05-21T08:51:05,37.5,10424.6,Automotive
36818f74-625e-4640-87ad-5a49bf73391a,CMA-CGM,Tanger Med,Rotterdam,2026-03-04T14:43:28,2026-03-04T14:43:28,0.0,9714.9,Automotive
3d9dc596-df08-476d-8f14-ddb09edcc0d4,Marsa Maroc,Tanger Med,Barcelona,2026-06-25T22:36:31,2026-06-27T06:06:31,31.5,15914.8,Textiles
fd2f249c-8757-4a5f-9b8a-ddbf420941b5,Maersk,Casablanca,Marseille,2026-08-11T10:48:22,2026-08-15T00:06:22,85.3,16659.1,Electronics
13d19cbc-3fda-48c7-94e6-770a4c71f93e,Evergreen,Shenzhen,Hamburg,2026-04-09T05:12:01,2026-04-13T22:24:01,113.2,17325.3,Chemicals
432178e8-c516-4e1d-bbbf-129eae9383f1,Marsa Maroc,Casablanca,Marseille,2026-06-13T20:22:09,2026-06-13T20:22:09,0.0,16456.9,Automotive
936185cb-72e8-462e-abcf-4ff33437921b,Evergreen,Tanger Med,Barcelona,2026-04-23T06:27:24,2026-04-23T06:27:24,0.0,14412.7,Chemicals
6c8189f8-ac40-4b04-bf57-744519baed26,Evergreen,Tanger Med,Rotterdam,2026-08-10T15:44:20,2026-08-10T15:44:20,0.0,19428.0,Textiles
5730e4af-1063-47bf-9c73-6719b984a1f9,COSCO,Agadir,Hamburg,2026-04-10T17:52:17,2026-04-10T17:52:17,0.0,13775.5,Food
d277b0f9-64c7-49ff-8b54-c15666e7938a,MSC,Tanger Med,Rotterdam,2026-04-15T17:21:56,2026-04-15T17:21:56,0.0,23005.4,Textiles
0f0e619c-75ba-4156-a0bf-35e87cdf22c1,Evergreen,Tanger Med,Rotterdam,2026-06-18T19:01:05,2026-06-18T19:01:05,0.0,6130.1,Food
508a28cb-9c9c-4f43-9ca8-f7f463103c15,Marsa Maroc,Singapore,Felixstowe,2026-04-14T06:40:26,2026-04-14T06:40:26,0.0,17439.5,Food
f289e75a-41ca-4b37-ad0b-4b2c5294dba6,Marsa Maroc,Shanghai,Rotterdam,2026-04-11T06:26:58,2026-04-11T06:26:58,0.0,22121.0,Textiles
f01f580c-43e4-42c7-8956-cf2cc0c3180a,Evergreen,Ningbo,New York,2026-09-10T07:15:51,2026-09-10T07:15:51,0.0,16358.1,Textiles
a13def0c-2ff9-47a6-a371-139158d24733,COSCO,Shenzhen,Hamburg,2026-05-17T03:31:15,2026-05-17T03:31:15,0.0,12934.6,Electronics
1e440231-dbce-4dbb-9066-e2ea701c05d5,Maersk,Busan,Los Angeles,2026-05-17T13:47:57,2026-05-17T13:47:57,0.0,4886.5,Food
b4746bbb-9390-4730-8996-f2229d1a721a,COSCO,Singapore,Felixstowe,2026-06-11T03:16:51,2026-06-11T03:16:51,0.0,5301.7,Automotive
9f4d6a9e-8bce-471b-99b9-b31d86e9ba1b,Evergreen,Tanger Med,Rotterdam,2026-05-18T07:43:49,2026-05-18T07:43:49,0.0,9821.0,Electronics
721f9c65-7335-4fa5-a5b2-4d570cfe3b19,Marsa Maroc,Tanger Med,Barcelona,2026-07-18T00:04:23,2026-07-18T00:04:23,0.0,24347.3,Chemicals
30b529f1-d54c-4120-a00e-fa8a42d3becb,COSCO,Ningbo,New York,2026-08-07T03:12:17,2026-08-07T03:12:17,0.0,4173.0,Food
4ce9a855-c70e-45d5-836a-280f8f4399ee,Evergreen,Singapore,Felixstowe,2026-06-23T16:52:21,2026-06-23T16:52:21,0.0,21215.0,Automotive
2f82d788-2255-4911-95f0-beb6a58a1c07,Evergreen,Shenzhen,Hamburg,2026-05-02T06:47:25,2026-05-02T06:47:25,0.0,12600.7,Electronics
8a1f7990-b609-4a18-83b6-a29de4492306,CMA-CGM,Ningbo,New York,2026-03-16T07:17:16,2026-03-16T07:17:16,0.0,516.0,Automotive
455237b1-1640-4d9b-afa1-bdf91f9cc0b8,CMA-CGM,Agadir,Hamburg,2026-09-09T18:21:40,2026-09-09T18:21:40,0.0,7098.5,Electronics
1c78cf24-94a5-48b0-a5bf-87413591acb3,Comanav,Shenzhen,Hamburg,2026-05-20T15:50:53,2026-05-22T20:56:53,53.1,15678.7,Chemicals
d924fb1d-8a9d-4978-be56-248eb9218f64,Maersk,Tanger Med,Rotterdam,2026-09-03T16:06:45,2026-09-03T16:06:45,0.0,4614.0,Food
15825566-054f-49e1-9a99-dd14ed08f99d,Comanav,Casablanca,Marseille,2026-07-07T09:26:56,2026-07-07T09:26:56,0.0,21385.8,Textiles
4e6581ca-0a71-4d13-9699-b5b5126bfd19,MSC,Shanghai,Rotterdam,2026-05-31T01:44:51,2026-06-02T08:14:51,54.5,15043.1,Automotive
7d22b4c6-9472-42c8-9d81-49772ee004da,CMA-CGM,Casablanca,Marseille,2026-03-02T01:31:12,2026-03-02T01:31:12,0.0,15479.0,Automotive
70e23884-e03c-49b1-a573-b5a2d078cd6a,Marsa Maroc,Agadir,Hamburg,2026-03-05T22:49:58,2026-03-09T12:37:58,85.8,18614.3,Textiles
70567ca4-064a-4b42-8f3d-9e82a7e5b9cb,Comanav,Singapore,Felixstowe,2026-04-04T13:33:59,2026-04-08T23:09:59,105.6,5266.9,Food
8af1978f-45d8-4bfd-b976-61e79656f1db,CMA-CGM,Tanger Med,Barcelona,2026-04-12T21:17:26,2026-04-12T21:17:26,0.0,6887.8,Textiles
5ab1a4fc-0f89-4a09-ae82-ad27b5d03f45,Evergreen,Casablanca,Marseille,2026-09-08T21:23:00,2026-09-12T15:23:00,90.0,23337.9,Automotive
a6cd3c93-17f4-42db-bc63-e57d76a72352,COSCO,Shenzhen,Hamburg,2026-04-27T22:07:38,2026-04-27T22:07:38,0.0,14598.4,Chemicals
7f6a851d-a7ce-4c4c-a82d-c517d83f829b,Comanav,Agadir,Hamburg,2026-04-04T23:37:52,2026-04-04T23:37:52,0.0,8911.5,Food
dde95b82-7b6e-4f15-b713-d1e0acf369af,Maersk,Shenzhen,Hamburg,2026-03-30T03:30:00,2026-03-30T03:30:00,0.0,24790.0,Food
b2093095-ed62-4dbf-9835-66235937a2bf,Evergreen,Tanger Med,Barcelona,2026-04-09T08:05:44,2026-04-09T08:05:44,0.0,9546.2,Electronics
3eac5e44-210e-4047-b463-ed64a6994f7b,Evergreen,Busan,Los Angeles,2026-06-08T09:05:14,2026-06-08T09:05:14,0.0,9963.8,Food
7c34fdf2-f382-4bf9-bce5-45f60bfb5ad0,Maersk,Shenzhen,Hamburg,2026-05-29T18:34:12,2026-05-29T18:34:12,0.0,19021.7,Textiles
6418d48e-09d6-40f6-a1fc-be65c02360e3,MSC,Shanghai,Rotterdam,2026-08-25T09:13:48,2026-08-25T09:13:48,0.0,8012.2,Food
04309df8-8c29-473e-8129-b77f28e09df6,Marsa Maroc,Tanger Med,Barcelona,2026-06-23T23:07:36,2026-06-28T04:07:36,101.0,2325.5,Electronics
82bc21e6-6607-4ad6-ad2a-6c5bc55750bd,Evergreen,Busan,Los Angeles,2026-06-11T13:49:25,2026-06-11T13:49:25,0.0,1648.8,Food
298b3e73-8612-4238-9d7e-acae429bbaa9,Evergreen,Shenzhen,Hamburg,2026-08-28T07:22:43,2026-08-28T07:22:43,0.0,19939.6,Electronics
e75abd85-5404-4ea1-a453-39ba65119852,MSC,Shenzhen,Hamburg,2026-03-20T10:46:52,2026-03-20T10:46:52,0.0,2661.1,Textiles
f2675fb3-d161-4095-8feb-33bc374f73d8,Maersk,Busan,Los Angeles,2026-04-08T18:17:11,2026-04-08T18:17:11,0.0,8530.3,Electronics
c09861a4-3229-46de-b1f2-fe90e3f33f95,Marsa Maroc,Agadir,Hamburg,2026-05-07T20:20:19,2026-05-07T20:20:19,0.0,15674.8,Automotive
3c7dea69-0486-43e4-b970-b0351558a066,COSCO,Singapore,Felixstowe,2026-03-16T07:38:58,2026-03-16T07:38:58,0.0,23790.3,Electronics
3d8d4379-3bdc-444e-bdb9-2926a0caa4c8,Comanav,Agadir,Hamburg,2026-06-21T20:16:56,2026-06-21T20:16:56,0.0,21363.2,Electronics
51fb7574-68a1-44cc-b5e7-f561eb1a7641,Evergreen,Tanger Med,Rotterdam,2026-07-18T21:26:38,2026-07-18T21:26:38,0.0,21241.8,Electronics
0a3173b3-05ac-453c-bd4f-86705e7b3ea8,Comanav,Shanghai,Rotterdam,2026-06-30T10:38:29,2026-07-01T02:26:29,15.8,9169.6,Chemicals
72e11acf-82e0-457d-b95b-71c967749dbb,Evergreen,Singapore,Felixstowe,2026-08-13T10:33:47,2026-08-13T10:33:47,0.0,24941.0,Food
8cefcb16-934a-428d-b8f4-0ecab03b3f88,COSCO,Ningbo,New York,2026-04-15T00:16:34,2026-04-15T00:16:34,0.0,15324.3,Automotive
ff8ee0c5-4cf7-4856-8ced-14f125614f87,Maersk,Busan,Los Angeles,2026-04-06T21:26:59,2026-04-06T21:26:59,0.0,3679.5,Food
81744311-5657-4e21-8a6a-37f616300069,Evergreen,Ningbo,New York,2026-03-18T19:43:02,2026-03-20T21:19:02,49.6,4488.3,Automotive
c56ceb3d-70b1-4ff9-81e1-3b4f8d44b9fa,Evergreen,Shenzhen,Hamburg,2026-03-04T18:09:09,2026-03-08T21:33:09,99.4,10989.7,Electronics
9d082d1a-1dee-4619-a681-72280f5770f1,Comanav,Shenzhen,Hamburg,2026-04-23T17:55:46,2026-04-23T17:55:46,0.0,12907.8,Chemicals
de5f9ca7-5083-42fd-8b5f-745c8b0578b9,COSCO,Ningbo,New York,2026-05-06T05:17:22,2026-05-06T05:17:22,0.0,21633.5,Automotive
00a4cc1d-923a-4f71-ad21-e67db3cffdde,Marsa Maroc,Busan,Los Angeles,2026-07-06T15:20:27,2026-07-06T15:20:27,0.0,8763.5,Textiles
4cd43639-9b4a-4d4c-b6f0-9c0364506646,Marsa Maroc,Ningbo,New York,2026-07-17T20:23:48,2026-07-17T20:23:48,0.0,14913.9,Textiles
51f8a279-caaf-470e-b30a-a99c462d4342,Comanav,Shenzhen,Hamburg,2026-08-17T23:47:41,2026-08-17T23:47:41,0.0,15534.4,Automotive
31b459ff-b822-4a1a-bb58-4e6da13adf71,MSC,Ningbo,New York,2026-06-13T04:49:29,2026-06-13T04:49:29,0.0,15552.4,Electronics
0698de13-3241-4ac1-bdde-b200bc3959d8,Comanav,Tanger Med,Barcelona,2026-04-06T02:22:08,2026-04-06T02:22:08,0.0,24642.0,Electronics
4a059de2-2c69-48c5-9ac4-e86c00445f13,Comanav,Casablanca,Marseille,2026-07-23T17:05:24,2026-07-23T17:05:24,0.0,1465.4,Automotive
a2fdf481-4ed7-4579-b1c2-44ac10d13c62,CMA-CGM,Shanghai,Rotterdam,2026-07-12T02:24:26,2026-07-12T02:24:26,0.0,14865.1,Automotive
517a4dc3-9f60-4c8d-9b85-50a2d574da0c,MSC,Tanger Med,Barcelona,2026-05-11T00:27:59,2026-05-11T00:27:59,0.0,21995.6,Electronics
cfddc892-c2e6-4aff-8631-97c97cfa3747,Comanav,Shenzhen,Hamburg,2026-04-14T04:59:28,2026-04-14T04:59:28,0.0,5604.4,Textiles
0255ba2d-7a79-40f9-a82f-302cab1316fe,COSCO,Shenzhen,Hamburg,2026-08-03T15:31:01,2026-08-03T15:31:01,0.0,5500.2,Chemicals
170cef2e-7836-42ed-936b-ca865c3127f9,Marsa Maroc,Ningbo,New York,2026-08-03T10:36:08,2026-08-03T10:36:08,0.0,2959.0,Textiles
5f85aa3e-ab2b-4aa7-80a0-b457e55d81c0,Comanav,Shanghai,Rotterdam,2026-08-25T07:14:56,2026-08-25T07:14:56,0.0,15614.3,Chemicals
410a2b38-4206-459b-8c2f-8e2420724db5,MSC,Busan,Los Angeles,2026-06-14T13:40:04,2026-06-14T13:40:04,0.0,21333.4,Automotive
0bf9aaa9-756f-4314-9628-f02a9f38020d,COSCO,Singapore,Felixstowe,2026-07-28T19:07:44,2026-08-01T20:19:44,97.2,18124.3,Textiles
a9008d84-247a-43da-92bc-1735e9d11f41,MSC,Singapore,Felixstowe,2026-09-02T17:33:59,2026-09-02T17:33:59,0.0,3678.5,Food
60780d88-20e9-4876-84f2-cc747de0cf95,CMA-CGM,Casablanca,Marseille,2026-08-11T18:54:00,2026-08-11T18:54:00,0.0,23767.7,Electronics
9f4af3dd-62f3-4209-82c0-47d8ae0b780b,MSC,Ningbo,New York,2026-05-04T18:29:25,2026-05-04T18:29:25,0.0,4735.4,Food
0da659b8-b3d1-4ce5-84e5-bd7b254e8ca9,Marsa Maroc,Tanger Med,Barcelona,2026-04-13T21:45:48,2026-04-13T21:45:48,0.0,20990.3,Automotive
133b0117-01b7-484d-a16a-4f272f99b55c,Evergreen,Agadir,Hamburg,2026-04-21T11:05:50,2026-04-21T11:05:50,0.0,21108.6,Electronics
f2c8ab55-cd9e-44cf-9564-c6f72382cff1,Evergreen,Shanghai,Rotterdam,2026-03-23T18:37:26,2026-03-23T18:37:26,0.0,9740.3,Electronics
5af39377-2b42-458c-a8cf-f3f489446b68,Evergreen,Tanger Med,Barcelona,2026-05-01T21:40:22,2026-05-01T21:40:22,0.0,6928.6,Automotive
cbb85d2f-ed06-41de-91d5-3be9404e69c0,Marsa Maroc,Agadir,Hamburg,2026-04-10T06:40:34,2026-04-10T06:40:34,0.0,8952.7,Food
3b01c530-82af-4897-8a27-57f3e299db64,Comanav,Casablanca,Marseille,2026-08-09T13:39:33,2026-08-09T13:39:33,0.0,13207.7,Electronics
b6f5bd27-1391-467e-be44-5230ce515cf9,MSC,Busan,Los Angeles,2026-09-04T10:51:20,2026-09-04T10:51:20,0.0,22546.4,Chemicals
246fb289-ea5b-49a4-83cf-e020c1582fcf,CMA-CGM,Busan,Los Angeles,2026-08-18T03:58:24,2026-08-18T03:58:24,0.0,24345.8,Food
cce44c35-91f1-4944-b300-5f29745a1266,COSCO,Shanghai,Rotterdam,2026-05-10T09:28:15,2026-05-10T09:28:15,0.0,4291.5,Food
274c4ade-c0df-4576-a23b-a5cf564d8fcc,CMA-CGM,Tanger Med,Rotterdam,2026-07-26T11:32:01,2026-07-26T11:32:01,0.0,2710.7,Chemicals
4b251cd3-dfc6-4290-804a-e82b3d22f54c,Marsa Maroc,Singapore,Felixstowe,2026-07-18T06:23:02,2026-07-18T06:23:02,0.0,18374.1,Chemicals
2224069f-fd08-4a06-ae5a-4228f7500be0,Evergreen,Tanger Med,Rotterdam,2026-03-12T04:35:12,2026-03-15T22:11:12,89.6,24028.6,Chemicals
1f4ca272-a82d-471f-813e-c84676041994,Maersk,Casablanca,Marseille,2026-04-20T17:47:45,2026-04-20T17:47:45,0.0,5769.2,Chemicals
33067184-7736-4e32-96a1-c09e9d2a0a91,Evergreen,Agadir,Hamburg,2026-09-04T14:37:43,2026-09-04T14:37:43,0.0,24182.2,Electronics
f5ac41d0-f711-4af1-8aad-3f665df8a090,MSC,Shenzhen,Hamburg,2026-09-06T13:38:02,2026-09-06T13:38:02,0.0,14627.9,Food
88516382-20ea-4d50-a98d-637a02da4522,Marsa Maroc,Agadir,Hamburg,2026-04-13T20:39:12,2026-04-13T20:39:12,0.0,4694.2,Electronics
845fee3a-ff5c-44c4-b662-21db4c5ad71e,Comanav,Singapore,Felixstowe,2026-08-07T17:26:49,2026-08-07T17:26:49,0.0,21419.8,Electronics
efef42d1-5c4b-4272-945b-1c4fb4d369ed,MSC,Shanghai,Rotterdam,2026-08-19T03:30:31,2026-08-19T03:30:31,0.0,4024.9,Automotive
9344f776-1657-4281-b5d7-9c59ba08c053,Marsa Maroc,Shenzhen,Hamburg,2026-03-18T20:29:35,2026-03-18T20:29:35,0.0,24121.7,Food
41e5073e-d2a2-4a3b-a4e3-5a6731dc8a85,MSC,Ningbo,New York,2026-03-25T14:20:05,2026-03-25T14:20:05,0.0,23522.6,Textiles
6148bcaa-cd82-4616-9f5e-595af68f8f21,Maersk,Singapore,Felixstowe,2026-06-10T14:24:31,2026-06-10T14:24:31,0.0,16292.9,Chemicals
c0638e4f-27c0-470f-8d75-4ab6b05b508a,MSC,Agadir,Hamburg,2026-07-01T00:54:35,2026-07-01T00:54:35,0.0,7601.1,Electronics
f0f29905-f69d-4c28-adcc-01782b605028,CMA-CGM,Shenzhen,Hamburg,2026-03-05T19:12:19,2026-03-08T21:36:19,74.4,23850.4,Chemicals
01d63f58-4972-44bc-b261-1d19b36fce61,MSC,Tanger Med,Barcelona,2026-05-26T23:41:26,2026-05-30T04:53:26,77.2,21274.6,Food
c03757ce-2117-4299-87cc-984b5fe1858b,Maersk,Busan,Los Angeles,2026-07-10T09:11:25,2026-07-10T09:11:25,0.0,4771.1,Electronics
b9599d91-fca5-4209-9e30-fc770cc60f12,Maersk,Casablanca,Marseille,2026-04-06T23:43:15,2026-04-06T23:43:15,0.0,16834.7,Food
a37c9a5f-025d-49b4-9e2c-aa07d46d7d74,Comanav,Busan,Los Angeles,2026-08-16T02:26:05,2026-08-16T02:26:05,0.0,12693.7,Electronics
ca7ea255-43d1-4f1c-8262-380069ef0fc8,COSCO,Agadir,Hamburg,2026-06-05T12:54:19,2026-06-05T12:54:19,0.0,20528.8,Automotive
d902ba1e-3801-4071-ada1-1779e040f74e,Evergreen,Ningbo,New York,2026-09-04T03:54:36,2026-09-04T03:54:36,0.0,4156.4,Electronics
579fe6a7-ebb1-4e5b-9695-b3957f60a553,Comanav,Casablanca,Marseille,2026-07-13T06:37:07,2026-07-13T06:37:07,0.0,18365.5,Electronics
f2beecdf-a550-4134-981a-e42a3fc1f07b,MSC,Ningbo,New York,2026-07-28T11:18:36,2026-07-28T11:18:36,0.0,22142.6,Textiles
5630ed56-7f2f-447c-aa9c-7ff631112456,COSCO,Ningbo,New York,2026-04-27T17:33:35,2026-04-27T17:33:35,0.0,23523.3,Chemicals
a769364b-d887-4dea-a64d-2bf85fe386a7,Evergreen,Ningbo,New York,2026-03-22T04:35:35,2026-03-22T04:35:35,0.0,14438.6,Textiles
7ee68cbb-09b8-4406-a54b-edd2c99f9f8e,Marsa Maroc,Agadir,Hamburg,2026-03-05T12:32:16,2026-03-05T12:32:16,0.0,17771.3,Textiles
b499b0cd-ecf0-4ef6-94f0-9bcd8ae2e61b,CMA-CGM,Ningbo,New York,2026-04-30T22:40:08,2026-04-30T22:40:08,0.0,16117.0,Chemicals
cec1fdad-18fc-46d5-bdce-b0feddbb3f78,Comanav,Tanger Med,Rotterdam,2026-09-13T08:13:52,2026-09-17T05:19:52,93.1,24939.9,Electronics
d3b7a368-f29f-4659-a928-be3c04a382e1,Maersk,Agadir,Hamburg,2026-08-30T06:05:23,2026-08-30T06:05:23,0.0,7901.5,Chemicals
10a75a23-64e1-499d-a710-dc26eb7df9d7,Comanav,Tanger Med,Barcelona,2026-09-09T13:30:59,2026-09-09T13:30:59,0.0,19959.1,Textiles
748876a8-1cc7-47cd-a86b-f5dfaf1a09d1,COSCO,Tanger Med,Barcelona,2026-05-04T05:40:33,2026-05-04T05:40:33,0.0,20962.0,Automotive
56e38ab6-76ec-4d8d-b22f-946c939ea66e,Comanav,Agadir,Hamburg,2026-03-30T01:47:40,2026-03-30T01:47:40,0.0,22514.2,Electronics
951d1e81-6bb3-47e1-a2ff-9027cacdc27a,Comanav,Tanger Med,Rotterdam,2026-09-07T22:29:28,2026-09-07T22:29:28,0.0,14641.1,Food
7f3880b3-2eef-4eb9-b4b8-6cdf02655c89,Marsa Maroc,Shenzhen,Hamburg,2026-07-03T12:31:25,2026-07-03T12:31:25,0.0,7918.4,Chemicals
44b2c03e-7cc0-4694-8398-b01fde79a444,Marsa Maroc,Shanghai,Rotterdam,2026-06-02T13:16:28,2026-06-05T08:28:28,67.2,1888.9,Automotive
e2b3206e-894e-4545-8cfa-23b11da3d031,Evergreen,Tanger Med,Rotterdam,2026-07-07T12:09:48,2026-07-07T12:09:48,0.0,12017.4,Automotive
482ccf4b-d3d2-4949-b259-32761f23bc1c,Maersk,Busan,Los Angeles,2026-06-17T00:36:44,2026-06-17T00:36:44,0.0,3321.7,Chemicals
f51585f9-a33d-4484-acd7-6a3e90d011ad,Marsa Maroc,Tanger Med,Rotterdam,2026-03-20T13:18:09,2026-03-20T13:18:09,0.0,4218.8,Automotive
75f85db5-c9fa-476b-b5f2-7585b08610e3,Maersk,Casablanca,Marseille,2026-09-13T20:55:25,2026-09-13T20:55:25,0.0,23137.7,Chemicals
601d1567-c7c8-4061-9ce4-05ca1a6d10d3,COSCO,Singapore,Felixstowe,2026-05-26T11:46:30,2026-05-26T11:46:30,0.0,3921.1,Electronics
43bbc95c-60bd-40af-9dff-129e101f9810,Maersk,Tanger Med,Barcelona,2026-07-26T01:09:29,2026-07-26T01:09:29,0.0,10366.1,Automotive
f54faea7-738a-4a31-9f5e-f2b045232e24,Maersk,Casablanca,Marseille,2026-08-04T14:48:50,2026-08-04T14:48:50,0.0,18180.9,Chemicals
ec23b341-08ef-4126-a565-2a602df9fdae,Marsa Maroc,Casablanca,Marseille,2026-05-31T06:21:31,2026-05-31T06:21:31,0.0,18693.2,Food
c4cc2b1d-1f09-49fe-b3a8-c37e73c4b0e3,MSC,Busan,Los Angeles,2026-03-31T14:45:15,2026-03-31T14:45:15,0.0,15762.9,Automotive
2a0f969a-b69f-4486-b4d2-8a63a4644f0e,CMA-CGM,Tanger Med,Rotterdam,2026-08-26T07:04:18,2026-08-26T07:04:18,0.0,11070.5,Textiles
3f2ab4c4-4dbd-4cf4-b4db-d42421bc9085,Evergreen,Agadir,Hamburg,2026-08-20T12:08:25,2026-08-20T12:08:25,0.0,4881.5,Textiles
503388df-1428-41bf-9dbd-af2f2ecff67a,Maersk,Ningbo,New York,2026-08-22T00:34:53,2026-08-22T00:34:53,0.0,19732.5,Automotive
124fbb42-685b-447e-b161-22a957647641,Maersk,Tanger Med,Barcelona,2026-04-04T04:24:16,2026-04-04T04:24:16,0.0,19851.0,Chemicals
3fecbdb1-fc95-41f4-8699-c9e6590a9054,MSC,Ningbo,New York,2026-09-10T13:56:52,2026-09-14T22:50:52,104.9,14622.5,Textiles
ed7facea-d7be-493f-8957-e999d264a207,MSC,Casablanca,Marseille,2026-08-21T14:58:36,2026-08-21T14:58:36,0.0,9701.6,Electronics
5bd88998-d08d-42e8-9a16-e7af55904a57,Marsa Maroc,Agadir,Hamburg,2026-07-01T17:54:25,2026-07-06T17:18:25,119.4,9074.4,Chemicals
aec69759-dcc9-4bae-86d3-4274262c2e98,Comanav,Tanger Med,Barcelona,2026-04-16T02:25:40,2026-04-16T02:25:40,0.0,16551.3,Automotive
79952c84-e72f-47f1-a39b-78403d196f18,MSC,Shenzhen,Hamburg,2026-09-10T03:51:20,2026-09-10T03:51:20,0.0,14794.7,Electronics
87897492-e6c5-46af-a716-d5088b5af7e0,MSC,Tanger Med,Barcelona,2026-03-07T21:37:13,2026-03-08T22:25:13,24.8,7248.8,Chemicals
08328c84-6942-463b-b5b7-fc9be9a0315d,Evergreen,Shenzhen,Hamburg,2026-04-09T20:42:18,2026-04-09T20:42:18,0.0,9483.9,Textiles
624b687b-1b9d-465d-9fb2-81707f3bc7f9,MSC,Casablanca,Marseille,2026-08-04T16:19:48,2026-08-06T08:19:48,40.0,2336.3,Automotive
e3f45ac8-e943-40e7-b1f2-3d07088c25fa,MSC,Tanger Med,Rotterdam,2026-08-08T03:16:25,2026-08-12T19:46:25,112.5,10850.3,Textiles
6a7d4b70-eb3c-4fd0-ac0a-88e491e04902,COSCO,Casablanca,Marseille,2026-03-14T21:58:40,2026-03-14T21:58:40,0.0,12624.0,Electronics
0b247dc4-6d9a-4f00-a4d0-402d23196609,Evergreen,Casablanca,Marseille,2026-03-01T01:34:54,2026-03-01T01:34:54,0.0,11356.3,Electronics
eadf18d5-d1cd-4fbc-b1da-65a76fd1aae3,COSCO,Singapore,Felixstowe,2026-04-05T07:12:28,2026-04-05T21:36:28,14.4,6090.9,Automotive
ecaed282-db03-44ff-b196-70d657a67cf7,Evergreen,Shanghai,Rotterdam,2026-06-27T07:03:31,2026-06-27T07:03:31,0.0,22577.4,Textiles
da545474-e9e3-4c60-9aff-40d1ec9b491f,CMA-CGM,Shenzhen,Hamburg,2026-09-14T10:03:04,2026-09-15T15:09:04,29.1,22025.4,Electronics
2cb74b06-32b3-46c7-ae4b-54559db4ad1a,Marsa Maroc,Agadir,Hamburg,2026-05-20T07:59:36,2026-05-20T07:59:36,0.0,7493.7,Automotive
9a07c80f-1005-4db9-b72a-6147ac9dfbe3,Maersk,Tanger Med,Rotterdam,2026-08-25T04:09:57,2026-08-25T04:09:57,0.0,9398.1,Chemicals
71811925-35a0-4082-a8f9-e0f5aea1a64a,Evergreen,Busan,Los Angeles,2026-07-11T08:59:29,2026-07-14T18:05:29,81.1,9529.9,Textiles
bf7d0104-537e-4c0f-a35a-c236b9233a44,CMA-CGM,Tanger Med,Barcelona,2026-07-20T02:35:50,2026-07-20T02:35:50,0.0,17088.2,Textiles
967ef0f9-3ad5-4852-9d61-37f0b761edde,CMA-CGM,Shenzhen,Hamburg,2026-03-22T01:52:53,2026-03-22T01:52:53,0.0,4725.8,Automotive
d879872c-eba6-4d44-bb31-edab7850ff81,COSCO,Shanghai,Rotterdam,2026-05-26T13:44:50,2026-05-27T16:32:50,26.8,20347.2,Chemicals
848d19ba-e2f7-43bd-83ab-845c253456a8,Maersk,Singapore,Felixstowe,2026-08-24T11:52:26,2026-08-24T11:52:26,0.0,14096.1,Electronics
030ff2df-c325-41f5-9e6f-15fb775571d3,Maersk,Ningbo,New York,2026-07-07T22:12:32,2026-07-07T22:12:32,0.0,1152.8,Chemicals
9887af9d-78d1-40e1-a805-4b52fd67633b,MSC,Ningbo,New York,2026-08-31T17:55:31,2026-08-31T17:55:31,0.0,10266.6,Electronics
794c8986-c24e-4a3d-9124-4bfd67dd2d42,MSC,Busan,Los Angeles,2026-07-20T02:09:02,2026-07-20T02:09:02,0.0,1544.3,Electronics
307c5b47-d4d7-4dce-8430-e59278e3e2a1,Maersk,Ningbo,New York,2026-08-23T17:54:29,2026-08-23T17:54:29,0.0,16919.8,Chemicals
ab9f9e09-7c85-4f76-a566-80aa27f2ae97,MSC,Tanger Med,Barcelona,2026-04-14T06:46:29,2026-04-14T06:46:29,0.0,21776.6,Electronics
dbc2d2da-9ea5-4ea4-b13a-0330fca42d3c,Marsa Maroc,Shenzhen,Hamburg,2026-04-07T20:10:43,2026-04-07T20:10:43,0.0,2568.7,Food
dcc6a925-57c1-4084-a05f-37a9f8f88c33,COSCO,Tanger Med,Rotterdam,2026-05-26T02:49:58,2026-05-26T02:49:58,0.0,6539.3,Chemicals
be64d2ce-879d-49a1-851c-414e949e4d9e,CMA-CGM,Agadir,Hamburg,2026-03-01T20:28:37,2026-03-01T20:28:37,0.0,1671.1,Textiles
e1c926df-525f-4ad8-95e7-04bc66889761,Evergreen,Shenzhen,Hamburg,2026-07-11T13:40:44,2026-07-14T06:46:44,65.1,5387.6,Chemicals
6257c06e-7ade-415f-82e0-c8dc909d0670,Maersk,Casablanca,Marseille,2026-07-16T22:08:06,2026-07-16T22:08:06,0.0,1107.4,Food
793badba-de3f-4fd1-9cd7-7608a8368271,MSC,Singapore,Felixstowe,2026-06-22T09:29:02,2026-06-22T09:29:02,0.0,21555.4,Textiles
e68a2516-becc-47c1-a200-5edbb4c6fcfd,COSCO,Busan,Los Angeles,2026-07-24T04:54:38,2026-07-24T04:54:38,0.0,15105.9,Chemicals
861a61c4-5601-41f9-9713-b7acaf4dba4b,MSC,Tanger Med,Rotterdam,2026-04-11T06:59:42,2026-04-11T06:59:42,0.0,633.9,Automotive
51e20cb0-491d-4945-a882-00721b79d0d6,Evergreen,Agadir,Hamburg,2026-03-18T18:40:58,2026-03-18T18:40:58,0.0,20653.3,Chemicals
c7a401d4-5126-421f-8a85-de9808b43adb,Comanav,Shanghai,Rotterdam,2026-05-03T18:02:20,2026-05-03T18:02:20,0.0,10143.8,Automotive
198de706-a5d0-4510-b65d-98c5dfe34674,CMA-CGM,Tanger Med,Barcelona,2026-09-08T05:42:25,2026-09-08T05:42:25,0.0,13353.1,Automotive
af15ff89-d07e-400f-8d73-cbb99071e86d,Maersk,Busan,Los Angeles,2026-04-24T13:04:52,2026-04-24T13:04:52,0.0,24505.7,Chemicals
5c7cc03b-ece9-4631-9223-5b3b4480aa29,COSCO,Singapore,Felixstowe,2026-08-06T22:07:14,2026-08-06T22:07:14,0.0,24144.5,Food
b3615414-0c88-4502-9b0f-79f0e9422789,Comanav,Tanger Med,Rotterdam,2026-04-11T12:57:12,2026-04-11T12:57:12,0.0,3353.7,Chemicals
de2323ca-76c2-42c4-992e-270664f4fc66,Marsa Maroc,Busan,Los Angeles,2026-06-07T18:08:53,2026-06-07T18:08:53,0.0,22891.3,Electronics
8940ccef-63ac-4358-8be5-4eca1c64b2cc,Marsa Maroc,Tanger Med,Rotterdam,2026-05-16T02:07:13,2026-05-16T02:07:13,0.0,14846.3,Food
8cd43d7b-dae6-40b4-9b87-e48cb663335d,Maersk,Ningbo,New York,2026-05-12T20:01:52,2026-05-12T20:01:52,0.0,14291.6,Textiles
18935ed5-c88f-4ed5-9003-15860276c498,CMA-CGM,Tanger Med,Rotterdam,2026-04-16T21:25:56,2026-04-16T21:25:56,0.0,24938.4,Electronics
ecbd955a-c448-402e-90b2-a4018bee92ab,Comanav,Shenzhen,Hamburg,2026-07-31T14:03:38,2026-07-31T14:03:38,0.0,6760.3,Food
9393c03c-04e3-4f36-bdce-b4b961a3428d,Maersk,Ningbo,New York,2026-05-23T17:26:23,2026-05-23T17:26:23,0.0,7791.9,Food
20b57e66-9e77-4946-a685-a263dd944d59,COSCO,Busan,Los Angeles,2026-08-25T11:58:39,2026-08-25T11:58:39,0.0,13465.1,Chemicals
a8fd3960-27a2-4a3f-aee6-a382d11d2b0c,Marsa Maroc,Agadir,Hamburg,2026-05-14T00:19:22,2026-05-14T00:19:22,0.0,11849.6,Chemicals
003bb06a-be9a-430c-ad60-1f07c7f7c2d2,Comanav,Tanger Med,Barcelona,2026-07-10T05:46:08,2026-07-10T05:46:08,0.0,15273.2,Textiles
170d1e21-4bdd-412a-8401-d09b6f742c95,COSCO,Tanger Med,Barcelona,2026-04-11T20:26:58,2026-04-16T15:38:58,115.2,4136.8,Chemicals
15f54dd0-a44b-4e82-b2d3-1869ebed2713,Maersk,Shanghai,Rotterdam,2026-08-08T23:08:37,2026-08-08T23:08:37,0.0,14489.9,Automotive
2d3d409c-80fc-47c0-8034-3ac8bcbdb050,Comanav,Agadir,Hamburg,2026-03-19T01:24:53,2026-03-19T01:24:53,0.0,8396.8,Automotive
b0e135dc-a47e-497a-9db6-3c5554c8df18,Marsa Maroc,Agadir,Hamburg,2026-04-17T20:29:09,2026-04-17T20:29:09,0.0,13127.0,Food
ced2988f-24c7-40ae-b132-69bda4c8c087,Evergreen,Shanghai,Rotterdam,2026-08-22T23:00:25,2026-08-22T23:00:25,0.0,3291.5,Food
66286d55-2907-4eb1-9b42-caebb308dada,Comanav,Busan,Los Angeles,2026-08-25T15:09:50,2026-08-25T15:09:50,0.0,17931.4,Textiles
44a85656-110c-40e0-80eb-5fcc33587f96,COSCO,Casablanca,Marseille,2026-09-12T19:27:43,2026-09-17T14:39:43,115.2,3919.4,Automotive
87dd4791-ad3f-4c1f-9d7d-6cc095d4c7e2,Maersk,Busan,Los Angeles,2026-04-22T06:53:54,2026-04-22T06:53:54,0.0,20585.4,Food
0fb100b7-7918-4b45-af55-251e47d4449e,Maersk,Casablanca,Marseille,2026-09-10T17:25:11,2026-09-10T17:25:11,0.0,1845.6,Automotive
1fd5d5ca-fe63-4e82-a0b1-160798c87b4c,Marsa Maroc,Tanger Med,Rotterdam,2026-03-02T16:25:46,2026-03-02T16:25:46,0.0,15880.4,Electronics
4377aa85-8a6f-4984-b249-363c04449acc,Comanav,Ningbo,New York,2026-03-19T20:43:12,2026-03-19T20:43:12,0.0,9549.7,Food
1a6a6752-a2c6-4647-b8e3-c385b31c8c04,Evergreen,Ningbo,New York,2026-08-16T02:05:06,2026-08-16T02:05:06,0.0,24829.8,Food
9253b28b-7eb8-4f79-b1d8-2150c69e5598,MSC,Busan,Los Angeles,2026-09-04T13:15:07,2026-09-05T10:15:07,21.0,11389.2,Electronics
3309eec0-9283-422a-8a27-645a141a7545,Evergreen,Ningbo,New York,2026-09-14T10:00:21,2026-09-14T10:00:21,0.0,24132.3,Food
e8f7ac30-a624-4667-94e9-6a9c15fbf720,Comanav,Tanger Med,Rotterdam,2026-05-08T19:38:47,2026-05-09T15:14:47,19.6,13892.1,Chemicals
199928dd-3e4c-40a8-8e7f-17317aba0c6a,CMA-CGM,Shanghai,Rotterdam,2026-05-07T10:32:16,2026-05-07T10:32:16,0.0,4437.5,Electronics
d1cfcd37-54fa-4396-9c2a-f91e6a801cb1,CMA-CGM,Busan,Los Angeles,2026-04-19T20:36:17,2026-04-19T20:36:17,0.0,18567.4,Automotive
18d37b6f-4d0a-4dba-bf14-1a09bcaf7c0d,Evergreen,Busan,Los Angeles,2026-04-10T05:11:34,2026-04-10T05:11:34,0.0,23346.4,Food
72cc392b-1e4b-460d-9b8e-8014835617a3,Maersk,Casablanca,Marseille,2026-07-29T10:52:54,2026-07-29T10:52:54,0.0,6857.8,Electronics
7b4e6192-d64a-4e49-9fff-b4988bcf7b7b,COSCO,Singapore,Felixstowe,2026-07-03T23:48:04,2026-07-03T23:48:04,0.0,16831.3,Automotive
fd0ddb7f-56bd-437b-8abf-96af9941cd22,COSCO,Agadir,Hamburg,2026-09-12T18:38:48,2026-09-12T18:38:48,0.0,7839.1,Chemicals
90d4e66f-d651-4df7-aff1-806f5c815e68,Comanav,Tanger Med,Barcelona,2026-07-28T09:18:56,2026-07-28T09:18:56,0.0,2558.8,Automotive
4abe40b9-18f2-4358-b91f-dd18e541b9f5,COSCO,Ningbo,New York,2026-08-10T14:14:17,2026-08-10T14:14:17,0.0,14965.5,Automotive
9a18aeb4-2410-4633-b76e-f666ec824c87,Evergreen,Singapore,Felixstowe,2026-06-05T09:45:11,2026-06-06T13:57:11,28.2,18292.0,Chemicals
f8ad868a-7db3-4bd9-8fb3-38fc7bff7744,Marsa Maroc,Busan,Los Angeles,2026-06-15T06:05:54,2026-06-15T06:05:54,0.0,7044.8,Food
fc8298f2-523f-4bff-a797-70c46119c14e,MSC,Shenzhen,Hamburg,2026-08-02T12:25:01,2026-08-02T12:25:01,0.0,6837.0,Electronics
8b869be7-fe08-47d9-975c-dbc7c98bd113,Maersk,Singapore,Felixstowe,2026-07-12T03:40:32,2026-07-12T03:40:32,0.0,1578.5,Food
b042e7ce-b116-4bc1-bd63-5da1ae49ea00,MSC,Agadir,Hamburg,2026-06-23T05:53:46,2026-06-23T05:53:46,0.0,17017.7,Food
ccd7f11b-4be6-453c-b30d-b328e6d60425,MSC,Ningbo,New York,2026-08-23T20:49:40,2026-08-23T20:49:40,0.0,9746.0,Electronics
1239a00a-668e-4d77-9fd9-473e4a1a508d,Evergreen,Busan,Los Angeles,2026-04-21T19:06:56,2026-04-25T22:00:56,98.9,16915.7,Chemicals
6bc49981-928c-4265-af4a-c637f07630e8,CMA-CGM,Casablanca,Marseille,2026-04-23T15:55:51,2026-04-23T15:55:51,0.0,22176.8,Chemicals
406ef99f-437f-4d10-bb05-fe600d8b4919,Comanav,Shanghai,Rotterdam,2026-08-08T07:03:59,2026-08-08T07:03:59,0.0,9901.4,Automotive
b55fee38-c4e2-4f6b-93b4-ec1beb0f1796,Evergreen,Shanghai,Rotterdam,2026-06-25T02:04:20,2026-06-25T02:04:20,0.0,7008.3,Food
0de14889-7c08-4a33-bfb6-8f95740ade2f,MSC,Shanghai,Rotterdam,2026-06-30T21:51:38,2026-06-30T21:51:38,0.0,784.6,Food
aa74d5df-ec31-430c-9971-cdbe17fde6b9,Maersk,Shenzhen,Hamburg,2026-05-24T09:46:46,2026-05-24T09:46:46,0.0,4415.3,Textiles
8a7d9b75-fedf-4817-a09c-db59619970e3,Comanav,Agadir,Hamburg,2026-05-18T00:25:19,2026-05-18T00:25:19,0.0,7242.8,Food
12d7bada-5ecb-42d5-8a66-b8568e1da397,Maersk,Casablanca,Marseille,2026-05-21T10:39:50,2026-05-21T10:39:50,0.0,14559.8,Automotive
d3076b36-ec18-4e21-9a5f-fec97e574b42,Evergreen,Shanghai,Rotterdam,2026-06-21T20:23:49,2026-06-21T20:23:49,0.0,17568.9,Automotive
2cbf18ba-875a-413b-a952-b88cec7b1586,COSCO,Tanger Med,Rotterdam,2026-07-13T02:22:09,2026-07-13T02:22:09,0.0,6834.0,Chemicals
c66da831-91f8-446d-8d6a-a67695ac7506,Comanav,Casablanca,Marseille,2026-04-21T12:35:24,2026-04-21T12:35:24,0.0,15247.6,Electronics
25100904-8cd0-4602-a114-88d5dc56b0fe,Maersk,Singapore,Felixstowe,2026-05-09T01:20:04,2026-05-09T01:20:04,0.0,2053.5,Textiles
9b0cbdcd-6535-463b-8c7e-0a34f8aa11d6,MSC,Tanger Med,Barcelona,2026-09-12T16:37:38,2026-09-13T16:49:38,24.2,22453.5,Automotive
010b1ea0-bf23-4409-a923-9a061bd9d1a0,Marsa Maroc,Shenzhen,Hamburg,2026-07-04T04:48:44,2026-07-04T04:48:44,0.0,15192.4,Automotive
2c3e99bb-770c-411d-9375-a23db90c7e27,Marsa Maroc,Agadir,Hamburg,2026-04-14T19:39:17,2026-04-14T19:39:17,0.0,6199.9,Chemicals
d4ba4911-0a59-413f-a6d8-9239a77e054b,Maersk,Singapore,Felixstowe,2026-07-15T19:05:39,2026-07-15T19:05:39,0.0,24534.8,Electronics
c12a1858-4ab1-408c-a4ed-9c633d9a21ae,CMA-CGM,Shanghai,Rotterdam,2026-09-03T13:22:19,2026-09-03T13:22:19,0.0,2812.7,Textiles
17e96423-9e9f-4772-a4f6-b155886a2eb0,MSC,Tanger Med,Rotterdam,2026-08-10T03:10:34,2026-08-10T03:10:34,0.0,23925.6,Textiles
56417c64-94cc-4eb7-a5a5-51ea11a44d75,MSC,Busan,Los Angeles,2026-06-20T01:02:30,2026-06-20T01:02:30,0.0,15598.9,Chemicals
b748f1f5-b6fe-4dde-93db-39766aeb277c,Marsa Maroc,Shenzhen,Hamburg,2026-08-12T00:55:34,2026-08-12T00:55:34,0.0,5234.6,Textiles
4bd049ae-cbce-48c1-8db5-b01252bbd55a,Maersk,Shanghai,Rotterdam,2026-03-05T23:01:47,2026-03-05T23:01:47,0.0,10701.6,Electronics
27b1e62c-0aef-4e20-ba17-fc984c5723b6,Comanav,Busan,Los Angeles,2026-04-11T08:22:36,2026-04-11T08:22:36,0.0,22466.1,Electronics
c22ca289-66e9-4ac4-b27b-1349f050a3c0,MSC,Ningbo,New York,2026-03-10T19:33:12,2026-03-10T19:33:12,0.0,15066.4,Food
5ba629dc-47f9-4801-b08e-a7b54a157dbf,Marsa Maroc,Ningbo,New York,2026-07-26T21:58:07,2026-07-26T21:58:07,0.0,13755.5,Electronics
36ec5ef3-c7c1-49c6-a30f-9ee1c2003f9a,COSCO,Singapore,Felixstowe,2026-04-26T10:32:35,2026-04-27T14:14:35,27.7,7151.7,Chemicals
6d0933fd-a8e7-4e0b-8110-89bafd90e7e1,COSCO,Shanghai,Rotterdam,2026-03-21T14:36:05,2026-03-21T14:36:05,0.0,24884.3,Automotive
f05142b0-5d9e-4d0f-a51d-b8288a1ef5a8,Evergreen,Shenzhen,Hamburg,2026-03-22T23:35:41,2026-03-22T23:35:41,0.0,10165.7,Chemicals
b6d04880-6239-46e3-8073-cda24513a3bc,Evergreen,Shanghai,Rotterdam,2026-05-17T15:13:32,2026-05-17T15:13:32,0.0,16747.6,Food
a38b3286-deaf-4f37-8543-caed3ad74ac1,Marsa Maroc,Agadir,Hamburg,2026-06-12T16:25:04,2026-06-14T23:07:04,54.7,15654.4,Chemicals
99771b35-f399-467a-bbc4-6b27ca9778b5,Evergreen,Shanghai,Rotterdam,2026-05-02T12:01:35,2026-05-02T12:01:35,0.0,8152.6,Electronics
3d7754c1-70ce-48f8-825a-a1f80f2e9240,CMA-CGM,Shenzhen,Hamburg,2026-06-20T07:27:01,2026-06-20T07:27:01,0.0,24483.0,Electronics
058261f6-2ad1-4b1e-ac76-33fad6d11900,Maersk,Tanger Med,Barcelona,2026-06-06T07:23:52,2026-06-06T07:23:52,0.0,18198.3,Automotive
4aaa3748-04c0-4de4-972c-c0f0114f0e24,Comanav,Tanger Med,Rotterdam,2026-04-26T20:48:41,2026-04-26T20:48:41,0.0,12205.0,Textiles
e9c7a07b-0909-4e79-974e-d8efb23f05d2,Marsa Maroc,Agadir,Hamburg,2026-03-25T02:11:16,2026-03-29T14:11:16,108.0,1590.0,Electronics
c32476eb-55b7-484f-883a-30ccd1db3494,COSCO,Tanger Med,Barcelona,2026-06-23T14:54:34,2026-06-23T14:54:34,0.0,17227.8,Electronics
5d3b2f6a-48a7-456e-9897-ed1a8b302d09,Comanav,Agadir,Hamburg,2026-05-19T05:25:34,2026-05-19T05:25:34,0.0,18941.3,Food
9338bd73-0fff-49ff-bf12-7272687ade88,MSC,Singapore,Felixstowe,2026-03-13T13:07:02,2026-03-13T13:07:02,0.0,6589.5,Automotive
d81c1e04-f2d2-416f-be8e-73eeb8d53241,Evergreen,Tanger Med,Barcelona,2026-07-18T07:09:45,2026-07-18T07:09:45,0.0,8527.5,Food
a491f482-5d3a-40b8-906e-f33b89e6a14c,COSCO,Tanger Med,Rotterdam,2026-08-23T18:29:11,2026-08-23T18:29:11,0.0,1704.2,Food
b176e1e9-c6aa-4e57-8c5f-1f6ac02159e2,Comanav,Shanghai,Rotterdam,2026-04-09T19:10:58,2026-04-09T19:10:58,0.0,13493.6,Food
beda058b-3487-4496-9b21-6c1d76634d3a,MSC,Shanghai,Rotterdam,2026-05-27T02:41:46,2026-05-27T02:41:46,0.0,23052.5,Chemicals
d3895d4b-a8ce-47d6-aad5-1b43ff347457,Comanav,Shanghai,Rotterdam,2026-07-30T00:41:11,2026-08-03T09:41:11,105.0,15528.1,Chemicals
7a07709e-be1c-4b95-8152-d4a5999a1e79,COSCO,Busan,Los Angeles,2026-06-01T06:33:01,2026-06-01T06:33:01,0.0,19834.9,Textiles
340d8e70-0c1a-4375-a765-262c255e4e89,Maersk,Casablanca,Marseille,2026-06-20T16:59:11,2026-06-20T16:59:11,0.0,23319.1,Textiles
474d8a19-8bc8-4ece-bb56-6c165f5881ab,Comanav,Singapore,Felixstowe,2026-03-19T05:53:03,2026-03-19T05:53:03,0.0,19028.5,Textiles
95124c8d-aae1-42be-8c97-fb38c0dca969,Maersk,Ningbo,New York,2026-07-27T04:36:28,2026-07-27T04:36:28,0.0,19671.7,Textiles
2e848c64-ae85-4ed5-993d-cbbe811b6e45,MSC,Shenzhen,Hamburg,2026-07-29T12:16:16,2026-07-29T12:16:16,0.0,12907.3,Food
758d7a35-d744-4809-a9f4-903f785708a7,COSCO,Tanger Med,Rotterdam,2026-08-09T18:40:43,2026-08-09T18:40:43,0.0,21497.4,Textiles
da8d2c15-41cb-47d7-bb94-daef6754dbc7,Comanav,Shanghai,Rotterdam,2026-06-30T10:08:46,2026-06-30T10:08:46,0.0,9840.9,Automotive
bc3cf306-6deb-4a9b-acee-7a5e29536bdc,Comanav,Casablanca,Marseille,2026-03-21T21:28:22,2026-03-21T21:28:22,0.0,17664.7,Electronics
427007e8-4e11-4da9-a7b7-137ac539711d,COSCO,Tanger Med,Barcelona,2026-03-06T00:50:41,2026-03-06T00:50:41,0.0,15289.4,Textiles
918f17a5-f0ec-48d0-9164-2a86865aadff,Maersk,Agadir,Hamburg,2026-06-06T14:40:08,2026-06-06T14:40:08,0.0,23331.9,Chemicals
5c4a4388-4d75-4159-95d9-f7c86db04f3a,Comanav,Casablanca,Marseille,2026-05-18T20:54:36,2026-05-18T20:54:36,0.0,4785.2,Textiles
fbe1ea2b-7831-40c3-9384-ca2800cc0e78,Comanav,Casablanca,Marseille,2026-08-20T01:39:15,2026-08-22T11:51:15,58.2,22093.2,Chemicals
47d53977-b6c2-49c7-be41-8e06a19e8d4a,COSCO,Shanghai,Rotterdam,2026-05-27T14:15:51,2026-05-27T14:15:51,0.0,8242.1,Electronics
abcdb58c-5712-4406-8ad1-7ced5dff0421,Maersk,Singapore,Felixstowe,2026-07-21T19:35:44,2026-07-21T19:35:44,0.0,4833.5,Electronics
c247036c-46f7-43cf-be03-b22a7748775a,CMA-CGM,Tanger Med,Barcelona,2026-05-16T07:13:28,2026-05-20T15:13:28,104.0,20474.5,Textiles
48d1f9ed-e925-4a2a-beab-01bb6aa427c0,Comanav,Ningbo,New York,2026-05-15T03:31:45,2026-05-15T03:31:45,0.0,10012.0,Electronics
ae10af6c-bae5-4797-8f62-83355be41825,Comanav,Tanger Med,Rotterdam,2026-06-23T05:56:06,2026-06-26T03:56:06,70.0,3154.5,Food
c8049533-a5d1-4d68-84ab-1edaa3ea1e55,COSCO,Ningbo,New York,2026-08-22T07:15:29,2026-08-22T07:15:29,0.0,12616.1,Food
66c2746f-4242-4a81-9960-81b8bdf56f26,MSC,Casablanca,Marseille,2026-05-08T21:43:45,2026-05-10T04:25:45,30.7,15090.3,Textiles
aa04a3c3-0769-4fc1-ad4e-68c629db2dff,Comanav,Busan,Los Angeles,2026-03-29T22:06:04,2026-04-03T14:36:04,112.5,7193.3,Automotive
153903b2-d5c2-498e-9aec-e7b2d148989d,Comanav,Singapore,Felixstowe,2026-05-12T14:44:52,2026-05-12T14:44:52,0.0,4520.7,Chemicals
84e3a40f-f0cc-40cf-b573-21a494ddbca7,MSC,Tanger Med,Barcelona,2026-05-07T11:53:16,2026-05-07T11:53:16,0.0,23028.3,Electronics
9c9170ac-24da-4100-8aae-bc7ef08264f2,Evergreen,Agadir,Hamburg,2026-04-16T08:27:29,2026-04-16T08:27:29,0.0,18517.7,Chemicals
c943099e-37c5-4862-8a66-7568d3f26605,MSC,Shenzhen,Hamburg,2026-07-25T11:44:32,2026-07-25T11:44:32,0.0,17562.6,Chemicals
deb47116-1e70-4f2d-b355-41f4155224e5,Maersk,Ningbo,New York,2026-03-16T18:44:18,2026-03-16T18:44:18,0.0,9083.7,Automotive
0a6e27f1-43af-42e0-9f8f-c78423c9bd5e,CMA-CGM,Shenzhen,Hamburg,2026-08-14T09:58:56,2026-08-15T16:52:56,30.9,3634.0,Food
3f70fdc7-212a-420e-b171-a4118dfff0a0,Evergreen,Agadir,Hamburg,2026-06-17T09:30:52,2026-06-17T09:30:52,0.0,6703.8,Textiles
327c22d8-78d9-4860-bdec-1421cc1beb46,Maersk,Tanger Med,Rotterdam,2026-06-11T14:53:29,2026-06-11T14:53:29,0.0,11016.3,Textiles
1d6e93b5-7789-464a-8a02-284f179082b7,CMA-CGM,Shenzhen,Hamburg,2026-04-20T12:18:28,2026-04-20T12:18:28,0.0,8794.2,Automotive
2684c567-a43b-4975-8147-bed33a35023d,Comanav,Agadir,Hamburg,2026-05-02T11:57:56,2026-05-03T11:57:56,24.0,23639.4,Automotive
e5ea5847-c793-4823-86c2-4412647a14b5,CMA-CGM,Busan,Los Angeles,2026-06-08T00:55:22,2026-06-08T00:55:22,0.0,15562.0,Chemicals
bd660049-d2bd-4f5f-8eb5-f15e12275b03,COSCO,Tanger Med,Barcelona,2026-03-03T04:36:59,2026-03-03T04:36:59,0.0,19452.1,Automotive
77c743aa-6002-41d5-80d4-4e393dd7461b,Marsa Maroc,Agadir,Hamburg,2026-07-07T09:04:06,2026-07-07T09:04:06,0.0,16217.1,Automotive
393b4296-62fb-4476-ba28-4d107682e0f5,MSC,Busan,Los Angeles,2026-08-29T02:31:23,2026-08-29T02:31:23,0.0,21756.4,Food
b2da5051-0c5e-4a54-b52f-14ec884c01df,COSCO,Ningbo,New York,2026-04-30T02:53:37,2026-04-30T02:53:37,0.0,20581.4,Chemicals
55a9e59e-bd48-4eae-85d6-03b55c2745c2,Marsa Maroc,Shenzhen,Hamburg,2026-03-16T12:16:23,2026-03-16T12:16:23,0.0,13801.1,Electronics
6f9719f0-3f38-47ae-9ed6-776028f3eaf9,MSC,Singapore,Felixstowe,2026-04-29T16:37:09,2026-05-01T08:07:09,39.5,18011.6,Automotive
a1f37569-a5c7-47cd-8e64-8dff4cd22563,COSCO,Tanger Med,Rotterdam,2026-07-04T07:07:47,2026-07-04T07:07:47,0.0,19924.2,Automotive
b1660d1a-3fc3-4907-91c0-29642d105585,Marsa Maroc,Shenzhen,Hamburg,2026-03-20T18:00:25,2026-03-20T18:00:25,0.0,20828.7,Textiles
633bc8dd-f37c-4658-98aa-18cc0e771b4f,CMA-CGM,Agadir,Hamburg,2026-06-25T22:57:58,2026-06-25T22:57:58,0.0,22086.9,Electronics
439c2bba-b6ba-4ce8-9129-342bdf59b4b7,Comanav,Tanger Med,Rotterdam,2026-09-07T12:15:58,2026-09-11T03:51:58,87.6,16042.0,Electronics
9d9bcc85-1e68-4099-8fd3-47ccc9a785a3,Maersk,Ningbo,New York,2026-07-18T01:35:58,2026-07-18T01:35:58,0.0,10210.3,Chemicals
61edb57b-e9ca-4ee7-a7fd-f255c0fe802f,CMA-CGM,Ningbo,New York,2026-03-29T07:17:53,2026-03-29T07:17:53,0.0,2140.5,Chemicals
9525f057-0601-45d5-9a2f-4fc8fbe4f6ce,MSC,Shenzhen,Hamburg,2026-07-02T10:39:38,2026-07-02T10:39:38,0.0,6732.6,Textiles
4685f9ee-3e20-4782-ae71-72d3cada98ed,CMA-CGM,Shanghai,Rotterdam,2026-05-25T10:11:40,2026-05-25T10:11:40,0.0,20733.4,Automotive
b38e6fdd-8fc7-42fe-b379-70c60742f1f6,CMA-CGM,Ningbo,New York,2026-05-11T09:47:03,2026-05-11T09:47:03,0.0,12140.2,Food
a5b5295d-c469-435f-8134-e3eb071f520a,COSCO,Agadir,Hamburg,2026-03-27T11:27:02,2026-03-27T11:27:02,0.0,14035.5,Electronics
99a28b65-9ab3-43bd-a774-c9f3379cd8c5,MSC,Shenzhen,Hamburg,2026-09-13T04:14:57,2026-09-13T04:14:57,0.0,3521.7,Food
2f62c4a5-d247-480b-a309-0ceab222339c,Evergreen,Busan,Los Angeles,2026-05-01T21:26:26,2026-05-01T21:26:26,0.0,6758.7,Food
2fd83816-9af3-47c5-aeec-5ea5b668e8dc,Comanav,Singapore,Felixstowe,2026-08-09T12:45:36,2026-08-09T12:45:36,0.0,14692.4,Food
2c703681-7f4c-4dec-824a-3a550df1f46a,Evergreen,Ningbo,New York,2026-08-04T16:07:10,2026-08-09T03:43:10,107.6,19226.2,Food
0ce3ce92-32a3-4c19-adc5-be3650982c74,CMA-CGM,Tanger Med,Rotterdam,2026-04-05T16:59:40,2026-04-07T14:59:40,46.0,14680.0,Automotive
e95e3759-aadb-447e-b870-29dba57e2680,Maersk,Busan,Los Angeles,2026-07-14T16:40:17,2026-07-14T16:40:17,0.0,11510.6,Automotive
51f2d001-3c97-4dab-ab47-d9681808a2ff,COSCO,Shanghai,Rotterdam,2026-05-25T21:42:55,2026-05-25T21:42:55,0.0,20350.5,Food
9f07a180-5af4-48a3-be39-fae1b601997c,Marsa Maroc,Ningbo,New York,2026-05-22T20:36:05,2026-05-26T13:18:05,88.7,4788.2,Automotive
8deea823-5927-4377-94b2-d20fa142f773,Comanav,Agadir,Hamburg,2026-07-07T21:22:42,2026-07-07T21:22:42,0.0,6046.4,Chemicals
672bc464-a9e1-4974-a8a9-c906e6c5060b,Evergreen,Casablanca,Marseille,2026-07-07T13:45:49,2026-07-07T13:45:49,0.0,14416.3,Electronics
817c40aa-4405-4ad2-bac5-95cb812ec1cf,Maersk,Casablanca,Marseille,2026-07-19T02:52:46,2026-07-22T14:04:46,83.2,12749.2,Chemicals
5587f228-294a-41c0-933b-7a0f819041f7,Evergreen,Casablanca,Marseille,2026-06-23T00:18:40,2026-06-23T00:18:40,0.0,4723.9,Food
af6bd297-5f59-498e-a1ff-b3323eb290f6,Marsa Maroc,Tanger Med,Rotterdam,2026-05-24T20:03:27,2026-05-24T20:03:27,0.0,23141.0,Automotive
dcd924af-a8bf-4192-86cf-4de50a24af29,Maersk,Casablanca,Marseille,2026-09-01T09:59:23,2026-09-01T09:59:23,0.0,3365.8,Automotive
84c0aa28-a505-40f7-a1fc-172441448b3b,MSC,Agadir,Hamburg,2026-03-04T10:03:23,2026-03-04T23:51:23,13.8,17445.8,Chemicals
0c6b3861-c2fa-492a-ae78-669ffbc8e516,COSCO,Busan,Los Angeles,2026-04-14T13:17:09,2026-04-14T13:17:09,0.0,1610.1,Electronics
860b9a95-d993-471f-95b6-a47dd6f15c1f,Comanav,Ningbo,New York,2026-07-13T09:01:18,2026-07-13T09:01:18,0.0,16951.1,Food
a714cd0f-491e-4d49-ac82-fea2122f0520,Marsa Maroc,Busan,Los Angeles,2026-08-21T01:55:11,2026-08-21T01:55:11,0.0,774.5,Electronics
7309bc0d-8a66-41c2-802e-dae57ee3173e,MSC,Shanghai,Rotterdam,2026-06-02T08:12:16,2026-06-02T08:12:16,0.0,20023.1,Textiles
a95ee842-e507-46ac-915e-b4ecb3100a98,Marsa Maroc,Tanger Med,Rotterdam,2026-06-03T16:38:01,2026-06-03T16:38:01,0.0,14049.3,Textiles
fe84645b-1285-4d92-8ccf-19844825b8c7,Marsa Maroc,Agadir,Hamburg,2026-03-16T11:40:58,2026-03-19T15:22:58,75.7,19000.4,Chemicals
fa8f465f-fe76-492e-a0c9-92aaa9f63be2,COSCO,Shanghai,Rotterdam,2026-07-03T15:20:59,2026-07-03T15:20:59,0.0,19277.6,Food
55fb3d54-c51c-448f-a24e-0ffb39684832,MSC,Casablanca,Marseille,2026-07-27T02:39:01,2026-07-27T02:39:01,0.0,10512.4,Food
61617a28-a882-49d6-85d2-39972484cce7,Comanav,Shenzhen,Hamburg,2026-04-14T00:43:21,2026-04-14T00:43:21,0.0,2892.6,Electronics
38c64d43-e82f-4efa-8bf9-d22a77af636c,Marsa Maroc,Agadir,Hamburg,2026-07-28T20:37:27,2026-07-28T20:37:27,0.0,914.1,Chemicals
15ef509c-7c8b-4250-9750-d5fde2b8e188,Maersk,Casablanca,Marseille,2026-06-08T15:35:50,2026-06-08T15:35:50,0.0,20481.7,Textiles
1e42c46f-fabf-4074-a401-e70a1ac31b77,COSCO,Singapore,Felixstowe,2026-06-18T20:09:26,2026-06-20T19:57:26,47.8,22622.0,Electronics
77c8358a-509e-433b-ae78-cb4d166c7d4b,COSCO,Singapore,Felixstowe,2026-03-10T14:16:26,2026-03-14T02:28:26,84.2,10841.0,Electronics
aed946ef-6814-4f7e-9c6b-76eb16ae3914,Maersk,Tanger Med,Barcelona,2026-07-24T14:51:44,2026-07-26T21:15:44,54.4,9588.7,Electronics
9f37801b-618d-437c-98e8-ef3ae41d5b3c,Marsa Maroc,Tanger Med,Barcelona,2026-09-14T13:45:33,2026-09-19T13:03:33,119.3,6007.5,Textiles
623e2293-cd45-450e-a8f6-bdbf92a43f0f,Comanav,Tanger Med,Rotterdam,2026-08-21T00:53:28,2026-08-21T00:53:28,0.0,8436.3,Chemicals
694f0df4-b341-40dd-afcb-f8892779e7ad,Comanav,Shanghai,Rotterdam,2026-09-06T01:20:55,2026-09-06T01:20:55,0.0,1528.0,Food
120373be-fb2e-434b-b546-e876089f8f44,CMA-CGM,Tanger Med,Rotterdam,2026-03-18T00:43:37,2026-03-18T00:43:37,0.0,19125.1,Chemicals
be859052-3dff-4657-963b-facd2341371c,Evergreen,Singapore,Felixstowe,2026-06-24T02:57:53,2026-06-24T02:57:53,0.0,14072.0,Chemicals
5d46c1c2-a892-4f91-928c-8b472c4b88c8,Marsa Maroc,Ningbo,New York,2026-05-14T18:20:43,2026-05-14T18:20:43,0.0,15734.8,Automotive
87da13dd-ad06-49fd-9f7a-99bec63f08af,Evergreen,Singapore,Felixstowe,2026-07-03T09:31:52,2026-07-03T09:31:52,0.0,878.0,Automotive
48a51233-5a4c-4363-80f2-ffc38f13b23c,COSCO,Ningbo,New York,2026-04-01T23:30:54,2026-04-01T23:30:54,0.0,13241.0,Food
47cfe779-605c-485c-ae9a-eed0549c533d,COSCO,Tanger Med,Barcelona,2026-04-07T06:22:43,2026-04-07T06:22:43,0.0,17212.1,Chemicals
7117745e-c20c-403a-9023-0b0a88d2dae2,CMA-CGM,Tanger Med,Barcelona,2026-05-05T00:13:57,2026-05-05T00:13:57,0.0,20169.8,Chemicals
46823da0-1fb8-4624-9635-16dbba9cdbca,CMA-CGM,Casablanca,Marseille,2026-03-03T20:19:33,2026-03-03T20:19:33,0.0,2399.6,Chemicals
7f6cd0a9-6a98-42d0-9269-1f40368d7639,Maersk,Singapore,Felixstowe,2026-03-26T10:14:29,2026-03-26T10:14:29,0.0,6300.3,Electronics
366751dd-f814-41b8-a7fc-4ac6bfb6a9ee,MSC,Tanger Med,Barcelona,2026-05-21T20:37:32,2026-05-21T20:37:32,0.0,17687.8,Textiles
e651f4b0-4e79-4227-91fe-f40841d64ddb,Comanav,Busan,Los Angeles,2026-05-22T18:56:10,2026-05-25T15:20:10,68.4,14197.2,Automotive
9ba1a5eb-c9c2-4479-9e61-365939105419,Maersk,Singapore,Felixstowe,2026-08-12T17:55:07,2026-08-12T17:55:07,0.0,2427.2,Electronics
af8f133c-4841-44f0-b543-d471b0ef1a77,MSC,Shenzhen,Hamburg,2026-04-10T08:40:05,2026-04-14T09:22:05,96.7,9349.6,Food
51b8f81c-4b56-474c-a2d0-71d50a6282a4,Maersk,Shenzhen,Hamburg,2026-05-19T20:08:25,2026-05-19T20:08:25,0.0,11694.5,Electronics
f0cc9ce9-c1c9-431e-97de-a1aa0a4f292c,COSCO,Casablanca,Marseille,2026-08-17T00:42:35,2026-08-17T00:42:35,0.0,15252.0,Electronics
66d3d084-3c56-47e6-8c58-74099f264c37,Evergreen,Tanger Med,Barcelona,2026-03-29T00:12:42,2026-03-29T00:12:42,0.0,20952.2,Food
76567f49-4820-4a3d-8304-4d3c098c3ffb,CMA-CGM,Casablanca,Marseille,2026-04-29T17:05:47,2026-04-29T17:05:47,0.0,17962.9,Chemicals
968241d2-9ee8-44c8-8e6f-2f3f3b4aad3e,COSCO,Casablanca,Marseille,2026-03-10T05:23:36,2026-03-10T05:23:36,0.0,4486.6,Food
936f9e91-6675-4e74-9ced-c64c963c182d,CMA-CGM,Busan,Los Angeles,2026-08-26T08:17:21,2026-08-26T08:17:21,0.0,2324.0,Electronics
f334ebe3-a351-464e-b214-8e202fb681a1,Marsa Maroc,Shanghai,Rotterdam,2026-07-07T19:48:41,2026-07-07T19:48:41,0.0,7026.8,Automotive
739a95e0-faee-4ae3-82bf-e57683cab501,Comanav,Tanger Med,Barcelona,2026-03-15T17:07:33,2026-03-15T17:07:33,0.0,17184.9,Textiles
2bac125c-a477-4059-bee5-aeed4c4b39f4,Comanav,Busan,Los Angeles,2026-04-03T23:45:14,2026-04-05T22:09:14,46.4,19597.8,Automotive
d1717a09-779a-4b5e-9ffb-6866fcd33305,Comanav,Tanger Med,Rotterdam,2026-03-29T10:43:16,2026-03-29T10:43:16,0.0,3595.0,Textiles
341aadbc-b0fd-4161-b158-926aa2a9eff4,Comanav,Busan,Los Angeles,2026-03-22T01:48:54,2026-03-22T01:48:54,0.0,14575.8,Electronics
8ec0b3a4-3373-48fb-b2ec-9d2564e51051,Marsa Maroc,Tanger Med,Barcelona,2026-05-09T03:00:25,2026-05-09T03:00:25,0.0,23170.8,Textiles
0efa4695-a742-41c5-9bbf-cd2a50cc4a23,CMA-CGM,Singapore,Felixstowe,2026-06-06T19:57:09,2026-06-09T09:33:09,61.6,5676.2,Automotive
3a9922c7-bca7-42e1-9420-9ab22096e48c,Comanav,Shanghai,Rotterdam,2026-03-28T08:34:04,2026-04-02T07:40:04,119.1,12825.9,Food
009cdb13-5e0b-4a61-9412-450386477246,Marsa Maroc,Shenzhen,Hamburg,2026-05-28T09:48:39,2026-05-30T04:00:39,42.2,1931.1,Chemicals
f408943b-f69b-4fe6-97bd-66aabd0a463b,Marsa Maroc,Ningbo,New York,2026-06-09T10:46:25,2026-06-13T14:58:25,100.2,4977.8,Textiles
18fd35bd-29d5-4168-9fd8-917200d63260,MSC,Busan,Los Angeles,2026-08-06T07:24:46,2026-08-06T07:24:46,0.0,24845.3,Electronics
c07b2867-f8a7-47d1-9daa-1fb2abfe0e70,Evergreen,Singapore,Felixstowe,2026-07-29T16:43:33,2026-08-02T18:31:33,97.8,9642.0,Chemicals
c7968026-95f8-458a-b74e-d651b2e6923f,Maersk,Tanger Med,Barcelona,2026-08-23T04:47:45,2026-08-23T04:47:45,0.0,23602.8,Electronics
70cfaeea-95c2-4155-b045-d4b31c95ee85,Maersk,Tanger Med,Barcelona,2026-08-05T01:43:43,2026-08-05T01:43:43,0.0,24380.8,Food
94b9f16f-f741-40a4-a9c7-e45f43ae82dc,Comanav,Casablanca,Marseille,2026-08-16T04:05:09,2026-08-16T04:05:09,0.0,20277.9,Electronics
046e892c-8113-4caa-9629-3992f906850e,MSC,Shenzhen,Hamburg,2026-07-01T21:06:04,2026-07-01T21:06:04,0.0,18814.5,Electronics
1574d5a3-cd5c-4276-98a5-aece2357535e,MSC,Shenzhen,Hamburg,2026-03-07T13:26:06,2026-03-11T22:32:06,105.1,11294.4,Food
b53821ae-044d-45aa-b9ab-04e604771ab4,MSC,Casablanca,Marseille,2026-07-30T06:25:13,2026-07-30T06:25:13,0.0,11828.2,Chemicals
34500ee5-df1c-4561-833b-f05e4b08555b,Marsa Maroc,Shenzhen,Hamburg,2026-04-15T22:41:22,2026-04-15T22:41:22,0.0,23946.0,Textiles
47906592-185c-4c02-ae00-babc1cd51c58,Evergreen,Tanger Med,Barcelona,2026-03-03T06:58:55,2026-03-03T06:58:55,0.0,8150.3,Textiles
475643a9-3b3f-4bee-b57d-a1f6175eb736,MSC,Shanghai,Rotterdam,2026-03-25T13:25:01,2026-03-25T13:25:01,0.0,3950.8,Food
aa5524c3-7eb1-48d5-9316-91aeca2e72f6,COSCO,Ningbo,New York,2026-03-18T16:14:52,2026-03-18T16:14:52,0.0,14105.7,Automotive
25ceb83b-55de-421e-a782-8422b1829993,CMA-CGM,Singapore,Felixstowe,2026-03-29T04:34:57,2026-03-29T04:34:57,0.0,6798.7,Chemicals
9dc7937b-fe06-43c2-9ae0-26aef3040adc,COSCO,Tanger Med,Barcelona,2026-07-17T22:00:24,2026-07-18T19:30:24,21.5,15797.9,Food
b464012c-0e3d-4443-86bd-c3b57716f66d,COSCO,Casablanca,Marseille,2026-09-12T06:46:48,2026-09-12T06:46:48,0.0,8115.9,Food
8c5485d6-2257-428f-9d08-30c9df3935f5,MSC,Tanger Med,Barcelona,2026-04-11T05:15:17,2026-04-14T23:33:17,90.3,2232.7,Textiles
8eac2cab-c94c-4baa-aa92-b4171696f07d,Maersk,Shenzhen,Hamburg,2026-06-21T13:28:22,2026-06-21T13:28:22,0.0,19479.7,Food
179e83a1-5ac4-498e-bcae-064b40dc0f5d,MSC,Singapore,Felixstowe,2026-06-26T00:47:31,2026-06-26T00:47:31,0.0,2183.7,Textiles
ad4563e7-3e94-4167-8ae1-27067b418630,Comanav,Agadir,Hamburg,2026-04-03T14:17:13,2026-04-05T17:11:13,50.9,6772.8,Automotive
165367d1-5f04-4760-845b-819321fe9464,Comanav,Shenzhen,Hamburg,2026-06-18T07:55:57,2026-06-20T17:19:57,57.4,1981.6,Textiles
defbe3f6-dfa2-4410-849d-e2a29c65629b,COSCO,Ningbo,New York,2026-08-17T23:26:14,2026-08-17T23:26:14,0.0,11017.0,Automotive
153ce215-29c6-4bf3-864f-d8f6b91c2186,MSC,Ningbo,New York,2026-07-27T03:01:55,2026-08-01T02:37:55,119.6,22329.4,Food
4713a937-39fd-4275-a16e-0e9455dd902b,MSC,Ningbo,New York,2026-08-01T10:43:20,2026-08-01T10:43:20,0.0,24208.0,Textiles
7790e9a9-0685-4976-b6bd-36177384bccc,COSCO,Agadir,Hamburg,2026-03-12T23:15:19,2026-03-17T01:27:19,98.2,15950.2,Textiles
2ef43b46-8597-4753-b7a2-fa5ecd5f063a,MSC,Singapore,Felixstowe,2026-09-01T01:53:07,2026-09-01T01:53:07,0.0,8605.8,Electronics
665cc453-a0e8-48b3-bcbc-6a743f264088,Comanav,Busan,Los Angeles,2026-04-30T17:02:25,2026-04-30T17:02:25,0.0,7279.2,Electronics
f2590ae4-7073-4cf0-9fd3-80adfe5e604e,CMA-CGM,Singapore,Felixstowe,2026-05-25T09:17:49,2026-05-25T09:17:49,0.0,8721.3,Electronics
afaf83bf-efe1-4d19-8c90-d5a10409ea07,COSCO,Shenzhen,Hamburg,2026-04-22T23:10:02,2026-04-22T23:10:02,0.0,14332.0,Electronics
1e8ed330-0b6b-4148-a9cf-deb21d48d8fc,Evergreen,Tanger Med,Rotterdam,2026-07-30T20:18:53,2026-08-04T09:42:53,109.4,8451.5,Electronics
b55ac962-b32e-4376-a0d4-398991dee346,Marsa Maroc,Busan,Los Angeles,2026-06-23T13:23:54,2026-06-23T13:23:54,0.0,18400.2,Food
e1221d27-ec17-475a-a1c2-ea778ab3dcb8,MSC,Tanger Med,Barcelona,2026-04-25T22:52:52,2026-04-25T22:52:52,0.0,2541.7,Electronics
bde0366c-9442-4d61-a2ec-a36547ec8666,Comanav,Busan,Los Angeles,2026-06-24T18:05:16,2026-06-24T18:05:16,0.0,10003.6,Food
0997194f-71a4-4820-961c-3a73aae431a2,MSC,Tanger Med,Rotterdam,2026-07-23T21:49:42,2026-07-23T21:49:42,0.0,7725.8,Chemicals
976c93fd-cc64-48a9-a8bb-e03e3a6055cd,Maersk,Singapore,Felixstowe,2026-03-05T07:55:38,2026-03-05T07:55:38,0.0,4840.1,Electronics
41f02212-2f08-4f04-88b9-792aa2937e22,Marsa Maroc,Singapore,Felixstowe,2026-04-24T21:41:59,2026-04-24T21:41:59,0.0,23024.7,Textiles
3059fcc4-4379-4ed5-8207-96a1f7095765,Marsa Maroc,Shanghai,Rotterdam,2026-04-17T20:38:05,2026-04-21T10:20:05,85.7,24956.2,Electronics
7081bbb0-d7ce-4f95-81b9-badde53ebe45,MSC,Casablanca,Marseille,2026-03-17T05:21:14,2026-03-17T05:21:14,0.0,8186.8,Food
f045d215-8f64-4d92-bd31-bfcd871aca1c,Comanav,Shenzhen,Hamburg,2026-03-02T22:52:53,2026-03-03T11:58:53,13.1,21568.3,Electronics
95d5f98b-4484-4a8c-be96-7cf107e33e1b,CMA-CGM,Tanger Med,Barcelona,2026-08-01T01:06:27,2026-08-01T01:06:27,0.0,5757.7,Automotive
a5cd5143-8a28-4b1a-adbc-a24ec09a4d3a,Comanav,Shenzhen,Hamburg,2026-04-03T01:26:23,2026-04-03T01:26:23,0.0,17316.6,Textiles
bff88152-b361-4ba1-af90-f1fb338c6278,Marsa Maroc,Busan,Los Angeles,2026-06-27T07:55:38,2026-06-29T08:37:38,48.7,11232.5,Electronics
ca798f19-4d08-4887-bb1f-fbf82eb96cdb,Maersk,Busan,Los Angeles,2026-05-21T13:50:05,2026-05-21T13:50:05,0.0,17752.5,Automotive
a53385cc-0e8a-4f5e-8cc1-ca0dc43f2dc3,Evergreen,Busan,Los Angeles,2026-07-12T12:55:46,2026-07-12T12:55:46,0.0,23303.4,Food
a2471131-94af-46ba-a949-667c0ca49b51,Marsa Maroc,Shenzhen,Hamburg,2026-05-22T05:31:52,2026-05-22T05:31:52,0.0,6149.7,Electronics
93f6b407-9658-47f5-9736-112a167c2a0d,Maersk,Tanger Med,Rotterdam,2026-08-08T06:13:07,2026-08-10T01:19:07,43.1,17099.7,Automotive
c9071faa-565a-4136-8e48-ec895cd6da0e,Comanav,Shanghai,Rotterdam,2026-04-25T07:46:40,2026-04-25T07:46:40,0.0,5480.0,Food
04c2cad8-14dd-4a02-bfaa-ac4b586db017,Maersk,Tanger Med,Barcelona,2026-05-02T12:12:12,2026-05-02T12:12:12,0.0,3588.4,Electronics
3c62ae72-fca5-4f65-add2-51a1a0411e7e,COSCO,Agadir,Hamburg,2026-05-11T10:56:11,2026-05-11T10:56:11,0.0,15483.6,Textiles
90f16db2-e13c-41ad-a61d-7fb7f97fc04b,Maersk,Tanger Med,Barcelona,2026-05-25T17:53:34,2026-05-25T17:53:34,0.0,15858.1,Electronics
4cccf87c-daaa-45d8-8ec5-1e74c539f4f8,Marsa Maroc,Agadir,Hamburg,2026-06-07T03:43:26,2026-06-07T03:43:26,0.0,15576.7,Automotive
1c0f160e-c30d-4b60-946c-505e37deb220,CMA-CGM,Ningbo,New York,2026-05-15T11:15:05,2026-05-15T11:15:05,0.0,18876.0,Textiles
6cb1ec18-0629-4ccd-b788-12a109a91f9a,MSC,Shenzhen,Hamburg,2026-04-14T12:21:34,2026-04-14T12:21:34,0.0,10004.1,Electronics
3eed0121-2167-4b41-a1d4-80f62172edd5,COSCO,Tanger Med,Rotterdam,2026-05-10T10:22:44,2026-05-13T11:52:44,73.5,14651.4,Electronics
a4c8375a-cbd5-4beb-a29d-43da58e0b765,Evergreen,Singapore,Felixstowe,2026-03-22T02:56:08,2026-03-22T02:56:08,0.0,22893.2,Food
4b85d642-ab00-4d48-beed-82a3b421035f,Maersk,Tanger Med,Rotterdam,2026-08-27T03:18:11,2026-08-27T03:18:11,0.0,18069.7,Chemicals
9fd41585-4052-4b91-b12e-6a1ff3383335,Maersk,Shanghai,Rotterdam,2026-03-29T09:45:24,2026-03-29T09:45:24,0.0,22438.2,Chemicals
e6f8d326-7e08-402a-8de2-89e9d08151d2,CMA-CGM,Ningbo,New York,2026-06-21T21:04:45,2026-06-21T21:04:45,0.0,3570.0,Automotive
30af65d6-213b-4140-8be0-e7a2a91dafd5,Evergreen,Agadir,Hamburg,2026-03-27T03:51:59,2026-03-29T00:57:59,45.1,17622.8,Textiles
9ce52566-af25-4b4e-9657-0e2dbb5cf93e,Maersk,Agadir,Hamburg,2026-06-06T08:34:40,2026-06-06T08:34:40,0.0,12524.0,Chemicals
e358def8-ccd0-47a3-91f3-19384336e38e,CMA-CGM,Casablanca,Marseille,2026-04-08T03:18:45,2026-04-08T03:18:45,0.0,5840.2,Textiles
a2e73bce-5fec-4db5-add0-67c3935936ce,Maersk,Tanger Med,Rotterdam,2026-05-16T16:03:55,2026-05-16T16:03:55,0.0,24641.5,Textiles
1d84fd3e-fe2a-414f-992b-8b4dfa54246f,MSC,Shanghai,Rotterdam,2026-09-06T04:56:37,2026-09-07T12:44:37,31.8,3091.3,Food
636d4e07-9a07-43dd-b651-4a1de32b11dd,MSC,Shanghai,Rotterdam,2026-07-07T11:45:15,2026-07-07T11:45:15,0.0,15879.5,Food
4d154ac7-4580-4c99-9186-2ccf15f6a748,MSC,Casablanca,Marseille,2026-07-17T16:46:14,2026-07-17T16:46:14,0.0,8039.0,Electronics
42936a64-faf2-4762-96d5-79401f273cad,Maersk,Tanger Med,Barcelona,2026-04-19T19:03:06,2026-04-19T19:03:06,0.0,1282.7,Electronics
cbc889c5-5833-4594-a8e2-f902c274c4bb,Comanav,Singapore,Felixstowe,2026-05-31T02:00:16,2026-05-31T02:00:16,0.0,9226.2,Electronics
f7b5b936-02d2-48d3-81ef-358c4cec6169,Evergreen,Ningbo,New York,2026-04-08T20:29:15,2026-04-11T15:35:15,67.1,6452.9,Automotive
8c242853-311f-41be-98be-5edf9ee6cb35,Maersk,Tanger Med,Barcelona,2026-06-19T17:40:14,2026-06-19T17:40:14,0.0,11379.8,Automotive
6e44f6cf-4572-40ed-bd27-7465c3657fcc,CMA-CGM,Tanger Med,Rotterdam,2026-03-28T02:39:57,2026-03-30T02:45:57,48.1,24394.3,Chemicals
8d55042e-f740-400a-acf4-8d79b74113b1,Comanav,Shenzhen,Hamburg,2026-05-15T03:32:14,2026-05-18T04:20:14,72.8,19853.9,Food
bdc3864c-43d2-4f4f-9ba4-e151628ed88e,CMA-CGM,Busan,Los Angeles,2026-07-02T09:58:46,2026-07-06T18:58:46,105.0,2649.3,Food
8ac2c523-0f50-4186-baa6-eda471f7d0ca,CMA-CGM,Singapore,Felixstowe,2026-09-05T16:33:17,2026-09-05T16:33:17,0.0,1637.4,Automotive
cfd1d826-6667-434c-bbea-8990ad7cf0dc,Marsa Maroc,Singapore,Felixstowe,2026-08-23T00:19:29,2026-08-23T00:19:29,0.0,4889.9,Electronics
89250a6b-1fca-47d0-a1b7-17e85b80b46d,COSCO,Casablanca,Marseille,2026-07-06T12:24:26,2026-07-06T12:24:26,0.0,13256.2,Electronics
303bb481-e586-4187-910a-68b438cc4e8f,COSCO,Shanghai,Rotterdam,2026-06-27T17:06:07,2026-07-02T05:12:07,108.1,17525.1,Automotive
53023e24-b770-4a4b-933f-5fc8d441ca34,COSCO,Tanger Med,Rotterdam,2026-04-29T04:25:26,2026-04-29T04:25:26,0.0,20128.3,Automotive
50d74cc6-2a32-42dd-a515-c71d7a92fc3b,Marsa Maroc,Agadir,Hamburg,2026-07-20T13:19:30,2026-07-20T13:19:30,0.0,649.9,Automotive
7ba59b04-ec36-46c7-a3b8-23506b74690b,Marsa Maroc,Singapore,Felixstowe,2026-07-01T20:26:19,2026-07-02T19:08:19,22.7,19983.9,Automotive
29d0af41-29b7-4c52-ad63-012f21b7ae09,CMA-CGM,Tanger Med,Barcelona,2026-08-14T08:06:51,2026-08-17T04:42:51,68.6,3550.1,Food
e082e881-1f45-4194-98a0-0f9d39378242,Marsa Maroc,Busan,Los Angeles,2026-05-05T11:50:03,2026-05-05T11:50:03,0.0,9468.0,Electronics
359b7a26-9a3e-426b-9f22-aab49824dc0b,Maersk,Singapore,Felixstowe,2026-03-02T21:02:11,2026-03-02T21:02:11,0.0,12826.8,Automotive
5f6e6007-fdaa-4247-bab9-93da0f2d576b,CMA-CGM,Ningbo,New York,2026-06-30T15:22:24,2026-06-30T15:22:24,0.0,13989.7,Food
b06348aa-f813-4f93-bab8-f3ee56bab24b,Evergreen,Shenzhen,Hamburg,2026-06-04T14:31:06,2026-06-04T14:31:06,0.0,17411.6,Chemicals
040b2b9d-f598-4462-b982-cb28e2541d1c,Marsa Maroc,Casablanca,Marseille,2026-05-26T00:46:09,2026-05-26T00:46:09,0.0,9852.1,Food
187742ab-7285-4808-8613-b59c88df53b7,Marsa Maroc,Tanger Med,Rotterdam,2026-08-17T08:58:15,2026-08-17T08:58:15,0.0,24814.2,Textiles
171304d3-9aeb-4683-a4a2-4ab3d3af725f,COSCO,Agadir,Hamburg,2026-06-16T10:50:34,2026-06-16T10:50:34,0.0,20303.2,Food
648c80e9-7d9c-49f7-8a0d-851f29f6c756,Maersk,Agadir,Hamburg,2026-07-18T14:39:08,2026-07-18T14:39:08,0.0,9698.2,Automotive
e4272600-82bb-4bd4-bcc5-ac1ab9df4105,Evergreen,Ningbo,New York,2026-04-22T03:49:15,2026-04-22T03:49:15,0.0,4723.3,Food
d1d5f30d-0881-458f-be4f-e70c951db71e,CMA-CGM,Shanghai,Rotterdam,2026-07-07T18:23:26,2026-07-09T15:59:26,45.6,1808.8,Electronics
a2876296-b279-4728-b49f-aab2ef1b9a60,MSC,Ningbo,New York,2026-09-03T09:29:42,2026-09-03T09:29:42,0.0,18972.8,Automotive
fe982f12-515d-4f69-88e4-e113bd0b5653,Maersk,Tanger Med,Rotterdam,2026-08-27T18:03:34,2026-08-27T18:03:34,0.0,5736.9,Textiles
dc6c9df5-6014-4b75-9454-0c0c54bc06a3,MSC,Ningbo,New York,2026-08-20T23:02:13,2026-08-20T23:02:13,0.0,21047.7,Automotive
521cfa06-a976-452d-afe5-bba1076cd5d5,Marsa Maroc,Casablanca,Marseille,2026-07-18T07:42:50,2026-07-19T02:06:50,18.4,2672.7,Textiles
499e6466-5c67-44c6-adc6-e23b9ed924e3,CMA-CGM,Busan,Los Angeles,2026-06-27T15:12:12,2026-06-27T15:12:12,0.0,18413.0,Food
0d1f76ee-4a68-4426-94d8-9b4590fe45d7,Maersk,Tanger Med,Barcelona,2026-09-06T02:54:08,2026-09-06T02:54:08,0.0,23860.4,Textiles
5eb69ea8-a45d-4f1d-81cf-26bfb744bd28,Marsa Maroc,Agadir,Hamburg,2026-04-12T06:23:37,2026-04-12T06:23:37,0.0,3600.1,Electronics
0c014659-e1ed-4c0f-8555-112b0d0a7008,Maersk,Casablanca,Marseille,2026-05-08T06:17:47,2026-05-08T06:17:47,0.0,24477.6,Textiles
64c74afd-a152-44a4-8a34-e723f3e945da,MSC,Casablanca,Marseille,2026-04-01T20:03:00,2026-04-02T22:09:00,26.1,11253.2,Textiles
cbf48c1f-85e0-4705-879b-6fd8e564939b,Marsa Maroc,Casablanca,Marseille,2026-06-17T23:31:48,2026-06-19T13:49:48,38.3,18087.4,Electronics
33b5583a-0038-4afc-9336-3dd59ca65bc5,Evergreen,Casablanca,Marseille,2026-04-24T08:54:36,2026-04-24T08:54:36,0.0,8718.9,Electronics
cf6e36aa-b0f2-44c3-a05a-ab154b14131e,CMA-CGM,Singapore,Felixstowe,2026-05-16T06:52:41,2026-05-16T06:52:41,0.0,570.7,Electronics
2c65ea80-89eb-4b93-b6ae-2b76244c719c,Marsa Maroc,Shenzhen,Hamburg,2026-06-11T05:31:29,2026-06-11T05:31:29,0.0,6154.8,Chemicals
f2ebf10f-a8c8-4771-a408-57652b59253e,COSCO,Busan,Los Angeles,2026-03-30T16:40:51,2026-03-30T16:40:51,0.0,22625.8,Electronics
a24fa705-a918-4c8a-84c0-33a5375520e9,MSC,Ningbo,New York,2026-03-30T06:46:42,2026-03-30T06:46:42,0.0,2240.4,Electronics
3029d6c4-d20c-4e72-9e3f-facd285a44a3,Evergreen,Casablanca,Marseille,2026-03-08T05:38:48,2026-03-08T05:38:48,0.0,17224.6,Electronics
9811b0fd-1e71-4d62-aa26-021db8d6f840,CMA-CGM,Busan,Los Angeles,2026-09-13T23:14:40,2026-09-13T23:14:40,0.0,15398.9,Automotive
f646db08-f345-485f-ba55-30c378f307f2,MSC,Ningbo,New York,2026-03-13T02:45:04,2026-03-13T02:45:04,0.0,19736.4,Textiles
c08acb39-bcaa-4e1d-a956-8275746d6198,Comanav,Agadir,Hamburg,2026-08-05T08:07:36,2026-08-08T06:37:36,70.5,7259.7,Food
f9ece96c-1aea-4b59-96ac-0a6452fd05e2,COSCO,Singapore,Felixstowe,2026-05-22T15:04:23,2026-05-22T15:04:23,0.0,14403.5,Automotive
05c9329f-45e0-4ba9-8142-13575dc1c930,COSCO,Tanger Med,Barcelona,2026-03-15T05:39:41,2026-03-15T05:39:41,0.0,12776.6,Textiles
ae5fe486-1f10-4284-87d5-7be058534abc,Evergreen,Singapore,Felixstowe,2026-06-10T05:07:12,2026-06-15T01:43:12,116.6,10733.3,Chemicals
c2ec72aa-8c7a-4ac7-88d4-fad31dd83217,Comanav,Busan,Los Angeles,2026-08-31T08:19:39,2026-09-01T00:43:39,16.4,6229.8,Chemicals
13f9cad6-3b21-4c78-8beb-0755ab2ebe0b,Maersk,Casablanca,Marseille,2026-04-27T17:21:35,2026-04-27T17:21:35,0.0,20202.5,Textiles
967b8e0e-cbd0-43e0-ac75-a2daae953e36,Maersk,Shenzhen,Hamburg,2026-07-21T01:40:36,2026-07-21T01:40:36,0.0,7530.0,Textiles
70158ea8-e410-4559-aaa5-729bf924f27a,Marsa Maroc,Shanghai,Rotterdam,2026-07-31T10:20:59,2026-07-31T10:20:59,0.0,24150.2,Chemicals
30485ed2-6e68-45ec-93b4-c0289f6664b8,Marsa Maroc,Agadir,Hamburg,2026-05-26T17:22:07,2026-05-26T17:22:07,0.0,19370.2,Automotive
dc79551e-0118-429e-95ed-1b18ed31e5ee,CMA-CGM,Singapore,Felixstowe,2026-06-22T00:18:31,2026-06-22T00:18:31,0.0,16357.0,Chemicals
df01bcc4-a5a4-4885-9aa9-603b2c591ee0,COSCO,Casablanca,Marseille,2026-04-21T23:51:49,2026-04-21T23:51:49,0.0,21239.5,Chemicals
6d50ac8b-33f7-4438-9371-142115df0774,COSCO,Casablanca,Marseille,2026-08-28T11:19:42,2026-08-29T12:01:42,24.7,7740.2,Automotive
6ebceaa2-13fb-43b9-901c-5baf2b3355e3,MSC,Shanghai,Rotterdam,2026-09-11T14:48:23,2026-09-11T14:48:23,0.0,16803.9,Textiles
3ea55402-9dbb-4e64-947f-4d6290cd2709,Marsa Maroc,Ningbo,New York,2026-04-05T04:01:28,2026-04-05T04:01:28,0.0,17000.9,Electronics
05a60878-3202-4981-8f54-02cadab22cdc,Comanav,Ningbo,New York,2026-08-02T02:18:20,2026-08-02T02:18:20,0.0,22214.0,Electronics
29016fc0-2299-4f6d-bfba-75860a26997e,Marsa Maroc,Ningbo,New York,2026-07-20T07:28:22,2026-07-20T07:28:22,0.0,24665.1,Food
281fa16a-07bd-499e-802e-2ca97e333c10,Marsa Maroc,Tanger Med,Barcelona,2026-09-12T00:32:17,2026-09-12T00:32:17,0.0,10485.3,Automotive
5f409538-9b71-4bef-a3ec-6fae6c0ecf8b,Comanav,Shanghai,Rotterdam,2026-03-05T02:43:17,2026-03-05T02:43:17,0.0,16621.4,Food
398c67f8-2a5e-4f57-9445-139fc79dd6d4,CMA-CGM,Singapore,Felixstowe,2026-06-01T18:31:49,2026-06-01T18:31:49,0.0,14212.8,Automotive
b0a781a3-9ff3-4b22-963b-cbc9ec2dd7d9,Marsa Maroc,Casablanca,Marseille,2026-05-04T09:46:26,2026-05-09T08:34:26,118.8,23707.3,Automotive
57bf2167-de49-4ee5-a584-298fd55148b2,Marsa Maroc,Shenzhen,Hamburg,2026-04-24T12:20:58,2026-04-24T12:20:58,0.0,13524.9,Automotive
de955627-adb2-400a-ba79-ff5dcde0cfa9,CMA-CGM,Agadir,Hamburg,2026-08-21T07:04:33,2026-08-26T01:34:33,114.5,1351.0,Automotive
5aa7c1c5-8d90-48cb-896b-b632258089b3,Maersk,Tanger Med,Barcelona,2026-05-01T20:03:37,2026-05-01T20:03:37,0.0,9463.2,Food
bc3f456c-5ec5-499d-921b-b610ac45ed19,COSCO,Busan,Los Angeles,2026-05-09T13:45:14,2026-05-09T13:45:14,0.0,24513.4,Textiles
f6f20b2c-3836-4fdc-9afc-7203ca362ae2,Comanav,Shenzhen,Hamburg,2026-04-26T18:40:26,2026-04-26T18:40:26,0.0,18330.2,Food
18f06604-543d-476b-bd62-c087904b9481,COSCO,Shanghai,Rotterdam,2026-09-04T18:34:42,2026-09-04T18:34:42,0.0,11611.5,Food
d8e0400b-d321-419c-8c9d-ec460f142aef,Marsa Maroc,Shanghai,Rotterdam,2026-07-18T08:13:00,2026-07-18T08:13:00,0.0,22586.5,Textiles
e510373d-9bff-4101-8ad6-9d0021d79f8b,CMA-CGM,Agadir,Hamburg,2026-03-16T16:44:24,2026-03-19T03:56:24,59.2,14325.8,Textiles
d37f1481-654e-4a13-b973-2a9a602e4ca0,COSCO,Singapore,Felixstowe,2026-05-24T23:32:31,2026-05-28T03:44:31,76.2,12818.3,Electronics
242345e6-a21e-42dd-a8f9-744f7d403e1e,MSC,Singapore,Felixstowe,2026-09-06T09:09:15,2026-09-07T10:51:15,25.7,4838.5,Textiles
8787fa24-34e7-4437-885a-f677c66b1a5d,Maersk,Shenzhen,Hamburg,2026-05-30T00:03:56,2026-05-30T00:03:56,0.0,22752.3,Food
50d49d80-18b1-4a29-94ce-7684ba8f07a5,Comanav,Shenzhen,Hamburg,2026-03-25T09:54:30,2026-03-30T00:54:30,111.0,8005.6,Electronics
ad073c1c-da59-4d38-a436-be53581b4f66,MSC,Shenzhen,Hamburg,2026-06-11T15:59:12,2026-06-11T15:59:12,0.0,15100.6,Textiles
a64ea81d-89f6-469e-9c26-76bece74188f,Evergreen,Shenzhen,Hamburg,2026-07-22T11:23:07,2026-07-22T11:23:07,0.0,7901.1,Chemicals
b2685798-f427-474f-afab-8e1b39bb0848,Maersk,Casablanca,Marseille,2026-05-30T21:12:43,2026-05-30T21:12:43,0.0,6368.5,Chemicals
b645e56c-8b8f-465b-9975-541c9ad0c7bd,MSC,Shanghai,Rotterdam,2026-03-17T15:00:12,2026-03-17T15:00:12,0.0,19534.5,Food
bc4fa558-213b-42d8-9429-b1a72ac6cfb5,CMA-CGM,Tanger Med,Barcelona,2026-05-20T07:16:26,2026-05-20T07:16:26,0.0,3502.2,Textiles
4f2eb7be-43ba-45df-ac41-2c1de75a4cf1,Marsa Maroc,Tanger Med,Rotterdam,2026-07-19T07:06:24,2026-07-22T17:24:24,82.3,14796.3,Automotive
11944416-0b6d-49b3-87aa-06312e002dd0,COSCO,Casablanca,Marseille,2026-07-29T17:17:23,2026-07-31T13:47:23,44.5,8260.0,Textiles
eae382bf-d608-48b1-a900-f32c95cf7c4a,Marsa Maroc,Agadir,Hamburg,2026-08-30T09:40:51,2026-08-30T09:40:51,0.0,11593.7,Chemicals
71ce8bf8-53c7-4f37-ac76-e6881d9ebdb0,Marsa Maroc,Agadir,Hamburg,2026-08-24T13:35:02,2026-08-24T13:35:02,0.0,6037.1,Electronics
2dc11cb5-1f3c-45e0-a21f-04a4d6aa12d8,Evergreen,Tanger Med,Rotterdam,2026-03-19T00:49:42,2026-03-19T00:49:42,0.0,18406.3,Chemicals
07b4bede-9542-4907-9a11-232c6b873831,Comanav,Ningbo,New York,2026-03-16T11:56:19,2026-03-16T11:56:19,0.0,4591.8,Electronics
017f0a0f-09e1-4939-bca8-25cdd49a0521,CMA-CGM,Tanger Med,Barcelona,2026-07-04T20:33:42,2026-07-04T20:33:42,0.0,11442.5,Food
d0346394-efc6-4f78-b282-8e9282ec1e5e,CMA-CGM,Shanghai,Rotterdam,2026-04-10T02:07:36,2026-04-10T02:07:36,0.0,9387.3,Textiles
3a7f5e2c-42ba-4d82-98f2-7003d421fe7d,COSCO,Casablanca,Marseille,2026-06-15T05:09:39,2026-06-17T23:45:39,66.6,11786.0,Textiles
44edd71d-2f10-417f-979a-e38451733051,Maersk,Busan,Los Angeles,2026-06-11T06:17:01,2026-06-11T06:17:01,0.0,5252.9,Automotive
ace07343-36bd-47f1-99de-f8a187f24351,Marsa Maroc,Tanger Med,Rotterdam,2026-05-07T12:23:51,2026-05-07T12:23:51,0.0,20017.5,Automotive
45075e11-80df-41e5-b190-d416911e8538,COSCO,Agadir,Hamburg,2026-07-25T06:43:17,2026-07-25T06:43:17,0.0,3735.4,Chemicals
bbca73cc-d979-46f5-9acb-8cb70ff6748e,Marsa Maroc,Singapore,Felixstowe,2026-07-26T00:02:53,2026-07-26T00:02:53,0.0,5113.4,Chemicals
8022df36-be42-4459-950e-dba005510eb2,Maersk,Tanger Med,Rotterdam,2026-07-20T20:48:45,2026-07-20T20:48:45,0.0,2017.7,Electronics
0996c453-1ee6-487b-aac3-3b3faf634efa,Comanav,Shenzhen,Hamburg,2026-03-31T05:29:52,2026-03-31T05:29:52,0.0,11263.5,Food
9d1cdaa0-b0d7-4d7d-bef3-4a2ed5549bca,Maersk,Tanger Med,Barcelona,2026-06-06T16:57:19,2026-06-08T20:39:19,51.7,16402.4,Electronics
197a6a8c-bf74-4666-9798-7df6685bc9d7,Maersk,Tanger Med,Rotterdam,2026-07-25T03:38:18,2026-07-27T19:56:18,64.3,17219.3,Automotive
3f44d315-f332-412b-bfbe-c1c3c5a5b910,CMA-CGM,Tanger Med,Barcelona,2026-05-26T13:34:17,2026-05-26T13:34:17,0.0,11846.3,Automotive
1f68b030-be71-4cf6-8d17-1fe8346cb4bd,COSCO,Tanger Med,Barcelona,2026-08-05T14:43:24,2026-08-05T14:43:24,0.0,7877.5,Food
664627ed-2249-4842-90bb-b52137d3987b,Comanav,Tanger Med,Barcelona,2026-07-16T01:14:52,2026-07-19T23:38:52,94.4,13462.6,Electronics
70281e95-cc33-4e73-bf86-f1df4cf4dae2,MSC,Busan,Los Angeles,2026-07-12T23:56:03,2026-07-14T09:20:03,33.4,5353.8,Food
e794429e-7380-42ca-a6e9-13639fe8042f,CMA-CGM,Shenzhen,Hamburg,2026-09-06T01:52:43,2026-09-06T01:52:43,0.0,13193.4,Chemicals
aa0ddcc9-06f0-45a7-89ed-49674904691e,Marsa Maroc,Casablanca,Marseille,2026-09-04T05:35:30,2026-09-04T05:35:30,0.0,16299.4,Food
73564249-54bb-496a-b1b4-978c14a15f15,Comanav,Busan,Los Angeles,2026-03-03T13:29:41,2026-03-03T13:29:41,0.0,3631.6,Textiles
330f50c4-0baa-4642-ae42-a780b05d5426,Comanav,Shenzhen,Hamburg,2026-09-11T21:27:34,2026-09-15T08:39:34,83.2,5723.6,Automotive
8ceabb61-5915-44af-8f35-6238d22870ec,MSC,Casablanca,Marseille,2026-04-23T23:16:42,2026-04-23T23:16:42,0.0,17484.0,Chemicals
5b21fb18-1633-4e52-b519-38e5837d8a86,Marsa Maroc,Agadir,Hamburg,2026-08-18T20:09:11,2026-08-18T20:09:11,0.0,22393.7,Food
56fd129e-cc46-47a1-8fb0-e5512c6f0432,Maersk,Casablanca,Marseille,2026-05-04T07:33:29,2026-05-04T07:33:29,0.0,21395.2,Automotive
da040fb4-d424-4af3-a74f-28bbbc456393,MSC,Shenzhen,Hamburg,2026-05-29T07:40:09,2026-05-29T07:40:09,0.0,10869.1,Electronics
6ac718f7-5890-443c-930d-dda50c936230,CMA-CGM,Ningbo,New York,2026-03-30T22:30:51,2026-04-02T13:12:51,62.7,2745.1,Electronics
c4002751-f8ea-4ebf-b9f9-bbe3f90163f1,COSCO,Ningbo,New York,2026-06-18T01:20:03,2026-06-18T01:20:03,0.0,5092.2,Food
309944b2-7a41-44bb-b653-8b834ad2e2a7,Comanav,Busan,Los Angeles,2026-05-22T03:28:56,2026-05-26T02:04:56,94.6,20269.7,Automotive
2c32dc64-7df5-47fe-933f-5c0265b408f5,Maersk,Singapore,Felixstowe,2026-04-28T08:20:31,2026-04-28T08:20:31,0.0,12539.1,Automotive
6893e4fa-75e0-42fb-8afd-6b88638ae578,Maersk,Singapore,Felixstowe,2026-05-12T14:05:13,2026-05-12T14:05:13,0.0,21210.4,Food
712d69fa-0766-41d8-a947-363ac82a72a7,Evergreen,Agadir,Hamburg,2026-05-01T02:40:36,2026-05-01T02:40:36,0.0,15986.9,Automotive
fb0e0841-2426-43ad-b79d-c8a426aa6f45,Comanav,Tanger Med,Barcelona,2026-07-19T16:09:45,2026-07-19T16:09:45,0.0,19947.0,Chemicals
ba1e782f-1079-40bc-ac62-15296cfecec9,Evergreen,Shanghai,Rotterdam,2026-04-15T22:55:03,2026-04-19T23:07:03,96.2,12222.7,Textiles
e83971f3-d1fd-46d5-8a9c-9b36d5a9c477,Comanav,Busan,Los Angeles,2026-05-29T10:59:00,2026-05-29T10:59:00,0.0,4056.1,Automotive
d66cf8ed-afdb-4727-9586-407a25b08c51,MSC,Casablanca,Marseille,2026-08-09T00:28:46,2026-08-13T15:46:46,111.3,12954.8,Electronics
288b42aa-d879-4dbb-971c-98cd67b37051,CMA-CGM,Shanghai,Rotterdam,2026-07-07T05:55:04,2026-07-09T07:19:04,49.4,24764.5,Food
d8704ab7-cb48-45b0-91d8-97841cc1097f,Marsa Maroc,Casablanca,Marseille,2026-04-14T00:23:35,2026-04-14T00:23:35,0.0,24774.9,Automotive
e96d585a-9203-4634-a800-0685109f3e31,Marsa Maroc,Casablanca,Marseille,2026-09-04T00:03:37,2026-09-06T07:45:37,55.7,9737.2,Food
7736fbdd-8f4d-4ab4-9f2c-ee1a1a372d1d,MSC,Shenzhen,Hamburg,2026-09-02T22:52:33,2026-09-02T22:52:33,0.0,1708.1,Chemicals
3839516c-4f4e-4a84-9295-626afce29120,Comanav,Agadir,Hamburg,2026-09-03T00:48:03,2026-09-07T02:12:03,97.4,12230.3,Automotive
e105d56a-4773-4ce4-82fc-3d335af21319,Comanav,Tanger Med,Barcelona,2026-05-21T19:54:11,2026-05-21T19:54:11,0.0,13523.5,Textiles
d0acc6b5-d52e-4941-ab51-d6fede9fe6c0,Marsa Maroc,Singapore,Felixstowe,2026-05-02T14:55:26,2026-05-02T14:55:26,0.0,7256.6,Automotive
811cc3b1-35a0-4607-9609-66589d4e7c65,COSCO,Tanger Med,Rotterdam,2026-08-07T13:51:29,2026-08-07T13:51:29,0.0,6113.3,Food
e7a2af6f-6f79-4fca-a0b9-35f28a3527d1,Comanav,Shanghai,Rotterdam,2026-03-09T17:12:44,2026-03-09T17:12:44,0.0,14261.3,Automotive
ddb8cc8e-d977-4c01-b4cb-1d677469184c,Marsa Maroc,Tanger Med,Rotterdam,2026-06-03T15:10:18,2026-06-03T15:10:18,0.0,19481.8,Automotive
18656015-3df1-4f74-853e-8f98f0ad027d,Marsa Maroc,Singapore,Felixstowe,2026-03-17T18:08:03,2026-03-17T18:08:03,0.0,19721.4,Chemicals
f71829d8-fbb7-4f89-8537-06a10005e567,Evergreen,Agadir,Hamburg,2026-04-19T15:58:32,2026-04-22T07:04:32,63.1,9451.7,Electronics
aa559f65-8a3b-48dd-90b8-434259a03cea,Marsa Maroc,Shenzhen,Hamburg,2026-05-02T13:49:56,2026-05-02T13:49:56,0.0,12165.5,Textiles
1d202c2f-ea6d-4635-9f0e-4c39d2de0973,CMA-CGM,Shenzhen,Hamburg,2026-04-22T07:43:08,2026-04-22T07:43:08,0.0,20082.4,Electronics
35efd8ed-b7d1-4f9d-9129-35215668bac2,Maersk,Shenzhen,Hamburg,2026-03-16T05:17:07,2026-03-16T05:17:07,0.0,18149.3,Electronics
0e912f7d-d449-45d6-a5c5-2a105a650ecf,Evergreen,Tanger Med,Barcelona,2026-04-27T00:52:55,2026-04-30T13:34:55,84.7,8583.7,Textiles
afd549ab-0374-4951-af65-fc0abf389019,Evergreen,Tanger Med,Rotterdam,2026-03-22T17:08:15,2026-03-23T15:02:15,21.9,18162.0,Food
6e28cab5-6487-45c0-b093-d356982e9cc8,Evergreen,Agadir,Hamburg,2026-05-04T14:24:50,2026-05-04T14:24:50,0.0,13904.5,Textiles
8c67dfeb-c25c-4c56-b9d3-55a8bd9c88f3,Maersk,Casablanca,Marseille,2026-06-09T07:09:15,2026-06-09T07:09:15,0.0,512.9,Automotive
5e4872be-ac11-4acd-b9c0-861ec246142f,CMA-CGM,Tanger Med,Rotterdam,2026-05-09T22:04:17,2026-05-09T22:04:17,0.0,24421.7,Electronics
b6f96e9b-f2fe-46cf-b967-29efe23dfbac,Evergreen,Tanger Med,Barcelona,2026-08-05T11:07:36,2026-08-08T04:43:36,65.6,3830.9,Electronics
3648ca9b-19c9-429f-948a-b3015cd0e041,CMA-CGM,Casablanca,Marseille,2026-03-08T05:33:04,2026-03-08T05:33:04,0.0,5443.7,Automotive
7e4a2d45-2424-4175-95a8-e358ef3e4024,Evergreen,Singapore,Felixstowe,2026-06-19T01:59:18,2026-06-19T01:59:18,0.0,13533.5,Chemicals
2f4bff68-5577-4eaf-bcbb-f06a50f23c8a,Maersk,Singapore,Felixstowe,2026-04-03T07:14:02,2026-04-03T07:14:02,0.0,13318.9,Automotive
cce34d6d-f2b0-4b0d-beee-272d242b6cc4,MSC,Tanger Med,Barcelona,2026-05-24T02:47:49,2026-05-24T02:47:49,0.0,22383.3,Automotive
6ec22b2b-220f-4ba3-aac0-f4e9b8c3369c,Comanav,Tanger Med,Barcelona,2026-08-22T10:52:43,2026-08-22T10:52:43,0.0,19377.0,Automotive
ad74f78a-b610-40ec-aca6-81f8097bfabd,Marsa Maroc,Busan,Los Angeles,2026-08-31T01:53:30,2026-08-31T01:53:30,0.0,19233.7,Chemicals
97163e8e-cce5-42e0-938d-6eb7bb83cfdd,Marsa Maroc,Shenzhen,Hamburg,2026-09-04T01:28:29,2026-09-04T01:28:29,0.0,13495.2,Food
00df9cd0-5b9e-49e0-956b-2da53a362851,Marsa Maroc,Busan,Los Angeles,2026-05-06T05:47:51,2026-05-06T05:47:51,0.0,9134.2,Automotive
9a80ee1e-0d7a-47b3-b74e-ffa7f6dfcdd1,MSC,Shanghai,Rotterdam,2026-05-25T04:37:08,2026-05-25T04:37:08,0.0,2746.5,Chemicals
4ab31342-a12e-4589-830d-2b28e9ffe004,CMA-CGM,Shenzhen,Hamburg,2026-08-07T12:37:28,2026-08-07T12:37:28,0.0,23868.4,Food
b8a028e1-7e6e-4f22-91b8-779fffb172c5,MSC,Shenzhen,Hamburg,2026-04-25T10:10:24,2026-04-25T10:10:24,0.0,4045.9,Automotive
5b90e3fd-6eb5-43f8-bff1-46e4c633d43c,Evergreen,Tanger Med,Barcelona,2026-05-10T15:16:59,2026-05-10T15:16:59,0.0,21133.0,Textiles
e51a3f61-8353-40a2-bb51-2deea2a6de68,Comanav,Busan,Los Angeles,2026-06-11T17:30:41,2026-06-11T17:30:41,0.0,24833.1,Food
2952a190-ed26-4d41-a155-56a09e1695c1,Comanav,Busan,Los Angeles,2026-05-05T03:16:46,2026-05-07T19:04:46,63.8,17918.7,Electronics
e2eac9a2-deaa-4d1d-90f3-d064b70ce6a7,COSCO,Casablanca,Marseille,2026-07-12T01:55:39,2026-07-14T16:01:39,62.1,8001.2,Food
69d50746-58b3-4e78-98d5-6713f4d175b7,COSCO,Singapore,Felixstowe,2026-08-24T02:38:53,2026-08-24T02:38:53,0.0,14523.7,Food
afda9df8-e593-488b-b650-b9c8ce6b4192,CMA-CGM,Busan,Los Angeles,2026-03-27T17:39:44,2026-03-28T15:15:44,21.6,20497.3,Chemicals
7e891f0e-ec2d-40ab-9c2a-8b29359bab31,COSCO,Shenzhen,Hamburg,2026-05-29T06:01:11,2026-05-29T06:01:11,0.0,1327.5,Textiles
d24f1a76-7ac9-4f72-a08f-84784b866e64,Maersk,Tanger Med,Rotterdam,2026-07-25T21:11:07,2026-07-25T21:11:07,0.0,9148.6,Automotive
ee7f950b-a293-4dbe-86c3-da0d17df5f80,MSC,Busan,Los Angeles,2026-07-28T16:45:54,2026-07-28T16:45:54,0.0,18608.3,Textiles
d2c8fb9d-87b1-4700-906f-ef033b2bda25,Evergreen,Singapore,Felixstowe,2026-04-21T08:18:58,2026-04-21T08:18:58,0.0,11877.9,Electronics
7d09342f-ee2f-4075-bca7-7d2fcebe0c40,Marsa Maroc,Tanger Med,Barcelona,2026-04-12T03:56:48,2026-04-12T03:56:48,0.0,9273.3,Food
6f9a9b86-5411-4e17-8d32-106e873510e0,MSC,Singapore,Felixstowe,2026-03-07T10:22:29,2026-03-07T10:22:29,0.0,1713.9,Textiles
958a6dae-8ef1-4af8-b798-31aa7650dcdd,Marsa Maroc,Busan,Los Angeles,2026-05-18T14:01:30,2026-05-18T14:01:30,0.0,9516.2,Electronics
3452fe95-8147-472c-a344-029b9530277b,Evergreen,Casablanca,Marseille,2026-09-12T20:58:17,2026-09-12T20:58:17,0.0,10631.4,Automotive
892f3ad1-6dab-46bc-9012-d8ea16a28398,CMA-CGM,Singapore,Felixstowe,2026-08-11T00:46:23,2026-08-11T00:46:23,0.0,2419.9,Textiles
cd20faa7-ed65-478b-911c-da9e05831610,Evergreen,Shanghai,Rotterdam,2026-04-28T02:00:40,2026-04-28T02:00:40,0.0,14210.0,Food
899d08bf-6f2f-47d1-9a8e-bfedd3533f4d,Evergreen,Shenzhen,Hamburg,2026-04-07T09:34:04,2026-04-07T09:34:04,0.0,23103.8,Chemicals
6b67c5fe-c5fc-4818-b6b0-3b509ed49803,MSC,Singapore,Felixstowe,2026-05-08T21:41:40,2026-05-08T21:41:40,0.0,8595.0,Textiles
432a4993-b40b-43e4-9547-4b0bff782635,Marsa Maroc,Shanghai,Rotterdam,2026-09-01T19:25:20,2026-09-01T19:25:20,0.0,17871.4,Electronics
9f0e2946-528c-4a3b-9106-c72c31c7361a,Evergreen,Shanghai,Rotterdam,2026-03-16T03:50:49,2026-03-16T03:50:49,0.0,14449.9,Food
772c246d-da8b-4c69-a467-22a7cfa79f17,Comanav,Agadir,Hamburg,2026-09-12T11:22:05,2026-09-12T11:22:05,0.0,20927.7,Textiles
6e3632d3-bb71-4580-8930-84b0ab094783,Evergreen,Shanghai,Rotterdam,2026-04-15T15:19:56,2026-04-15T15:19:56,0.0,6047.2,Textiles
29632ce3-5f52-4ce5-8a10-3790a0a30146,CMA-CGM,Singapore,Felixstowe,2026-04-06T04:35:36,2026-04-06T04:35:36,0.0,19097.2,Food
8b8ad287-6093-40dc-bb66-0dea828619a6,MSC,Casablanca,Marseille,2026-09-04T06:48:40,2026-09-04T06:48:40,0.0,15036.4,Food
7e8549a6-9e92-4aa7-8be5-3e726c686ac9,MSC,Singapore,Felixstowe,2026-04-20T14:45:10,2026-04-20T14:45:10,0.0,12187.2,Automotive
e3bb83c3-1129-450e-84d1-c152ef5474ea,Marsa Maroc,Ningbo,New York,2026-03-01T11:11:12,2026-03-01T11:11:12,0.0,13298.4,Textiles
1acf34a9-8a29-4d86-8a96-bfed7b2286a9,MSC,Tanger Med,Barcelona,2026-08-15T13:50:30,2026-08-15T13:50:30,0.0,24199.8,Food
18c49d89-ef93-4f88-9cd5-2f630385d51d,MSC,Busan,Los Angeles,2026-08-11T09:03:33,2026-08-11T09:03:33,0.0,4746.8,Chemicals
e332ee7b-af11-4fcc-81df-9697dacaed77,COSCO,Tanger Med,Rotterdam,2026-07-22T20:10:04,2026-07-22T20:10:04,0.0,22531.3,Food
3d75873f-b085-4899-9e06-c0bb811b0efb,MSC,Shenzhen,Hamburg,2026-03-17T20:52:26,2026-03-17T20:52:26,0.0,17889.0,Chemicals
414e8743-2a51-4f88-97ff-336b87504443,CMA-CGM,Shenzhen,Hamburg,2026-08-14T14:09:43,2026-08-14T14:09:43,0.0,14847.3,Automotive
d2ccf550-28e3-4bb3-a170-016ce0151780,MSC,Tanger Med,Rotterdam,2026-05-29T02:58:00,2026-05-29T02:58:00,0.0,7893.4,Food
dea82fab-ead0-4197-a83f-528c03fde64b,Comanav,Singapore,Felixstowe,2026-09-04T05:42:58,2026-09-04T05:42:58,0.0,23258.1,Automotive
99eaa01a-2576-409e-acfc-2ddf6619bac1,Evergreen,Agadir,Hamburg,2026-07-27T01:22:54,2026-07-27T01:22:54,0.0,1171.0,Textiles
fc0db4d0-319e-4276-b467-cc39176962de,MSC,Tanger Med,Barcelona,2026-07-15T03:03:46,2026-07-15T03:03:46,0.0,5499.0,Chemicals
ae041473-75ba-4f59-9116-283c948ae220,Comanav,Shenzhen,Hamburg,2026-04-07T22:47:15,2026-04-07T22:47:15,0.0,9227.9,Food
b5e23e1d-3dc0-4960-8004-a902da93353a,MSC,Singapore,Felixstowe,2026-08-13T05:50:55,2026-08-13T05:50:55,0.0,8765.9,Chemicals
be38a0bb-9be4-453a-bba9-6c8dec914964,Evergreen,Tanger Med,Rotterdam,2026-04-21T23:52:51,2026-04-26T20:46:51,116.9,2432.6,Food
b762698b-6d1d-41e6-b030-f5c30c7b35c8,Maersk,Agadir,Hamburg,2026-06-07T20:16:47,2026-06-07T20:16:47,0.0,9332.2,Textiles
1f34bad7-a287-4a71-89d8-2018f3c249f4,CMA-CGM,Agadir,Hamburg,2026-09-02T07:16:43,2026-09-02T07:16:43,0.0,10215.4,Automotive
ff6e652a-436d-4ee3-a6da-d2a85da21dfc,Maersk,Tanger Med,Barcelona,2026-05-30T07:10:37,2026-05-30T07:10:37,0.0,13780.0,Textiles
b4e3cf4d-7cb7-49bf-a076-ade5fa18febf,MSC,Tanger Med,Rotterdam,2026-04-02T13:14:11,2026-04-02T13:14:11,0.0,4997.4,Chemicals
dd34b02b-069b-4c99-9e34-edf6db3f172a,Marsa Maroc,Casablanca,Marseille,2026-06-19T00:14:12,2026-06-19T00:14:12,0.0,1320.4,Automotive
726a378b-0983-44e4-931b-c1a4d8084856,CMA-CGM,Agadir,Hamburg,2026-08-06T16:51:48,2026-08-06T16:51:48,0.0,4986.2,Chemicals
cd703117-27bd-497b-9d08-28c93e9e849d,Marsa Maroc,Agadir,Hamburg,2026-06-09T02:54:59,2026-06-09T02:54:59,0.0,7880.8,Chemicals
78a4452e-65ac-4c97-976e-0e6484660a78,Evergreen,Singapore,Felixstowe,2026-05-13T09:48:12,2026-05-13T09:48:12,0.0,17032.5,Chemicals
7d4c3f3e-6a8f-4b62-acb2-8fdd6ab72f24,Comanav,Ningbo,New York,2026-03-03T02:58:44,2026-03-03T02:58:44,0.0,14028.1,Textiles
a5f62400-7c87-499f-a25a-3101492c10d5,Evergreen,Casablanca,Marseille,2026-03-03T18:18:28,2026-03-05T23:30:28,53.2,14772.9,Electronics
2679df9d-6e43-4fbe-8a49-5af71c41829b,Comanav,Casablanca,Marseille,2026-04-15T18:14:31,2026-04-15T18:14:31,0.0,16342.5,Chemicals
eef75cb7-1d60-4420-862c-4eb5d8a014ae,CMA-CGM,Busan,Los Angeles,2026-03-03T19:03:12,2026-03-03T19:03:12,0.0,6955.7,Electronics
dbb924ca-8161-40c0-81f8-1b71c823cc19,MSC,Shanghai,Rotterdam,2026-07-24T15:31:54,2026-07-25T09:49:54,18.3,6095.3,Textiles
3f082617-861d-4eaa-a31b-2ea1f1c2c0f8,MSC,Tanger Med,Rotterdam,2026-05-19T18:38:27,2026-05-19T18:38:27,0.0,14197.6,Textiles
2926edd0-cd5a-40a3-b1b5-a008587ce666,COSCO,Singapore,Felixstowe,2026-07-01T16:25:02,2026-07-01T16:25:02,0.0,11487.2,Textiles
834e83a3-fba5-4625-be6b-bd29a98b0738,MSC,Casablanca,Marseille,2026-08-06T18:42:44,2026-08-06T18:42:44,0.0,13247.7,Automotive
e7c814b4-51c8-41ae-bb03-1a43dc04933c,Maersk,Agadir,Hamburg,2026-07-19T16:35:57,2026-07-19T16:35:57,0.0,3793.8,Chemicals
6cd4754b-792d-41e5-8933-f90a30458863,MSC,Tanger Med,Barcelona,2026-04-11T09:25:39,2026-04-11T09:25:39,0.0,744.0,Electronics
4a433326-9ddb-4aa8-a3d3-3f7cdab3102d,MSC,Agadir,Hamburg,2026-04-30T02:38:27,2026-04-30T02:38:27,0.0,11976.9,Electronics
9bc4bd23-35c6-48c1-b7aa-8c74dd9b263f,Marsa Maroc,Tanger Med,Barcelona,2026-08-13T11:16:30,2026-08-17T11:52:30,96.6,9447.4,Electronics
40f79494-1502-4673-81e1-53249b5c9214,Comanav,Busan,Los Angeles,2026-06-07T12:01:42,2026-06-07T12:01:42,0.0,19509.7,Food
52cbce64-1f42-456f-a9df-7651cee2ff24,Comanav,Shenzhen,Hamburg,2026-06-10T11:31:10,2026-06-12T02:25:10,38.9,18835.6,Automotive
e9a6d206-5b45-4d6c-a85a-5e978996f93d,Marsa Maroc,Shanghai,Rotterdam,2026-08-12T11:52:47,2026-08-12T11:52:47,0.0,1873.2,Automotive
838ce5c8-486b-46e9-94cd-56799e439079,Marsa Maroc,Agadir,Hamburg,2026-07-21T00:02:59,2026-07-21T00:02:59,0.0,19354.8,Chemicals
4076efb3-3c62-4589-9c03-18a2a4427f2f,MSC,Casablanca,Marseille,2026-06-16T00:24:37,2026-06-16T00:24:37,0.0,7135.9,Automotive
1d6a35b1-38a1-4530-9902-2f84aa510135,MSC,Tanger Med,Rotterdam,2026-08-02T08:32:28,2026-08-02T08:32:28,0.0,11732.1,Food
3f293d3d-21de-477c-8229-481f702eb394,Maersk,Tanger Med,Rotterdam,2026-05-19T02:33:45,2026-05-19T02:33:45,0.0,4494.6,Automotive
ae16da44-efda-4e1c-b92e-9002f70cd149,CMA-CGM,Casablanca,Marseille,2026-08-08T11:33:56,2026-08-08T11:33:56,0.0,9645.8,Chemicals
81d33d1d-ca86-4a3c-a52b-b9e5328a8270,Comanav,Singapore,Felixstowe,2026-09-04T08:55:31,2026-09-04T08:55:31,0.0,22135.9,Chemicals
473f4f52-34e5-48a8-856f-42e820c8e327,Comanav,Tanger Med,Barcelona,2026-05-09T09:47:14,2026-05-12T19:11:14,81.4,17429.1,Textiles
a4586811-5e50-496e-a097-f0b6857f328f,COSCO,Shanghai,Rotterdam,2026-07-22T18:38:05,2026-07-22T18:38:05,0.0,19773.2,Food
cf52c4e6-7b4d-4446-8379-baa050d4a6a5,CMA-CGM,Casablanca,Marseille,2026-09-04T20:58:17,2026-09-04T20:58:17,0.0,9314.1,Food
53da361e-9729-4f28-b747-7882e32e8413,Evergreen,Agadir,Hamburg,2026-06-07T13:22:44,2026-06-10T00:58:44,59.6,19821.2,Chemicals
e42413d2-2c17-44f1-a24b-def20e8c51f6,CMA-CGM,Casablanca,Marseille,2026-06-28T02:12:50,2026-06-28T02:12:50,0.0,23312.8,Automotive
bccf5ba3-4a6a-44b1-84da-d371fa3432c1,CMA-CGM,Casablanca,Marseille,2026-07-12T17:38:00,2026-07-12T17:38:00,0.0,20165.3,Food
a05c6960-0d92-45c1-8c07-f54c06784728,COSCO,Shenzhen,Hamburg,2026-08-02T14:50:17,2026-08-02T14:50:17,0.0,13577.5,Textiles
c851d85d-6ea5-42ed-b520-c91b524545b8,Marsa Maroc,Ningbo,New York,2026-04-23T14:53:30,2026-04-23T14:53:30,0.0,23705.3,Chemicals
7723f001-1805-4258-a66d-ddfe63b79417,Marsa Maroc,Agadir,Hamburg,2026-04-16T05:57:35,2026-04-16T05:57:35,0.0,14548.4,Electronics
29ae70b8-1288-4cf2-aaaa-2bebc7a96aa2,Maersk,Casablanca,Marseille,2026-05-29T05:37:25,2026-05-29T05:37:25,0.0,2605.8,Electronics
a5cba566-3e1d-4286-bbfb-604baa7dfd1b,Evergreen,Tanger Med,Barcelona,2026-08-21T10:33:57,2026-08-21T10:33:57,0.0,13081.1,Automotive
16929e19-7c12-4ca3-8210-ae190ab9b86f,Marsa Maroc,Shenzhen,Hamburg,2026-05-02T20:02:23,2026-05-02T20:02:23,0.0,20279.9,Food
b12953e9-6abd-439f-b5f3-c2963921aa8e,Marsa Maroc,Tanger Med,Rotterdam,2026-04-08T22:39:52,2026-04-13T20:03:52,117.4,2311.4,Electronics
866869d1-eb2e-422b-91e5-e2a8e5661675,CMA-CGM,Busan,Los Angeles,2026-05-23T06:53:41,2026-05-23T06:53:41,0.0,20049.5,Automotive
bcd82a80-45d9-4471-93be-63f0ecdfe0a9,CMA-CGM,Casablanca,Marseille,2026-09-14T10:06:18,2026-09-14T10:06:18,0.0,24304.8,Food
57a6c72d-629f-49c7-8e28-f067a7f1480a,Marsa Maroc,Shanghai,Rotterdam,2026-08-03T13:29:53,2026-08-03T13:29:53,0.0,15155.4,Electronics
2aac3164-d664-4f53-ad4e-e4c814aaa346,Maersk,Busan,Los Angeles,2026-07-10T10:28:09,2026-07-10T10:28:09,0.0,3981.6,Chemicals
3cea6a03-1fba-4bce-bc2a-17bb1964bdc7,Marsa Maroc,Singapore,Felixstowe,2026-03-21T05:10:02,2026-03-21T05:10:02,0.0,5897.6,Chemicals
264a615a-2023-4768-b475-d2d2040a2b6d,MSC,Casablanca,Marseille,2026-05-02T10:11:12,2026-05-02T10:11:12,0.0,21500.3,Automotive
a5091c10-c087-4343-8d5a-6a5f88ab8c56,Maersk,Casablanca,Marseille,2026-07-30T02:42:32,2026-07-30T02:42:32,0.0,9733.7,Textiles
857cb66d-8f71-4e4f-b11a-f851682626d7,Evergreen,Shanghai,Rotterdam,2026-03-03T01:18:44,2026-03-05T06:36:44,53.3,23973.8,Automotive
9c27a959-52ae-48bf-8d62-603676c72909,Marsa Maroc,Tanger Med,Rotterdam,2026-04-05T09:00:25,2026-04-05T09:00:25,0.0,5289.8,Textiles
7b95c85f-30c8-43a4-994f-89f5289576a9,CMA-CGM,Shanghai,Rotterdam,2026-04-26T10:33:33,2026-04-26T10:33:33,0.0,22668.7,Electronics
5a0dd8c1-eebb-467c-b15f-ee82c73ce370,Evergreen,Shanghai,Rotterdam,2026-08-31T04:16:13,2026-09-02T22:10:13,65.9,15180.9,Textiles
7e38bc3e-d1bf-4e8f-bf6b-793c130640f2,CMA-CGM,Tanger Med,Rotterdam,2026-08-17T02:00:42,2026-08-17T02:00:42,0.0,20208.8,Electronics
7bfa0901-b048-40b0-bea0-c294bc0cf2aa,Evergreen,Shenzhen,Hamburg,2026-04-04T05:31:50,2026-04-04T05:31:50,0.0,19265.9,Textiles
7c0e4f98-f0b6-4316-8d5f-e46b01cb0b91,Evergreen,Tanger Med,Barcelona,2026-03-25T21:16:23,2026-03-27T19:04:23,45.8,19806.6,Chemicals
351b67d4-88b5-4693-b91b-515fd17f4ac8,CMA-CGM,Busan,Los Angeles,2026-06-11T04:11:42,2026-06-11T04:11:42,0.0,22642.5,Chemicals
27fac453-7cb8-4c80-9d92-b96dc8418ccf,Marsa Maroc,Singapore,Felixstowe,2026-05-26T03:02:54,2026-05-26T03:02:54,0.0,4419.0,Food
c4ca57ad-9269-49cd-9c72-8bae44d08059,COSCO,Shenzhen,Hamburg,2026-07-23T00:26:02,2026-07-23T00:26:02,0.0,5032.2,Chemicals
381dedd6-449a-411f-92c8-61c5fb23821c,CMA-CGM,Busan,Los Angeles,2026-04-01T02:01:27,2026-04-01T02:01:27,0.0,4420.4,Textiles
92575f1c-03e0-413f-a188-3157a9549e84,Maersk,Casablanca,Marseille,2026-03-15T15:54:18,2026-03-15T15:54:18,0.0,22202.6,Textiles
3ac31aef-4e78-4cc1-8a6e-924100af123b,Maersk,Ningbo,New York,2026-07-28T06:10:40,2026-07-28T06:10:40,0.0,15312.4,Electronics
a1194e70-656c-4d1f-8dca-205693360a30,Evergreen,Shenzhen,Hamburg,2026-08-03T14:16:50,2026-08-03T14:16:50,0.0,4362.9,Food
86ffab01-6b35-4437-bcba-e2984ac2e538,Maersk,Shanghai,Rotterdam,2026-06-20T06:05:12,2026-06-20T06:05:12,0.0,23139.5,Chemicals
0980b114-d1cd-4df3-abe6-1c76b4cad516,Maersk,Agadir,Hamburg,2026-03-23T07:35:39,2026-03-23T07:35:39,0.0,8284.8,Food
85719693-f6f7-4b29-925c-c667f7160056,MSC,Singapore,Felixstowe,2026-05-08T01:38:43,2026-05-08T01:38:43,0.0,11850.2,Automotive
f262b153-1a05-40f3-b291-c10af1e25e8e,MSC,Singapore,Felixstowe,2026-09-08T23:50:50,2026-09-12T17:56:50,90.1,16770.0,Automotive
df3629a3-0c51-4dc1-9553-3cd7cbf11eb1,COSCO,Tanger Med,Rotterdam,2026-08-18T11:30:57,2026-08-18T11:30:57,0.0,8713.0,Textiles
e7f0606a-1a65-4e8e-8085-19864c434dd4,Maersk,Ningbo,New York,2026-03-05T03:49:41,2026-03-05T03:49:41,0.0,14005.0,Electronics
c732b98e-4cde-4a0d-90bc-5c46a4fa4d58,MSC,Agadir,Hamburg,2026-05-18T08:02:51,2026-05-18T08:02:51,0.0,5964.4,Food
9b676791-64fc-4880-b4b9-7a91758930d2,Maersk,Tanger Med,Rotterdam,2026-06-20T01:46:26,2026-06-20T01:46:26,0.0,13593.6,Automotive
5a25e8ff-b2e7-43be-81dd-787b011a41cf,Maersk,Casablanca,Marseille,2026-05-15T15:10:08,2026-05-15T15:10:08,0.0,2550.8,Automotive
a6f20e78-c269-4cdc-8d9f-3133b3ea7223,Comanav,Tanger Med,Barcelona,2026-03-14T01:15:42,2026-03-14T01:15:42,0.0,2368.6,Textiles
a81def72-8697-406f-a498-b74a5d90d4ce,Marsa Maroc,Ningbo,New York,2026-05-29T23:19:47,2026-05-30T23:31:47,24.2,9626.0,Automotive
2ced87ae-5a79-4452-8ccb-34f495397149,Evergreen,Singapore,Felixstowe,2026-05-05T19:41:42,2026-05-05T19:41:42,0.0,12737.8,Chemicals
228da38f-e2b8-4fd0-91e3-22798f67af05,Maersk,Shanghai,Rotterdam,2026-03-15T00:06:50,2026-03-15T00:06:50,0.0,14779.8,Food
3a054ec6-0aea-4dad-a114-74f7a6ed7d6c,CMA-CGM,Shenzhen,Hamburg,2026-07-18T17:01:11,2026-07-18T17:01:11,0.0,1932.9,Textiles
5a020609-6018-4323-aae7-44bb484b209b,Comanav,Shanghai,Rotterdam,2026-06-01T22:02:00,2026-06-01T22:02:00,0.0,21002.1,Electronics
0ef0d77f-b322-4864-ad0a-26f35305c281,Comanav,Tanger Med,Rotterdam,2026-03-01T02:40:39,2026-03-01T02:40:39,0.0,14465.4,Food
75a5eeac-02c2-41b2-a01d-ed1603148e8a,COSCO,Busan,Los Angeles,2026-05-01T03:29:29,2026-05-01T03:29:29,0.0,12270.8,Textiles
eccd5688-643d-4ac0-be12-d78ac6b8a1ca,CMA-CGM,Ningbo,New York,2026-04-03T17:26:01,2026-04-03T17:26:01,0.0,24014.2,Chemicals
e5e0c989-ac2d-4f91-9c2c-b98495c3d974,Comanav,Shanghai,Rotterdam,2026-06-16T03:55:04,2026-06-16T03:55:04,0.0,8114.4,Electronics
274f9d5b-71d9-4577-9a60-c7eb9edcc9b6,Marsa Maroc,Singapore,Felixstowe,2026-08-03T02:59:30,2026-08-03T02:59:30,0.0,7756.8,Automotive
f877da1b-f983-4b0c-af2c-4bce45a9d724,Evergreen,Tanger Med,Barcelona,2026-07-16T03:23:18,2026-07-16T03:23:18,0.0,23289.0,Automotive
7e04fbc4-e50f-4ad5-b46b-8b9cf81d4f1d,Maersk,Casablanca,Marseille,2026-08-01T11:00:02,2026-08-01T11:00:02,0.0,919.1,Electronics
a3d4ce32-ee68-44ed-bf00-97853473f9fe,CMA-CGM,Tanger Med,Rotterdam,2026-08-05T11:04:36,2026-08-05T11:04:36,0.0,6696.9,Automotive
b176a0da-b356-4ab9-a952-bcc5337b6681,CMA-CGM,Tanger Med,Barcelona,2026-05-17T19:01:41,2026-05-17T19:01:41,0.0,23472.7,Food
14b5676c-6481-4cfa-a46a-589ec0f8a80a,Maersk,Tanger Med,Barcelona,2026-03-06T23:13:34,2026-03-06T23:13:34,0.0,15567.4,Automotive
98d29d12-c333-4a76-9939-ee17edb86e56,Evergreen,Singapore,Felixstowe,2026-03-27T15:33:30,2026-03-27T15:33:30,0.0,24430.7,Textiles
f206742f-79ea-41e6-be1d-b962f87186f0,Maersk,Ningbo,New York,2026-04-05T00:24:24,2026-04-05T00:24:24,0.0,13085.3,Automotive
fabccfb6-fa05-44de-9bc2-f5c5b0e73ab9,Marsa Maroc,Tanger Med,Barcelona,2026-06-19T11:40:27,2026-06-19T11:40:27,0.0,1896.8,Chemicals
1bdb0cfb-fa2a-49ae-8375-c22237691554,COSCO,Singapore,Felixstowe,2026-07-14T04:28:58,2026-07-14T04:28:58,0.0,17360.6,Automotive
2cced4d3-11a7-452b-88ab-35020e2e6d4c,Maersk,Tanger Med,Rotterdam,2026-07-13T22:42:09,2026-07-13T22:42:09,0.0,23438.0,Automotive
2b570efe-b61f-4984-b551-917fece98c81,CMA-CGM,Ningbo,New York,2026-06-16T09:14:23,2026-06-16T09:14:23,0.0,10202.7,Electronics
b07eeb21-8cff-4b18-8872-86c25d10a099,CMA-CGM,Tanger Med,Rotterdam,2026-05-27T21:13:37,2026-05-27T21:13:37,0.0,8502.6,Automotive
763572ca-3c9a-463d-a557-bdc6f019608b,MSC,Shanghai,Rotterdam,2026-05-15T13:06:22,2026-05-20T02:12:22,109.1,13970.9,Electronics
f55b0e9d-f6f4-4d41-ab24-87317feb97c5,Evergreen,Shenzhen,Hamburg,2026-08-24T14:39:40,2026-08-24T14:39:40,0.0,23160.2,Food
10f357c3-7035-4915-a1bf-882dcec9cddb,Marsa Maroc,Casablanca,Marseille,2026-08-04T21:08:49,2026-08-04T21:08:49,0.0,19299.0,Electronics
7d4331dd-4b1c-42aa-ae9b-e78cdc5519ba,COSCO,Tanger Med,Rotterdam,2026-03-02T19:21:16,2026-03-02T19:21:16,0.0,17588.9,Automotive
7be6f011-1a64-4726-87cd-b9d0d8ffe5ca,Comanav,Busan,Los Angeles,2026-06-10T09:41:54,2026-06-10T09:41:54,0.0,6479.6,Automotive
5428f8a0-b2e3-4f32-97db-86d99e292ffc,Comanav,Casablanca,Marseille,2026-05-07T23:26:32,2026-05-07T23:26:32,0.0,22293.6,Food
25a8c982-1022-43ee-b3bc-e9006a081690,Marsa Maroc,Singapore,Felixstowe,2026-08-06T02:46:11,2026-08-06T02:46:11,0.0,24013.6,Automotive
12de513a-1669-4640-9b03-b316929dbbfa,COSCO,Busan,Los Angeles,2026-09-13T14:28:51,2026-09-14T11:28:51,21.0,8737.5,Electronics
3f94a815-5612-4044-bc68-526195abebe8,Comanav,Ningbo,New York,2026-04-11T08:19:31,2026-04-11T08:19:31,0.0,19315.1,Automotive
debb77a5-2ea1-4e90-8afd-3d791624ced9,COSCO,Singapore,Felixstowe,2026-03-29T02:41:10,2026-03-29T02:41:10,0.0,11134.3,Textiles
bc71f9e4-4e36-4506-82bf-c9898fdfa631,Maersk,Tanger Med,Barcelona,2026-09-12T09:52:35,2026-09-13T18:22:35,32.5,16763.7,Automotive
b88defd3-45ad-47ee-8714-7cd792c03cfa,MSC,Agadir,Hamburg,2026-06-23T06:37:32,2026-06-23T06:37:32,0.0,4232.7,Food
2ab605a4-9668-42ac-9e2f-d27bfe822a20,Marsa Maroc,Ningbo,New York,2026-07-11T00:42:42,2026-07-13T02:24:42,49.7,5077.5,Food
ac733347-6910-43f3-bdd7-c07a82c68dc6,Evergreen,Tanger Med,Barcelona,2026-04-15T10:36:10,2026-04-15T10:36:10,0.0,17852.1,Electronics
818c37f5-5ad3-428d-98a6-fadca0131337,COSCO,Singapore,Felixstowe,2026-06-09T01:52:35,2026-06-09T01:52:35,0.0,2826.8,Electronics
3b880d4e-7f8e-4afb-9507-d527b6ba72be,Comanav,Singapore,Felixstowe,2026-06-06T03:29:15,2026-06-06T03:29:15,0.0,9570.7,Food
5d52a6d2-a52a-4f53-a811-07bd87e4742b,Maersk,Casablanca,Marseille,2026-08-19T22:54:10,2026-08-19T22:54:10,0.0,23391.1,Food
4bf6e92d-16e6-4708-8f27-3fc695433813,Comanav,Tanger Med,Barcelona,2026-07-25T10:38:34,2026-07-25T10:38:34,0.0,7026.8,Electronics
a24eae21-4c50-4a8e-b119-a7c8fff2c78c,COSCO,Casablanca,Marseille,2026-09-04T19:45:26,2026-09-04T19:45:26,0.0,23934.8,Electronics
bbfad637-101b-493b-adf4-53b3aea5ce06,Evergreen,Busan,Los Angeles,2026-06-03T11:28:15,2026-06-03T11:28:15,0.0,9132.4,Food
e930aa2e-9d9e-4195-83a1-250aca6cf658,Evergreen,Singapore,Felixstowe,2026-07-10T21:52:03,2026-07-14T07:22:03,81.5,13754.9,Textiles
782dba06-d18f-4e44-b7ec-a88a95febd2c,Marsa Maroc,Shenzhen,Hamburg,2026-08-26T04:46:38,2026-08-26T04:46:38,0.0,18493.4,Electronics
524d1684-0dbd-47fe-b9f6-8c6d68644fe0,Marsa Maroc,Casablanca,Marseille,2026-08-26T22:13:32,2026-08-26T22:13:32,0.0,9531.7,Chemicals
33bf3cc1-80e4-4bd7-ae9f-4f8a4cba634d,COSCO,Ningbo,New York,2026-03-11T14:55:37,2026-03-11T14:55:37,0.0,15485.1,Textiles
48a915b5-8cf5-4b68-8a0a-20b695a3e93f,MSC,Tanger Med,Barcelona,2026-09-04T04:17:15,2026-09-04T04:17:15,0.0,5501.4,Food
53d9a7d3-b13e-47b1-a467-9f1aa2354b5a,Evergreen,Ningbo,New York,2026-04-15T03:41:56,2026-04-15T03:41:56,0.0,23834.4,Textiles
a09bccf1-bc88-43ab-ae3a-0c0dbf00e554,MSC,Shenzhen,Hamburg,2026-06-09T03:03:15,2026-06-09T03:03:15,0.0,16943.5,Electronics
468f33a7-98bd-43db-bc2b-66da8f812535,Marsa Maroc,Busan,Los Angeles,2026-03-27T05:39:04,2026-03-27T05:39:04,0.0,3844.3,Food
5e8bc8e5-fea6-48a4-a289-e16c605388f2,COSCO,Tanger Med,Rotterdam,2026-07-27T14:46:23,2026-07-27T14:46:23,0.0,12141.9,Food
9951350d-79b9-4681-828d-8f678306eccf,COSCO,Singapore,Felixstowe,2026-05-25T14:06:43,2026-05-25T14:06:43,0.0,24926.9,Electronics
aae779e7-89c9-4299-9586-8eb28651de75,Evergreen,Busan,Los Angeles,2026-05-29T07:06:15,2026-05-29T07:06:15,0.0,12368.6,Food
7e25483a-e32a-4dca-bfc8-8195163ca30d,Evergreen,Tanger Med,Rotterdam,2026-07-01T14:49:24,2026-07-04T04:13:24,61.4,17307.0,Chemicals
f4f475f7-88a5-41f2-b798-2637bf7ded84,Evergreen,Shanghai,Rotterdam,2026-08-08T04:05:19,2026-08-08T04:05:19,0.0,15636.3,Food
f256fa20-9985-4088-89fe-bc2a90f541ac,COSCO,Shanghai,Rotterdam,2026-07-16T03:05:44,2026-07-16T03:05:44,0.0,23863.4,Automotive
075ee55d-0276-40ca-8f91-2e6cda280f64,Comanav,Ningbo,New York,2026-03-04T18:37:36,2026-03-04T18:37:36,0.0,10568.4,Automotive
c138009c-6bc2-47ba-8b89-8b19157f958c,Comanav,Shanghai,Rotterdam,2026-06-11T06:35:49,2026-06-11T06:35:49,0.0,23621.2,Textiles
648f6db4-b197-413e-9c8f-569f756e9279,COSCO,Agadir,Hamburg,2026-06-05T09:55:43,2026-06-05T09:55:43,0.0,13642.7,Food
946312e1-b394-4476-a523-6102015d5da8,COSCO,Tanger Med,Barcelona,2026-06-20T13:43:58,2026-06-20T13:43:58,0.0,14814.9,Electronics
6865339c-9c2c-41ea-980f-35b19dedc3a2,CMA-CGM,Shanghai,Rotterdam,2026-04-06T02:54:38,2026-04-06T02:54:38,0.0,19912.2,Automotive
e68bbf83-3450-48ab-a150-c120a5d29947,Comanav,Ningbo,New York,2026-08-02T22:18:10,2026-08-02T22:18:10,0.0,742.9,Automotive
21ff53be-7747-4aab-8af7-976bf05999e1,Comanav,Tanger Med,Barcelona,2026-07-11T19:36:16,2026-07-12T11:00:16,15.4,10262.6,Chemicals
ff1224dd-7c0e-47d6-96fc-e3efcb3a939b,COSCO,Tanger Med,Rotterdam,2026-03-30T12:38:23,2026-03-30T12:38:23,0.0,14045.5,Electronics
0a9208e2-05ec-46c9-af27-d2c48669ec60,Comanav,Tanger Med,Rotterdam,2026-05-09T07:36:27,2026-05-09T07:36:27,0.0,7128.7,Textiles
92ecaa10-c9c5-4e99-9a83-56dea0e4933f,Evergreen,Shenzhen,Hamburg,2026-09-02T01:49:07,2026-09-02T01:49:07,0.0,5925.3,Food
389fe94e-0637-43a1-9aa6-889ba09f0d19,Evergreen,Ningbo,New York,2026-06-30T21:30:22,2026-06-30T21:30:22,0.0,21935.9,Electronics
dd4a4c6e-45e2-4488-b8e2-57a7670a40b3,COSCO,Shenzhen,Hamburg,2026-07-16T07:12:44,2026-07-16T07:12:44,0.0,20462.7,Food
f530efc1-3922-49ae-a8d7-161bc6ac16a9,Evergreen,Agadir,Hamburg,2026-05-24T21:11:02,2026-05-24T21:11:02,0.0,12106.3,Electronics
ccf13df9-71e7-45d4-a5dc-221134af2708,CMA-CGM,Ningbo,New York,2026-06-13T11:58:05,2026-06-13T11:58:05,0.0,21704.6,Electronics
f7497028-eccc-449b-b2c6-773734e8ef0d,COSCO,Casablanca,Marseille,2026-05-10T23:40:28,2026-05-10T23:40:28,0.0,22922.4,Electronics
492375c8-10dc-40c1-b691-3c0ed4e38a7b,MSC,Tanger Med,Rotterdam,2026-05-13T20:29:22,2026-05-13T20:29:22,0.0,8950.4,Chemicals
e4fd15c5-675a-4f1c-8245-89c77eee7120,Maersk,Singapore,Felixstowe,2026-09-10T19:00:39,2026-09-10T19:00:39,0.0,21801.2,Food
045249b7-10ba-4a8e-a5d7-c9c160db1bac,Marsa Maroc,Shenzhen,Hamburg,2026-05-17T13:01:37,2026-05-17T13:01:37,0.0,22823.4,Textiles
347196e0-08bf-4ec9-93a3-d8b84a1bbb5f,CMA-CGM,Singapore,Felixstowe,2026-05-31T05:03:59,2026-05-31T05:03:59,0.0,6896.0,Food
bebb24cc-7f8f-43ae-87ef-8abab9c3c46d,Comanav,Agadir,Hamburg,2026-06-03T00:07:48,2026-06-03T00:07:48,0.0,13763.4,Textiles
82f4c74d-282e-4f54-bd9c-498414eb014f,COSCO,Singapore,Felixstowe,2026-06-12T01:45:26,2026-06-12T01:45:26,0.0,12815.0,Chemicals
7c465e4a-9122-4c5b-83da-68645d898f22,Marsa Maroc,Tanger Med,Rotterdam,2026-05-20T07:18:59,2026-05-20T07:18:59,0.0,12066.6,Chemicals
4abc2a28-d56b-4ef6-8c80-2b713dab61db,Maersk,Tanger Med,Rotterdam,2026-05-29T00:22:08,2026-05-29T00:22:08,0.0,18877.9,Chemicals
434d60d0-3b07-4724-97e3-02c0b2b994d1,Marsa Maroc,Shenzhen,Hamburg,2026-05-18T17:55:16,2026-05-18T17:55:16,0.0,6157.7,Textiles
748c9314-e5a0-4ce7-8beb-73033f010140,CMA-CGM,Shanghai,Rotterdam,2026-06-05T23:19:48,2026-06-05T23:19:48,0.0,15085.0,Electronics
2d0f06a8-fadb-4dc2-9ff0-afbaab391e9f,COSCO,Singapore,Felixstowe,2026-07-17T06:24:56,2026-07-17T06:24:56,0.0,8902.1,Chemicals
08f0e736-11d5-494f-8326-a0b860e2bfc9,COSCO,Ningbo,New York,2026-04-30T13:59:02,2026-05-02T18:23:02,52.4,7871.6,Electronics
aceb8350-25c0-465b-96d4-0e6248295444,MSC,Singapore,Felixstowe,2026-04-11T10:24:58,2026-04-11T10:24:58,0.0,3588.1,Textiles
d27f49cb-3fb7-42b8-9b51-f411f264ad26,Evergreen,Shenzhen,Hamburg,2026-04-16T13:20:54,2026-04-16T13:20:54,0.0,21869.9,Automotive
16ab67c7-80ff-4a23-8a2f-31a913d3e807,COSCO,Shenzhen,Hamburg,2026-03-31T11:33:25,2026-03-31T11:33:25,0.0,5013.8,Automotive
3d949496-8c00-4a01-bab8-e4b79c5031fa,Evergreen,Tanger Med,Barcelona,2026-09-08T07:58:09,2026-09-08T07:58:09,0.0,6279.8,Textiles
90a80b98-1e68-4e15-b7ce-abe2ad934774,Comanav,Busan,Los Angeles,2026-03-03T13:44:13,2026-03-03T13:44:13,0.0,12723.1,Chemicals
1b4a9c24-0d32-4921-aab3-5c860f8ff283,CMA-CGM,Singapore,Felixstowe,2026-03-17T09:55:15,2026-03-17T09:55:15,0.0,17276.0,Textiles
02cefbdc-f93f-4138-a933-6491857659c6,Evergreen,Shenzhen,Hamburg,2026-09-04T07:17:16,2026-09-04T07:17:16,0.0,11208.3,Automotive
744eee21-1a66-46e4-83b6-3c6b328218a6,Comanav,Tanger Med,Barcelona,2026-07-23T03:48:08,2026-07-24T16:48:08,37.0,6018.0,Electronics
b24f0481-9d87-42f2-a0de-f02e7c833036,Comanav,Busan,Los Angeles,2026-07-01T11:53:55,2026-07-01T11:53:55,0.0,3860.9,Textiles
7759f389-fd15-431a-addc-e0221bff4c50,MSC,Shenzhen,Hamburg,2026-09-08T04:56:41,2026-09-08T04:56:41,0.0,17687.2,Food
8d2abaca-8672-4161-8fd9-40f069baa2c2,Maersk,Tanger Med,Rotterdam,2026-06-15T16:41:50,2026-06-15T16:41:50,0.0,10162.5,Automotive
65951dfe-6070-495d-aa4d-60233dd350ad,Comanav,Tanger Med,Barcelona,2026-09-07T14:38:14,2026-09-07T14:38:14,0.0,18069.7,Chemicals
68701da0-6f11-461c-87f9-80446a117ab2,Comanav,Agadir,Hamburg,2026-05-11T00:29:21,2026-05-11T00:29:21,0.0,16016.0,Chemicals
2b4c729e-8457-4a12-8484-fb752e73e460,MSC,Busan,Los Angeles,2026-06-17T20:16:27,2026-06-17T20:16:27,0.0,7132.1,Food
26e1eedc-1636-45e0-be82-349d5ec8b43d,Evergreen,Agadir,Hamburg,2026-08-02T12:30:20,2026-08-02T12:30:20,0.0,8364.1,Textiles
42214ed8-2162-403a-940a-8a06ea97d3c9,CMA-CGM,Ningbo,New York,2026-05-26T06:03:17,2026-05-26T06:03:17,0.0,14819.2,Textiles
6f46e404-98db-4e07-81b5-17f88dfc3033,Marsa Maroc,Casablanca,Marseille,2026-04-19T19:20:20,2026-04-20T22:26:20,27.1,21550.8,Electronics
8e964f73-6158-4dde-8b34-f8ccdea77c69,Maersk,Singapore,Felixstowe,2026-03-22T00:41:51,2026-03-24T00:05:51,47.4,9522.0,Electronics
40a69ce2-d761-4e54-9034-4d056e1b0abb,Maersk,Busan,Los Angeles,2026-08-12T08:17:05,2026-08-12T08:17:05,0.0,22947.8,Food
dc9155d3-e509-471a-b614-7be0c404b201,CMA-CGM,Tanger Med,Rotterdam,2026-09-02T18:15:58,2026-09-02T18:15:58,0.0,2772.3,Chemicals
5313d0c6-38f6-463a-a5d8-65e0dede3eef,CMA-CGM,Busan,Los Angeles,2026-03-13T15:30:21,2026-03-13T15:30:21,0.0,6142.9,Textiles
fee2ee28-68f5-4799-bc75-f6b6c0528aed,CMA-CGM,Agadir,Hamburg,2026-09-12T03:24:30,2026-09-12T03:24:30,0.0,7790.3,Food
f77722bd-9f36-4b16-8ba1-15dbc7a654c7,Maersk,Shanghai,Rotterdam,2026-07-13T20:58:03,2026-07-13T20:58:03,0.0,21180.6,Electronics
477c1202-f4fc-4dcd-bad0-a5e7be2f7915,Evergreen,Shenzhen,Hamburg,2026-07-31T21:42:27,2026-07-31T21:42:27,0.0,20241.6,Food
902ed435-5539-41cd-a770-f77526105706,MSC,Busan,Los Angeles,2026-05-07T21:15:26,2026-05-07T21:15:26,0.0,21261.4,Food
49647b76-88ff-4ccc-b9fa-7a0113fdd278,Maersk,Agadir,Hamburg,2026-08-25T13:22:33,2026-08-25T13:22:33,0.0,12464.1,Food
a8885686-d215-4241-b67d-494d2bafa554,MSC,Tanger Med,Rotterdam,2026-04-16T17:54:45,2026-04-16T17:54:45,0.0,13481.4,Chemicals
0cc0b39d-2147-40e9-8716-0fee3d402d1a,Comanav,Tanger Med,Barcelona,2026-08-26T16:10:07,2026-08-30T06:28:07,86.3,6371.3,Food
07486143-4ee9-4e9a-9d47-3c8ffdae3b23,COSCO,Casablanca,Marseille,2026-07-01T14:04:58,2026-07-04T09:28:58,67.4,12897.7,Automotive
ad6fc112-ee9c-444d-bd57-ee10e1a18d3b,Maersk,Ningbo,New York,2026-03-04T06:28:01,2026-03-04T06:28:01,0.0,4765.2,Food
ec1345ac-c5b3-49be-a273-c4e27e0fba6a,MSC,Busan,Los Angeles,2026-03-05T14:10:12,2026-03-05T14:10:12,0.0,20766.6,Chemicals
7673f27a-3ff3-429c-94da-21ff1f957b8c,CMA-CGM,Casablanca,Marseille,2026-05-21T20:21:16,2026-05-21T20:21:16,0.0,8179.8,Electronics
3823940e-2741-4b0d-9e6b-b1a2c44d7017,Marsa Maroc,Busan,Los Angeles,2026-07-26T08:31:31,2026-07-26T08:31:31,0.0,8504.5,Automotive
5ed0b23d-3fc4-424f-9772-b48fb300920f,Marsa Maroc,Shenzhen,Hamburg,2026-04-09T03:02:16,2026-04-09T03:02:16,0.0,20398.1,Food
9af72979-e14a-4105-a17d-2b175b035b35,Maersk,Tanger Med,Rotterdam,2026-07-05T09:17:06,2026-07-05T09:17:06,0.0,21655.2,Textiles
c11f2a88-cee1-493e-bf35-3cfa0db954d7,Marsa Maroc,Singapore,Felixstowe,2026-07-19T10:22:40,2026-07-19T10:22:40,0.0,7667.2,Chemicals
2fb888bc-a2e3-4c07-9efa-7e034d0924ea,Maersk,Busan,Los Angeles,2026-06-09T20:35:11,2026-06-09T20:35:11,0.0,11346.0,Chemicals
9c155c57-9142-49cd-a20f-15bbcd6d7455,Evergreen,Casablanca,Marseille,2026-05-12T16:23:13,2026-05-15T19:59:13,75.6,2100.0,Textiles
fa8abcb6-65e4-4f3f-a10a-2f774de4efa8,MSC,Agadir,Hamburg,2026-06-11T01:55:50,2026-06-11T01:55:50,0.0,3845.5,Food
6a29136d-21a9-4fbb-9fe1-24696e55ba36,COSCO,Shanghai,Rotterdam,2026-06-01T02:17:49,2026-06-01T02:17:49,0.0,11035.3,Textiles
73a2e5d6-8328-4b49-9951-0b7461986e61,Evergreen,Tanger Med,Rotterdam,2026-06-13T15:04:00,2026-06-13T15:04:00,0.0,14853.0,Electronics
59597f52-21f4-410a-8218-eff8d225ec52,Maersk,Tanger Med,Rotterdam,2026-08-31T01:15:25,2026-08-31T01:15:25,0.0,15091.6,Textiles
79461624-6825-477b-b94f-78676742dc29,MSC,Busan,Los Angeles,2026-07-12T05:53:26,2026-07-12T05:53:26,0.0,13516.6,Automotive
194e06af-4851-4c42-aec4-1fb739a62280,MSC,Shenzhen,Hamburg,2026-07-21T02:39:37,2026-07-21T02:39:37,0.0,2582.1,Food
d7eb6457-db3a-48b9-82ea-9af9241f9006,Marsa Maroc,Singapore,Felixstowe,2026-05-11T10:11:58,2026-05-11T10:11:58,0.0,22662.8,Automotive
b637aaf7-f0d1-407e-b1e7-e6fcfa31668e,COSCO,Shanghai,Rotterdam,2026-09-10T16:52:24,2026-09-10T16:52:24,0.0,23478.1,Food
84ff1ec7-407c-4eac-b30f-82b53e65e02b,Evergreen,Shanghai,Rotterdam,2026-08-12T15:26:02,2026-08-12T15:26:02,0.0,22573.1,Food
b2690c96-46f1-4411-a4d7-e02d01f26de8,Evergreen,Busan,Los Angeles,2026-05-21T18:18:17,2026-05-21T18:18:17,0.0,4682.1,Textiles
b23472e1-9bdc-4905-8869-c4e0752bb45f,CMA-CGM,Busan,Los Angeles,2026-08-10T18:13:45,2026-08-10T18:13:45,0.0,14489.9,Food
25c0a43b-f79b-4dd3-96c8-f6ef314c0174,Evergreen,Casablanca,Marseille,2026-07-23T14:10:38,2026-07-23T14:10:38,0.0,21143.4,Electronics
d3e61e3c-6ea8-4a29-aa29-aee5d08084d5,MSC,Casablanca,Marseille,2026-07-20T18:46:24,2026-07-20T18:46:24,0.0,18757.2,Chemicals
f19c0c32-3b3c-4af5-91ee-4c6665b341c3,Evergreen,Ningbo,New York,2026-08-03T13:47:37,2026-08-03T13:47:37,0.0,16733.1,Electronics
43444714-b534-4209-8da6-b188b604f1dc,CMA-CGM,Casablanca,Marseille,2026-06-17T14:20:10,2026-06-17T14:20:10,0.0,5094.5,Food
3acde399-c3f5-4391-889c-31a5e7cc798f,Maersk,Busan,Los Angeles,2026-08-23T01:05:55,2026-08-23T01:05:55,0.0,23192.6,Food
f4c919cf-3cc4-4a9f-a2da-f120741875f7,CMA-CGM,Ningbo,New York,2026-05-09T20:41:20,2026-05-11T13:05:20,40.4,8553.9,Electronics
1986a4ae-bde7-4661-acba-6cc0cd35bc5a,Comanav,Shanghai,Rotterdam,2026-04-20T22:18:20,2026-04-23T08:12:20,57.9,19133.5,Automotive
6c07e3b0-5f7d-4761-9108-27eb12d70a97,COSCO,Ningbo,New York,2026-05-28T18:23:47,2026-05-29T17:41:47,23.3,4964.5,Automotive
65e8c655-ffa2-4812-860c-88d02729b8eb,MSC,Tanger Med,Rotterdam,2026-04-08T18:51:12,2026-04-08T18:51:12,0.0,8872.1,Chemicals
fe98db9e-1ab5-4d82-9260-8e5332ab4c4b,Maersk,Ningbo,New York,2026-06-13T20:06:28,2026-06-13T20:06:28,0.0,14664.0,Food
6dc3a864-7618-4bc2-afaa-4fa93af05669,Comanav,Busan,Los Angeles,2026-05-31T13:51:48,2026-05-31T13:51:48,0.0,7240.0,Textiles
4246f370-dce3-4db0-815c-4297bed03da9,Comanav,Tanger Med,Rotterdam,2026-08-15T20:34:14,2026-08-15T20:34:14,0.0,19975.7,Food
2ed75280-150a-4656-8d45-8e2a73f3aebb,Comanav,Casablanca,Marseille,2026-07-26T22:05:25,2026-07-26T22:05:25,0.0,11966.3,Electronics
6c71a57c-41f9-40ae-9439-143ad152bdd3,CMA-CGM,Shenzhen,Hamburg,2026-05-16T03:26:29,2026-05-16T03:26:29,0.0,21605.4,Chemicals
164005e6-39bc-4eb9-9791-ffb5306b6d24,MSC,Agadir,Hamburg,2026-04-26T15:21:43,2026-04-28T19:45:43,52.4,15886.1,Textiles
dbef1de0-f289-456e-8cc1-74fcf26face7,Evergreen,Ningbo,New York,2026-04-28T01:53:20,2026-04-28T01:53:20,0.0,18986.3,Chemicals
9f82b7e1-d55d-495a-8576-b8ba61a47346,Comanav,Tanger Med,Rotterdam,2026-08-31T16:33:30,2026-09-02T14:57:30,46.4,3600.1,Chemicals
9722b7fc-3551-4749-9e7c-ed8a33493d14,Marsa Maroc,Tanger Med,Rotterdam,2026-03-04T18:48:17,2026-03-04T18:48:17,0.0,3485.6,Automotive
cbe213df-2f13-415e-b931-8587161b6111,Maersk,Tanger Med,Barcelona,2026-05-08T14:05:56,2026-05-08T14:05:56,0.0,21512.4,Automotive
82c873dd-40e4-4c1f-8e55-519baf35d134,CMA-CGM,Busan,Los Angeles,2026-08-11T16:51:26,2026-08-11T16:51:26,0.0,21720.4,Textiles
d32df804-b7a3-418c-bab4-18047009dc98,MSC,Tanger Med,Barcelona,2026-09-11T00:35:21,2026-09-11T00:35:21,0.0,1535.4,Electronics
0b9c5f66-ae2a-42f0-b72f-49691c74bc28,CMA-CGM,Ningbo,New York,2026-04-22T05:22:00,2026-04-22T05:22:00,0.0,20041.2,Food
3996dc9b-132b-409c-ae03-807ffada2191,Maersk,Tanger Med,Barcelona,2026-07-01T14:47:28,2026-07-01T14:47:28,0.0,1994.4,Automotive
1fcc9bb3-84e5-42c9-8a62-1afa5c83f9a1,MSC,Shanghai,Rotterdam,2026-09-05T23:37:44,2026-09-05T23:37:44,0.0,5561.3,Electronics
477268c8-a34d-4f4f-8eb2-53cfdc361104,Marsa Maroc,Shenzhen,Hamburg,2026-06-25T12:31:16,2026-06-25T12:31:16,0.0,13507.8,Automotive
8ea7eecb-4338-47fd-9a97-06f9257ef083,Comanav,Singapore,Felixstowe,2026-06-06T11:14:51,2026-06-06T11:14:51,0.0,22917.8,Electronics
bfacaaf7-8934-43e8-ad19-7215983d408a,Marsa Maroc,Agadir,Hamburg,2026-03-19T12:40:58,2026-03-19T12:40:58,0.0,18155.3,Chemicals
3bf19835-46f5-431c-8b2b-e14b9dbfee0c,MSC,Agadir,Hamburg,2026-08-02T17:22:29,2026-08-02T17:22:29,0.0,20062.7,Electronics
c558faec-e313-4295-bf51-ec4df2b68582,Marsa Maroc,Tanger Med,Rotterdam,2026-04-08T10:30:43,2026-04-08T10:30:43,0.0,8383.0,Chemicals
fc22a918-e67d-475c-88c2-775f61fdae86,CMA-CGM,Tanger Med,Barcelona,2026-05-03T10:27:24,2026-05-03T10:27:24,0.0,7651.5,Automotive
4c7ca0e7-11e9-444e-ad17-328ce1ffa0f6,Marsa Maroc,Tanger Med,Barcelona,2026-03-24T07:34:46,2026-03-24T07:34:46,0.0,9952.9,Chemicals
c8843107-a671-48d6-93c6-eafd0913b52a,Evergreen,Agadir,Hamburg,2026-05-23T16:18:03,2026-05-23T16:18:03,0.0,5055.5,Textiles
7b33c38e-07a6-4aef-a99c-a2fada3cdc54,Maersk,Tanger Med,Barcelona,2026-06-07T18:09:05,2026-06-07T18:09:05,0.0,6529.4,Food
b4216bf9-778c-4340-8137-66a00af7356f,Marsa Maroc,Tanger Med,Rotterdam,2026-09-02T01:40:09,2026-09-02T01:40:09,0.0,12947.4,Automotive
7a2b555f-966f-40f5-91e9-0dac755e3317,COSCO,Busan,Los Angeles,2026-04-07T09:35:55,2026-04-07T09:35:55,0.0,1190.2,Automotive
10bc9112-f245-4ef7-8ba2-31fb41de0b27,Evergreen,Ningbo,New York,2026-08-22T16:57:02,2026-08-22T16:57:02,0.0,19259.9,Chemicals
80e140aa-3dc5-4084-9ea4-b4141d033ade,Maersk,Singapore,Felixstowe,2026-07-08T23:13:30,2026-07-08T23:13:30,0.0,6609.7,Automotive
00248044-ddb2-4bf0-8d80-b9c3baec0337,Maersk,Ningbo,New York,2026-06-09T21:13:25,2026-06-09T21:13:25,0.0,6744.7,Electronics
9edc18e6-4830-4936-a10d-2d41d5956f77,Maersk,Singapore,Felixstowe,2026-07-19T04:24:35,2026-07-19T04:24:35,0.0,3068.7,Chemicals
22e56b51-b163-45e2-b934-fe0ddc133137,Marsa Maroc,Shenzhen,Hamburg,2026-07-18T22:18:02,2026-07-20T22:30:02,48.2,21868.7,Textiles
7784bdb6-2eab-45ee-8249-a2d924c3982a,Comanav,Singapore,Felixstowe,2026-06-09T02:04:34,2026-06-09T02:04:34,0.0,24395.2,Electronics
1369e65f-7d11-4cb7-8d72-2e85e22f1c0c,MSC,Tanger Med,Rotterdam,2026-07-12T15:37:11,2026-07-12T15:37:11,0.0,13898.1,Automotive
ea4f0ee1-2924-476a-b4cc-f097452191e8,MSC,Busan,Los Angeles,2026-03-08T16:52:43,2026-03-08T16:52:43,0.0,3996.4,Chemicals
b1a9a024-a99a-4aff-9041-a39a408427cb,COSCO,Agadir,Hamburg,2026-08-07T21:53:23,2026-08-07T21:53:23,0.0,21501.8,Electronics
7ae66258-92f5-4157-a8c1-d7557e887d9d,Marsa Maroc,Shanghai,Rotterdam,2026-04-17T02:00:55,2026-04-17T02:00:55,0.0,7129.4,Electronics
94ca9a86-cf11-4104-acc5-ee9b1b1f85e0,Comanav,Ningbo,New York,2026-07-15T08:24:01,2026-07-15T08:24:01,0.0,15003.5,Automotive
0e2e9148-e81f-4386-a29a-1bde3ef3cdaa,Evergreen,Tanger Med,Rotterdam,2026-05-17T06:25:26,2026-05-17T06:25:26,0.0,20033.6,Chemicals
3854081d-530e-4440-ae15-a8ef3af7290b,COSCO,Busan,Los Angeles,2026-05-07T18:49:11,2026-05-07T18:49:11,0.0,19026.2,Food
28d09719-02ec-4ce2-b903-799b2b8f30dd,Evergreen,Tanger Med,Rotterdam,2026-06-19T12:44:44,2026-06-19T12:44:44,0.0,12888.6,Textiles
a2fec1f9-38ca-45cb-b75b-633259d4db2d,COSCO,Ningbo,New York,2026-07-16T21:51:22,2026-07-16T21:51:22,0.0,21843.6,Textiles
fbbc0023-b833-4ee6-b90d-269b16d0381a,Comanav,Tanger Med,Barcelona,2026-07-05T06:03:39,2026-07-05T06:03:39,0.0,20863.4,Textiles
8eb85914-53a7-4188-88cd-a591159ee5f5,Marsa Maroc,Ningbo,New York,2026-09-06T07:46:15,2026-09-07T10:28:15,26.7,12528.5,Chemicals
d16ea0bc-2770-47f6-a524-74dadf391686,MSC,Shanghai,Rotterdam,2026-08-21T13:41:26,2026-08-21T13:41:26,0.0,24212.0,Food
29aff543-be4b-4f65-88a1-a69ac2407f1a,Maersk,Ningbo,New York,2026-03-31T10:48:39,2026-03-31T10:48:39,0.0,19060.2,Textiles
e54db2f5-903a-456a-841f-63093fa9b6fd,MSC,Tanger Med,Rotterdam,2026-07-26T23:50:20,2026-07-26T23:50:20,0.0,5602.5,Food
2f61520a-a9a8-4df9-b328-6ca12419c6d9,Maersk,Ningbo,New York,2026-06-20T06:35:35,2026-06-20T06:35:35,0.0,5535.9,Chemicals
b5416334-8338-43f1-9439-1ac5559f8926,Marsa Maroc,Busan,Los Angeles,2026-08-28T02:28:57,2026-08-28T02:28:57,0.0,24064.1,Automotive
ea341271-ff3e-4703-9618-812940bf0c1f,MSC,Agadir,Hamburg,2026-04-26T06:05:03,2026-04-26T06:05:03,0.0,19144.0,Chemicals
8440b308-0a36-457a-97be-d863efbeea33,Comanav,Tanger Med,Rotterdam,2026-05-05T01:55:01,2026-05-05T01:55:01,0.0,6197.4,Electronics
e08dd873-b3de-43be-af94-f252751b40cc,Evergreen,Tanger Med,Rotterdam,2026-07-10T00:41:13,2026-07-14T18:23:13,113.7,9053.1,Food
d468d382-6090-4170-b93f-474d37521329,Maersk,Singapore,Felixstowe,2026-08-11T19:36:52,2026-08-11T19:36:52,0.0,3629.0,Automotive
c3e4e0ed-0e63-4b2b-a7e5-6bf1ee5cbba2,CMA-CGM,Shenzhen,Hamburg,2026-08-05T04:45:18,2026-08-05T04:45:18,0.0,24262.3,Textiles
35923f1b-4134-4b31-b1df-e02dae0f42bf,Marsa Maroc,Tanger Med,Barcelona,2026-03-28T16:58:30,2026-04-02T02:04:30,105.1,6199.8,Electronics
dff01565-b0c6-405e-ab70-6f7399ff8534,Marsa Maroc,Tanger Med,Rotterdam,2026-03-31T17:22:35,2026-03-31T17:22:35,0.0,11530.2,Automotive
7733c143-e9bc-4bc9-8aa0-8532c8df62f2,CMA-CGM,Tanger Med,Rotterdam,2026-05-02T21:56:40,2026-05-02T21:56:40,0.0,2124.0,Electronics
5cf5bd4d-a338-41a0-9ba7-5cbec2122fc7,Marsa Maroc,Busan,Los Angeles,2026-07-12T10:49:18,2026-07-12T10:49:18,0.0,17751.8,Electronics
7b865235-095c-4f13-b74c-cf2c2521af0f,MSC,Agadir,Hamburg,2026-05-28T15:08:43,2026-05-28T15:08:43,0.0,24946.9,Automotive
8b022f22-bb52-4b08-9f86-03381270361b,Marsa Maroc,Ningbo,New York,2026-06-30T17:51:52,2026-06-30T17:51:52,0.0,15723.9,Food
b0fb9846-3fed-473c-baed-38a0cd267a0f,Maersk,Shanghai,Rotterdam,2026-07-02T01:31:09,2026-07-06T17:13:09,111.7,4032.9,Textiles
d37e7b31-1f48-403e-a3fa-1b4cb7d4b4e7,COSCO,Ningbo,New York,2026-06-22T03:38:16,2026-06-22T03:38:16,0.0,18389.6,Food
1249c0a6-7d14-4f11-9da3-192b4d938c38,MSC,Busan,Los Angeles,2026-06-12T21:01:24,2026-06-12T21:01:24,0.0,24582.6,Food
fd26a320-66a9-44c2-b1bf-11423f714a7a,MSC,Singapore,Felixstowe,2026-08-01T13:54:38,2026-08-01T13:54:38,0.0,9643.3,Chemicals
8131694e-f81b-4a3b-b1e6-b85c8f064d5b,Comanav,Shanghai,Rotterdam,2026-06-14T08:12:55,2026-06-14T08:12:55,0.0,7595.5,Textiles
aa2240f3-4071-4357-a65f-cc812487c742,MSC,Agadir,Hamburg,2026-08-20T18:45:12,2026-08-20T18:45:12,0.0,3143.1,Food
f3c75718-4f26-45a4-a68b-6d50d5320162,Maersk,Tanger Med,Rotterdam,2026-07-20T00:56:29,2026-07-20T00:56:29,0.0,9873.0,Chemicals
ce1c8240-2913-4018-a0db-e28ac45ec71c,Marsa Maroc,Tanger Med,Barcelona,2026-08-22T20:59:40,2026-08-22T20:59:40,0.0,1731.4,Electronics
75ce24cc-7b04-4368-ad03-3fe0ed81c6f2,Evergreen,Casablanca,Marseille,2026-08-08T18:39:27,2026-08-08T18:39:27,0.0,17514.2,Automotive
2a23bdb2-6d27-4a31-a15c-3ea8230ae71f,MSC,Tanger Med,Rotterdam,2026-05-04T23:31:04,2026-05-04T23:31:04,0.0,1279.0,Textiles
8abece53-635f-4217-bb76-59f267423975,COSCO,Agadir,Hamburg,2026-05-11T09:56:36,2026-05-13T18:38:36,56.7,3820.8,Food
14569276-cfea-45d1-b6a6-7483f463c4c8,MSC,Shenzhen,Hamburg,2026-03-09T23:19:04,2026-03-09T23:19:04,0.0,13820.7,Electronics
38776606-2b48-4c8e-88db-45e4f36bf441,CMA-CGM,Tanger Med,Rotterdam,2026-04-18T13:27:23,2026-04-18T13:27:23,0.0,15320.4,Electronics
096d7870-e5a9-4968-8761-5de5f7a1ae0e,Maersk,Tanger Med,Rotterdam,2026-05-31T02:53:02,2026-05-31T02:53:02,0.0,3845.8,Food
dfc7647a-8429-4f0a-a769-e8edf6b12ea3,Maersk,Tanger Med,Rotterdam,2026-06-06T17:31:12,2026-06-06T17:31:12,0.0,5796.6,Chemicals
ede86464-3734-47d8-852e-a1821b4d9626,MSC,Tanger Med,Barcelona,2026-04-01T02:15:26,2026-04-01T02:15:26,0.0,1347.9,Chemicals
9433a679-4201-40c8-a761-ad2a15ab810d,MSC,Casablanca,Marseille,2026-05-21T18:40:06,2026-05-21T18:40:06,0.0,5502.7,Chemicals
e52682f4-b987-457b-acf2-65a16d699e6c,Marsa Maroc,Tanger Med,Rotterdam,2026-05-04T19:43:05,2026-05-04T19:43:05,0.0,22172.7,Chemicals
3d696b74-dc2a-4b35-8f8a-c13c5b219c9f,MSC,Busan,Los Angeles,2026-08-02T04:43:59,2026-08-02T04:43:59,0.0,1111.3,Textiles
91ec4c97-2c1f-4de2-aa0f-e8db7c4d2f15,Comanav,Shenzhen,Hamburg,2026-04-10T00:06:59,2026-04-13T23:36:59,95.5,18715.3,Electronics
0b9bd762-9a0a-4186-bfba-2f0f736717f1,Maersk,Busan,Los Angeles,2026-04-07T02:37:30,2026-04-07T02:37:30,0.0,13905.4,Electronics
4bb4bd47-c9ba-43f2-9c06-64e57bf69211,Comanav,Busan,Los Angeles,2026-03-25T18:35:17,2026-03-25T18:35:17,0.0,6792.5,Automotive
ad3d6635-7b2c-470a-9f10-cf5fcf467fb3,Maersk,Singapore,Felixstowe,2026-08-31T18:24:40,2026-09-01T22:00:40,27.6,6026.8,Textiles
d352766a-6fc2-4d70-b1c2-40bdee21e9ba,Comanav,Shanghai,Rotterdam,2026-03-21T21:41:22,2026-03-26T11:11:22,109.5,4999.8,Automotive
b711d5d4-ea6b-4d1c-a3aa-8e7c551ea349,Marsa Maroc,Tanger Med,Barcelona,2026-03-11T05:44:19,2026-03-11T05:44:19,0.0,4029.7,Automotive
9f0f99dc-f4fe-4921-9c1f-40174be4b0fd,Evergreen,Agadir,Hamburg,2026-08-02T04:25:29,2026-08-02T04:25:29,0.0,2515.9,Electronics
ac582e88-4dd2-42ea-9f82-d00004a8d2f3,CMA-CGM,Shanghai,Rotterdam,2026-04-02T07:57:26,2026-04-02T07:57:26,0.0,11428.9,Chemicals
7073d6ab-8928-40d1-9d93-add7cf7cb336,COSCO,Casablanca,Marseille,2026-04-10T08:40:58,2026-04-10T08:40:58,0.0,5602.0,Automotive
73cc5598-4c74-4edc-afae-656c6768d730,Marsa Maroc,Singapore,Felixstowe,2026-06-10T22:13:56,2026-06-10T22:13:56,0.0,8237.3,Automotive
08bd1930-dd64-4a94-abc8-4b35a52b7998,COSCO,Casablanca,Marseille,2026-04-30T07:15:43,2026-04-30T07:15:43,0.0,16462.9,Food
db031ebc-bae5-4d18-a556-ec1f40497a8d,Marsa Maroc,Shanghai,Rotterdam,2026-04-02T17:50:16,2026-04-02T17:50:16,0.0,24277.5,Automotive
34de9a35-a36f-40be-a424-166811c431c2,CMA-CGM,Shanghai,Rotterdam,2026-07-30T09:37:48,2026-07-30T09:37:48,0.0,9297.7,Food
5561c697-994a-4636-9038-86a9f9c4f3b9,Maersk,Shenzhen,Hamburg,2026-06-29T03:32:36,2026-06-29T03:32:36,0.0,3719.6,Electronics
76fa4c39-5481-4557-aaad-0dbdbf68fa41,CMA-CGM,Tanger Med,Barcelona,2026-05-29T01:45:08,2026-05-31T23:45:08,70.0,23093.6,Electronics
21989125-3175-4614-a873-10f8fa12c280,Comanav,Casablanca,Marseille,2026-06-05T01:54:09,2026-06-05T01:54:09,0.0,22080.6,Textiles
28250234-1ad4-4b84-a46f-049541066677,COSCO,Ningbo,New York,2026-06-19T08:42:20,2026-06-19T08:42:20,0.0,14122.1,Food
cca25ab7-d3c1-4326-ac54-203cc08851a1,MSC,Singapore,Felixstowe,2026-08-20T02:33:16,2026-08-20T02:33:16,0.0,9794.5,Electronics
66a7ff09-5631-4653-ac99-92863def05f0,Evergreen,Tanger Med,Rotterdam,2026-04-19T02:14:33,2026-04-19T02:14:33,0.0,8143.1,Textiles
2fcb1325-f19e-4984-b34b-554eda7a6d08,Evergreen,Tanger Med,Rotterdam,2026-04-20T23:35:28,2026-04-20T23:35:28,0.0,11238.9,Food
f59f57ed-3375-4ef1-bca5-53f7aaa634da,Evergreen,Tanger Med,Barcelona,2026-05-06T06:10:54,2026-05-06T06:10:54,0.0,1297.0,Textiles
00a7dc99-763d-4a9a-a07e-6d93371e98ee,Maersk,Casablanca,Marseille,2026-03-12T02:18:13,2026-03-12T02:18:13,0.0,1568.5,Chemicals
f3695fb7-004f-4a6f-b5c4-8bb086fab740,Comanav,Ningbo,New York,2026-03-14T15:40:05,2026-03-14T15:40:05,0.0,23588.5,Automotive
7700f687-9e8b-44bc-b374-daeb4baa12f1,Evergreen,Singapore,Felixstowe,2026-07-17T14:00:05,2026-07-20T21:30:05,79.5,20923.3,Textiles
0598ac90-46c8-4e8c-adc4-f1588e92ae8c,CMA-CGM,Agadir,Hamburg,2026-07-05T07:05:45,2026-07-05T07:05:45,0.0,12991.6,Textiles
c781ad48-ac80-4cae-8efe-732073b9564f,Maersk,Busan,Los Angeles,2026-09-01T22:05:01,2026-09-01T22:05:01,0.0,3373.1,Food
8db0c778-50e2-4e65-8a1a-c8aa15162524,COSCO,Ningbo,New York,2026-08-29T10:33:31,2026-08-29T10:33:31,0.0,11076.5,Automotive
81342a3e-c556-4810-8f00-2d0dcfedb5e0,MSC,Tanger Med,Rotterdam,2026-06-14T19:05:11,2026-06-14T19:05:11,0.0,4579.2,Chemicals
499c1e90-b072-4380-9953-6bf47bc41f69,Comanav,Casablanca,Marseille,2026-08-20T18:15:19,2026-08-20T18:15:19,0.0,22615.2,Electronics
cbedf6de-b8fa-48d9-9555-70512933a097,Comanav,Agadir,Hamburg,2026-04-22T11:21:43,2026-04-22T11:21:43,0.0,1993.5,Electronics
4c933f7d-531f-4af1-b916-e98df85b1f75,Evergreen,Ningbo,New York,2026-05-08T18:06:03,2026-05-08T18:06:03,0.0,19935.3,Chemicals
8bf469fa-a69a-4e8c-85f4-fb8a76add1d9,MSC,Busan,Los Angeles,2026-08-25T07:17:35,2026-08-25T07:17:35,0.0,15498.6,Electronics
859d37e3-c59a-45db-a2ea-fa2cba2ec6e1,Evergreen,Ningbo,New York,2026-08-16T22:16:58,2026-08-16T22:16:58,0.0,19564.6,Electronics
f4ef4966-cdf0-4907-a362-66dff6a313f0,CMA-CGM,Tanger Med,Barcelona,2026-06-29T06:15:09,2026-06-29T06:15:09,0.0,20058.9,Electronics
53dfb7e9-1a34-4448-a047-86d0b0c56895,COSCO,Tanger Med,Barcelona,2026-07-13T19:50:35,2026-07-13T19:50:35,0.0,18663.9,Automotive
8ea01ae4-994e-4f75-afae-f897a6be91be,MSC,Agadir,Hamburg,2026-09-04T01:19:08,2026-09-04T01:19:08,0.0,5437.8,Chemicals
1862f202-5812-4ee4-a402-4699baf3582b,Comanav,Ningbo,New York,2026-05-28T04:59:25,2026-05-28T04:59:25,0.0,11765.9,Food
38313282-77e5-4448-bc99-a19a02fefbcc,COSCO,Tanger Med,Rotterdam,2026-04-04T18:42:14,2026-04-04T18:42:14,0.0,19981.3,Textiles
523be056-ed32-414a-a5af-b8505c0b4a15,Evergreen,Shanghai,Rotterdam,2026-08-19T14:26:11,2026-08-24T09:08:11,114.7,23598.7,Food
a1e2b189-975e-459d-a6ea-9525fb24cff8,COSCO,Singapore,Felixstowe,2026-06-28T13:32:22,2026-06-30T19:32:22,54.0,1495.4,Electronics
eee7fbac-e162-4eef-bf84-21e4ecd851e0,CMA-CGM,Ningbo,New York,2026-07-21T01:20:51,2026-07-21T01:20:51,0.0,6601.5,Electronics
6d9047a9-d50c-48c9-a66b-f893334edc1a,Marsa Maroc,Tanger Med,Barcelona,2026-08-08T02:01:04,2026-08-12T20:55:04,114.9,2520.8,Electronics
ecef56f3-2934-48be-bb02-18550ca0e95a,Maersk,Ningbo,New York,2026-06-09T21:34:37,2026-06-09T21:34:37,0.0,16722.7,Food
e3e7f38e-82ba-4a71-8216-d422e485f5d2,Marsa Maroc,Shenzhen,Hamburg,2026-04-30T11:23:33,2026-04-30T11:23:33,0.0,12780.6,Food
552acd23-4214-477e-b5e5-3efb7b8ce3bb,MSC,Shanghai,Rotterdam,2026-06-26T21:30:16,2026-06-28T05:54:16,32.4,6864.5,Electronics
2d404fda-2018-46b1-b115-4dc98896d3e0,CMA-CGM,Tanger Med,Barcelona,2026-03-05T02:23:14,2026-03-05T02:23:14,0.0,19184.7,Textiles
1966033d-f6c0-4eae-bdd3-9f62e2755a84,COSCO,Singapore,Felixstowe,2026-03-01T00:51:38,2026-03-01T00:51:38,0.0,8380.5,Food
9ec68789-2c44-4103-8dd0-913788c979a1,CMA-CGM,Shanghai,Rotterdam,2026-04-22T22:24:44,2026-04-22T22:24:44,0.0,17749.3,Chemicals
14bb7f19-2d91-4d32-8c8f-2c67ac3e29b1,COSCO,Singapore,Felixstowe,2026-07-12T13:14:23,2026-07-12T13:14:23,0.0,1814.9,Electronics
d57a0864-dcc1-4e96-ae9d-d125e90a1568,MSC,Ningbo,New York,2026-06-20T08:49:04,2026-06-20T08:49:04,0.0,16277.1,Electronics
502c244f-008d-4ca7-b666-eff2bb5f269e,Marsa Maroc,Casablanca,Marseille,2026-08-30T05:14:30,2026-08-30T05:14:30,0.0,22801.1,Food
ef285ef7-0d85-46ed-98de-ea46970e4c88,MSC,Casablanca,Marseille,2026-03-04T05:31:15,2026-03-04T05:31:15,0.0,13076.8,Food
812e2dea-56f4-4575-bea7-be1a446ae203,Maersk,Shanghai,Rotterdam,2026-09-08T01:08:07,2026-09-08T01:08:07,0.0,22321.7,Automotive
6bf23c10-0430-4c54-9d5a-7f49af606a17,Evergreen,Tanger Med,Rotterdam,2026-09-02T06:35:14,2026-09-02T06:35:14,0.0,22237.4,Chemicals
fc162d9b-5fe1-4502-bf66-0f30203f5b1f,Marsa Maroc,Shanghai,Rotterdam,2026-06-25T08:34:20,2026-06-25T08:34:20,0.0,3830.6,Automotive
4d7ad429-fc7e-4bd0-b1a2-b4056d499a85,Marsa Maroc,Shenzhen,Hamburg,2026-03-04T13:07:19,2026-03-06T21:37:19,56.5,4414.4,Automotive
6bd7cc80-3a06-4ff6-9f7e-57f4737e81c0,COSCO,Shenzhen,Hamburg,2026-08-15T03:56:52,2026-08-15T03:56:52,0.0,7719.2,Automotive
ed6cd203-60ab-4a85-be20-7748b9a3a48c,Comanav,Tanger Med,Barcelona,2026-06-22T18:14:11,2026-06-22T18:14:11,0.0,3917.5,Textiles
41dcc474-0ea5-4bdc-98a8-bdbb50113e23,Evergreen,Tanger Med,Barcelona,2026-05-29T19:05:01,2026-05-29T19:05:01,0.0,10757.5,Electronics
b40fe042-645a-45c6-ac5f-94b1cabd00fd,Comanav,Casablanca,Marseille,2026-03-03T19:16:35,2026-03-03T19:16:35,0.0,8520.4,Food
926a1f26-8efc-48b4-b7ba-ff91ac8510d6,CMA-CGM,Tanger Med,Rotterdam,2026-07-24T02:36:48,2026-07-24T02:36:48,0.0,22360.2,Electronics
8849212c-7841-4564-b835-f7631c59b4aa,Maersk,Tanger Med,Rotterdam,2026-05-13T05:36:32,2026-05-13T05:36:32,0.0,4735.9,Electronics
c48d044f-0890-4fdc-bd46-5cdcf48255b3,COSCO,Shanghai,Rotterdam,2026-08-07T21:39:23,2026-08-07T21:39:23,0.0,1817.7,Automotive
740657a5-d5e4-4b4b-aca1-269f72569c69,MSC,Ningbo,New York,2026-08-17T18:07:35,2026-08-17T18:07:35,0.0,11727.9,Electronics
b879ddf3-698f-4e56-812a-64c78e9babc1,Marsa Maroc,Tanger Med,Barcelona,2026-08-01T07:21:21,2026-08-05T21:21:21,110.0,5412.3,Automotive
e2c06dce-086b-487a-ab3d-61de68949900,Maersk,Singapore,Felixstowe,2026-06-06T01:12:02,2026-06-06T01:12:02,0.0,3564.8,Textiles
bf4888ef-e0ed-41ff-b044-455ca50d7347,Marsa Maroc,Ningbo,New York,2026-05-03T09:46:55,2026-05-03T09:46:55,0.0,12695.1,Chemicals
981560be-6bb2-4f62-83b5-fb84d8f3ae3b,Comanav,Singapore,Felixstowe,2026-07-30T08:29:02,2026-07-30T08:29:02,0.0,23915.1,Textiles
fa9b9367-fdd2-4456-bebd-cec0d920d328,COSCO,Shanghai,Rotterdam,2026-07-25T22:33:09,2026-07-25T22:33:09,0.0,24280.8,Textiles
c4fdb995-03ea-4ecb-996d-8ab1e5aa55e9,MSC,Casablanca,Marseille,2026-05-25T16:04:13,2026-05-28T01:16:13,57.2,5859.7,Textiles
ef28ce54-0efa-4cd5-87f4-66da45b4b2d5,Comanav,Singapore,Felixstowe,2026-06-11T03:09:13,2026-06-12T02:45:13,23.6,2658.8,Automotive
5b4ff947-ed95-48e0-9f49-829f2a518bd8,CMA-CGM,Tanger Med,Rotterdam,2026-03-31T18:17:17,2026-03-31T18:17:17,0.0,18716.3,Automotive
e4c6a045-dcf5-425c-8f61-22bae48d3ab9,COSCO,Shanghai,Rotterdam,2026-08-11T23:33:22,2026-08-13T15:33:22,40.0,9068.2,Chemicals
e29f0863-cf52-43cd-8737-6aea713c1a6e,COSCO,Tanger Med,Barcelona,2026-06-02T00:52:40,2026-06-04T22:40:40,69.8,4498.0,Textiles
552f74e1-4fa0-4a4b-9fe7-cb579acd9726,Marsa Maroc,Tanger Med,Barcelona,2026-06-14T13:57:59,2026-06-14T13:57:59,0.0,20738.2,Automotive
afe778f9-8c8f-4e6b-84c5-10484d64b299,COSCO,Singapore,Felixstowe,2026-06-19T13:22:50,2026-06-22T08:22:50,67.0,21258.9,Chemicals
847649e3-e408-4f47-9fab-776f6b830cc9,Marsa Maroc,Shenzhen,Hamburg,2026-06-13T09:36:10,2026-06-13T09:36:10,0.0,23841.2,Automotive
35c2b9db-6ef6-4458-9baf-2da75089921e,Maersk,Shanghai,Rotterdam,2026-08-08T08:32:35,2026-08-11T15:38:35,79.1,11327.3,Chemicals
ac729840-4225-4599-96e6-173d79df9183,COSCO,Ningbo,New York,2026-05-13T00:17:34,2026-05-13T00:17:34,0.0,21185.6,Food
a57b6e91-4e0e-4f04-b5a8-1e44f843c415,COSCO,Shanghai,Rotterdam,2026-03-27T14:07:49,2026-03-27T14:07:49,0.0,2472.7,Automotive
d5d692ad-b8c3-4ff2-bb18-b2c7f36fde5c,Marsa Maroc,Tanger Med,Rotterdam,2026-05-10T20:09:29,2026-05-10T20:09:29,0.0,868.6,Chemicals
3cf4d3c1-ae58-4578-8498-c09e1da6eaf7,Comanav,Tanger Med,Barcelona,2026-04-23T01:25:41,2026-04-23T01:25:41,0.0,12764.7,Chemicals
57a02c18-cb61-4e8e-91c2-237ae1840819,MSC,Shanghai,Rotterdam,2026-06-21T11:13:25,2026-06-21T11:13:25,0.0,8173.6,Textiles
40f9a033-d6e3-46a1-be0f-e01e28c7d56f,CMA-CGM,Agadir,Hamburg,2026-04-12T20:35:44,2026-04-12T20:35:44,0.0,18288.4,Chemicals
030e47bc-e389-40b8-a6b5-477c497f02f6,MSC,Ningbo,New York,2026-08-24T20:06:16,2026-08-26T00:24:16,28.3,8738.8,Chemicals
b7171e6d-a752-4854-b853-3b90486759ed,Evergreen,Shanghai,Rotterdam,2026-08-23T20:05:47,2026-08-23T20:05:47,0.0,9228.9,Textiles
b9f72bc9-bb5e-4dee-96b8-93b4ac2643bb,Evergreen,Shanghai,Rotterdam,2026-06-14T16:28:26,2026-06-15T06:22:26,13.9,10291.9,Textiles
d7e04158-8f3d-47f6-bce2-d8efe59bc30b,Marsa Maroc,Shanghai,Rotterdam,2026-09-08T01:44:06,2026-09-08T01:44:06,0.0,19277.2,Electronics
5679b546-0871-43e1-a06c-f892fea09bc5,Comanav,Busan,Los Angeles,2026-05-12T22:19:28,2026-05-12T22:19:28,0.0,13985.6,Food
47bbd784-8c0a-4644-919c-1af25a454a12,COSCO,Casablanca,Marseille,2026-07-03T12:36:58,2026-07-03T12:36:58,0.0,21500.8,Chemicals
7373522e-cd5f-44ea-99b3-cf8edfdf7610,CMA-CGM,Agadir,Hamburg,2026-03-08T12:46:41,2026-03-08T12:46:41,0.0,17090.6,Textiles
4d981065-e30a-4f16-a070-2f2ecb70589c,Comanav,Ningbo,New York,2026-04-29T02:08:03,2026-05-03T05:14:03,99.1,18238.4,Food
dc59d103-6f61-418b-b3d3-6b0c02920b50,CMA-CGM,Ningbo,New York,2026-03-20T06:36:15,2026-03-20T06:36:15,0.0,10784.5,Electronics
385542d6-dd7d-4b38-92bf-080e7581293e,COSCO,Singapore,Felixstowe,2026-03-09T14:16:29,2026-03-09T14:16:29,0.0,19466.2,Textiles
711de36a-4fc4-4692-909e-87875cce94d8,Comanav,Tanger Med,Barcelona,2026-05-12T05:03:50,2026-05-12T05:03:50,0.0,1571.7,Electronics
bc6ec6be-d56b-4df3-8dcd-5b9021a03f4a,Comanav,Casablanca,Marseille,2026-04-09T17:15:28,2026-04-11T14:51:28,45.6,16584.5,Textiles
26690b07-db28-4b7e-bac8-3f5e8ed8b4ac,Comanav,Tanger Med,Barcelona,2026-06-18T13:29:53,2026-06-18T13:29:53,0.0,6554.8,Electronics
a877b0c5-0cb4-4424-9ccb-7bfbc983a7cc,Marsa Maroc,Tanger Med,Barcelona,2026-06-13T13:04:49,2026-06-13T13:04:49,0.0,8118.4,Food
b0749e89-28d5-4dcc-b4ea-1760e9cad23b,Maersk,Singapore,Felixstowe,2026-04-18T13:26:59,2026-04-18T13:26:59,0.0,6373.1,Automotive
0eac00c6-a0a6-4095-b7a0-54c96611a148,Marsa Maroc,Tanger Med,Barcelona,2026-08-18T06:20:21,2026-08-18T06:20:21,0.0,21871.2,Chemicals
42ac7507-b2bc-478c-98e1-a45526465558,Maersk,Tanger Med,Rotterdam,2026-03-04T04:28:03,2026-03-04T04:28:03,0.0,2030.8,Automotive
fa6069d5-9449-4f47-a9d6-1866d422a34a,Evergreen,Tanger Med,Barcelona,2026-05-30T09:57:04,2026-05-30T09:57:04,0.0,20787.8,Food
8a498bb0-d1f5-4198-9df2-3ba6120c5210,Maersk,Tanger Med,Rotterdam,2026-04-05T00:41:48,2026-04-05T00:41:48,0.0,7262.6,Electronics
3231a5d7-639e-4bc7-9b89-35bb3985526a,CMA-CGM,Agadir,Hamburg,2026-04-28T12:28:25,2026-05-01T03:46:25,63.3,3361.0,Electronics
97d86a30-5503-42eb-ba51-2e5e5c3034fb,Marsa Maroc,Busan,Los Angeles,2026-03-06T17:14:43,2026-03-06T17:14:43,0.0,20654.6,Food
65d8e2c2-187e-4bcd-a274-0feed993301d,Maersk,Singapore,Felixstowe,2026-09-08T16:29:41,2026-09-08T16:29:41,0.0,3071.6,Chemicals
1dbb2b9f-0024-4928-8e70-1057a62907fd,Comanav,Casablanca,Marseille,2026-05-24T08:20:22,2026-05-26T10:38:22,50.3,18024.6,Electronics
acd0f4db-fd6c-4fab-a720-a1e5cd4ebfd3,CMA-CGM,Ningbo,New York,2026-07-11T18:51:31,2026-07-11T18:51:31,0.0,16376.3,Chemicals
a0f4d391-273e-441a-809f-d2d49585145d,CMA-CGM,Ningbo,New York,2026-08-11T04:56:56,2026-08-15T20:26:56,111.5,15902.8,Electronics
5735c502-7994-41f2-b6fe-fb3882e58001,COSCO,Agadir,Hamburg,2026-06-30T00:06:18,2026-06-30T00:06:18,0.0,8773.6,Automotive
c34f174f-704f-46f3-abfa-c85ec5d7c88f,Maersk,Tanger Med,Barcelona,2026-09-10T13:23:06,2026-09-10T13:23:06,0.0,4578.5,Food
71a01bac-d65b-4c7a-a87a-93f2a056f50f,Evergreen,Busan,Los Angeles,2026-07-23T05:40:18,2026-07-23T05:40:18,0.0,12056.0,Chemicals
8b6530f9-a156-42de-8db0-7272c043c10a,Marsa Maroc,Tanger Med,Rotterdam,2026-08-28T01:51:08,2026-08-28T01:51:08,0.0,3242.8,Chemicals
f1a2b216-0207-48a8-9b87-4ca99a5e3c10,COSCO,Tanger Med,Barcelona,2026-03-13T07:48:41,2026-03-13T07:48:41,0.0,17411.4,Electronics
f5b60aa2-57e3-40d2-97b8-e819b9f382a6,Comanav,Busan,Los Angeles,2026-07-07T06:08:25,2026-07-07T06:08:25,0.0,22397.1,Food
a2ab1154-321e-40ac-a8f6-4d60cb4e8129,CMA-CGM,Singapore,Felixstowe,2026-04-01T03:44:00,2026-04-01T03:44:00,0.0,19484.9,Food
81e8ddea-6099-4d67-9ccc-ce696c707155,COSCO,Agadir,Hamburg,2026-04-26T17:38:14,2026-04-26T17:38:14,0.0,6053.8,Chemicals
c1493a3b-9450-4979-a4d7-3edbc52f385e,Evergreen,Singapore,Felixstowe,2026-03-22T18:18:54,2026-03-27T07:30:54,109.2,670.9,Textiles
577b653d-6b01-46bc-843e-a71d3eea4267,Maersk,Ningbo,New York,2026-06-12T11:59:36,2026-06-12T11:59:36,0.0,18049.8,Textiles
e1458ae1-ca8c-42a6-9ef3-b2ade2a90f21,COSCO,Shenzhen,Hamburg,2026-07-31T09:38:09,2026-08-03T03:44:09,66.1,860.9,Textiles
6db25e97-cae6-4b67-8248-19d6a6a01ee1,MSC,Shanghai,Rotterdam,2026-03-28T17:21:12,2026-03-28T17:21:12,0.0,3806.4,Chemicals
684fe084-27fc-471c-880e-ca2e9cf41475,MSC,Casablanca,Marseille,2026-08-30T14:05:08,2026-08-31T15:11:08,25.1,14834.5,Chemicals
8b5c5454-33bb-45d0-8dc2-189a9c59f521,Evergreen,Singapore,Felixstowe,2026-05-10T12:40:10,2026-05-10T12:40:10,0.0,11669.4,Chemicals
ff6d693e-83a5-40a7-9575-ff577eab2b66,Maersk,Busan,Los Angeles,2026-05-14T15:21:43,2026-05-14T15:21:43,0.0,11340.9,Textiles
80754a39-e50d-45bb-90c4-5c68779d2939,COSCO,Tanger Med,Barcelona,2026-06-06T02:54:34,2026-06-06T02:54:34,0.0,3400.7,Food
590a6783-9ea8-4a5c-a8ac-3dc1743e1274,Marsa Maroc,Shenzhen,Hamburg,2026-07-27T04:33:33,2026-07-27T04:33:33,0.0,21998.1,Automotive
ff247680-dff7-4403-8e8b-01827544be3b,CMA-CGM,Tanger Med,Barcelona,2026-03-05T21:35:05,2026-03-05T21:35:05,0.0,3328.3,Chemicals
5cbb2e29-a00c-4f97-bc85-09f7126ec5af,Comanav,Shanghai,Rotterdam,2026-04-17T08:45:50,2026-04-17T08:45:50,0.0,2281.1,Chemicals
6e6e66cd-c90d-43ee-af14-578531fedda1,MSC,Tanger Med,Rotterdam,2026-06-05T16:29:50,2026-06-05T16:29:50,0.0,1637.3,Food
bbeadbbe-b81a-4985-8ccf-fbbc2acadb40,Comanav,Shanghai,Rotterdam,2026-07-28T10:34:34,2026-07-28T10:34:34,0.0,21289.1,Electronics
48d610a8-376c-43a2-b88d-157002e997a7,Comanav,Ningbo,New York,2026-08-20T00:41:42,2026-08-20T00:41:42,0.0,3855.4,Food
3cce9c49-0ea9-4114-89d8-55b7835c8ddf,Evergreen,Shanghai,Rotterdam,2026-06-04T23:43:06,2026-06-04T23:43:06,0.0,1077.8,Textiles
edea9c81-ea52-4bef-8354-8ae5a3461ab5,Marsa Maroc,Tanger Med,Barcelona,2026-03-14T00:20:18,2026-03-14T00:20:18,0.0,20329.5,Electronics
bb984364-a6c3-4069-b620-eeb1056f9232,CMA-CGM,Tanger Med,Rotterdam,2026-05-17T08:29:27,2026-05-18T01:35:27,17.1,2972.9,Electronics
3e102c00-1cff-412f-888c-7a90f31ebb7c,COSCO,Singapore,Felixstowe,2026-08-26T23:17:24,2026-08-26T23:17:24,0.0,19209.4,Food
cd234222-2af9-40bd-bf5f-3a8a80101363,Marsa Maroc,Singapore,Felixstowe,2026-04-06T11:46:24,2026-04-06T11:46:24,0.0,17966.4,Automotive
8b7acebe-1a11-4dd3-92a7-7fd3ea977b59,Marsa Maroc,Agadir,Hamburg,2026-05-20T22:52:05,2026-05-24T05:16:05,78.4,8584.9,Textiles
3be602bd-d582-4cfa-8d5a-576e7d1e6cb5,Maersk,Ningbo,New York,2026-08-31T15:03:12,2026-08-31T15:03:12,0.0,8483.4,Electronics
35b2ab1b-f135-42c9-ab71-d0ad18f64bca,COSCO,Shanghai,Rotterdam,2026-07-30T02:53:19,2026-07-30T02:53:19,0.0,19333.3,Automotive
d6e30279-f19a-4e3d-92ca-7bdf25497793,Evergreen,Busan,Los Angeles,2026-06-30T05:04:12,2026-07-03T08:16:12,75.2,10899.9,Electronics
7a529698-7dbd-4e6b-8e70-9cc231bb773b,COSCO,Shenzhen,Hamburg,2026-07-04T11:10:01,2026-07-04T11:10:01,0.0,8755.5,Electronics
5e273606-5158-4925-8651-b77e13911618,Evergreen,Casablanca,Marseille,2026-05-01T14:21:56,2026-05-06T04:09:56,109.8,22736.4,Textiles
93f2d81f-31d7-4bca-b4c1-13876ffd133e,MSC,Tanger Med,Barcelona,2026-03-17T09:12:04,2026-03-17T09:12:04,0.0,9616.8,Food
8b8b2a7c-c128-4210-82a1-82fead496f9d,Evergreen,Busan,Los Angeles,2026-04-17T10:26:29,2026-04-17T10:26:29,0.0,9375.9,Automotive
f9b32ddd-15bc-4f6e-83e6-3c7f2c3207b8,Comanav,Singapore,Felixstowe,2026-06-07T09:02:45,2026-06-08T01:56:45,16.9,16950.4,Food
30f0e56d-0fd9-4199-a33c-1d83232fae6f,MSC,Busan,Los Angeles,2026-09-03T21:23:05,2026-09-03T21:23:05,0.0,9892.1,Automotive
d7cb2fd3-40f1-46c2-b55e-a55498921d35,Comanav,Shanghai,Rotterdam,2026-06-25T01:08:23,2026-06-25T01:08:23,0.0,19080.3,Textiles
3a22d514-e126-4dd7-ab1b-806589248e75,COSCO,Shanghai,Rotterdam,2026-05-17T04:14:18,2026-05-17T04:14:18,0.0,11979.8,Electronics
c90f73ca-c182-40f0-900c-7764b31ef0fe,Maersk,Shenzhen,Hamburg,2026-07-18T23:25:11,2026-07-18T23:25:11,0.0,1169.3,Automotive
ce7aa797-9dac-4b82-bbe3-e43be6b3beab,Comanav,Tanger Med,Rotterdam,2026-03-21T05:29:26,2026-03-21T05:29:26,0.0,3501.3,Chemicals
e5c59e9f-768b-4167-992a-d81296ffcda9,Comanav,Shanghai,Rotterdam,2026-05-24T13:56:00,2026-05-24T13:56:00,0.0,13523.2,Automotive
aa6ad55c-73c8-4004-92eb-af07af561dff,Marsa Maroc,Busan,Los Angeles,2026-04-13T20:34:10,2026-04-13T20:34:10,0.0,5804.6,Chemicals
de7ceb91-fcdb-473a-b529-55174f7fb4c7,CMA-CGM,Shenzhen,Hamburg,2026-05-31T15:21:39,2026-06-03T12:33:39,69.2,19519.8,Chemicals
a7b0357b-41d6-423c-ab47-4d1a35898b72,Comanav,Shanghai,Rotterdam,2026-08-16T14:40:47,2026-08-16T14:40:47,0.0,7892.0,Textiles
18218772-7855-413e-8c90-4d9c90a4a77c,Marsa Maroc,Busan,Los Angeles,2026-07-05T00:41:05,2026-07-05T00:41:05,0.0,1720.4,Food
d9b343d5-9439-46db-a1d2-84b1ccd42a99,CMA-CGM,Casablanca,Marseille,2026-03-06T20:26:28,2026-03-06T20:26:28,0.0,18917.6,Food
c6958458-4a35-48a0-9f12-0c646306a5bb,MSC,Singapore,Felixstowe,2026-05-04T23:54:41,2026-05-06T08:00:41,32.1,13146.8,Textiles
3d482ff6-cb52-4b6a-82d4-f1c14879ea8b,COSCO,Tanger Med,Rotterdam,2026-06-16T05:26:20,2026-06-16T05:26:20,0.0,6641.5,Electronics
36609f78-6d24-45ca-b214-5c8b981e494d,Marsa Maroc,Busan,Los Angeles,2026-04-16T11:12:54,2026-04-20T01:00:54,85.8,4023.5,Electronics
d8e3779e-bd3f-44c3-b98f-ffd51c4e64f0,CMA-CGM,Agadir,Hamburg,2026-08-01T17:12:02,2026-08-01T17:12:02,0.0,13938.0,Chemicals
67990570-4c19-48b5-8a9a-7f56dc9b2488,COSCO,Busan,Los Angeles,2026-06-03T09:45:24,2026-06-03T09:45:24,0.0,9274.3,Automotive
57b2b0d4-cf6c-44ff-ab79-98f8c75c4f5b,Evergreen,Agadir,Hamburg,2026-03-04T11:13:56,2026-03-04T11:13:56,0.0,12846.8,Chemicals
0d2689ae-987a-449a-ad8e-0f208a6c69d1,COSCO,Tanger Med,Rotterdam,2026-03-17T07:24:23,2026-03-20T22:24:23,87.0,20034.6,Food
212e407c-2b8b-4fbb-91ff-91b24bcfb915,COSCO,Ningbo,New York,2026-09-01T13:50:37,2026-09-01T13:50:37,0.0,6227.0,Electronics
9344aa89-ddec-404e-80fe-efbdb049eebb,Comanav,Shenzhen,Hamburg,2026-04-30T04:37:46,2026-04-30T04:37:46,0.0,6265.3,Electronics
67e0de97-c438-4f40-9cb0-d2fb5927d1e3,Comanav,Shenzhen,Hamburg,2026-07-23T05:41:11,2026-07-23T05:41:11,0.0,13358.2,Food
37a76ecb-3e8c-4faf-bd0c-cf037c060e6b,COSCO,Casablanca,Marseille,2026-04-04T18:00:47,2026-04-04T18:00:47,0.0,10743.9,Electronics
14a27785-ae0e-46a1-8f03-cf8425e0004c,Evergreen,Shenzhen,Hamburg,2026-06-05T14:15:34,2026-06-08T00:33:34,58.3,6805.6,Electronics
bb3ed39d-e68a-4e63-bd5f-c02b90513f5b,MSC,Shenzhen,Hamburg,2026-05-01T05:51:22,2026-05-01T05:51:22,0.0,18577.7,Chemicals
e03fcb68-805d-4a09-8da8-b55a8b606705,Maersk,Busan,Los Angeles,2026-09-11T03:35:05,2026-09-11T03:35:05,0.0,12754.7,Chemicals
280903f6-63ab-4d21-9bff-0839fdba37b7,Marsa Maroc,Busan,Los Angeles,2026-04-05T11:55:27,2026-04-05T11:55:27,0.0,6739.9,Chemicals
89425588-583c-4569-b154-17840931c840,Evergreen,Tanger Med,Barcelona,2026-07-10T10:19:21,2026-07-10T10:19:21,0.0,1176.7,Food
7c4783b1-6040-48ee-8534-351582bf3bb5,MSC,Shanghai,Rotterdam,2026-03-24T07:43:42,2026-03-26T23:13:42,63.5,21577.7,Automotive
b2970bc2-60b1-4613-a2aa-6e71aebf3baa,Marsa Maroc,Busan,Los Angeles,2026-03-24T05:08:40,2026-03-24T05:08:40,0.0,1961.1,Automotive
69b285fd-259b-4673-b229-83b071eca74a,Marsa Maroc,Casablanca,Marseille,2026-07-17T01:39:53,2026-07-17T01:39:53,0.0,3030.5,Electronics
ce28f762-249c-4d2d-8af3-379a78abd812,Comanav,Busan,Los Angeles,2026-04-29T18:37:25,2026-04-29T18:37:25,0.0,22231.7,Chemicals
b348800e-3f70-4b77-b3f4-aa00ccf77a6b,COSCO,Tanger Med,Barcelona,2026-04-11T16:57:46,2026-04-11T16:57:46,0.0,4527.4,Textiles
294c9bd2-b34f-4929-9ba6-e7141f00e528,Evergreen,Casablanca,Marseille,2026-04-18T20:47:48,2026-04-21T00:59:48,52.2,7579.3,Food
907db3a6-dcb0-4979-82bc-04553755854d,Evergreen,Singapore,Felixstowe,2026-09-06T11:01:30,2026-09-06T11:01:30,0.0,1293.4,Automotive
39b452eb-9092-472e-848b-57f7efaceeb8,Comanav,Tanger Med,Barcelona,2026-05-30T08:41:05,2026-05-30T08:41:05,0.0,14675.3,Automotive
0d6fc8e8-30f7-4c48-b3e8-9bef487d5bab,MSC,Casablanca,Marseille,2026-07-02T00:13:35,2026-07-02T00:13:35,0.0,4914.5,Chemicals
a8d2d1f7-d887-4bb7-b5e5-cac0850b209e,Maersk,Ningbo,New York,2026-07-13T21:14:09,2026-07-13T21:14:09,0.0,24492.8,Textiles
9843c851-0aa0-4b63-969d-09f975001b80,Marsa Maroc,Casablanca,Marseille,2026-08-18T09:09:23,2026-08-18T09:09:23,0.0,12638.7,Electronics
1f1949b9-0343-4d91-820b-45f6f6854f59,COSCO,Tanger Med,Rotterdam,2026-05-14T22:34:01,2026-05-14T22:34:01,0.0,21774.6,Chemicals
36b2865a-dfaa-4d9e-992d-61c8f41acd52,Comanav,Busan,Los Angeles,2026-03-09T07:01:22,2026-03-09T07:01:22,0.0,5792.9,Electronics
a060b764-bb1b-4021-86f5-5710ba03001d,MSC,Singapore,Felixstowe,2026-07-25T17:03:42,2026-07-25T17:03:42,0.0,19574.0,Textiles
d8d0466f-b1dd-4e67-9cdf-e9ebf4f0efc0,Maersk,Tanger Med,Rotterdam,2026-07-18T02:21:46,2026-07-18T02:21:46,0.0,5358.0,Automotive
8bf65bea-c671-4c38-9be8-1bd938368cbf,Comanav,Singapore,Felixstowe,2026-04-22T07:47:41,2026-04-22T07:47:41,0.0,6718.2,Textiles
be07ca8c-6157-4b84-b422-85b10cb26d68,Evergreen,Singapore,Felixstowe,2026-06-06T08:39:29,2026-06-06T08:39:29,0.0,3271.7,Chemicals
3b6708fc-1915-41bc-8298-0b931ec5bcff,Evergreen,Casablanca,Marseille,2026-03-16T08:03:35,2026-03-16T08:03:35,0.0,11368.2,Automotive
8dfaa22e-b1db-480d-aaa5-da055d053c3c,Maersk,Ningbo,New York,2026-09-05T11:20:37,2026-09-05T11:20:37,0.0,23968.6,Electronics
c3fb8805-545b-48bb-9a43-10b15ec9753f,Comanav,Singapore,Felixstowe,2026-08-17T21:47:44,2026-08-19T13:53:44,40.1,4328.7,Textiles
f0d4a989-f12b-40e3-8496-e412f2c65966,CMA-CGM,Ningbo,New York,2026-06-23T10:56:20,2026-06-23T10:56:20,0.0,15288.8,Food
ab01659f-09fd-4db0-bdb7-26679983e9ba,MSC,Agadir,Hamburg,2026-09-07T07:59:18,2026-09-07T07:59:18,0.0,4371.1,Chemicals
a64c7cc9-f35a-449b-b066-1e6899942da2,Evergreen,Casablanca,Marseille,2026-05-13T16:50:20,2026-05-14T22:08:20,29.3,14528.5,Chemicals
7a0540ca-338b-471d-a80f-dfb3a722f764,CMA-CGM,Agadir,Hamburg,2026-05-12T11:29:13,2026-05-12T11:29:13,0.0,7812.4,Food
9ab934ff-fb89-4e11-8fea-04d88d88de5f,Maersk,Singapore,Felixstowe,2026-07-14T00:28:10,2026-07-14T00:28:10,0.0,11046.0,Chemicals
fafb2626-414a-4d76-8dd0-db939d4478eb,COSCO,Busan,Los Angeles,2026-07-04T16:55:27,2026-07-04T16:55:27,0.0,20689.5,Chemicals
627b4860-fcfb-4004-8e5f-7802291b360c,Evergreen,Casablanca,Marseille,2026-08-29T21:45:18,2026-08-29T21:45:18,0.0,9219.5,Automotive
f0427db5-c2f5-47d4-b93e-4571d12d5039,CMA-CGM,Busan,Los Angeles,2026-06-15T22:12:35,2026-06-15T22:12:35,0.0,15851.7,Textiles
2262dd98-94f7-4ab4-907c-f38d78980d99,COSCO,Tanger Med,Rotterdam,2026-05-02T06:30:32,2026-05-02T06:30:32,0.0,12888.8,Food
f4f2ea7f-65e0-491d-a2f7-9e7f891bbaa0,CMA-CGM,Singapore,Felixstowe,2026-03-27T17:58:34,2026-03-27T17:58:34,0.0,10758.0,Chemicals
99d2c321-9ed8-409e-a999-8964fc5c491e,Comanav,Shenzhen,Hamburg,2026-04-30T04:56:31,2026-04-30T04:56:31,0.0,21840.4,Automotive
3a5abca4-af37-4082-88ff-9975f1971c45,Evergreen,Tanger Med,Rotterdam,2026-08-22T12:33:51,2026-08-22T12:33:51,0.0,18014.3,Electronics
d0224ace-2a92-4b81-b5ec-ee67fc388286,Evergreen,Casablanca,Marseille,2026-06-23T19:52:08,2026-06-23T19:52:08,0.0,5061.2,Electronics
483f8923-940f-4a7a-a2bb-330c859faf65,Comanav,Shenzhen,Hamburg,2026-06-11T06:35:35,2026-06-13T02:53:35,44.3,20439.3,Food
bdacb28d-c786-460e-ba3d-252cc44264d4,CMA-CGM,Tanger Med,Rotterdam,2026-07-21T13:44:18,2026-07-21T13:44:18,0.0,14524.3,Electronics
71df3f9a-892f-40e0-bb17-cbad6a9fbdaa,MSC,Agadir,Hamburg,2026-08-24T08:19:22,2026-08-26T09:55:22,49.6,5214.5,Automotive
1635ba36-e1c2-4b84-b5e6-ebee7b58e6b9,Maersk,Casablanca,Marseille,2026-03-01T06:42:33,2026-03-02T21:06:33,38.4,2147.3,Automotive
240dd139-8312-41f5-ad6a-0493015b2c9d,Marsa Maroc,Shenzhen,Hamburg,2026-09-13T11:52:04,2026-09-13T11:52:04,0.0,8929.3,Electronics
2f7d2f3a-98f4-45c3-bae8-21a3159f7164,Evergreen,Tanger Med,Barcelona,2026-07-26T04:56:31,2026-07-27T17:20:31,36.4,8772.3,Textiles
6180fe7b-c6da-4dae-9169-1359b28fca7c,MSC,Tanger Med,Rotterdam,2026-05-12T01:18:17,2026-05-15T04:00:17,74.7,20422.4,Food
094c61ac-ff3a-4629-b4e8-2067756967e6,Marsa Maroc,Shanghai,Rotterdam,2026-03-08T06:28:54,2026-03-08T06:28:54,0.0,15782.6,Automotive
6c13b670-c396-4567-a817-d359c74e9e3f,MSC,Agadir,Hamburg,2026-07-20T09:25:36,2026-07-20T09:25:36,0.0,6534.1,Automotive
79fe6cd5-5bb2-4439-827e-d11a6052dfab,MSC,Singapore,Felixstowe,2026-06-01T17:39:07,2026-06-01T17:39:07,0.0,13666.4,Textiles
8269a89d-17f3-4ad4-8343-83a2499a4b10,Marsa Maroc,Ningbo,New York,2026-07-03T13:05:08,2026-07-03T13:05:08,0.0,3595.0,Textiles
5e16eb12-3c1d-4549-ac87-df89dc05db24,Maersk,Shanghai,Rotterdam,2026-03-25T14:23:16,2026-03-25T14:23:16,0.0,14704.8,Chemicals
f0e49b68-9862-4db7-9eab-3e8372a595db,Comanav,Shenzhen,Hamburg,2026-07-29T11:40:35,2026-07-29T11:40:35,0.0,8169.9,Food
17d015d6-8fbf-4287-9900-37d38d632087,Maersk,Casablanca,Marseille,2026-05-13T17:42:41,2026-05-13T17:42:41,0.0,6446.8,Chemicals
9ea6ae65-de33-498e-91d5-29d34e611cd4,MSC,Singapore,Felixstowe,2026-09-10T05:29:39,2026-09-10T05:29:39,0.0,11764.8,Food
5445dace-4d29-457b-a1a6-97878b860237,CMA-CGM,Shenzhen,Hamburg,2026-04-29T20:36:35,2026-04-29T20:36:35,0.0,22707.2,Chemicals
007edb6a-b7e4-4aba-baae-727f62ce0d6c,Evergreen,Casablanca,Marseille,2026-06-18T22:57:15,2026-06-20T15:57:15,41.0,2776.2,Automotive
6611df5a-1ae7-403b-b642-b70ecdbf9863,CMA-CGM,Busan,Los Angeles,2026-07-04T06:51:01,2026-07-04T06:51:01,0.0,20022.3,Food
fb32d127-0371-4acb-a568-735484839d1e,MSC,Casablanca,Marseille,2026-08-07T03:39:18,2026-08-07T03:39:18,0.0,2362.3,Automotive
2f3bfef0-1e00-447c-b5ed-11e574a9d93e,COSCO,Tanger Med,Barcelona,2026-07-04T01:28:54,2026-07-04T01:28:54,0.0,18202.4,Automotive
409ee9c2-0729-4d4c-900c-c4fced831903,Comanav,Singapore,Felixstowe,2026-04-12T21:36:01,2026-04-15T12:42:01,63.1,4203.0,Food
847fcd3e-7aea-413b-ba13-b3fa104f1f2f,CMA-CGM,Singapore,Felixstowe,2026-04-07T09:10:25,2026-04-07T09:10:25,0.0,22483.8,Automotive
48f3f18d-cb40-4a85-93ab-2c68d6044654,Evergreen,Tanger Med,Rotterdam,2026-03-26T21:30:04,2026-03-26T21:30:04,0.0,11489.9,Automotive
e88bfa1d-fb31-49d0-8f57-e324826207ae,Maersk,Tanger Med,Rotterdam,2026-03-18T00:02:01,2026-03-18T00:02:01,0.0,4379.3,Food
8b8853ba-3e97-46a9-974a-d8f23b50a3d4,CMA-CGM,Shanghai,Rotterdam,2026-04-20T09:35:01,2026-04-22T02:47:01,41.2,5180.8,Electronics
0f227134-278a-4644-909b-ff01d63ac7f8,CMA-CGM,Tanger Med,Barcelona,2026-05-09T09:02:03,2026-05-09T09:02:03,0.0,21571.5,Textiles
d22438fd-132d-4cde-8c91-ac1c1794730e,CMA-CGM,Tanger Med,Rotterdam,2026-03-13T03:29:33,2026-03-13T03:29:33,0.0,5642.2,Automotive
bb23ecbd-22f2-4943-a31a-ddde367a3e88,Evergreen,Tanger Med,Barcelona,2026-05-18T11:30:47,2026-05-18T11:30:47,0.0,7838.1,Electronics
2f1baa0a-0a7d-4ece-ad68-e4f13e3a9829,Comanav,Ningbo,New York,2026-04-11T13:49:35,2026-04-11T13:49:35,0.0,22974.5,Chemicals
9c8aeb73-0492-4de3-b8a1-bfc66e9cfe31,CMA-CGM,Casablanca,Marseille,2026-09-05T11:58:44,2026-09-05T11:58:44,0.0,24358.7,Textiles
220c06ba-3a72-45e5-a6e7-94d4d794f66f,Comanav,Shanghai,Rotterdam,2026-05-14T09:59:47,2026-05-14T09:59:47,0.0,24283.3,Food
22afd336-551a-49c1-bdad-32e0c68c7858,MSC,Ningbo,New York,2026-04-08T08:27:00,2026-04-08T08:27:00,0.0,6732.1,Textiles
5852c55f-cc47-40df-912e-92c258d1171b,Comanav,Ningbo,New York,2026-03-13T08:33:26,2026-03-13T08:33:26,0.0,4918.2,Electronics
03ea68af-6b12-46a6-9288-8b61815169e9,Comanav,Shanghai,Rotterdam,2026-07-29T22:00:12,2026-07-29T22:00:12,0.0,12569.6,Chemicals
b21b5a36-72fe-4f89-aa1e-dee71219d2a6,Marsa Maroc,Busan,Los Angeles,2026-09-07T06:17:19,2026-09-07T06:17:19,0.0,14577.2,Automotive
14f05909-d10a-457e-906d-1faaf3aaf9af,Comanav,Agadir,Hamburg,2026-06-08T09:31:12,2026-06-08T09:31:12,0.0,14944.4,Food
5ae06d12-f6a3-4329-8a5c-c591bbd8fce1,CMA-CGM,Singapore,Felixstowe,2026-03-20T01:30:40,2026-03-20T01:30:40,0.0,21878.9,Electronics
bea2f529-efd3-46f9-b229-fd5731622eb9,CMA-CGM,Casablanca,Marseille,2026-07-21T06:40:01,2026-07-21T06:40:01,0.0,13801.1,Textiles
6944ac12-67dc-4c40-9f40-f675dbdde130,CMA-CGM,Singapore,Felixstowe,2026-05-25T17:17:07,2026-05-25T17:17:07,0.0,13234.3,Food
028b13a8-6999-48ae-b7ef-7ba56b4347b0,Marsa Maroc,Shenzhen,Hamburg,2026-03-28T12:35:35,2026-03-28T12:35:35,0.0,5206.6,Food
2155c3e6-89e3-4976-ba77-33f65a927640,Comanav,Casablanca,Marseille,2026-03-06T01:58:16,2026-03-06T01:58:16,0.0,11212.5,Chemicals
bfa06acd-965c-4a34-9958-4e3cd7bae536,COSCO,Casablanca,Marseille,2026-05-21T01:34:48,2026-05-21T01:34:48,0.0,940.7,Food
6ae949e9-c694-489f-8063-0a2178dd6371,COSCO,Shanghai,Rotterdam,2026-09-07T20:13:52,2026-09-07T20:13:52,0.0,16632.3,Automotive
d5895f4d-7443-4719-8db0-e28fcd323f09,CMA-CGM,Shenzhen,Hamburg,2026-04-01T01:15:05,2026-04-05T10:21:05,105.1,16122.4,Textiles
e61fc6ff-2186-4758-b734-46904c9af1ed,Maersk,Shenzhen,Hamburg,2026-08-29T18:37:38,2026-08-29T18:37:38,0.0,10098.9,Food
4aef2e62-0f8f-47e5-9c6b-fd18eb7a7442,MSC,Casablanca,Marseille,2026-03-24T13:46:00,2026-03-24T13:46:00,0.0,9083.9,Electronics
59dcebd8-3aaf-4ee4-b41b-ea9be8e039e9,MSC,Ningbo,New York,2026-07-19T04:04:28,2026-07-19T04:04:28,0.0,19997.5,Chemicals
0be0540b-046f-4a15-bc7f-44f6605130b7,Comanav,Casablanca,Marseille,2026-08-09T12:57:53,2026-08-11T09:21:53,44.4,4716.5,Chemicals
8f81af30-728e-45f7-9712-4314f8483024,Evergreen,Agadir,Hamburg,2026-07-22T07:58:08,2026-07-26T19:04:08,107.1,16329.9,Electronics
d1846314-0bd7-460f-b514-0b0a94eaf708,Comanav,Casablanca,Marseille,2026-03-23T15:23:44,2026-03-23T15:23:44,0.0,23090.4,Electronics
5948c555-e60a-404f-af26-387fa0a23299,Evergreen,Shanghai,Rotterdam,2026-06-12T05:34:52,2026-06-12T05:34:52,0.0,15053.5,Electronics
dc4f8efc-45e2-4c8d-bc95-d012d2a50ba8,COSCO,Singapore,Felixstowe,2026-03-16T18:54:53,2026-03-16T18:54:53,0.0,17493.8,Electronics
13fb3c1e-7ef6-4786-a0f2-a22923cfffad,COSCO,Casablanca,Marseille,2026-03-28T08:03:53,2026-03-28T08:03:53,0.0,6925.8,Textiles
6bedced8-4000-472f-8b9d-f4a0ea3495c2,Evergreen,Tanger Med,Rotterdam,2026-06-27T00:35:44,2026-06-27T00:35:44,0.0,5258.0,Electronics
29d4a537-fe18-4988-a2d0-bebd063d99fa,Comanav,Busan,Los Angeles,2026-03-31T06:24:37,2026-03-31T06:24:37,0.0,1463.8,Automotive
6c854529-da5c-4d48-871a-05b1cc0dcde7,Maersk,Tanger Med,Barcelona,2026-05-23T20:20:03,2026-05-23T20:20:03,0.0,2567.9,Automotive
219ff43d-05b6-4128-badf-fff107bcd33f,CMA-CGM,Agadir,Hamburg,2026-04-07T17:13:01,2026-04-07T17:13:01,0.0,13699.2,Automotive
8aadd6b4-700a-4b9b-9455-cda9e0cda659,MSC,Casablanca,Marseille,2026-04-09T07:29:11,2026-04-09T07:29:11,0.0,11860.2,Electronics
43e9ec7d-d559-4bda-bff8-d0416f910451,COSCO,Agadir,Hamburg,2026-05-29T17:14:37,2026-06-02T08:14:37,87.0,10786.9,Electronics
3eaa70fb-f798-459b-a1df-9f1cda9b9026,MSC,Ningbo,New York,2026-07-28T15:32:45,2026-07-28T15:32:45,0.0,16647.4,Textiles
19a14f7f-7978-4a2b-a638-3c950ba46d75,CMA-CGM,Singapore,Felixstowe,2026-05-13T13:53:56,2026-05-13T13:53:56,0.0,23125.0,Chemicals
59946267-4873-444f-ae23-4c3ad852beef,COSCO,Tanger Med,Rotterdam,2026-05-15T00:00:13,2026-05-19T10:00:13,106.0,10077.6,Automotive
12c4d397-5d54-4a12-86b0-db7111779fda,Marsa Maroc,Ningbo,New York,2026-06-05T14:38:22,2026-06-06T03:44:22,13.1,14524.9,Automotive
19690260-c9a9-47fe-8297-12001444c0f9,MSC,Busan,Los Angeles,2026-05-09T11:26:57,2026-05-09T11:26:57,0.0,10879.7,Chemicals
f5276ee1-e2cc-4d2a-bb7b-5f417719c8e7,Marsa Maroc,Singapore,Felixstowe,2026-08-09T05:48:03,2026-08-09T05:48:03,0.0,5961.8,Electronics
eb6a11af-b117-4f21-975e-d74e5600cddf,Comanav,Agadir,Hamburg,2026-04-10T23:27:48,2026-04-15T00:21:48,96.9,3309.3,Food
e533bd6a-6964-416b-bf99-a69a12b7508b,CMA-CGM,Shanghai,Rotterdam,2026-07-18T00:27:37,2026-07-18T00:27:37,0.0,24142.4,Textiles
de908108-8828-4a9d-9f9a-e186ad43b439,MSC,Casablanca,Marseille,2026-08-26T03:35:08,2026-08-26T03:35:08,0.0,10032.7,Textiles
f6342343-529d-44f3-83e2-d1fa8a0f598f,Maersk,Shanghai,Rotterdam,2026-08-13T20:37:38,2026-08-15T05:49:38,33.2,4877.6,Chemicals
6d8b7329-c980-4006-8557-a779274b79dc,Evergreen,Singapore,Felixstowe,2026-04-10T10:18:16,2026-04-10T10:18:16,0.0,23800.0,Electronics
4276e03c-4678-49c1-9fbb-6113a6aead3c,Comanav,Singapore,Felixstowe,2026-05-04T18:46:31,2026-05-04T18:46:31,0.0,19856.0,Food
8341301e-fb70-4468-888a-50be7c32601d,MSC,Shanghai,Rotterdam,2026-05-10T01:25:03,2026-05-10T01:25:03,0.0,1602.6,Textiles
2455c12d-695f-4491-b3b3-7c822cf98023,Comanav,Singapore,Felixstowe,2026-08-03T22:47:02,2026-08-03T22:47:02,0.0,8530.9,Textiles
f135634d-98ea-4117-b45f-ae20601b841d,Evergreen,Tanger Med,Barcelona,2026-09-13T00:04:39,2026-09-13T00:04:39,0.0,984.4,Electronics
ce21ca47-4ce6-4485-807f-5abc19bf0704,Evergreen,Busan,Los Angeles,2026-07-10T01:50:52,2026-07-10T01:50:52,0.0,5125.2,Textiles
4c98c83a-3a39-4e86-a2e9-58d5e223dac3,Maersk,Casablanca,Marseille,2026-05-01T10:18:41,2026-05-03T05:18:41,43.0,5870.2,Textiles
e56837b5-a1fa-4b03-9c48-b3baa859988c,Comanav,Shanghai,Rotterdam,2026-08-20T01:10:21,2026-08-20T01:10:21,0.0,19330.3,Automotive
6de6ee86-039f-4a5f-98da-6bcb6e9bff85,CMA-CGM,Agadir,Hamburg,2026-07-15T19:53:54,2026-07-15T19:53:54,0.0,19632.2,Automotive
a37faeb6-b2b4-48e4-addf-d4b7351a9174,Comanav,Ningbo,New York,2026-07-01T09:27:26,2026-07-01T09:27:26,0.0,6760.4,Food
516a10e5-13c8-4135-8e5c-0ef18e538691,MSC,Tanger Med,Rotterdam,2026-07-05T01:59:44,2026-07-05T01:59:44,0.0,7688.8,Food
824bac25-da01-431b-b3a0-84a2cacf94bc,Marsa Maroc,Shenzhen,Hamburg,2026-07-23T08:40:37,2026-07-23T08:40:37,0.0,21130.6,Automotive
1e6d2aca-5572-442e-930f-4a48e161737f,Evergreen,Singapore,Felixstowe,2026-08-08T03:19:04,2026-08-08T03:19:04,0.0,7381.4,Chemicals
0493dea0-c2e5-4862-b5bc-30074e816b8a,MSC,Casablanca,Marseille,2026-08-15T05:22:18,2026-08-15T05:22:18,0.0,18481.6,Textiles
4778f5ab-13df-41b1-8fb7-bf69658cd7d8,Marsa Maroc,Tanger Med,Barcelona,2026-07-04T14:46:51,2026-07-04T14:46:51,0.0,23953.3,Food
0d17442a-cdb4-4064-a665-a0393625860b,MSC,Shenzhen,Hamburg,2026-06-02T11:41:48,2026-06-02T11:41:48,0.0,8761.8,Textiles
213f62f3-3a5d-4717-8a05-d41563761ac1,Marsa Maroc,Busan,Los Angeles,2026-05-23T01:57:17,2026-05-24T08:45:17,30.8,10075.0,Textiles
4f17713b-12c6-4506-8288-7a4115e32385,CMA-CGM,Agadir,Hamburg,2026-07-24T15:50:28,2026-07-24T15:50:28,0.0,15283.4,Electronics
cd1d93b1-2ab5-459b-8b42-38360fa49384,COSCO,Agadir,Hamburg,2026-06-07T16:16:56,2026-06-07T16:16:56,0.0,6915.3,Chemicals
75625cdf-2382-411f-93b8-9cb202e71a66,CMA-CGM,Tanger Med,Rotterdam,2026-07-18T19:31:22,2026-07-18T19:31:22,0.0,16364.8,Chemicals
28775c4a-46b7-4806-9495-51afed9af7be,CMA-CGM,Tanger Med,Barcelona,2026-08-23T16:42:21,2026-08-23T16:42:21,0.0,12877.1,Food
3ba8a0a0-30b9-4a37-b894-367e54db1aaf,CMA-CGM,Shanghai,Rotterdam,2026-08-21T19:00:01,2026-08-21T19:00:01,0.0,1755.1,Chemicals
ad433aa6-2a66-4a43-962c-5cb76356e024,Evergreen,Tanger Med,Barcelona,2026-08-02T05:09:08,2026-08-02T05:09:08,0.0,21159.4,Textiles
788778d7-cd51-4e3d-b863-6fab98f6725f,CMA-CGM,Singapore,Felixstowe,2026-03-01T01:49:24,2026-03-05T09:31:24,103.7,3718.7,Chemicals
9dfe90e7-0187-46a5-bd47-f6138777c11d,COSCO,Agadir,Hamburg,2026-03-14T11:04:53,2026-03-14T11:04:53,0.0,20323.8,Electronics
07fd959f-04eb-4680-bc63-4b7d6898f204,Marsa Maroc,Shenzhen,Hamburg,2026-06-19T11:33:57,2026-06-19T11:33:57,0.0,17503.2,Food
e18f41ee-1840-45c5-9f53-5f6ca61aff54,Comanav,Shenzhen,Hamburg,2026-03-07T07:56:59,2026-03-07T07:56:59,0.0,15418.8,Electronics
0bbf1f5b-0171-4227-89a1-ec1edf8ccd93,MSC,Tanger Med,Rotterdam,2026-04-22T11:05:24,2026-04-22T11:05:24,0.0,23150.3,Automotive
0c3a4808-4c4f-4af8-9d97-37a0a7d4c806,Maersk,Tanger Med,Barcelona,2026-06-26T05:22:05,2026-06-26T05:22:05,0.0,8047.6,Electronics
806ddffc-f497-4a76-8e59-eb066a7254fe,Marsa Maroc,Busan,Los Angeles,2026-03-03T13:13:33,2026-03-06T13:55:33,72.7,1000.6,Automotive
cb961374-b4b6-4146-9d7c-2d8a299d3631,COSCO,Shenzhen,Hamburg,2026-06-25T15:18:55,2026-06-25T15:18:55,0.0,10995.9,Textiles
7551520d-2cf1-4a60-8f9f-f7abcbc3c9ef,MSC,Tanger Med,Rotterdam,2026-05-26T04:08:02,2026-05-26T04:08:02,0.0,11383.1,Chemicals
4b850d75-58ae-4a25-be36-f7e2dc6e1e93,MSC,Ningbo,New York,2026-05-23T10:17:37,2026-05-23T10:17:37,0.0,10210.8,Chemicals
82d1caad-7b09-4229-85a7-bc4c32912a8d,Maersk,Agadir,Hamburg,2026-07-01T07:07:27,2026-07-01T07:07:27,0.0,12039.6,Electronics
c7680133-2505-4e95-adbf-c50e574cd0d2,MSC,Ningbo,New York,2026-03-09T10:16:17,2026-03-09T10:16:17,0.0,4993.5,Chemicals
5e95b1fa-8983-4d94-a55a-7c8f6596a63c,Evergreen,Busan,Los Angeles,2026-06-16T04:06:24,2026-06-16T04:06:24,0.0,19514.5,Food
9534994a-03ab-4ee4-92d9-af3c90f2c57f,Comanav,Tanger Med,Rotterdam,2026-04-30T02:02:46,2026-04-30T02:02:46,0.0,12948.1,Food
eb9fa8a4-e120-4235-9f1e-a1923c434e27,CMA-CGM,Singapore,Felixstowe,2026-04-06T14:49:11,2026-04-06T14:49:11,0.0,19118.2,Food
63636b57-8c33-4967-b68a-5eb3484b585f,COSCO,Tanger Med,Rotterdam,2026-03-15T15:43:40,2026-03-15T15:43:40,0.0,5528.5,Chemicals
74d2c67a-40f3-43cc-800a-5deaa62dab00,CMA-CGM,Agadir,Hamburg,2026-08-26T18:57:27,2026-08-26T18:57:27,0.0,4644.4,Food
33469bff-9bd6-4e15-bb99-d8e17a8ce3eb,Comanav,Ningbo,New York,2026-07-17T02:57:06,2026-07-17T02:57:06,0.0,10295.2,Textiles
ea5448af-f695-438d-b89a-358c318096ba,Comanav,Shenzhen,Hamburg,2026-04-30T15:01:25,2026-04-30T15:01:25,0.0,16933.3,Textiles
51c0a3e9-ee39-4520-8954-85c05bd33000,MSC,Casablanca,Marseille,2026-04-23T18:03:28,2026-04-27T09:03:28,87.0,1937.7,Food
f7c799b1-163c-42ba-b765-41a3ba9efd3b,Comanav,Singapore,Felixstowe,2026-06-11T21:52:07,2026-06-11T21:52:07,0.0,2404.9,Chemicals
a9ee8c39-4681-4b61-8689-c6a3d95958d0,Maersk,Busan,Los Angeles,2026-07-21T13:27:37,2026-07-21T13:27:37,0.0,5545.4,Electronics
90a59108-4bb9-45a5-901e-7a04dddde8d1,COSCO,Tanger Med,Barcelona,2026-06-06T00:50:06,2026-06-06T00:50:06,0.0,14658.1,Electronics
f7d53ac0-d442-47d3-94a5-7f2025908fb2,MSC,Busan,Los Angeles,2026-05-30T11:39:46,2026-06-02T14:21:46,74.7,4844.1,Food
3e33b715-db38-49fb-a248-d7db617157e7,Marsa Maroc,Tanger Med,Barcelona,2026-06-08T12:21:56,2026-06-12T16:33:56,100.2,23297.0,Chemicals
bff0aeb8-3b27-48e8-b22b-06635bf83845,Evergreen,Tanger Med,Barcelona,2026-06-25T15:01:17,2026-06-25T15:01:17,0.0,17709.5,Automotive
1b6df14f-47f7-4056-99b8-5ec03e097576,COSCO,Agadir,Hamburg,2026-04-05T16:37:04,2026-04-05T16:37:04,0.0,18569.7,Electronics
e9387be0-d386-4146-ae0d-451271116702,COSCO,Ningbo,New York,2026-08-03T06:23:23,2026-08-05T03:41:23,45.3,6929.2,Chemicals
714df462-c81e-4790-8c98-3c5f0a815141,MSC,Shanghai,Rotterdam,2026-05-24T10:39:44,2026-05-24T10:39:44,0.0,18090.1,Food
7be0baea-e946-49f5-bd9b-4d9e9bc66dc7,Marsa Maroc,Ningbo,New York,2026-03-30T23:34:14,2026-04-01T12:52:14,37.3,22164.8,Automotive
af093ee2-f3b1-434c-8536-ba3b536c7811,CMA-CGM,Shenzhen,Hamburg,2026-07-05T02:20:57,2026-07-05T02:20:57,0.0,16173.5,Electronics
b635b9e8-32bf-4a41-85ab-0d4c68cc4d57,CMA-CGM,Tanger Med,Barcelona,2026-09-04T09:32:06,2026-09-04T09:32:06,0.0,14356.7,Chemicals
c01cf90e-2498-4097-a003-8faf115995ee,Maersk,Busan,Los Angeles,2026-05-07T03:34:04,2026-05-10T08:16:04,76.7,2056.0,Textiles
816472ed-c9ae-47de-b8c2-99c0c01ccd54,COSCO,Ningbo,New York,2026-09-06T15:03:57,2026-09-06T15:03:57,0.0,9512.7,Food
4807b449-ba6b-46e6-af08-390e27ba96b3,MSC,Ningbo,New York,2026-04-07T00:51:26,2026-04-08T18:09:26,41.3,14254.6,Food
1acecd2d-7ceb-40dc-9b3a-a5df19471114,Marsa Maroc,Shanghai,Rotterdam,2026-06-25T15:52:05,2026-06-25T15:52:05,0.0,20387.2,Automotive
a000068a-2a99-4582-a78d-df40ee6515cd,COSCO,Tanger Med,Barcelona,2026-03-15T12:19:42,2026-03-15T12:19:42,0.0,3235.3,Chemicals
4cb02468-0df1-4c64-9652-a30a13c0e246,Comanav,Ningbo,New York,2026-07-27T04:16:03,2026-07-29T09:58:03,53.7,9734.2,Textiles
55ec5b50-8045-42b8-87de-a5e74b66b061,Marsa Maroc,Agadir,Hamburg,2026-03-31T11:27:44,2026-03-31T11:27:44,0.0,22134.2,Food
d2345d57-3b7a-46f1-93a1-dec9ec6617cf,Maersk,Tanger Med,Rotterdam,2026-03-22T17:14:14,2026-03-22T17:14:14,0.0,21347.4,Food
e180eb84-25ce-4c59-a7a4-7e9f0f3a4654,Comanav,Casablanca,Marseille,2026-07-08T20:44:14,2026-07-08T20:44:14,0.0,2782.3,Electronics
9b3947f6-b810-4424-92cb-98e6e0d63712,COSCO,Agadir,Hamburg,2026-07-14T02:56:40,2026-07-14T02:56:40,0.0,3303.7,Electronics
c3c15856-b44d-4119-9d52-1c65f104a31b,COSCO,Casablanca,Marseille,2026-08-16T16:00:37,2026-08-16T16:00:37,0.0,1542.0,Electronics
6a5d444c-8f9e-4f33-ba29-3583dbdf977b,Maersk,Agadir,Hamburg,2026-08-09T18:15:49,2026-08-09T18:15:49,0.0,13715.8,Food
f4e6146f-5d44-4a3b-b45f-c2034d5d53e0,COSCO,Tanger Med,Barcelona,2026-04-16T19:31:08,2026-04-16T19:31:08,0.0,4180.5,Automotive
ec819a0a-a73a-4d31-a3b0-db9044e16079,Evergreen,Singapore,Felixstowe,2026-05-28T01:09:42,2026-05-28T01:09:42,0.0,21817.9,Textiles
84f6ae55-040a-462c-b8c5-5f06f3a44a08,Comanav,Shanghai,Rotterdam,2026-03-05T10:34:34,2026-03-05T10:34:34,0.0,18930.5,Electronics
13f073c5-49eb-478f-8924-ec4db3b58c71,COSCO,Tanger Med,Rotterdam,2026-07-27T13:02:12,2026-07-27T13:02:12,0.0,12937.2,Food
1418236d-72f5-4fff-9f14-c15d16297035,Evergreen,Shenzhen,Hamburg,2026-03-22T00:30:32,2026-03-22T00:30:32,0.0,16347.7,Textiles
3048e284-1cd3-4d5e-b6e1-4a667eabfbe6,Maersk,Tanger Med,Barcelona,2026-06-27T08:47:13,2026-06-27T08:47:13,0.0,553.5,Food
327dc9b6-9f93-45f4-a8fa-e403fec8a929,Marsa Maroc,Tanger Med,Barcelona,2026-03-16T23:50:47,2026-03-16T23:50:47,0.0,22411.5,Electronics
7343e2ae-a1ea-49c6-88b0-6ca3993a24e6,Comanav,Casablanca,Marseille,2026-07-03T00:14:45,2026-07-03T00:14:45,0.0,10101.9,Electronics
54cf2670-be74-4e98-a754-16e46b3896d1,Maersk,Ningbo,New York,2026-04-28T02:11:12,2026-04-28T02:11:12,0.0,21096.5,Automotive
86c8c7d7-f4ab-410c-afba-d6db87b2aed5,COSCO,Tanger Med,Barcelona,2026-07-05T22:17:29,2026-07-05T22:17:29,0.0,19056.5,Automotive
f9ee3b1a-3f0d-47fb-b081-bcfe9bb08345,MSC,Singapore,Felixstowe,2026-09-12T02:43:20,2026-09-12T02:43:20,0.0,22117.9,Textiles
edd6785a-b9d1-4996-a8b3-c8c74f8e3c01,MSC,Shanghai,Rotterdam,2026-05-25T17:58:43,2026-05-25T17:58:43,0.0,15074.1,Automotive
cbe6f02d-da6e-45e0-ba21-aad35677b127,CMA-CGM,Shanghai,Rotterdam,2026-04-29T11:54:14,2026-05-03T01:24:14,85.5,21938.6,Electronics
eb213b05-2912-463e-955d-30045d8495c4,MSC,Tanger Med,Barcelona,2026-03-20T14:52:43,2026-03-20T14:52:43,0.0,18786.3,Automotive
3ca740ea-44f4-4f5c-b706-8c37de41a438,MSC,Shanghai,Rotterdam,2026-07-31T13:55:55,2026-07-31T13:55:55,0.0,9661.4,Chemicals
9cbf97ba-7a45-4343-8de1-e8f96b3d39b6,Evergreen,Tanger Med,Rotterdam,2026-08-21T01:26:39,2026-08-21T01:26:39,0.0,23187.8,Automotive
fd8a9cf9-a23f-4a60-bf95-281e4215329b,CMA-CGM,Busan,Los Angeles,2026-09-13T00:25:06,2026-09-13T00:25:06,0.0,4974.7,Textiles
d780ee2b-00a2-494f-83e1-62125a9e3f42,COSCO,Busan,Los Angeles,2026-04-04T23:38:02,2026-04-09T15:44:02,112.1,1940.6,Food
047ee15c-b9fb-47bc-83c5-1d42ddfe71b7,Marsa Maroc,Singapore,Felixstowe,2026-05-26T05:59:17,2026-05-26T05:59:17,0.0,518.8,Textiles
49db4a05-6482-4980-bd8d-38a45af81671,COSCO,Agadir,Hamburg,2026-08-15T17:55:56,2026-08-15T17:55:56,0.0,21189.3,Textiles
144e77e8-33e4-45c5-a28f-c805c3fbf33e,CMA-CGM,Tanger Med,Rotterdam,2026-06-21T12:58:24,2026-06-21T12:58:24,0.0,17610.8,Chemicals
40ec8f14-26fd-4fec-9b2c-73645f8a24c0,Evergreen,Shanghai,Rotterdam,2026-08-01T03:21:04,2026-08-01T03:21:04,0.0,17647.9,Chemicals
6bd14f26-a0f8-4cd3-b785-4a90edcdf2e6,Comanav,Shenzhen,Hamburg,2026-04-27T11:34:32,2026-05-01T00:58:32,85.4,24287.0,Chemicals
ffaa1267-ffae-431d-bc6a-1484f2dcd871,Comanav,Shanghai,Rotterdam,2026-04-21T08:05:28,2026-04-24T03:11:28,67.1,4098.3,Textiles
b33617d6-f9dd-4f6b-b1b4-aa8ddab28d3e,COSCO,Busan,Los Angeles,2026-07-09T13:18:52,2026-07-09T13:18:52,0.0,9551.2,Chemicals
656618a2-40d1-4740-a4f8-917446e963f5,MSC,Singapore,Felixstowe,2026-04-02T01:22:34,2026-04-06T21:10:34,115.8,6155.1,Electronics
e682dfb7-d632-446e-889b-b27c9e17f369,COSCO,Singapore,Felixstowe,2026-09-01T19:17:12,2026-09-05T00:35:12,77.3,15810.8,Food
2c727f29-c12d-46f6-ab39-4f70ace66cdb,CMA-CGM,Singapore,Felixstowe,2026-03-20T03:36:45,2026-03-20T03:36:45,0.0,3669.0,Food
02014a1d-8474-479d-95ce-9c929dfe979c,Evergreen,Shanghai,Rotterdam,2026-08-03T00:43:57,2026-08-07T21:13:57,116.5,21455.3,Automotive
fe37bac2-0286-4b6e-9517-2b1309ab7b72,Marsa Maroc,Casablanca,Marseille,2026-06-10T23:13:03,2026-06-10T23:13:03,0.0,6786.0,Food
92f13f1a-7336-4305-a454-ed8cbf5b6777,COSCO,Ningbo,New York,2026-04-03T00:59:37,2026-04-03T00:59:37,0.0,24050.5,Food
57860bd4-4f2e-4315-b80f-7b9e6f68eaa8,Maersk,Casablanca,Marseille,2026-08-02T18:32:28,2026-08-02T18:32:28,0.0,10254.8,Chemicals
d1db5620-ab1b-40ff-915d-b530287410f0,MSC,Singapore,Felixstowe,2026-09-11T21:19:49,2026-09-11T21:19:49,0.0,8946.4,Food
03a39fd4-7a1d-4be0-a808-9e59194dd22a,Evergreen,Casablanca,Marseille,2026-08-16T17:45:02,2026-08-19T22:51:02,77.1,23808.1,Food
6f33db1c-1d3c-41cd-a008-910f5755a784,MSC,Agadir,Hamburg,2026-04-20T15:11:04,2026-04-20T15:11:04,0.0,14044.7,Chemicals
981c8afb-a684-4e4d-aef6-90f3a26324a3,Evergreen,Singapore,Felixstowe,2026-04-22T09:05:11,2026-04-22T09:05:11,0.0,17897.8,Chemicals
19a3e092-edc3-40f3-a1ac-f1d83e260e8d,CMA-CGM,Casablanca,Marseille,2026-09-03T18:31:21,2026-09-06T05:25:21,58.9,7877.1,Automotive
c3e75615-6fe3-4871-a770-6360ddf0ebaf,Evergreen,Shanghai,Rotterdam,2026-05-16T22:30:19,2026-05-16T22:30:19,0.0,13319.8,Textiles
f64702c9-dab9-45e6-9d65-6abce21d5ef4,Maersk,Agadir,Hamburg,2026-09-06T11:11:42,2026-09-06T11:11:42,0.0,15276.5,Automotive
4e322a4c-014b-4c0a-8fc8-a1e65cd0de74,MSC,Tanger Med,Barcelona,2026-08-01T12:38:17,2026-08-03T20:08:17,55.5,1218.6,Electronics
ca0f0909-a567-4f94-a48f-2a6c8f492bfa,CMA-CGM,Shanghai,Rotterdam,2026-05-16T03:46:40,2026-05-16T03:46:40,0.0,24482.8,Chemicals
9f04fa19-aaa4-4d7b-b793-dfab7046d635,MSC,Singapore,Felixstowe,2026-06-04T15:10:39,2026-06-08T09:22:39,90.2,23625.4,Textiles
2d624820-d76c-43ce-956e-8cafd41a6866,Comanav,Agadir,Hamburg,2026-06-03T02:32:25,2026-06-03T02:32:25,0.0,7464.0,Food
3fc5ace1-a07c-4508-bdb2-2e107515d78d,MSC,Tanger Med,Barcelona,2026-03-28T19:46:13,2026-03-28T19:46:13,0.0,908.7,Food
5b434fcd-4ae7-4c78-acdd-18632d2be194,CMA-CGM,Busan,Los Angeles,2026-06-12T09:41:45,2026-06-12T09:41:45,0.0,16071.4,Food
7c99b86c-2fa5-46c3-a6c3-4253122b4d14,MSC,Busan,Los Angeles,2026-08-15T00:30:11,2026-08-15T00:30:11,0.0,15516.0,Chemicals
dda2532e-5092-4799-bc9a-1e4feffe0e60,Comanav,Shenzhen,Hamburg,2026-07-04T14:24:53,2026-07-04T14:24:53,0.0,7779.5,Automotive
e5ff54e7-1b74-4344-9f7e-1780ff130d01,Maersk,Shanghai,Rotterdam,2026-04-04T19:04:57,2026-04-04T19:04:57,0.0,24255.7,Automotive
bdcef055-fb28-4a86-9229-1bacea9791ed,Evergreen,Tanger Med,Rotterdam,2026-04-13T16:51:15,2026-04-13T16:51:15,0.0,8752.4,Automotive
cdf76c63-fbc6-48e0-aeb2-51e413b805e2,Evergreen,Tanger Med,Rotterdam,2026-08-08T14:51:50,2026-08-13T14:09:50,119.3,10988.6,Electronics
dd48750e-d5a3-4a05-b1c5-dab58bc82234,Evergreen,Shanghai,Rotterdam,2026-08-12T11:41:04,2026-08-14T18:59:04,55.3,22926.7,Food
0f5bf969-ec3c-4b89-b2fb-72ec356f11f5,Comanav,Ningbo,New York,2026-07-20T20:32:28,2026-07-20T20:32:28,0.0,24699.6,Textiles
90e6cdee-2046-4a71-ac21-303521b31ac7,Evergreen,Singapore,Felixstowe,2026-07-14T06:27:52,2026-07-14T06:27:52,0.0,605.7,Chemicals
26f255df-7468-4e0f-a331-3c6ec7dbe7b1,MSC,Shenzhen,Hamburg,2026-05-13T23:29:35,2026-05-13T23:29:35,0.0,568.1,Food
bb3400e1-d3f8-46af-b5d6-c5d7fc3f2c48,COSCO,Singapore,Felixstowe,2026-07-03T13:29:53,2026-07-03T13:29:53,0.0,13391.7,Food
6f52d0e6-9550-4549-8960-641149762329,COSCO,Shenzhen,Hamburg,2026-07-12T19:12:17,2026-07-12T19:12:17,0.0,19229.8,Textiles
d24df46a-66c5-4372-a868-c2f22620fb32,CMA-CGM,Tanger Med,Rotterdam,2026-03-10T09:37:26,2026-03-10T09:37:26,0.0,23514.7,Chemicals
7eb01d66-7a6a-4dac-bf86-19bf3c0f4530,Maersk,Shanghai,Rotterdam,2026-06-27T09:07:03,2026-06-27T09:07:03,0.0,8290.7,Electronics
86b90bfd-d839-4fed-9a33-47570256470f,COSCO,Agadir,Hamburg,2026-05-05T17:34:24,2026-05-05T17:34:24,0.0,8235.8,Chemicals
9c1bf441-c96b-4642-9ad3-d431107b3252,Maersk,Tanger Med,Barcelona,2026-07-14T19:35:35,2026-07-14T19:35:35,0.0,12509.7,Automotive
9767797d-a2e8-430f-a86d-3755329eed57,Maersk,Casablanca,Marseille,2026-08-19T17:41:48,2026-08-19T17:41:48,0.0,24281.7,Electronics
f423593e-f222-4b68-ae4d-5f07acebc578,COSCO,Agadir,Hamburg,2026-04-26T15:07:36,2026-04-26T15:07:36,0.0,14602.2,Automotive
db51cf0c-51a9-463e-a3a3-d582d6f61836,MSC,Tanger Med,Rotterdam,2026-08-19T01:25:00,2026-08-19T01:25:00,0.0,20916.5,Food
5860245b-951d-4567-977f-d9b6271ed8c3,Evergreen,Tanger Med,Barcelona,2026-03-18T10:17:20,2026-03-18T10:17:20,0.0,12364.8,Automotive
436bcc56-f7eb-4245-9642-630ae0f528ed,Maersk,Busan,Los Angeles,2026-05-30T16:16:50,2026-05-30T16:16:50,0.0,18428.2,Textiles
650e00e5-1150-4a2d-98b9-9fdd113beba9,CMA-CGM,Shanghai,Rotterdam,2026-05-17T13:12:03,2026-05-17T13:12:03,0.0,7522.0,Food
00f20e1c-7f3e-485b-8227-51fd2648ce41,Comanav,Tanger Med,Rotterdam,2026-07-24T04:15:44,2026-07-24T04:15:44,0.0,11065.7,Chemicals
41b62ccb-06cb-4386-a8cc-9e74fc8b3124,COSCO,Ningbo,New York,2026-04-30T13:56:36,2026-05-04T13:32:36,95.6,8222.7,Electronics
823a9575-b75c-4a44-8a43-1e6d5f648be9,Marsa Maroc,Tanger Med,Rotterdam,2026-04-03T07:50:54,2026-04-05T16:32:54,56.7,2367.3,Food
967d62b9-77e6-42fb-82f8-d6a1fc513130,Comanav,Tanger Med,Barcelona,2026-04-13T15:22:49,2026-04-13T15:22:49,0.0,1335.8,Food
dc7abc56-0ace-4b13-91d6-b2d143ab29b7,Maersk,Shenzhen,Hamburg,2026-03-22T04:19:52,2026-03-22T04:19:52,0.0,6352.9,Automotive
4b1be59b-98a8-495a-8c49-13cfe34493bc,Evergreen,Ningbo,New York,2026-06-03T09:22:27,2026-06-03T09:22:27,0.0,7065.6,Chemicals
142e6717-ea95-43ba-84de-aa6cc82a1d4d,CMA-CGM,Agadir,Hamburg,2026-04-27T08:27:00,2026-04-27T08:27:00,0.0,20441.6,Food
7c18daf7-64be-4ea7-aabc-f3e68c2dc081,Evergreen,Shenzhen,Hamburg,2026-06-20T17:25:09,2026-06-20T17:25:09,0.0,8984.8,Electronics
a57b3023-98fc-483a-a5ea-111c89076126,CMA-CGM,Tanger Med,Barcelona,2026-03-06T08:00:12,2026-03-08T20:48:12,60.8,7145.6,Food
a2a313a9-eb36-4763-be46-3ffc01248905,Marsa Maroc,Singapore,Felixstowe,2026-07-12T07:31:15,2026-07-12T07:31:15,0.0,15255.8,Electronics
83450bb3-c2c8-48a7-a363-cf7d05a781bb,Maersk,Singapore,Felixstowe,2026-04-13T05:11:09,2026-04-13T05:11:09,0.0,20620.8,Electronics
b19f0e52-90d9-42c2-b2e1-e60478872494,CMA-CGM,Tanger Med,Rotterdam,2026-06-27T11:54:22,2026-06-27T11:54:22,0.0,6522.8,Electronics
6f0e1437-e57e-4c61-b0ff-c76cd453c8b1,CMA-CGM,Shanghai,Rotterdam,2026-08-22T18:52:40,2026-08-23T19:34:40,24.7,7269.1,Electronics
91759d33-c8c9-44d2-99aa-5814d8401ffd,Evergreen,Agadir,Hamburg,2026-08-30T23:48:43,2026-09-03T16:42:43,88.9,4165.5,Electronics
91c8eaf7-c3bc-49b0-97c0-7ab6185edaa3,Maersk,Ningbo,New York,2026-03-09T20:01:40,2026-03-09T20:01:40,0.0,14919.9,Chemicals
5b2573ed-febd-4ec1-bef8-6e0f6b9dd65f,Comanav,Casablanca,Marseille,2026-07-07T21:18:54,2026-07-11T16:18:54,91.0,6344.4,Textiles
2e77cec5-9877-4ddf-a8f2-79a4df44aa25,Evergreen,Ningbo,New York,2026-05-21T04:06:36,2026-05-21T04:06:36,0.0,23738.7,Electronics
7e71a5e0-3b38-4ab0-8a0c-3f7113472e23,Evergreen,Busan,Los Angeles,2026-05-22T06:49:15,2026-05-22T06:49:15,0.0,4213.0,Textiles
a0464b19-8776-4d54-b553-3a8278735932,Evergreen,Casablanca,Marseille,2026-05-19T03:33:58,2026-05-19T03:33:58,0.0,2718.3,Chemicals
e742d0c5-3181-4911-ad24-996a54283911,Marsa Maroc,Shanghai,Rotterdam,2026-06-09T10:52:02,2026-06-09T10:52:02,0.0,15207.7,Automotive
46930e70-2c96-4798-9ad1-10fb06a1af50,CMA-CGM,Agadir,Hamburg,2026-09-04T14:07:54,2026-09-04T14:07:54,0.0,3737.7,Electronics
02e5b41c-c868-434a-82eb-10289ac80652,Evergreen,Agadir,Hamburg,2026-04-24T21:27:12,2026-04-26T17:51:12,44.4,21325.1,Food
05b7069e-031c-499f-b2a5-c3602709dd78,Maersk,Ningbo,New York,2026-03-08T03:23:36,2026-03-08T03:23:36,0.0,21090.6,Chemicals
a8961195-42aa-4dbb-8129-a2f456ab6b06,Evergreen,Tanger Med,Rotterdam,2026-07-25T06:13:42,2026-07-25T06:13:42,0.0,15325.4,Chemicals
1e7f9c3b-809c-422d-880a-39977a5d6346,Evergreen,Tanger Med,Rotterdam,2026-03-17T21:16:54,2026-03-17T21:16:54,0.0,24486.7,Electronics
4e84d6e2-5724-4e31-9ed8-340a58d176e4,Evergreen,Tanger Med,Barcelona,2026-06-08T05:01:32,2026-06-12T09:49:32,100.8,15915.4,Textiles
7294fb6c-ee94-4715-aada-5e8163c19956,Maersk,Agadir,Hamburg,2026-05-06T03:29:39,2026-05-06T03:29:39,0.0,17178.4,Automotive
e722cc83-32d8-4162-a531-784c0a91fdcd,COSCO,Singapore,Felixstowe,2026-03-24T08:15:58,2026-03-24T08:15:58,0.0,8714.5,Textiles
0e9dbde2-2ae1-4698-a2f8-76c53b4509d1,CMA-CGM,Ningbo,New York,2026-06-19T07:11:53,2026-06-19T07:11:53,0.0,8901.3,Chemicals
2d5b5920-ff40-4c33-aee0-8f4e25c80319,MSC,Agadir,Hamburg,2026-05-17T22:37:22,2026-05-17T22:37:22,0.0,3230.2,Chemicals
85fd2e27-ca47-4b82-bd74-100a6bcf40c1,CMA-CGM,Tanger Med,Rotterdam,2026-06-14T08:31:35,2026-06-18T10:49:35,98.3,16969.8,Automotive
89382930-a9cc-4c61-95d9-1ae5fd338956,Maersk,Casablanca,Marseille,2026-03-21T14:47:25,2026-03-21T14:47:25,0.0,15215.2,Chemicals
396026db-c938-4abb-97ff-3f44e2ac9796,COSCO,Tanger Med,Rotterdam,2026-08-28T13:44:56,2026-08-28T13:44:56,0.0,7179.6,Textiles
5aef43b6-b52b-46de-bd6c-054cd4e89968,COSCO,Shanghai,Rotterdam,2026-03-04T05:40:48,2026-03-04T05:40:48,0.0,23985.2,Electronics
488c764c-1362-43a4-8d92-61853d701272,Marsa Maroc,Ningbo,New York,2026-03-26T20:44:11,2026-03-30T20:08:11,95.4,23004.1,Automotive
e7457e76-0aad-4fa0-a1b0-168eae3097cb,COSCO,Tanger Med,Barcelona,2026-07-29T22:26:07,2026-07-29T22:26:07,0.0,7587.2,Electronics
e0a57cc5-d487-47b9-89af-07658f3d2559,Marsa Maroc,Shenzhen,Hamburg,2026-06-14T08:47:45,2026-06-14T08:47:45,0.0,7171.3,Chemicals
df398e7f-55ce-43fb-b17e-792c0de33acb,COSCO,Singapore,Felixstowe,2026-07-18T21:29:08,2026-07-18T21:29:08,0.0,10482.4,Automotive
103d7237-f62b-41f5-86bc-0e439cff4b27,Marsa Maroc,Shenzhen,Hamburg,2026-04-11T21:37:15,2026-04-11T21:37:15,0.0,9710.2,Electronics
86930bc9-c960-4b84-aa93-49c3d299cb54,MSC,Shenzhen,Hamburg,2026-03-08T09:49:22,2026-03-09T12:43:22,26.9,9917.0,Food
94e402cf-05d3-403b-9b18-c86cc305838a,Maersk,Shanghai,Rotterdam,2026-06-22T14:15:22,2026-06-22T14:15:22,0.0,12411.0,Food
c6d5f524-f2fa-4ba9-92de-126880c7719f,Maersk,Busan,Los Angeles,2026-07-29T02:39:27,2026-07-29T02:39:27,0.0,10012.4,Chemicals
28faddc9-4074-4ddb-a324-1145c071574d,CMA-CGM,Tanger Med,Rotterdam,2026-05-29T18:38:51,2026-05-30T12:14:51,17.6,6294.3,Chemicals
1ac24210-18cd-4945-a0e3-3d96dfa62500,MSC,Singapore,Felixstowe,2026-07-26T20:23:32,2026-07-26T20:23:32,0.0,704.9,Electronics
7e5106f3-798c-401c-b5b1-d68b09433bad,Marsa Maroc,Casablanca,Marseille,2026-09-14T11:56:21,2026-09-14T11:56:21,0.0,16206.2,Chemicals
dfb52b45-172b-428f-b46e-e358e34d640d,Comanav,Shanghai,Rotterdam,2026-04-08T16:22:25,2026-04-08T16:22:25,0.0,13853.0,Electronics
ccaa3db3-39a5-4c76-9678-7b51a0861ada,Comanav,Tanger Med,Rotterdam,2026-07-01T12:15:45,2026-07-01T12:15:45,0.0,1573.1,Electronics
4afc7dc9-1e2d-4396-b6d7-02798b3a359e,Maersk,Casablanca,Marseille,2026-09-05T05:22:43,2026-09-05T05:22:43,0.0,6312.8,Electronics
ec31043f-f62f-45fa-9894-e975a61359b7,CMA-CGM,Casablanca,Marseille,2026-04-04T04:24:43,2026-04-04T04:24:43,0.0,15403.6,Textiles
73998664-90da-425d-b287-5449fe08bc53,Marsa Maroc,Casablanca,Marseille,2026-05-12T09:32:09,2026-05-12T09:32:09,0.0,23597.6,Textiles
b6b6ac6e-9936-4031-827f-4fa4d3823511,Marsa Maroc,Busan,Los Angeles,2026-05-17T05:39:04,2026-05-17T05:39:04,0.0,6166.0,Electronics
991aa2d5-083e-4e31-8af8-e268f764223c,COSCO,Casablanca,Marseille,2026-09-11T10:24:13,2026-09-11T10:24:13,0.0,15770.4,Food
e5816597-9625-46f2-a07d-b0542fb532bd,Maersk,Singapore,Felixstowe,2026-08-25T20:44:28,2026-08-25T20:44:28,0.0,24191.7,Textiles
7a7a5c88-5181-4e65-8530-aae7eea5df66,CMA-CGM,Busan,Los Angeles,2026-03-09T08:17:13,2026-03-09T08:17:13,0.0,6815.8,Textiles
2c104121-5cbb-4cb6-93fb-72d1bd9a88b4,Maersk,Casablanca,Marseille,2026-03-16T10:31:09,2026-03-16T10:31:09,0.0,18805.6,Food
e4c11ac7-db85-4c62-85b4-e3e028b11ab6,Marsa Maroc,Shanghai,Rotterdam,2026-06-05T01:51:42,2026-06-05T01:51:42,0.0,8569.8,Food
7ec10c33-ab0b-4a56-82a9-89cbe3bd325b,Maersk,Tanger Med,Barcelona,2026-06-27T10:07:49,2026-06-27T10:07:49,0.0,15950.2,Electronics
9fbe975b-fdc1-4c9b-a1eb-ad4a0c1afd20,Evergreen,Ningbo,New York,2026-07-08T13:05:39,2026-07-08T13:05:39,0.0,15916.6,Food
c3eeb3e8-4459-4a6b-a8fa-cb6fd9c9091e,CMA-CGM,Agadir,Hamburg,2026-09-07T06:30:18,2026-09-11T13:48:18,103.3,19171.2,Chemicals
1517157f-a696-46a0-b7c5-3e5c9086d829,MSC,Singapore,Felixstowe,2026-07-31T18:45:07,2026-08-03T23:15:07,76.5,17302.8,Automotive
17f20e4e-800d-4b0d-8de3-b1712c8bc121,COSCO,Tanger Med,Barcelona,2026-04-30T23:23:42,2026-04-30T23:23:42,0.0,1782.2,Chemicals
40c87fc9-69f4-4f02-9a07-82367e5e7b75,Maersk,Singapore,Felixstowe,2026-03-08T03:14:29,2026-03-08T03:14:29,0.0,20384.6,Electronics
f8fd8d0c-0103-4758-a12b-8fe091c1281b,Comanav,Singapore,Felixstowe,2026-07-13T16:13:22,2026-07-13T16:13:22,0.0,13773.1,Electronics
4976d485-cf37-48d9-9e7f-db1b1230b7ea,Maersk,Busan,Los Angeles,2026-07-15T16:04:03,2026-07-15T16:04:03,0.0,21660.5,Automotive
82cccc4d-aae9-4596-b16c-d5719087f74b,COSCO,Singapore,Felixstowe,2026-07-17T00:21:51,2026-07-17T00:21:51,0.0,5320.1,Electronics
d0647faf-1a1d-4708-8799-a413fb39f586,Evergreen,Shenzhen,Hamburg,2026-06-26T09:53:04,2026-06-26T09:53:04,0.0,2239.7,Automotive
8fac3cd1-fdca-44f6-a9bb-d9f069a7257a,Maersk,Tanger Med,Rotterdam,2026-05-31T17:35:16,2026-05-31T17:35:16,0.0,17145.1,Electronics
6262992b-931e-4464-adbf-eaf7d455dadc,COSCO,Singapore,Felixstowe,2026-09-11T16:00:08,2026-09-13T14:06:08,46.1,1822.2,Food
d6a5da3c-f383-4d9f-b2ac-8a1cf29d1ed2,Evergreen,Busan,Los Angeles,2026-06-16T03:22:18,2026-06-16T03:22:18,0.0,3659.2,Textiles
66ccf863-696e-4e64-8765-7e1edf3e9a5e,Maersk,Shanghai,Rotterdam,2026-03-25T01:58:20,2026-03-25T01:58:20,0.0,14972.9,Textiles
5b0fd460-d66f-4ab2-b29b-887393639aa5,Evergreen,Busan,Los Angeles,2026-06-09T01:44:44,2026-06-09T01:44:44,0.0,17886.6,Textiles
09268fb2-6384-4ada-aef5-b34118738da8,MSC,Shenzhen,Hamburg,2026-07-29T08:41:29,2026-07-29T08:41:29,0.0,20385.4,Chemicals
27c09df0-f605-4351-a6e2-a90ee3ed9fb1,CMA-CGM,Tanger Med,Rotterdam,2026-03-12T10:38:31,2026-03-12T10:38:31,0.0,3516.2,Electronics
7944bd34-04a4-4fa4-bf58-2361aa401f37,Marsa Maroc,Ningbo,New York,2026-06-17T19:35:45,2026-06-17T19:35:45,0.0,10247.6,Textiles
a91b63de-2d0d-4225-81c1-8072a6449f77,Evergreen,Singapore,Felixstowe,2026-05-27T14:34:59,2026-05-27T14:34:59,0.0,8587.4,Electronics
10658f89-5f67-4212-be8d-f402dab1dc6b,MSC,Ningbo,New York,2026-04-28T22:01:21,2026-04-28T22:01:21,0.0,8395.6,Food
a69bb29b-bbc1-4bbe-95ca-5f3bf71eee56,CMA-CGM,Busan,Los Angeles,2026-07-11T17:40:40,2026-07-11T17:40:40,0.0,14209.4,Chemicals
81ac7e6f-4dbd-4282-bc66-797eb893151f,Maersk,Ningbo,New York,2026-07-31T13:35:44,2026-07-31T13:35:44,0.0,11983.3,Automotive
683bf749-47f1-48fa-baac-1403958125fd,Marsa Maroc,Agadir,Hamburg,2026-04-23T07:21:44,2026-04-23T07:21:44,0.0,21265.3,Electronics
2d6386c5-6d3d-4486-811a-85cef4270db0,CMA-CGM,Ningbo,New York,2026-04-04T02:18:31,2026-04-04T02:18:31,0.0,646.5,Electronics
a91c2f44-4c7f-4d87-b6f6-0750d02f852c,MSC,Casablanca,Marseille,2026-07-27T10:25:42,2026-07-27T10:25:42,0.0,9317.1,Chemicals
500767d6-cc84-4bb0-ac9d-fa47ede3c1f0,MSC,Agadir,Hamburg,2026-05-28T07:46:56,2026-05-28T07:46:56,0.0,20525.8,Food
8e2004c1-5983-43f4-b362-caa7521ef997,MSC,Busan,Los Angeles,2026-08-10T01:49:43,2026-08-10T01:49:43,0.0,3764.9,Food
55e113ca-2a63-4e7f-8944-90195fba8790,CMA-CGM,Singapore,Felixstowe,2026-06-02T08:19:30,2026-06-02T08:19:30,0.0,5058.1,Food
43996138-1311-4bda-9dba-a028509743e8,CMA-CGM,Casablanca,Marseille,2026-04-29T07:43:31,2026-04-29T07:43:31,0.0,4514.7,Chemicals
ecc48a42-c5ee-4d82-a12f-8c45cd34b3c5,COSCO,Busan,Los Angeles,2026-08-13T14:56:30,2026-08-13T14:56:30,0.0,15046.6,Automotive
ed5efbf3-e70a-40c2-a497-f36323e05150,MSC,Shanghai,Rotterdam,2026-06-30T07:37:06,2026-06-30T07:37:06,0.0,23001.9,Food
a6a714a8-ac28-4162-be68-a92baa277e52,MSC,Casablanca,Marseille,2026-07-06T21:09:22,2026-07-06T21:09:22,0.0,21752.9,Automotive
32f987d9-338a-48d7-92e1-2a7968510ef6,MSC,Tanger Med,Rotterdam,2026-08-22T10:33:36,2026-08-22T10:33:36,0.0,4967.8,Food
4ae298b5-8576-498d-b399-0f64ea2fa11a,CMA-CGM,Tanger Med,Barcelona,2026-04-21T04:12:19,2026-04-21T04:12:19,0.0,503.3,Chemicals
1f9c0ade-b758-4243-a61a-127d88306a8f,MSC,Agadir,Hamburg,2026-05-20T07:07:02,2026-05-20T07:07:02,0.0,4792.1,Textiles
34a731ce-9b4e-46cf-916c-5a14e3a5bec3,MSC,Shanghai,Rotterdam,2026-04-23T19:37:36,2026-04-23T19:37:36,0.0,7774.6,Electronics
cac2d30b-30fe-4d2a-96d3-1281592e94f7,MSC,Ningbo,New York,2026-05-18T13:40:04,2026-05-19T02:40:04,13.0,16980.4,Textiles
0e935a98-3e5e-423b-8219-5840254d3357,Comanav,Shenzhen,Hamburg,2026-04-23T15:16:30,2026-04-23T15:16:30,0.0,21147.2,Textiles
ff7683b4-d66e-4f60-9ed8-6226e7418450,COSCO,Casablanca,Marseille,2026-06-29T00:04:25,2026-06-29T00:04:25,0.0,23186.5,Textiles
47a2c59c-eab4-431f-9673-8b4bf426794b,Evergreen,Singapore,Felixstowe,2026-04-22T12:38:40,2026-04-22T12:38:40,0.0,15747.2,Automotive
e5a3e763-2e3c-4ec5-a4bc-9af7ff38a733,MSC,Ningbo,New York,2026-08-15T00:29:23,2026-08-15T00:29:23,0.0,592.6,Chemicals
9c15f115-c969-4bd8-b268-5c365ba81ee1,MSC,Shanghai,Rotterdam,2026-04-26T08:55:06,2026-04-26T08:55:06,0.0,4290.8,Chemicals
b927865f-6e1c-4949-9cb9-a00da0f9d6f1,MSC,Casablanca,Marseille,2026-05-01T09:06:48,2026-05-01T09:06:48,0.0,11952.3,Automotive
3ed15190-e7e7-4279-84ed-4d8403c7d6f9,Maersk,Agadir,Hamburg,2026-07-02T07:16:45,2026-07-02T07:16:45,0.0,18286.4,Electronics
bfc0f5b9-167f-48fe-8f58-1841e794333a,COSCO,Singapore,Felixstowe,2026-03-27T08:04:21,2026-03-31T02:58:21,90.9,1192.8,Chemicals
16a16d24-2cc1-4087-9687-7630c4af29f8,MSC,Tanger Med,Rotterdam,2026-04-15T23:26:58,2026-04-15T23:26:58,0.0,1782.8,Chemicals
411e533f-066f-41fe-8a84-2e6bf42a67e6,CMA-CGM,Tanger Med,Rotterdam,2026-05-11T12:15:52,2026-05-11T12:15:52,0.0,4651.9,Food
7c314ff6-2c14-401e-8cad-a5a60b4d6df2,MSC,Shanghai,Rotterdam,2026-07-02T08:13:26,2026-07-02T08:13:26,0.0,2578.0,Electronics
5c042964-6759-4193-9315-8639d0d41438,Comanav,Busan,Los Angeles,2026-04-26T12:22:15,2026-04-26T12:22:15,0.0,18334.2,Automotive
92ec4cd0-f212-4564-b110-4798699d7da8,CMA-CGM,Busan,Los Angeles,2026-03-12T10:48:16,2026-03-12T10:48:16,0.0,16376.1,Chemicals
38b0114c-a1ff-470d-9d55-90ebab044983,Comanav,Busan,Los Angeles,2026-07-02T18:22:56,2026-07-02T18:22:56,0.0,12905.3,Chemicals
806b83e9-22e5-4669-a655-dc0e159fd7ca,COSCO,Busan,Los Angeles,2026-08-08T19:08:02,2026-08-08T19:08:02,0.0,14444.8,Electronics
9f54eb93-6f29-4a31-822a-7e53469814e4,Comanav,Singapore,Felixstowe,2026-08-07T17:08:39,2026-08-07T17:08:39,0.0,21147.9,Automotive
cee1ac3e-ab56-48c8-93c4-24bde11bf351,MSC,Singapore,Felixstowe,2026-06-26T19:24:33,2026-06-26T19:24:33,0.0,16727.8,Textiles
79ee1b0c-1e94-40bc-8921-12e669039485,Comanav,Singapore,Felixstowe,2026-08-20T01:06:03,2026-08-20T01:06:03,0.0,10584.8,Electronics
42875bdc-92ea-40ce-99a8-8795e3790700,Evergreen,Shanghai,Rotterdam,2026-06-15T07:57:54,2026-06-15T07:57:54,0.0,8219.0,Chemicals
16e6300e-23ba-48df-bfe0-0cc9b57e9352,Maersk,Agadir,Hamburg,2026-04-29T00:20:32,2026-04-29T00:20:32,0.0,5830.9,Food
53f9df86-4539-449f-b1c6-0bee16e2b717,Marsa Maroc,Busan,Los Angeles,2026-05-12T23:40:05,2026-05-12T23:40:05,0.0,13771.2,Textiles
d1c43a02-7802-4e99-929e-5cd14e6edaab,CMA-CGM,Tanger Med,Barcelona,2026-04-11T11:10:54,2026-04-11T11:10:54,0.0,17798.6,Chemicals
d291eadc-830d-4ea3-a6fe-db0506b9f235,Evergreen,Tanger Med,Rotterdam,2026-04-21T02:05:47,2026-04-21T02:05:47,0.0,22274.2,Textiles
88daa09a-e770-4f58-896e-39be00ae3ef3,Comanav,Tanger Med,Rotterdam,2026-05-11T17:57:43,2026-05-11T17:57:43,0.0,17703.9,Automotive
75891cde-c5b2-4ec3-b810-d7917a16f85c,Comanav,Casablanca,Marseille,2026-03-11T04:11:06,2026-03-11T04:11:06,0.0,21873.6,Textiles
e34f84bf-519e-4596-a2b9-71656f522f7e,MSC,Agadir,Hamburg,2026-06-12T15:20:23,2026-06-12T15:20:23,0.0,5949.6,Food
a5a8f19b-30ba-4a6f-9652-56f29c86d97a,COSCO,Shanghai,Rotterdam,2026-05-29T16:14:59,2026-05-29T16:14:59,0.0,2970.7,Food
66d64b5a-25ce-4b86-bbee-84a189effea0,Comanav,Ningbo,New York,2026-05-30T04:05:53,2026-05-30T04:05:53,0.0,16683.1,Electronics
dc23a013-1922-4150-9a24-aafaf21a2b31,Evergreen,Shenzhen,Hamburg,2026-05-29T16:15:33,2026-05-29T16:15:33,0.0,23353.2,Automotive
3e136623-d435-4861-ba9f-b2c3721ac958,Maersk,Shanghai,Rotterdam,2026-03-11T03:07:30,2026-03-11T03:07:30,0.0,2294.2,Chemicals
b29dd630-fc9b-4aad-b38e-768806ffdfdc,Marsa Maroc,Singapore,Felixstowe,2026-07-18T12:33:30,2026-07-18T12:33:30,0.0,23020.6,Automotive
efbe228d-b80b-43ef-9c5d-adc065219b14,MSC,Casablanca,Marseille,2026-03-31T20:45:52,2026-03-31T20:45:52,0.0,24318.1,Textiles
36318172-3f72-437d-82b7-ea04d9855ed5,CMA-CGM,Busan,Los Angeles,2026-09-02T02:15:16,2026-09-02T02:15:16,0.0,22292.8,Automotive
f707403a-c209-4c22-ba34-d7c3b8444675,COSCO,Shenzhen,Hamburg,2026-04-22T01:46:40,2026-04-22T01:46:40,0.0,18789.8,Chemicals
adbba13c-923d-4ba4-a2b7-7a606600eafb,Comanav,Tanger Med,Barcelona,2026-09-12T02:00:16,2026-09-12T02:00:16,0.0,12779.1,Automotive
04d63304-e712-4f10-a081-bd09379580b0,MSC,Casablanca,Marseille,2026-08-30T01:11:32,2026-08-30T01:11:32,0.0,16252.5,Chemicals
a81fc32d-0b0e-4ca4-ae6b-69dd9f2e8ce3,CMA-CGM,Tanger Med,Rotterdam,2026-07-24T05:33:15,2026-07-24T05:33:15,0.0,24327.0,Textiles
6ce76507-b09c-4b30-a25c-1c851a300cc1,COSCO,Tanger Med,Barcelona,2026-05-11T10:47:06,2026-05-11T10:47:06,0.0,9918.3,Electronics
4ba6474a-0487-4026-842e-b4bc00866f4f,Marsa Maroc,Agadir,Hamburg,2026-07-29T11:23:29,2026-07-29T11:23:29,0.0,14600.6,Textiles
9106b924-1180-47cf-a034-53bc711d7283,CMA-CGM,Singapore,Felixstowe,2026-09-07T20:36:17,2026-09-07T20:36:17,0.0,24498.8,Food
4819a98c-737f-4e50-9665-74047c90aaca,Comanav,Ningbo,New York,2026-09-01T00:34:24,2026-09-03T06:52:24,54.3,18949.4,Textiles
ed707e23-629a-46f3-8e5f-8373097305a1,COSCO,Ningbo,New York,2026-04-23T09:42:41,2026-04-23T09:42:41,0.0,15776.5,Food
24dfd3af-348b-4aee-adaf-2c684870480b,MSC,Singapore,Felixstowe,2026-05-03T14:35:58,2026-05-06T13:05:58,70.5,24291.1,Food
58a04f16-92e0-4749-9157-50f9907004d8,MSC,Busan,Los Angeles,2026-05-15T01:18:43,2026-05-15T01:18:43,0.0,20197.6,Electronics
db4c6efc-d733-4f8b-86c1-740c2d32263b,Maersk,Ningbo,New York,2026-05-27T21:01:04,2026-05-27T21:01:04,0.0,3947.4,Electronics
e3cafa9c-e958-407f-83c2-b8cece574904,COSCO,Singapore,Felixstowe,2026-03-13T12:24:04,2026-03-13T12:24:04,0.0,2924.4,Textiles
a6beaeba-1a74-42b7-a664-8b31fa072445,CMA-CGM,Shenzhen,Hamburg,2026-08-06T16:19:37,2026-08-06T16:19:37,0.0,17267.4,Chemicals
b97c485a-448f-4bff-8c7e-230dc45bd523,CMA-CGM,Shanghai,Rotterdam,2026-03-06T19:56:34,2026-03-06T19:56:34,0.0,23206.3,Chemicals
a3c3d7dc-31dd-4f62-8b61-c5b3fe15efc9,CMA-CGM,Shenzhen,Hamburg,2026-06-13T19:15:55,2026-06-13T19:15:55,0.0,9282.6,Chemicals
b10890fa-c35d-4eee-9737-0ad1a1f6fa9f,Maersk,Shenzhen,Hamburg,2026-08-08T09:50:57,2026-08-09T16:26:57,30.6,12021.4,Textiles
bb33ad14-1005-4dc1-bf2d-dbe92b244614,Maersk,Tanger Med,Rotterdam,2026-05-26T10:21:20,2026-05-26T10:21:20,0.0,13332.5,Textiles
2c1332ae-aee3-4212-8caf-872755003a93,Comanav,Ningbo,New York,2026-05-18T18:32:45,2026-05-22T21:50:45,99.3,21468.0,Textiles
68fa95a2-0a5d-474b-853d-e1cb0e604cb2,CMA-CGM,Tanger Med,Rotterdam,2026-05-19T10:39:25,2026-05-19T10:39:25,0.0,9874.1,Textiles
9e28a758-23ad-4864-a142-559a836bcd4e,Maersk,Shenzhen,Hamburg,2026-03-26T16:26:06,2026-03-26T16:26:06,0.0,22348.5,Textiles
4b89d178-2d99-4f87-b1bc-a5a9d7ae6455,Maersk,Shanghai,Rotterdam,2026-05-08T18:29:18,2026-05-08T18:29:18,0.0,14923.8,Chemicals
0af8d6f4-5e2d-43c7-91e9-9ab416cad7a8,Maersk,Shanghai,Rotterdam,2026-08-18T14:26:05,2026-08-18T14:26:05,0.0,21276.7,Automotive
4779e37b-1a34-4a00-bf71-cad0f1806a78,Evergreen,Agadir,Hamburg,2026-09-07T06:35:55,2026-09-07T06:35:55,0.0,13593.1,Chemicals
688f2907-b4c9-44c7-9549-aa0cadb7ab98,Evergreen,Tanger Med,Rotterdam,2026-07-05T04:14:48,2026-07-09T10:32:48,102.3,20604.3,Electronics
a4216db3-501a-4b47-8d61-7fdccaa19dc9,COSCO,Tanger Med,Barcelona,2026-08-25T16:37:40,2026-08-25T16:37:40,0.0,6506.2,Automotive
1e0feddc-a0f8-4475-a271-cf988475bdb8,Evergreen,Tanger Med,Rotterdam,2026-06-04T20:11:31,2026-06-04T20:11:31,0.0,23446.9,Automotive
73a7709f-f417-4dd2-b361-1cbc0e201df8,Evergreen,Agadir,Hamburg,2026-08-14T01:06:28,2026-08-14T01:06:28,0.0,1988.7,Electronics
f81f173a-4846-4b01-85d8-e68920b2521d,Marsa Maroc,Shenzhen,Hamburg,2026-08-05T05:37:54,2026-08-05T05:37:54,0.0,15480.9,Food
9ca1f49a-a5b3-4ffd-8de5-e48c1b6ae4e4,Maersk,Agadir,Hamburg,2026-03-17T05:50:56,2026-03-21T05:44:56,95.9,7310.4,Electronics
9cef07a6-c519-4f06-9255-c5b5d3acfcd8,CMA-CGM,Agadir,Hamburg,2026-07-26T17:20:39,2026-07-26T17:20:39,0.0,796.8,Chemicals
2d9c0f3e-92db-41aa-a2fa-e0ea8c806521,Comanav,Tanger Med,Barcelona,2026-06-30T12:24:57,2026-06-30T12:24:57,0.0,15111.2,Food
5a3274ca-b710-494a-80db-dc4b79ea3f4a,MSC,Busan,Los Angeles,2026-08-01T01:45:03,2026-08-03T02:09:03,48.4,4245.0,Textiles
8007d34c-8cc7-4e03-b8b6-7e86134e023c,MSC,Tanger Med,Barcelona,2026-03-15T22:57:27,2026-03-15T22:57:27,0.0,15430.1,Food
4fa251d3-206e-40a1-98ac-7ec6975ad26d,CMA-CGM,Tanger Med,Rotterdam,2026-04-12T10:54:06,2026-04-12T10:54:06,0.0,1534.8,Automotive
5b833f19-ea00-43d9-b4c3-4ae4119b3321,Comanav,Shenzhen,Hamburg,2026-08-23T09:18:23,2026-08-23T09:18:23,0.0,18918.9,Chemicals
11c960e9-04fa-4112-ade0-f340f53ba926,Evergreen,Shanghai,Rotterdam,2026-08-25T10:37:14,2026-08-26T00:07:14,13.5,8385.8,Automotive
e06f9812-3dd6-492b-a279-636dd5fc3609,Marsa Maroc,Shanghai,Rotterdam,2026-03-17T11:20:41,2026-03-17T11:20:41,0.0,8751.2,Food
02d68b3e-2e3d-4fbd-8d39-8ace84824658,MSC,Tanger Med,Rotterdam,2026-06-04T10:17:30,2026-06-04T10:17:30,0.0,11088.8,Automotive
2cdae640-2c38-4825-81fd-d3a42785c373,CMA-CGM,Shanghai,Rotterdam,2026-08-01T15:21:48,2026-08-01T15:21:48,0.0,21861.9,Electronics
6041f429-1e3c-4f3c-b47c-0b713f82c9bd,Maersk,Agadir,Hamburg,2026-03-16T05:51:05,2026-03-16T05:51:05,0.0,13495.9,Automotive
9f30559a-a78f-433c-9779-596c2a662472,Evergreen,Shenzhen,Hamburg,2026-07-29T10:48:34,2026-07-29T10:48:34,0.0,21117.5,Electronics
e9a925da-e81d-4ef0-9235-e2c0630f931b,MSC,Busan,Los Angeles,2026-03-20T03:28:00,2026-03-21T08:04:00,28.6,6070.3,Food
9c8d6e78-82d6-4e97-9d29-db1f2fbc2b96,Marsa Maroc,Busan,Los Angeles,2026-05-13T17:32:00,2026-05-13T17:32:00,0.0,7499.7,Chemicals
bd386be6-0b00-4a6f-8825-2dd9db0195df,CMA-CGM,Busan,Los Angeles,2026-06-22T01:59:18,2026-06-22T01:59:18,0.0,23913.9,Electronics
cc4d664f-bc5c-4564-b210-0d6eda3dd31b,Maersk,Shanghai,Rotterdam,2026-08-18T16:56:20,2026-08-18T16:56:20,0.0,10921.3,Textiles
f2b8c7a1-7b34-4e11-92c9-ed641cc6f7dd,Marsa Maroc,Ningbo,New York,2026-08-02T14:00:02,2026-08-02T14:00:02,0.0,590.5,Food
fbc936cc-f48d-4482-b379-667db588dbda,Comanav,Casablanca,Marseille,2026-06-27T06:39:01,2026-06-27T06:39:01,0.0,19774.3,Food
04b857fd-b84a-4218-8e35-c4bee07fb3ce,Marsa Maroc,Singapore,Felixstowe,2026-06-20T00:55:01,2026-06-20T00:55:01,0.0,23470.2,Electronics
b3bb3d2a-1941-48f9-a292-ac242bb799d1,MSC,Singapore,Felixstowe,2026-08-27T04:04:02,2026-08-27T04:04:02,0.0,19278.1,Automotive
31345bbe-6480-41f8-91da-c931b6b97bc9,Maersk,Singapore,Felixstowe,2026-05-04T15:46:03,2026-05-04T15:46:03,0.0,9334.6,Food
105d1c7d-1430-41ea-89a3-66ced25b25f1,Marsa Maroc,Singapore,Felixstowe,2026-08-12T01:37:58,2026-08-12T01:37:58,0.0,7358.8,Chemicals
46345a1c-b297-4eb5-b199-aaf0fcc2e349,Comanav,Singapore,Felixstowe,2026-06-23T08:11:26,2026-06-23T08:11:26,0.0,23238.2,Automotive
e2ee5aff-58b6-4627-9caf-458a8107b702,Comanav,Tanger Med,Barcelona,2026-03-22T04:24:42,2026-03-23T13:12:42,32.8,561.0,Chemicals
b46a61e5-8f7e-43f1-8677-77d4a0e8e157,Comanav,Casablanca,Marseille,2026-04-25T05:46:09,2026-04-25T05:46:09,0.0,16601.5,Electronics
b26983d3-8f39-4c5e-8961-a503d9759316,Maersk,Shenzhen,Hamburg,2026-08-28T00:52:08,2026-08-30T22:04:08,69.2,22391.3,Electronics
f60116ac-7218-458c-be78-bc93ecec4a03,Evergreen,Busan,Los Angeles,2026-08-23T10:07:52,2026-08-23T10:07:52,0.0,7725.1,Automotive
6e0dd79e-e312-449b-b441-65ea5ec630aa,Comanav,Singapore,Felixstowe,2026-04-05T02:58:09,2026-04-05T02:58:09,0.0,8827.2,Textiles
ba5fa140-63c9-4a76-88bf-7f87a334751c,Evergreen,Singapore,Felixstowe,2026-09-11T10:28:07,2026-09-11T10:28:07,0.0,20981.4,Chemicals
7c4b6465-f9d9-431d-8887-3ab6ed1e60b3,MSC,Casablanca,Marseille,2026-04-13T22:50:08,2026-04-13T22:50:08,0.0,18260.9,Automotive
70446c75-b9c2-494b-8b67-1c694a8a8527,Maersk,Busan,Los Angeles,2026-05-09T19:35:26,2026-05-09T19:35:26,0.0,12813.4,Food
f35c6c4f-3e42-4191-b912-fa6b67eed140,MSC,Tanger Med,Rotterdam,2026-04-22T13:08:58,2026-04-24T01:44:58,36.6,17143.1,Food
6e643a62-ea6b-437a-99ea-4a56b355f84f,Maersk,Tanger Med,Rotterdam,2026-07-31T15:38:50,2026-07-31T15:38:50,0.0,20016.1,Chemicals
bfa94b0d-008b-468f-a8ed-be52d28beb0c,Comanav,Shenzhen,Hamburg,2026-08-08T14:39:07,2026-08-08T14:39:07,0.0,20086.6,Food
3c07e6fc-e1af-4b0f-b7d5-7deddb359f28,Maersk,Busan,Los Angeles,2026-07-04T14:52:27,2026-07-04T14:52:27,0.0,14028.6,Chemicals
deb8b6cb-13cf-4f24-8840-e7a93c07fce7,Evergreen,Busan,Los Angeles,2026-08-23T02:33:38,2026-08-23T02:33:38,0.0,6857.5,Chemicals
7b323723-6183-477a-b37f-f3f6a0621fa0,COSCO,Singapore,Felixstowe,2026-03-10T16:11:51,2026-03-10T16:11:51,0.0,5461.9,Food
0967760e-2826-45de-bfe0-60780cea442b,Comanav,Tanger Med,Barcelona,2026-05-09T11:16:09,2026-05-12T10:04:09,70.8,15795.7,Electronics
d4dadf9d-f55b-4e48-90b8-40112dd80fef,Marsa Maroc,Busan,Los Angeles,2026-08-24T04:36:39,2026-08-24T04:36:39,0.0,13097.6,Textiles
809269cf-8ba3-48e9-80a1-0c2b11f462fa,CMA-CGM,Tanger Med,Barcelona,2026-05-18T10:08:33,2026-05-18T10:08:33,0.0,1922.9,Food
f93f4e38-b5b4-4664-81ab-539d11b4ae72,CMA-CGM,Shanghai,Rotterdam,2026-08-24T13:57:16,2026-08-24T13:57:16,0.0,15408.9,Chemicals
94e94429-7e2a-4bda-9f85-40882a379917,COSCO,Casablanca,Marseille,2026-04-05T00:32:07,2026-04-06T11:14:07,34.7,6957.6,Food
0dc0e1d2-f1b4-4172-9d4b-e07fc7c4579e,COSCO,Busan,Los Angeles,2026-06-06T02:56:09,2026-06-06T02:56:09,0.0,1059.9,Automotive
7b303020-9498-48b5-986c-aff37b1a53d0,Marsa Maroc,Tanger Med,Rotterdam,2026-07-04T20:35:45,2026-07-04T20:35:45,0.0,2442.2,Automotive
c827a96f-0c1d-48b6-8ca6-955eeb9087c3,Marsa Maroc,Singapore,Felixstowe,2026-05-03T16:32:06,2026-05-03T16:32:06,0.0,3305.6,Food
e8b128e2-f509-4b51-b41b-b062dd5aed9b,Marsa Maroc,Tanger Med,Rotterdam,2026-04-17T23:30:56,2026-04-21T19:12:56,91.7,13906.0,Food
9210c9b5-fb51-4707-9825-d8de312eebea,MSC,Tanger Med,Barcelona,2026-04-05T09:57:50,2026-04-08T19:51:50,81.9,13730.5,Chemicals
c4836291-3321-4c7b-b8f1-6101fb4dfecf,Evergreen,Tanger Med,Barcelona,2026-04-14T08:05:39,2026-04-18T12:11:39,100.1,1150.5,Chemicals
505867b2-2ac2-423a-be57-cb2cc8fd5efa,COSCO,Tanger Med,Rotterdam,2026-08-22T12:41:48,2026-08-22T12:41:48,0.0,19130.4,Food
5de1ef37-ac47-4075-af2e-65a3346ca828,Comanav,Tanger Med,Rotterdam,2026-07-19T22:52:39,2026-07-19T22:52:39,0.0,11639.7,Automotive
a9e8dfa0-c743-417f-b17e-1e00aa4e8a63,COSCO,Agadir,Hamburg,2026-04-03T03:06:52,2026-04-03T03:06:52,0.0,14942.3,Automotive
aef917da-4269-4508-9e07-d39e71d7d4e3,Evergreen,Singapore,Felixstowe,2026-07-28T03:57:13,2026-07-28T03:57:13,0.0,6158.7,Textiles
a0ad8b36-b46d-4576-8099-1ca1d9c28829,Marsa Maroc,Ningbo,New York,2026-05-02T02:22:22,2026-05-04T13:34:22,59.2,7942.8,Chemicals
b58ae307-0c29-445a-8579-9a257e6372da,MSC,Tanger Med,Rotterdam,2026-07-26T01:32:26,2026-07-26T01:32:26,0.0,1583.8,Chemicals
d0e59512-2557-4a08-94a4-ea45b9911d57,COSCO,Shenzhen,Hamburg,2026-07-26T19:30:52,2026-07-26T19:30:52,0.0,10637.3,Food
8a9b29b6-db7a-41e9-a705-835d8de473d8,MSC,Agadir,Hamburg,2026-03-18T01:14:03,2026-03-18T01:14:03,0.0,17417.7,Electronics
cab5f677-2a18-4c35-a064-d3c0994ebab2,COSCO,Busan,Los Angeles,2026-05-06T08:45:48,2026-05-06T08:45:48,0.0,2988.3,Automotive
7e6f3777-ddf9-43eb-80d2-752522832e0a,Maersk,Agadir,Hamburg,2026-07-09T04:13:35,2026-07-09T04:13:35,0.0,8836.5,Electronics
2e8d0d6f-6a46-45b2-95ea-2ea983e7dca2,COSCO,Shenzhen,Hamburg,2026-04-28T06:56:15,2026-04-28T06:56:15,0.0,1302.0,Automotive
01b30aad-1862-4e14-9ba1-199d3d094271,Evergreen,Tanger Med,Barcelona,2026-05-02T23:06:21,2026-05-02T23:06:21,0.0,15285.9,Automotive
289368b9-070e-4d68-8bcf-0f08fa3c02d0,CMA-CGM,Ningbo,New York,2026-04-26T03:50:18,2026-04-26T03:50:18,0.0,7363.8,Electronics
f7017990-68fa-4f8b-b350-8b9c77793734,CMA-CGM,Shanghai,Rotterdam,2026-05-09T11:09:32,2026-05-12T09:09:32,70.0,3064.4,Electronics
e7ab191f-aecb-4be5-ad41-b16f5ea26190,Maersk,Shanghai,Rotterdam,2026-03-20T22:14:54,2026-03-20T22:14:54,0.0,12343.2,Electronics
feff6e8f-8d5b-4488-a01e-99e3b5136c2a,Comanav,Tanger Med,Barcelona,2026-08-10T22:47:05,2026-08-10T22:47:05,0.0,6057.1,Textiles
65cdd2b7-0ea9-47cb-8a71-926845892b1d,MSC,Tanger Med,Rotterdam,2026-06-28T15:20:52,2026-06-28T15:20:52,0.0,24766.8,Electronics
d48c6af6-e634-4a80-9709-ff9cc8c35008,Marsa Maroc,Shenzhen,Hamburg,2026-06-29T04:55:10,2026-06-29T04:55:10,0.0,20568.8,Food
7acd732b-db92-459a-828b-50688de7cf18,Marsa Maroc,Tanger Med,Barcelona,2026-08-21T07:25:41,2026-08-21T07:25:41,0.0,16152.3,Chemicals
39d1c706-e6eb-45e9-85e1-c8e043477dbc,Evergreen,Busan,Los Angeles,2026-06-21T03:37:46,2026-06-21T03:37:46,0.0,22120.8,Automotive
3e704d11-1093-4438-a675-baa600bc9ac1,Comanav,Shanghai,Rotterdam,2026-05-10T04:12:32,2026-05-10T04:12:32,0.0,7041.7,Chemicals
c5a3ee7c-a3dc-47db-9ee2-efa5b481eba9,CMA-CGM,Ningbo,New York,2026-04-15T15:40:56,2026-04-15T15:40:56,0.0,24420.0,Food
0a7c2dad-68de-4614-8019-207737353f65,Maersk,Shanghai,Rotterdam,2026-04-21T02:19:51,2026-04-26T01:13:51,118.9,20575.4,Chemicals
51199d3c-aa65-4a9a-b167-a7754629dc5a,CMA-CGM,Singapore,Felixstowe,2026-05-18T18:42:53,2026-05-18T18:42:53,0.0,2126.6,Automotive
35be6e46-c187-4094-91e5-2df7d91500e2,Evergreen,Casablanca,Marseille,2026-03-02T08:55:44,2026-03-02T08:55:44,0.0,5856.4,Chemicals
8b64a6a2-9da1-4612-97ec-a1f44bde2e20,Marsa Maroc,Ningbo,New York,2026-06-07T07:09:55,2026-06-07T07:09:55,0.0,3416.1,Food
c31dc9da-9971-4579-81eb-c5cde7c6e009,CMA-CGM,Busan,Los Angeles,2026-03-05T17:47:04,2026-03-05T17:47:04,0.0,22966.4,Food
2e0dfae6-00ef-45fb-8c8c-8fcd16b93db1,Marsa Maroc,Casablanca,Marseille,2026-08-26T02:51:33,2026-08-26T02:51:33,0.0,3059.3,Chemicals
8359e8d6-8b74-4f2c-9eaa-2f9488f8da76,Comanav,Ningbo,New York,2026-09-10T06:13:31,2026-09-10T06:13:31,0.0,17911.4,Automotive
9d3f7d6c-612e-40e2-80b3-934f87dfa1f3,CMA-CGM,Tanger Med,Barcelona,2026-09-10T15:40:57,2026-09-10T15:40:57,0.0,23083.3,Textiles
f339507f-281d-4458-b75a-6ba919eced30,Comanav,Casablanca,Marseille,2026-03-03T05:35:56,2026-03-03T05:35:56,0.0,4788.7,Electronics
91336626-964e-476a-9399-3c0aa6f3caf4,Comanav,Singapore,Felixstowe,2026-09-08T15:26:38,2026-09-10T19:44:38,52.3,13974.8,Textiles
6f12e460-60b9-4c8b-b098-c2a45ee3e1ab,MSC,Ningbo,New York,2026-06-01T09:11:13,2026-06-01T09:11:13,0.0,20028.9,Electronics
c3b28307-788c-4723-83ce-c353fa692afb,MSC,Busan,Los Angeles,2026-05-24T05:24:38,2026-05-24T05:24:38,0.0,19970.4,Chemicals
4f579e2f-eedb-41f7-ad42-5e7c8c251fc6,COSCO,Shanghai,Rotterdam,2026-09-01T17:57:25,2026-09-01T17:57:25,0.0,3497.1,Food
a527c669-a3f3-4084-a123-7c734d0b0f86,Evergreen,Shenzhen,Hamburg,2026-08-24T05:08:57,2026-08-24T05:08:57,0.0,2517.1,Chemicals
6e542961-de2d-4ef5-b595-49af62f75f23,Marsa Maroc,Shanghai,Rotterdam,2026-08-07T06:53:16,2026-08-11T23:11:16,112.3,3315.2,Electronics
cbdaa502-8957-4535-b501-21d9a1838562,Maersk,Busan,Los Angeles,2026-08-19T14:34:36,2026-08-19T14:34:36,0.0,23733.5,Automotive
f97c6bb3-2a3f-45e7-8dbf-71aa405f77f6,Evergreen,Tanger Med,Barcelona,2026-03-31T20:06:26,2026-03-31T20:06:26,0.0,10410.0,Food
6e6c248d-3e6a-4f16-900f-cfd7551c304f,Marsa Maroc,Tanger Med,Barcelona,2026-03-03T13:15:54,2026-03-05T08:15:54,43.0,24961.6,Automotive
9842fea4-af12-46eb-a1dd-87e0a36a76c3,Comanav,Shanghai,Rotterdam,2026-06-04T00:53:31,2026-06-04T00:53:31,0.0,12248.1,Electronics
052de405-6314-468e-9874-d8227831d492,Comanav,Shanghai,Rotterdam,2026-06-17T00:12:01,2026-06-17T00:12:01,0.0,17502.9,Chemicals
b232b839-6a39-4339-8506-38159ef88193,Maersk,Shanghai,Rotterdam,2026-05-20T15:19:21,2026-05-20T15:19:21,0.0,3647.3,Automotive
f7d84b37-5a40-46ce-8ffb-d25476db97ea,COSCO,Ningbo,New York,2026-03-19T23:57:22,2026-03-19T23:57:22,0.0,16104.6,Automotive
37659113-8176-488b-990d-19eb87e6beff,Comanav,Agadir,Hamburg,2026-05-11T18:50:00,2026-05-15T22:32:00,99.7,10906.4,Textiles
071c967f-83f2-47a7-9854-3a26c592a1a1,Evergreen,Tanger Med,Rotterdam,2026-04-27T13:50:51,2026-04-27T13:50:51,0.0,14836.0,Automotive
66be3a31-0f46-4e1d-beb8-a94e93761890,Evergreen,Tanger Med,Barcelona,2026-03-22T09:13:59,2026-03-24T18:07:59,56.9,11584.3,Electronics
2f498ca6-3b0f-4e49-b61a-cd2f6ebc856d,COSCO,Singapore,Felixstowe,2026-07-14T13:06:02,2026-07-14T13:06:02,0.0,23837.4,Electronics
77f73664-87cc-44d8-9b96-000dbbf8b761,CMA-CGM,Casablanca,Marseille,2026-03-15T06:15:54,2026-03-15T06:15:54,0.0,22924.1,Textiles
